Order ID,Order Date,Ship Date,Ship Mode,Customer ID
US-2023-103800,01/03/2023,01/07/2023,Standard Class,DP-13000
US-2023-112326,01/04/2023,01/08/2023,Standard Class,PO-19195
US-2023-112326,01/04/2023,01/08/2023,Standard Class,PO-19195
US-2023-112326,01/04/2023,01/08/2023,Standard Class,PO-19195
US-2023-141817,01/05/2023,01/12/2023,Standard Class,MB-18085
US-2023-167199,01/06/2023,01/10/2023,Standard Class,ME-17320
US-2023-167199,01/06/2023,01/10/2023,Standard Class,ME-17320
US-2023-106054,01/06/2023,01/07/2023,First Class,JO-15145
US-2023-167199,01/06/2023,01/10/2023,Standard Class,ME-17320
US-2023-167199,01/06/2023,01/10/2023,Standard Class,ME-17320
US-2023-167199,01/06/2023,01/10/2023,Standard Class,ME-17320
US-2023-130813,01/06/2023,01/08/2023,Second Class,LS-17230
US-2023-167199,01/06/2023,01/10/2023,Standard Class,ME-17320
US-2023-167199,01/06/2023,01/10/2023,Standard Class,ME-17320
US-2023-105417,01/07/2023,01/12/2023,Standard Class,VS-21820
US-2023-105417,01/07/2023,01/12/2023,Standard Class,VS-21820
US-2023-135405,01/09/2023,01/13/2023,Standard Class,MS-17830
US-2023-135405,01/09/2023,01/13/2023,Standard Class,MS-17830
US-2023-149020,01/10/2023,01/15/2023,Standard Class,AJ-10780
US-2023-149020,01/10/2023,01/15/2023,Standard Class,AJ-10780
US-2023-130092,01/11/2023,01/14/2023,First Class,SV-20365
US-2023-157147,01/13/2023,01/18/2023,Standard Class,BD-11605
US-2023-109232,01/13/2023,01/16/2023,Second Class,ND-18370
US-2023-157147,01/13/2023,01/18/2023,Standard Class,BD-11605
US-2023-118192,01/13/2023,01/18/2023,Standard Class,MM-17920
US-2023-162775,01/13/2023,01/15/2023,Second Class,CS-12250
US-2023-162775,01/13/2023,01/15/2023,Second Class,CS-12250
US-2023-162775,01/13/2023,01/15/2023,Second Class,CS-12250
US-2023-118192,01/13/2023,01/18/2023,Standard Class,MM-17920
US-2023-162775,01/13/2023,01/15/2023,Second Class,CS-12250
US-2023-157147,01/13/2023,01/18/2023,Standard Class,BD-11605
US-2023-162775,01/13/2023,01/15/2023,Second Class,CS-12250
US-2023-149524,01/14/2023,01/15/2023,First Class,BS-11590
US-2023-103366,01/15/2023,01/17/2023,First Class,EH-13990
US-2023-115791,01/16/2023,01/18/2023,Second Class,DL-13315
US-2023-115791,01/16/2023,01/18/2023,Second Class,DL-13315
US-2023-115791,01/16/2023,01/18/2023,Second Class,DL-13315
US-2023-115791,01/16/2023,01/18/2023,Second Class,DL-13315
US-2023-123477,01/18/2023,01/21/2023,Second Class,DW-13195
US-2023-146591,01/19/2023,01/20/2023,First Class,TS-21340
US-2023-146591,01/19/2023,01/20/2023,First Class,TS-21340
US-2023-146591,01/19/2023,01/20/2023,First Class,TS-21340
US-2023-146591,01/19/2023,01/20/2023,First Class,TS-21340
US-2023-147627,01/20/2023,01/26/2023,Standard Class,HL-15040
US-2023-167927,01/20/2023,01/26/2023,Standard Class,XP-21865
US-2023-167927,01/20/2023,01/26/2023,Standard Class,XP-21865
US-2023-147627,01/20/2023,01/26/2023,Standard Class,HL-15040
US-2023-148614,01/20/2023,01/25/2023,Standard Class,MV-17485
US-2023-167927,01/20/2023,01/26/2023,Standard Class,XP-21865
US-2023-147627,01/20/2023,01/26/2023,Standard Class,HL-15040
US-2023-147627,01/20/2023,01/26/2023,Standard Class,HL-15040
US-2023-167927,01/20/2023,01/26/2023,Standard Class,XP-21865
US-2023-167927,01/20/2023,01/26/2023,Standard Class,XP-21865
US-2023-147774,01/20/2023,01/26/2023,Standard Class,MM-18280
US-2023-167927,01/20/2023,01/26/2023,Standard Class,XP-21865
US-2023-147627,01/20/2023,01/26/2023,Standard Class,HL-15040
US-2023-148614,01/20/2023,01/25/2023,Standard Class,MV-17485
US-2023-167927,01/20/2023,01/26/2023,Standard Class,XP-21865
US-2023-167927,01/20/2023,01/26/2023,Standard Class,XP-21865
US-2023-147627,01/20/2023,01/26/2023,Standard Class,HL-15040
US-2023-110422,01/21/2023,01/23/2023,Second Class,TB-21400
CA-2023-115238,01/21/2023,01/24/2023,Standard Class,JW-15220
CA-2023-115238,01/21/2023,01/24/2023,Standard Class,JW-15220
CA-2023-115238,01/21/2023,01/24/2023,Standard Class,JW-15220
CA-2023-115238,01/21/2023,01/24/2023,Standard Class,JW-15220
CA-2023-115238,01/21/2023,01/24/2023,Standard Class,JW-15220
US-2023-146997,01/23/2023,01/27/2023,Standard Class,SG-20605
US-2023-102645,01/23/2023,01/28/2023,Standard Class,IM-15055
US-2023-167997,01/26/2023,01/29/2023,First Class,CA-11965
US-2023-155502,01/26/2023,01/31/2023,Standard Class,SD-20485
US-2023-155502,01/26/2023,01/31/2023,Standard Class,SD-20485
US-2023-167997,01/26/2023,01/29/2023,First Class,CA-11965
US-2023-155502,01/26/2023,01/31/2023,Standard Class,SD-20485
US-2023-155502,01/26/2023,01/31/2023,Standard Class,SD-20485
US-2023-155502,01/26/2023,01/31/2023,Standard Class,SD-20485
US-2023-155502,01/26/2023,01/31/2023,Standard Class,SD-20485
US-2023-155502,01/26/2023,01/31/2023,Standard Class,SD-20485
US-2023-117163,01/27/2023,02/02/2023,Standard Class,EJ-13720
US-2023-117163,01/27/2023,02/02/2023,Standard Class,EJ-13720
US-2023-117163,01/27/2023,02/02/2023,Standard Class,EJ-13720
US-2023-100328,01/28/2023,02/03/2023,Standard Class,JC-15340
US-2023-134103,01/30/2023,02/04/2023,Standard Class,MV-18190
US-2023-134103,01/30/2023,02/04/2023,Standard Class,MV-18190
US-2023-115161,01/31/2023,02/02/2023,First Class,LC-17050
US-2023-140795,02/01/2023,02/03/2023,First Class,BD-11500
US-2023-123400,02/02/2023,02/09/2023,Standard Class,EB-13930
US-2023-139857,02/02/2023,02/06/2023,Standard Class,CD-12790
US-2023-123400,02/02/2023,02/09/2023,Standard Class,EB-13930
US-2023-111059,02/03/2023,02/06/2023,Second Class,TB-21400
US-2023-111059,02/03/2023,02/06/2023,Second Class,TB-21400
US-2023-104808,02/04/2023,02/08/2023,Second Class,MH-17440
US-2023-107181,02/04/2023,02/08/2023,Standard Class,DB-13270
US-2023-107181,02/04/2023,02/08/2023,Standard Class,DB-13270
US-2023-108182,02/06/2023,02/10/2023,Second Class,DL-13315
US-2023-131905,02/06/2023,02/09/2023,First Class,ND-18460
US-2023-131905,02/06/2023,02/09/2023,First Class,ND-18460
US-2023-131905,02/06/2023,02/09/2023,First Class,ND-18460
US-2023-169390,02/07/2023,02/10/2023,Second Class,CS-12250
US-2023-107755,02/07/2023,02/12/2023,Standard Class,CK-12760
US-2023-125759,02/08/2023,02/09/2023,First Class,NM-18445
US-2023-168368,02/11/2023,02/15/2023,Second Class,GA-14725
US-2023-168368,02/11/2023,02/15/2023,Second Class,GA-14725
US-2023-127614,02/11/2023,02/15/2023,Standard Class,NF-18385
US-2023-127614,02/11/2023,02/15/2023,Standard Class,NF-18385
US-2023-168368,02/11/2023,02/15/2023,Second Class,GA-14725
US-2023-168368,02/11/2023,02/15/2023,Second Class,GA-14725
US-2023-168368,02/11/2023,02/15/2023,Second Class,GA-14725
US-2023-168368,02/11/2023,02/15/2023,Second Class,GA-14725
US-2023-127614,02/11/2023,02/15/2023,Standard Class,NF-18385
US-2023-110674,02/12/2023,02/18/2023,Standard Class,SC-20095
US-2023-121762,02/14/2023,02/18/2023,Standard Class,ML-17395
US-2023-107706,02/14/2023,02/19/2023,Second Class,ST-20530
US-2023-121762,02/14/2023,02/18/2023,Standard Class,ML-17395
US-2023-121762,02/14/2023,02/18/2023,Standard Class,ML-17395
US-2023-165568,02/15/2023,02/19/2023,Standard Class,BF-11020
US-2023-122567,02/16/2023,02/21/2023,Standard Class,MN-17935
US-2023-122567,02/16/2023,02/21/2023,Standard Class,MN-17935
US-2023-154165,02/17/2023,02/24/2023,Standard Class,DL-13315
US-2023-165589,02/18/2023,02/18/2023,Same Day,TB-21595
US-2023-152905,02/18/2023,02/24/2023,Standard Class,AB-10015
US-2023-109491,02/20/2023,02/26/2023,Standard Class,LC-16930
US-2023-164903,02/20/2023,02/24/2023,Standard Class,SR-20740
US-2023-109491,02/20/2023,02/26/2023,Standard Class,LC-16930
US-2023-165540,02/21/2023,02/25/2023,Standard Class,TM-21010
US-2023-133354,02/22/2023,02/24/2023,First Class,SA-20830
US-2023-103744,02/23/2023,02/27/2023,Standard Class,MG-17875
US-2023-103744,02/23/2023,02/27/2023,Standard Class,MG-17875
US-2023-137680,02/24/2023,03/02/2023,Standard Class,JH-15430
US-2023-137680,02/24/2023,03/02/2023,Standard Class,JH-15430
US-2023-156545,02/27/2023,03/03/2023,First Class,JS-16030
US-2023-113880,03/01/2023,03/05/2023,Standard Class,VF-21715
US-2023-131009,03/01/2023,03/05/2023,Standard Class,SC-20380
US-2023-104269,03/01/2023,03/06/2023,Second Class,DB-13060
US-2023-131009,03/01/2023,03/05/2023,Standard Class,SC-20380
US-2023-168312,03/01/2023,03/07/2023,Standard Class,GW-14605
US-2023-131009,03/01/2023,03/05/2023,Standard Class,SC-20380
US-2023-113880,03/01/2023,03/05/2023,Standard Class,VF-21715
US-2023-131009,03/01/2023,03/05/2023,Standard Class,SC-20380
US-2023-168312,03/01/2023,03/07/2023,Standard Class,GW-14605
US-2023-143707,03/01/2023,03/05/2023,Standard Class,HR-14770
US-2023-107524,03/02/2023,03/08/2023,Standard Class,KN-16705
US-2023-111157,03/02/2023,03/06/2023,Standard Class,NH-18610
US-2023-107524,03/02/2023,03/08/2023,Standard Class,KN-16705
US-2023-111157,03/02/2023,03/06/2023,Standard Class,NH-18610
US-2023-127978,03/03/2023,03/08/2023,Standard Class,JS-15595
US-2023-105648,03/03/2023,03/07/2023,Standard Class,EJ-14155
US-2023-130421,03/03/2023,03/07/2023,Standard Class,SC-20020
US-2023-155852,03/03/2023,03/07/2023,Second Class,AJ-10945
US-2023-127964,03/03/2023,03/08/2023,Standard Class,AP-10720
US-2023-127964,03/03/2023,03/08/2023,Standard Class,AP-10720
US-2023-127978,03/03/2023,03/08/2023,Standard Class,JS-15595
US-2023-127978,03/03/2023,03/08/2023,Standard Class,JS-15595
US-2023-127964,03/03/2023,03/08/2023,Standard Class,AP-10720
US-2023-117016,03/04/2023,03/09/2023,Standard Class,SC-20095
US-2023-116239,03/04/2023,03/04/2023,Same Day,CL-12565
US-2023-169061,03/05/2023,03/08/2023,Second Class,AB-10150
US-2023-169061,03/05/2023,03/08/2023,Second Class,AB-10150
US-2023-169061,03/05/2023,03/08/2023,Second Class,AB-10150
US-2023-169061,03/05/2023,03/08/2023,Second Class,AB-10150
US-2023-169061,03/05/2023,03/08/2023,Second Class,AB-10150
US-2023-104563,03/07/2023,03/12/2023,Standard Class,CM-12715
US-2023-156587,03/07/2023,03/08/2023,First Class,AB-10015
US-2023-104563,03/07/2023,03/12/2023,Standard Class,CM-12715
US-2023-104563,03/07/2023,03/12/2023,Standard Class,CM-12715
US-2023-156587,03/07/2023,03/08/2023,First Class,AB-10015
US-2023-131982,03/07/2023,03/11/2023,Second Class,NP-18685
US-2023-104563,03/07/2023,03/12/2023,Standard Class,CM-12715
US-2023-156587,03/07/2023,03/08/2023,First Class,AB-10015
US-2023-140116,03/10/2023,03/17/2023,Standard Class,KT-16480
US-2023-100279,03/10/2023,03/14/2023,Standard Class,SW-20275
US-2023-140116,03/10/2023,03/17/2023,Standard Class,KT-16480
US-2023-166884,03/11/2023,03/16/2023,Second Class,CK-12205
US-2023-114790,03/11/2023,03/13/2023,Second Class,FM-14215
US-2023-103338,03/11/2023,03/15/2023,Standard Class,RB-19435
US-2023-166884,03/11/2023,03/16/2023,Second Class,CK-12205
US-2023-114790,03/11/2023,03/13/2023,Second Class,FM-14215
US-2023-158337,03/11/2023,03/14/2023,Second Class,KA-16525
US-2023-114790,03/11/2023,03/13/2023,Second Class,FM-14215
US-2023-114790,03/11/2023,03/13/2023,Second Class,FM-14215
CA-2023-139675,03/13/2023,03/18/2023,Second Class,NF-18595
CA-2023-139675,03/13/2023,03/18/2023,Second Class,NF-18595
US-2023-125521,03/14/2023,03/19/2023,Standard Class,CK-12325
US-2023-157623,03/14/2023,03/18/2023,Standard Class,DK-13225
US-2023-114510,03/14/2023,03/19/2023,Standard Class,JF-15295
US-2023-114510,03/14/2023,03/19/2023,Standard Class,JF-15295
US-2023-100293,03/14/2023,03/18/2023,Standard Class,NF-18475
US-2023-157623,03/14/2023,03/18/2023,Standard Class,DK-13225
US-2023-152618,03/14/2023,03/17/2023,First Class,RB-19465
US-2023-114510,03/14/2023,03/19/2023,Standard Class,JF-15295
US-2023-114510,03/14/2023,03/19/2023,Standard Class,JF-15295
US-2023-114510,03/14/2023,03/19/2023,Standard Class,JF-15295
US-2023-152618,03/14/2023,03/17/2023,First Class,RB-19465
US-2023-149958,03/15/2023,03/19/2023,Standard Class,AS-10240
US-2023-149958,03/15/2023,03/19/2023,Standard Class,AS-10240
US-2023-149958,03/15/2023,03/19/2023,Standard Class,AS-10240
US-2023-149958,03/15/2023,03/19/2023,Standard Class,AS-10240
US-2023-149958,03/15/2023,03/19/2023,Standard Class,AS-10240
US-2023-157609,03/16/2023,03/21/2023,Second Class,KN-16705
US-2023-148838,03/17/2023,03/21/2023,Standard Class,CP-12340
US-2023-148838,03/17/2023,03/21/2023,Standard Class,CP-12340
US-2023-148838,03/17/2023,03/21/2023,Standard Class,CP-12340
US-2023-118339,03/17/2023,03/24/2023,Standard Class,BN-11515
US-2023-164763,03/17/2023,03/21/2023,Standard Class,MH-17440
US-2023-158442,03/17/2023,03/17/2023,Same Day,AZ-10750
US-2023-118339,03/17/2023,03/24/2023,Standard Class,BN-11515
US-2023-118339,03/17/2023,03/24/2023,Standard Class,BN-11515
US-2023-164763,03/17/2023,03/21/2023,Standard Class,MH-17440
US-2023-164763,03/17/2023,03/21/2023,Standard Class,MH-17440
US-2023-118339,03/17/2023,03/24/2023,Standard Class,BN-11515
US-2023-118339,03/17/2023,03/24/2023,Standard Class,BN-11515
US-2023-148838,03/17/2023,03/21/2023,Standard Class,CP-12340
US-2023-158442,03/17/2023,03/17/2023,Same Day,AZ-10750
US-2023-158442,03/17/2023,03/17/2023,Same Day,AZ-10750
US-2023-148838,03/17/2023,03/21/2023,Standard Class,CP-12340
US-2023-164763,03/17/2023,03/21/2023,Standard Class,MH-17440
US-2023-164763,03/17/2023,03/21/2023,Standard Class,MH-17440
US-2023-127859,03/17/2023,03/20/2023,Second Class,QJ-19255
US-2023-111871,03/18/2023,03/21/2023,Second Class,EK-13795
US-2023-145317,03/18/2023,03/23/2023,Standard Class,SM-20320
US-2023-145317,03/18/2023,03/23/2023,Standard Class,SM-20320
US-2023-131275,03/18/2023,03/24/2023,Standard Class,SC-20050
US-2023-145317,03/18/2023,03/23/2023,Standard Class,SM-20320
US-2023-145317,03/18/2023,03/23/2023,Standard Class,SM-20320
US-2023-145317,03/18/2023,03/23/2023,Standard Class,SM-20320
US-2023-131275,03/18/2023,03/24/2023,Standard Class,SC-20050
US-2023-131275,03/18/2023,03/24/2023,Standard Class,SC-20050
US-2023-145317,03/18/2023,03/23/2023,Standard Class,SM-20320
US-2023-145317,03/18/2023,03/23/2023,Standard Class,SM-20320
US-2023-103989,03/19/2023,03/21/2023,First Class,MC-17605
US-2023-103989,03/19/2023,03/21/2023,First Class,MC-17605
US-2023-103989,03/19/2023,03/21/2023,First Class,MC-17605
US-2023-103989,03/19/2023,03/21/2023,First Class,MC-17605
US-2023-103989,03/19/2023,03/21/2023,First Class,MC-17605
US-2023-103989,03/19/2023,03/21/2023,First Class,MC-17605
US-2023-103989,03/19/2023,03/21/2023,First Class,MC-17605
US-2023-155544,03/21/2023,03/25/2023,Standard Class,GM-14440
US-2023-155544,03/21/2023,03/25/2023,Standard Class,GM-14440
US-2023-163223,03/21/2023,03/25/2023,Standard Class,KH-16690
US-2023-140004,03/21/2023,03/25/2023,Standard Class,CB-12025
US-2023-140004,03/21/2023,03/25/2023,Standard Class,CB-12025
US-2023-163223,03/21/2023,03/25/2023,Standard Class,KH-16690
US-2023-163223,03/21/2023,03/25/2023,Standard Class,KH-16690
US-2023-155544,03/21/2023,03/25/2023,Standard Class,GM-14440
US-2023-163223,03/21/2023,03/25/2023,Standard Class,KH-16690
US-2023-107405,03/21/2023,03/25/2023,Standard Class,TS-21205
US-2023-163223,03/21/2023,03/25/2023,Standard Class,KH-16690
US-2023-148040,03/22/2023,03/26/2023,Standard Class,BF-11275
US-2023-129609,03/22/2023,03/22/2023,Same Day,VM-21835
US-2023-158057,03/22/2023,03/26/2023,Standard Class,CC-12685
US-2023-158057,03/22/2023,03/26/2023,Standard Class,CC-12685
US-2023-148040,03/22/2023,03/26/2023,Standard Class,BF-11275
US-2023-164749,03/23/2023,03/26/2023,First Class,BG-11740
US-2023-120838,03/23/2023,03/26/2023,Second Class,PO-18865
US-2023-120838,03/23/2023,03/26/2023,Second Class,PO-18865
US-2023-143637,03/24/2023,03/29/2023,Second Class,MS-17710
US-2023-147235,03/24/2023,03/28/2023,Standard Class,CD-11920
US-2023-148586,03/25/2023,04/01/2023,Standard Class,AZ-10750
US-2023-128237,03/25/2023,03/30/2023,Standard Class,CA-12265
US-2023-128237,03/25/2023,03/30/2023,Standard Class,CA-12265
US-2023-128237,03/25/2023,03/30/2023,Standard Class,CA-12265
US-2023-128237,03/25/2023,03/30/2023,Standard Class,CA-12265
US-2023-141838,03/26/2023,03/31/2023,Second Class,DK-12835
US-2023-141838,03/26/2023,03/31/2023,Second Class,DK-12835
US-2023-100860,03/26/2023,03/30/2023,Second Class,CS-12505
US-2023-138436,03/26/2023,03/30/2023,Standard Class,JD-15895
US-2023-141838,03/26/2023,03/31/2023,Second Class,DK-12835
US-2023-117380,03/28/2023,04/03/2023,Standard Class,MP-18175
US-2023-137869,03/28/2023,04/02/2023,Standard Class,CV-12295
US-2023-137869,03/28/2023,04/02/2023,Standard Class,CV-12295
US-2023-100881,03/28/2023,04/01/2023,Standard Class,DR-12940
US-2023-137274,03/29/2023,04/02/2023,Standard Class,MG-18145
US-2023-131247,03/30/2023,04/04/2023,Standard Class,GA-14725
US-2023-162089,03/30/2023,04/01/2023,First Class,MP-17470
US-2023-105151,03/30/2023,03/31/2023,First Class,SG-20890
US-2023-169033,03/30/2023,04/03/2023,Standard Class,KM-16720
US-2023-162089,03/30/2023,04/01/2023,First Class,MP-17470
US-2023-133424,03/30/2023,04/04/2023,Standard Class,Dl-13600
US-2023-113124,03/30/2023,04/05/2023,Standard Class,NC-18340
US-2023-133424,03/30/2023,04/04/2023,Standard Class,Dl-13600
US-2023-162089,03/30/2023,04/01/2023,First Class,MP-17470
US-2023-130428,03/31/2023,03/31/2023,Same Day,TG-21640
US-2023-128055,03/31/2023,04/05/2023,Standard Class,AA-10315
US-2023-130428,03/31/2023,03/31/2023,Same Day,TG-21640
US-2023-101770,03/31/2023,04/04/2023,Standard Class,KB-16240
US-2023-130428,03/31/2023,03/31/2023,Same Day,TG-21640
US-2023-104759,03/31/2023,04/04/2023,Standard Class,DD-13570
US-2023-112403,03/31/2023,03/31/2023,Same Day,JO-15280
US-2023-128055,03/31/2023,04/05/2023,Standard Class,AA-10315
US-2023-104759,03/31/2023,04/04/2023,Standard Class,DD-13570
US-2023-157021,04/01/2023,04/06/2023,Second Class,KM-16720
US-2023-138359,04/01/2023,04/06/2023,Standard Class,KH-16330
US-2023-157021,04/01/2023,04/06/2023,Second Class,KM-16720
US-2023-138359,04/01/2023,04/06/2023,Standard Class,KH-16330
US-2023-160276,04/02/2023,04/08/2023,Standard Class,AH-10690
US-2023-164315,04/02/2023,04/08/2023,Standard Class,RD-19585
US-2023-157847,04/02/2023,04/06/2023,Second Class,SC-20020
US-2023-157847,04/02/2023,04/06/2023,Second Class,SC-20020
US-2023-164315,04/02/2023,04/08/2023,Standard Class,RD-19585
US-2023-164315,04/02/2023,04/08/2023,Standard Class,RD-19585
US-2023-112291,04/03/2023,04/08/2023,Standard Class,KE-16420
US-2023-112291,04/03/2023,04/08/2023,Standard Class,KE-16420
US-2023-112291,04/03/2023,04/08/2023,Standard Class,KE-16420
US-2023-133228,04/04/2023,04/09/2023,Standard Class,MS-17710
US-2023-133228,04/04/2023,04/09/2023,Standard Class,MS-17710
US-2023-128685,04/04/2023,04/05/2023,First Class,MZ-17515
US-2023-105172,04/04/2023,04/09/2023,Standard Class,PK-18910
US-2023-149538,04/04/2023,04/08/2023,Standard Class,KB-16585
US-2023-149538,04/04/2023,04/08/2023,Standard Class,KB-16585
US-2023-149538,04/04/2023,04/08/2023,Standard Class,KB-16585
US-2023-149538,04/04/2023,04/08/2023,Standard Class,KB-16585
US-2023-102988,04/05/2023,04/09/2023,Second Class,GM-14695
US-2023-149104,04/05/2023,04/07/2023,Second Class,RD-19900
US-2023-149104,04/05/2023,04/07/2023,Second Class,RD-19900
US-2023-102988,04/05/2023,04/09/2023,Second Class,GM-14695
US-2023-157231,04/05/2023,04/09/2023,Standard Class,RP-19855
US-2023-149104,04/05/2023,04/07/2023,Second Class,RD-19900
US-2023-102988,04/05/2023,04/09/2023,Second Class,GM-14695
US-2023-113887,04/05/2023,04/07/2023,First Class,TH-21550
US-2023-149104,04/05/2023,04/07/2023,Second Class,RD-19900
US-2023-151001,04/05/2023,04/07/2023,First Class,JG-15805
US-2023-151001,04/05/2023,04/07/2023,First Class,JG-15805
US-2023-102988,04/05/2023,04/09/2023,Second Class,GM-14695
US-2023-102988,04/05/2023,04/09/2023,Second Class,GM-14695
US-2023-102652,04/06/2023,04/12/2023,Standard Class,AY-10555
US-2023-102652,04/06/2023,04/12/2023,Standard Class,AY-10555
US-2023-169803,04/06/2023,04/12/2023,Standard Class,SC-20260
US-2023-118486,04/06/2023,04/08/2023,First Class,SD-20485
US-2023-153808,04/06/2023,04/10/2023,Second Class,FH-14275
US-2023-153808,04/06/2023,04/10/2023,Second Class,FH-14275
US-2023-136742,04/06/2023,04/10/2023,Standard Class,GP-14740
US-2023-102652,04/06/2023,04/12/2023,Standard Class,AY-10555
US-2023-102652,04/06/2023,04/12/2023,Standard Class,AY-10555
US-2023-118486,04/06/2023,04/08/2023,First Class,SD-20485
US-2023-169803,04/06/2023,04/12/2023,Standard Class,SC-20260
US-2023-153808,04/06/2023,04/10/2023,Second Class,FH-14275
US-2023-118486,04/06/2023,04/08/2023,First Class,SD-20485
US-2023-124023,04/07/2023,04/10/2023,First Class,PJ-19015
US-2023-128846,04/07/2023,04/12/2023,Standard Class,RS-19765
US-2023-165806,04/07/2023,04/07/2023,Same Day,VM-21685
US-2023-128846,04/07/2023,04/12/2023,Standard Class,RS-19765
US-2023-165806,04/07/2023,04/07/2023,Same Day,VM-21685
US-2023-118997,04/08/2023,04/12/2023,Standard Class,RA-19885
US-2023-150581,04/08/2023,04/12/2023,Standard Class,NM-18445
US-2023-121769,04/08/2023,04/12/2023,Standard Class,JS-15880
US-2023-100363,04/08/2023,04/15/2023,Standard Class,JM-15655
US-2023-163797,04/08/2023,04/13/2023,Standard Class,PC-19000
US-2023-100363,04/08/2023,04/15/2023,Standard Class,JM-15655
US-2023-150581,04/08/2023,04/12/2023,Standard Class,NM-18445
US-2023-121734,04/11/2023,04/16/2023,Standard Class,SE-20110
US-2023-102715,04/11/2023,04/13/2023,Second Class,JK-15370
US-2023-102715,04/11/2023,04/13/2023,Second Class,JK-15370
US-2023-110555,04/11/2023,04/18/2023,Standard Class,MM-18055
US-2023-102715,04/11/2023,04/13/2023,Second Class,JK-15370
US-2023-102715,04/11/2023,04/13/2023,Second Class,JK-15370
US-2023-110555,04/11/2023,04/18/2023,Standard Class,MM-18055
US-2023-110555,04/11/2023,04/18/2023,Standard Class,MM-18055
US-2023-138940,04/11/2023,04/16/2023,Second Class,GM-14455
US-2023-154599,04/12/2023,04/17/2023,Standard Class,KN-16450
US-2023-142979,04/12/2023,04/18/2023,Standard Class,EH-13765
US-2023-154599,04/12/2023,04/17/2023,Standard Class,KN-16450
US-2023-158365,04/12/2023,04/17/2023,Standard Class,SV-20785
US-2023-154599,04/12/2023,04/17/2023,Standard Class,KN-16450
US-2023-154599,04/12/2023,04/17/2023,Standard Class,KN-16450
US-2023-122336,04/13/2023,04/17/2023,Second Class,JD-15895
US-2023-122336,04/13/2023,04/17/2023,Second Class,JD-15895
US-2023-122336,04/13/2023,04/17/2023,Second Class,JD-15895
US-2023-167724,04/13/2023,04/18/2023,Standard Class,BF-11170
US-2023-122336,04/13/2023,04/17/2023,Second Class,JD-15895
US-2023-120740,04/15/2023,04/15/2023,Same Day,PS-18970
US-2023-120740,04/15/2023,04/15/2023,Same Day,PS-18970
US-2023-155208,04/16/2023,04/20/2023,Standard Class,SP-20650
US-2023-100678,04/18/2023,04/22/2023,Standard Class,KM-16720
US-2023-110849,04/18/2023,04/23/2023,Standard Class,JL-15835
US-2023-100678,04/18/2023,04/22/2023,Standard Class,KM-16720
US-2023-110849,04/18/2023,04/23/2023,Standard Class,JL-15835
US-2023-100678,04/18/2023,04/22/2023,Standard Class,KM-16720
US-2023-110849,04/18/2023,04/23/2023,Standard Class,JL-15835
US-2023-100678,04/18/2023,04/22/2023,Standard Class,KM-16720
US-2023-110849,04/18/2023,04/23/2023,Standard Class,JL-15835
US-2023-169460,04/19/2023,04/21/2023,Second Class,NF-18595
US-2023-158470,04/19/2023,04/23/2023,Second Class,AG-10390
US-2023-158470,04/19/2023,04/23/2023,Second Class,AG-10390
US-2023-101462,04/20/2023,04/25/2023,Standard Class,BP-11230
US-2023-134572,04/20/2023,04/22/2023,Second Class,SV-20365
US-2023-134572,04/20/2023,04/22/2023,Second Class,SV-20365
US-2023-134572,04/20/2023,04/22/2023,Second Class,SV-20365
US-2023-158064,04/21/2023,04/25/2023,Standard Class,AA-10375
US-2023-136336,04/21/2023,04/26/2023,Standard Class,DB-13555
US-2023-122070,04/22/2023,04/24/2023,Second Class,AH-10030
US-2023-122070,04/22/2023,04/24/2023,Second Class,AH-10030
US-2023-150119,04/23/2023,04/27/2023,Standard Class,LB-16795
US-2023-150119,04/23/2023,04/27/2023,Standard Class,LB-16795
US-2023-150119,04/23/2023,04/27/2023,Standard Class,LB-16795
US-2023-150119,04/23/2023,04/27/2023,Standard Class,LB-16795
US-2023-112564,04/23/2023,04/24/2023,First Class,TS-21160
US-2023-111857,04/23/2023,04/26/2023,Second Class,NM-18445
US-2023-166954,04/25/2023,04/30/2023,Standard Class,BT-11305
US-2023-166954,04/25/2023,04/30/2023,Standard Class,BT-11305
US-2023-166954,04/25/2023,04/30/2023,Standard Class,BT-11305
US-2023-157406,04/25/2023,04/29/2023,Standard Class,DA-13450
US-2023-157406,04/25/2023,04/29/2023,Standard Class,DA-13450
US-2023-110100,04/25/2023,04/29/2023,Standard Class,LC-16885
US-2023-147298,04/26/2023,05/03/2023,Standard Class,AG-10300
US-2023-116785,04/26/2023,04/30/2023,Standard Class,MH-17290
US-2023-147298,04/26/2023,05/03/2023,Standard Class,AG-10300
US-2023-116785,04/26/2023,04/30/2023,Standard Class,MH-17290
US-2023-118976,04/28/2023,05/03/2023,Standard Class,MY-18295
US-2023-118976,04/28/2023,05/03/2023,Standard Class,MY-18295
US-2023-118976,04/28/2023,05/03/2023,Standard Class,MY-18295
US-2023-140228,04/28/2023,05/03/2023,Standard Class,GB-14530
US-2023-118976,04/28/2023,05/03/2023,Standard Class,MY-18295
US-2023-140228,04/28/2023,05/03/2023,Standard Class,GB-14530
US-2023-140228,04/28/2023,05/03/2023,Standard Class,GB-14530
US-2023-132983,04/28/2023,05/03/2023,Standard Class,DS-13180
US-2023-131387,04/28/2023,04/30/2023,First Class,AI-10855
US-2023-107811,04/29/2023,05/03/2023,Standard Class,LA-16780
US-2023-142727,04/29/2023,05/01/2023,Second Class,HG-14845
US-2023-134061,04/29/2023,05/04/2023,Standard Class,LL-16840
US-2023-142727,04/29/2023,05/01/2023,Second Class,HG-14845
US-2023-107811,04/29/2023,05/03/2023,Standard Class,LA-16780
US-2023-118304,04/29/2023,05/04/2023,Standard Class,KH-16360
US-2023-160094,04/30/2023,05/02/2023,First Class,JM-16195
US-2023-160094,04/30/2023,05/02/2023,First Class,JM-16195
US-2023-156006,04/30/2023,05/02/2023,Second Class,TM-21010
US-2023-115056,05/02/2023,05/02/2023,Same Day,AR-10510
US-2023-124618,05/02/2023,05/04/2023,Second Class,CS-11860
US-2023-135755,05/03/2023,05/10/2023,Standard Class,NC-18415
US-2023-135755,05/03/2023,05/10/2023,Standard Class,NC-18415
US-2023-130274,05/03/2023,05/05/2023,First Class,JS-15940
US-2023-155271,05/04/2023,05/04/2023,Same Day,AA-10480
US-2023-148194,05/04/2023,05/07/2023,First Class,BS-11365
US-2023-148194,05/04/2023,05/07/2023,First Class,BS-11365
US-2023-111899,05/04/2023,05/05/2023,First Class,NC-18340
US-2023-117709,05/04/2023,05/08/2023,Standard Class,PM-18940
US-2023-111899,05/04/2023,05/05/2023,First Class,NC-18340
US-2023-110219,05/05/2023,05/08/2023,First Class,EB-13870
US-2023-166457,05/05/2023,05/09/2023,Second Class,PF-19120
US-2023-111934,05/05/2023,05/07/2023,First Class,GD-14590
US-2023-111934,05/05/2023,05/07/2023,First Class,GD-14590
US-2023-166457,05/05/2023,05/09/2023,Second Class,PF-19120
US-2023-166457,05/05/2023,05/09/2023,Second Class,PF-19120
US-2023-160738,05/05/2023,05/10/2023,Standard Class,KH-16330
US-2023-154879,05/06/2023,05/11/2023,Standard Class,SN-20710
US-2023-121664,05/06/2023,05/10/2023,Standard Class,HP-14815
US-2023-154879,05/06/2023,05/11/2023,Standard Class,SN-20710
US-2023-166086,05/07/2023,05/12/2023,Standard Class,CT-11995
US-2023-166086,05/07/2023,05/12/2023,Standard Class,CT-11995
US-2023-166086,05/07/2023,05/12/2023,Standard Class,CT-11995
US-2023-166086,05/07/2023,05/12/2023,Standard Class,CT-11995
CA-2023-166086,05/07/2023,05/12/2023,Standard Class,CT-11995
CA-2023-166086,05/07/2023,05/12/2023,Standard Class,CT-11995
CA-2023-166086,05/07/2023,05/12/2023,Standard Class,CT-11995
CA-2023-166086,05/07/2023,05/12/2023,Standard Class,CT-11995
US-2023-116666,05/08/2023,05/10/2023,First Class,KT-16480
US-2023-158771,05/09/2023,05/09/2023,Same Day,SB-20290
US-2023-158771,05/09/2023,05/09/2023,Same Day,SB-20290
US-2023-158771,05/09/2023,05/09/2023,Same Day,SB-20290
US-2023-158771,05/09/2023,05/09/2023,Same Day,SB-20290
US-2023-102071,05/09/2023,05/15/2023,Standard Class,PG-18820
US-2023-102071,05/09/2023,05/15/2023,Standard Class,PG-18820
US-2023-114181,05/10/2023,05/14/2023,Second Class,AF-10885
US-2023-103310,05/10/2023,05/15/2023,Standard Class,GM-14680
US-2023-114181,05/10/2023,05/14/2023,Second Class,AF-10885
US-2023-159709,05/10/2023,05/15/2023,Standard Class,AI-10855
US-2023-103310,05/10/2023,05/15/2023,Standard Class,GM-14680
US-2023-103310,05/10/2023,05/15/2023,Standard Class,GM-14680
US-2023-103310,05/10/2023,05/15/2023,Standard Class,GM-14680
US-2023-159709,05/10/2023,05/15/2023,Standard Class,AI-10855
US-2023-152100,05/11/2023,05/16/2023,Standard Class,VW-21775
US-2023-103849,05/11/2023,05/16/2023,Standard Class,PG-18895
US-2023-127523,05/11/2023,05/18/2023,Standard Class,BG-11695
US-2023-119172,05/11/2023,05/15/2023,Standard Class,HD-14785
US-2023-119172,05/11/2023,05/15/2023,Standard Class,HD-14785
US-2023-139017,05/11/2023,05/17/2023,Standard Class,RM-19375
US-2023-103849,05/11/2023,05/16/2023,Standard Class,PG-18895
US-2023-103849,05/11/2023,05/16/2023,Standard Class,PG-18895
US-2023-127159,05/12/2023,05/15/2023,First Class,HL-15040
US-2023-155887,05/12/2023,05/17/2023,Standard Class,KT-16480
US-2023-113768,05/13/2023,05/19/2023,Standard Class,AH-10030
US-2023-140165,05/13/2023,05/15/2023,First Class,EH-14005
US-2023-140165,05/13/2023,05/15/2023,First Class,EH-14005
US-2023-113768,05/13/2023,05/19/2023,Standard Class,AH-10030
US-2023-167164,05/13/2023,05/15/2023,Second Class,AG-10270
US-2023-114433,05/13/2023,05/17/2023,Standard Class,NP-18325
US-2023-106810,05/14/2023,05/20/2023,Standard Class,AJ-10795
US-2023-125150,05/16/2023,05/23/2023,Standard Class,PW-19030
US-2023-163146,05/16/2023,05/20/2023,Standard Class,CC-12475
US-2023-148761,05/17/2023,05/21/2023,Standard Class,PA-19060
US-2023-164224,05/18/2023,05/20/2023,Second Class,TT-21070
US-2023-164224,05/18/2023,05/20/2023,Second Class,TT-21070
US-2023-133963,05/18/2023,05/22/2023,Second Class,GA-14515
US-2023-103373,05/18/2023,05/24/2023,Standard Class,BS-11755
US-2023-107699,05/19/2023,05/23/2023,Standard Class,JH-15820
US-2023-130155,05/19/2023,05/22/2023,First Class,TD-20995
US-2023-114188,05/20/2023,05/22/2023,Second Class,RF-19345
US-2023-130673,05/20/2023,05/22/2023,Second Class,MC-17590
US-2023-114188,05/20/2023,05/22/2023,Second Class,RF-19345
US-2023-114188,05/20/2023,05/22/2023,Second Class,RF-19345
US-2023-130673,05/20/2023,05/22/2023,Second Class,MC-17590
US-2023-130673,05/20/2023,05/22/2023,Second Class,MC-17590
US-2023-130673,05/20/2023,05/22/2023,Second Class,MC-17590
CA-2023-166695,05/20/2023,05/24/2023,Standard Class,CC-12430
CA-2023-166695,05/20/2023,05/24/2023,Standard Class,CC-12430
CA-2023-166695,05/20/2023,05/24/2023,Standard Class,CC-12430
US-2023-127166,05/21/2023,05/23/2023,Second Class,KH-16360
US-2023-152443,05/21/2023,05/26/2023,Standard Class,FG-14260
US-2023-104780,05/21/2023,05/25/2023,Standard Class,BT-11530
US-2023-127166,05/21/2023,05/23/2023,Second Class,KH-16360
US-2023-152443,05/21/2023,05/26/2023,Standard Class,FG-14260
US-2023-117639,05/21/2023,05/25/2023,Standard Class,MW-18235
US-2023-127166,05/21/2023,05/23/2023,Second Class,KH-16360
US-2023-127166,05/21/2023,05/23/2023,Second Class,KH-16360
US-2023-152443,05/21/2023,05/26/2023,Standard Class,FG-14260
US-2023-117639,05/21/2023,05/25/2023,Standard Class,MW-18235
CA-2023-152443,05/21/2023,05/26/2023,Standard Class,FG-14260
CA-2023-152443,05/21/2023,05/26/2023,Standard Class,FG-14260
CA-2023-152443,05/21/2023,05/26/2023,Standard Class,FG-14260
US-2023-143840,05/22/2023,05/29/2023,Standard Class,EH-14185
US-2023-143840,05/22/2023,05/29/2023,Standard Class,EH-14185
US-2023-135881,05/23/2023,05/27/2023,Standard Class,GT-14710
US-2023-105767,05/23/2023,05/27/2023,Standard Class,AR-10510
US-2023-135881,05/23/2023,05/27/2023,Standard Class,GT-14710
US-2023-105767,05/23/2023,05/27/2023,Standard Class,AR-10510
US-2023-138513,05/23/2023,05/27/2023,Standard Class,EH-13990
US-2023-135881,05/23/2023,05/27/2023,Standard Class,GT-14710
US-2023-105767,05/23/2023,05/27/2023,Standard Class,AR-10510
US-2023-143413,05/24/2023,05/30/2023,Standard Class,RP-19390
US-2023-130379,05/25/2023,05/29/2023,Standard Class,JL-15235
US-2023-130379,05/25/2023,05/29/2023,Standard Class,JL-15235
US-2023-100391,05/25/2023,05/29/2023,Standard Class,BW-11065
US-2023-156349,05/26/2023,05/30/2023,Standard Class,ML-17395
US-2023-158029,05/26/2023,05/30/2023,Standard Class,HF-14995
US-2023-144029,05/26/2023,05/31/2023,Standard Class,MM-18055
US-2023-144029,05/26/2023,05/31/2023,Standard Class,MM-18055
US-2023-129574,05/26/2023,05/29/2023,First Class,Dp-13240
US-2023-144029,05/26/2023,05/31/2023,Standard Class,MM-18055
US-2023-156349,05/26/2023,05/30/2023,Standard Class,ML-17395
US-2023-156349,05/26/2023,05/30/2023,Standard Class,ML-17395
US-2023-124429,05/27/2023,05/27/2023,Same Day,MH-17785
US-2023-117058,05/27/2023,05/30/2023,First Class,LE-16810
US-2023-124429,05/27/2023,05/27/2023,Same Day,MH-17785
US-2023-139192,05/27/2023,06/01/2023,Second Class,LC-16885
US-2023-139192,05/27/2023,06/01/2023,Second Class,LC-16885
US-2023-108861,05/28/2023,06/01/2023,Standard Class,MM-17260
US-2023-135993,05/28/2023,06/02/2023,Standard Class,PJ-18835
US-2023-135993,05/28/2023,06/02/2023,Standard Class,PJ-18835
US-2023-145800,05/30/2023,06/05/2023,Standard Class,SS-20410
US-2023-103429,05/30/2023,06/01/2023,First Class,LW-16825
US-2023-105872,05/30/2023,06/06/2023,Standard Class,JG-15160
US-2023-103429,05/30/2023,06/01/2023,First Class,LW-16825
US-2023-146885,05/30/2023,06/05/2023,Standard Class,EB-13840
US-2023-103429,05/30/2023,06/01/2023,First Class,LW-16825
US-2023-140473,05/30/2023,06/03/2023,Standard Class,MC-17425
US-2023-103429,05/30/2023,06/01/2023,First Class,LW-16825
US-2023-166051,05/31/2023,06/05/2023,Standard Class,JK-15625
US-2023-166051,05/31/2023,06/05/2023,Standard Class,JK-15625
US-2023-131926,06/01/2023,06/06/2023,Second Class,DW-13480
US-2023-165659,06/01/2023,06/06/2023,Standard Class,LT-17110
US-2023-131926,06/01/2023,06/06/2023,Second Class,DW-13480
US-2023-157070,06/01/2023,06/06/2023,Standard Class,QJ-19255
US-2023-111003,06/01/2023,06/06/2023,Standard Class,CR-12625
US-2023-111003,06/01/2023,06/06/2023,Standard Class,CR-12625
US-2023-157070,06/01/2023,06/06/2023,Standard Class,QJ-19255
US-2023-131926,06/01/2023,06/06/2023,Second Class,DW-13480
US-2023-131926,06/01/2023,06/06/2023,Second Class,DW-13480
US-2023-131926,06/01/2023,06/06/2023,Second Class,DW-13480
US-2023-165659,06/01/2023,06/06/2023,Standard Class,LT-17110
US-2023-104472,06/02/2023,06/07/2023,Standard Class,CK-12325
US-2023-100895,06/02/2023,06/06/2023,Standard Class,SV-20785
US-2023-104472,06/02/2023,06/07/2023,Standard Class,CK-12325
US-2023-100895,06/02/2023,06/06/2023,Standard Class,SV-20785
US-2023-100895,06/02/2023,06/06/2023,Standard Class,SV-20785
US-2023-163867,06/03/2023,06/06/2023,First Class,RE-19450
US-2023-135657,06/03/2023,06/07/2023,Second Class,SC-20725
US-2023-141299,06/03/2023,06/07/2023,Second Class,RB-19795
US-2023-163867,06/03/2023,06/06/2023,First Class,RE-19450
US-2023-163867,06/03/2023,06/06/2023,First Class,RE-19450
US-2023-151946,06/04/2023,06/09/2023,Standard Class,BT-11440
US-2023-151946,06/04/2023,06/09/2023,Standard Class,BT-11440
US-2023-151946,06/04/2023,06/09/2023,Standard Class,BT-11440
US-2023-151946,06/04/2023,06/09/2023,Standard Class,BT-11440
US-2023-147914,06/04/2023,06/09/2023,Standard Class,MP-17470
US-2023-159520,06/06/2023,06/11/2023,Standard Class,GT-14635
US-2023-133270,06/06/2023,06/09/2023,First Class,BM-11785
US-2023-169257,06/06/2023,06/12/2023,Standard Class,SV-20785
US-2023-161305,06/06/2023,06/12/2023,Standard Class,SB-20170
US-2023-159520,06/06/2023,06/11/2023,Standard Class,GT-14635
US-2023-161305,06/06/2023,06/12/2023,Standard Class,SB-20170
US-2023-151897,06/06/2023,06/10/2023,Standard Class,VT-21700
US-2023-169257,06/06/2023,06/12/2023,Standard Class,SV-20785
US-2023-159520,06/06/2023,06/11/2023,Standard Class,GT-14635
US-2023-106229,06/07/2023,06/11/2023,Second Class,NR-18550
US-2023-134971,06/07/2023,06/10/2023,Second Class,BP-11095
US-2023-109162,06/08/2023,06/12/2023,Standard Class,KE-16420
US-2023-141257,06/08/2023,06/14/2023,Standard Class,CS-11950
US-2023-108147,06/08/2023,06/13/2023,Standard Class,RD-19480
US-2023-108147,06/08/2023,06/13/2023,Standard Class,RD-19480
US-2023-115812,06/09/2023,06/14/2023,Standard Class,BH-11710
US-2023-160262,06/09/2023,06/13/2023,Second Class,TS-21205
US-2023-115812,06/09/2023,06/14/2023,Standard Class,BH-11710
US-2023-132612,06/09/2023,06/11/2023,Second Class,FO-14305
US-2023-115812,06/09/2023,06/14/2023,Standard Class,BH-11710
US-2023-133753,06/09/2023,06/13/2023,Second Class,CW-11905
US-2023-160262,06/09/2023,06/13/2023,Second Class,TS-21205
US-2023-115812,06/09/2023,06/14/2023,Standard Class,BH-11710
US-2023-133851,06/09/2023,06/16/2023,Standard Class,CM-12445
US-2023-115812,06/09/2023,06/14/2023,Standard Class,BH-11710
US-2023-160262,06/09/2023,06/13/2023,Second Class,TS-21205
US-2023-133851,06/09/2023,06/16/2023,Standard Class,CM-12445
US-2023-133753,06/09/2023,06/13/2023,Second Class,CW-11905
US-2023-133753,06/09/2023,06/13/2023,Second Class,CW-11905
US-2023-115812,06/09/2023,06/14/2023,Standard Class,BH-11710
US-2023-115812,06/09/2023,06/14/2023,Standard Class,BH-11710
US-2023-144281,06/10/2023,06/15/2023,Second Class,HK-14890
US-2023-114643,06/13/2023,06/17/2023,Standard Class,FM-14215
US-2023-140487,06/14/2023,06/20/2023,Standard Class,SR-20425
US-2023-141215,06/15/2023,06/21/2023,Standard Class,KL-16555
US-2023-141215,06/15/2023,06/21/2023,Standard Class,KL-16555
US-2023-141215,06/15/2023,06/21/2023,Standard Class,KL-16555
US-2023-126963,06/15/2023,06/15/2023,Same Day,PS-18760
US-2023-136644,06/16/2023,06/22/2023,Standard Class,SC-20575
US-2023-113929,06/16/2023,06/21/2023,Standard Class,CK-12205
US-2023-113929,06/16/2023,06/21/2023,Standard Class,CK-12205
US-2023-113929,06/16/2023,06/21/2023,Standard Class,CK-12205
US-2023-144414,06/17/2023,06/21/2023,Standard Class,GH-14425
US-2023-144414,06/17/2023,06/21/2023,Standard Class,GH-14425
US-2023-144414,06/17/2023,06/21/2023,Standard Class,GH-14425
US-2023-156342,06/17/2023,06/20/2023,Second Class,JF-15415
US-2023-104402,06/17/2023,06/23/2023,Standard Class,DB-13660
US-2023-123855,06/18/2023,06/23/2023,Standard Class,MC-18100
CA-2023-184712,06/18/2023,06/20/2023,Second Class,NC-19470
US-2023-166863,06/20/2023,06/24/2023,Standard Class,SC-20020
US-2023-112949,06/20/2023,06/27/2023,Standard Class,Co-12640
US-2023-112949,06/20/2023,06/27/2023,Standard Class,Co-12640
US-2023-166863,06/20/2023,06/24/2023,Standard Class,SC-20020
US-2023-166863,06/20/2023,06/24/2023,Standard Class,SC-20020
US-2023-166863,06/20/2023,06/24/2023,Standard Class,SC-20020
US-2023-166863,06/20/2023,06/24/2023,Standard Class,SC-20020
US-2023-166863,06/20/2023,06/24/2023,Standard Class,SC-20020
US-2023-166863,06/20/2023,06/24/2023,Standard Class,SC-20020
US-2023-138317,06/21/2023,06/25/2023,Standard Class,NW-18400
US-2023-117135,06/21/2023,06/23/2023,Second Class,NP-18325
US-2023-130624,06/21/2023,06/24/2023,First Class,TB-21280
US-2023-138317,06/21/2023,06/25/2023,Standard Class,NW-18400
US-2023-128146,06/21/2023,06/25/2023,Standard Class,DB-13060
US-2023-141278,06/21/2023,06/24/2023,First Class,RM-19375
US-2023-138317,06/21/2023,06/25/2023,Standard Class,NW-18400
US-2023-160780,06/21/2023,06/21/2023,Same Day,SV-20785
US-2023-160780,06/21/2023,06/21/2023,Same Day,SV-20785
US-2023-138317,06/21/2023,06/25/2023,Standard Class,NW-18400
US-2023-130624,06/21/2023,06/24/2023,First Class,TB-21280
US-2023-117135,06/21/2023,06/23/2023,Second Class,NP-18325
US-2023-138317,06/21/2023,06/25/2023,Standard Class,NW-18400
US-2023-138317,06/21/2023,06/25/2023,Standard Class,NW-18400
US-2023-141796,06/21/2023,06/21/2023,Same Day,JG-15160
US-2023-117135,06/21/2023,06/23/2023,Second Class,NP-18325
US-2023-130624,06/21/2023,06/24/2023,First Class,TB-21280
US-2023-128146,06/21/2023,06/25/2023,Standard Class,DB-13060
US-2023-154963,06/22/2023,06/27/2023,Standard Class,AA-10645
US-2023-154963,06/22/2023,06/27/2023,Standard Class,AA-10645
US-2023-133389,06/22/2023,06/22/2023,Same Day,TB-21280
US-2023-124646,06/22/2023,06/24/2023,First Class,DV-13465
US-2023-124646,06/22/2023,06/24/2023,First Class,DV-13465
US-2023-142048,06/22/2023,06/25/2023,First Class,JE-15745
US-2023-154963,06/22/2023,06/27/2023,Standard Class,AA-10645
US-2023-130358,06/23/2023,06/26/2023,First Class,DL-13330
US-2023-130358,06/23/2023,06/26/2023,First Class,DL-13330
US-2023-126032,06/23/2023,06/28/2023,Standard Class,BS-11665
US-2023-159814,06/24/2023,06/28/2023,Standard Class,LP-17080
US-2023-159338,06/25/2023,06/28/2023,First Class,NS-18640
US-2023-164469,06/25/2023,06/27/2023,Second Class,GK-14620
US-2023-164469,06/25/2023,06/27/2023,Second Class,GK-14620
US-2023-164469,06/25/2023,06/27/2023,Second Class,GK-14620
US-2023-104283,06/27/2023,07/01/2023,Standard Class,LM-17065
US-2023-104283,06/27/2023,07/01/2023,Standard Class,LM-17065
US-2023-104283,06/27/2023,07/01/2023,Standard Class,LM-17065
US-2023-140858,06/28/2023,07/02/2023,Standard Class,CA-12775
US-2023-140858,06/28/2023,07/02/2023,Standard Class,CA-12775
US-2023-140858,06/28/2023,07/02/2023,Standard Class,CA-12775
US-2023-156993,06/28/2023,07/04/2023,Standard Class,RW-19630
US-2023-140858,06/28/2023,07/02/2023,Standard Class,CA-12775
US-2023-140858,06/28/2023,07/02/2023,Standard Class,CA-12775
US-2023-165974,06/29/2023,07/06/2023,Standard Class,DL-12865
US-2023-111773,06/29/2023,07/03/2023,Standard Class,JK-15625
US-2023-121566,06/30/2023,07/06/2023,Standard Class,CS-11860
US-2023-109218,06/30/2023,07/03/2023,Second Class,AR-10825
US-2023-123064,06/30/2023,07/02/2023,First Class,RA-19915
US-2023-146640,06/30/2023,07/05/2023,Standard Class,HA-14905
US-2023-121566,06/30/2023,07/06/2023,Standard Class,CS-11860
US-2023-116757,06/30/2023,07/04/2023,Standard Class,MS-17980
US-2023-152254,06/30/2023,06/30/2023,Same Day,BD-11620
US-2023-116757,06/30/2023,07/04/2023,Standard Class,MS-17980
US-2023-160773,07/01/2023,07/05/2023,Standard Class,LW-16825
US-2023-153150,07/01/2023,07/06/2023,Second Class,Dl-13600
US-2023-160773,07/01/2023,07/05/2023,Standard Class,LW-16825
US-2023-107594,07/02/2023,07/06/2023,Standard Class,EH-13945
US-2023-107594,07/02/2023,07/06/2023,Standard Class,EH-13945
US-2023-120096,07/04/2023,07/07/2023,First Class,KE-16420
US-2023-138709,07/04/2023,07/09/2023,Standard Class,MS-17770
US-2023-120096,07/04/2023,07/07/2023,First Class,KE-16420
US-2023-138709,07/04/2023,07/09/2023,Standard Class,MS-17770
US-2023-103317,07/05/2023,07/08/2023,First Class,DM-13525
US-2023-103317,07/05/2023,07/08/2023,First Class,DM-13525
US-2023-152849,07/05/2023,07/12/2023,Standard Class,DW-13195
US-2023-107139,07/05/2023,07/11/2023,Standard Class,DP-13390
US-2023-103317,07/05/2023,07/08/2023,First Class,DM-13525
US-2023-157784,07/05/2023,07/08/2023,First Class,MC-17845
US-2023-157784,07/05/2023,07/08/2023,First Class,MC-17845
US-2023-160444,07/05/2023,07/05/2023,Same Day,DC-12850
US-2023-160444,07/05/2023,07/05/2023,Same Day,DC-12850
US-2023-157784,07/05/2023,07/08/2023,First Class,MC-17845
US-2023-147543,07/06/2023,07/12/2023,Standard Class,BC-11125
US-2023-134278,07/06/2023,07/08/2023,First Class,EP-13915
US-2023-138758,07/07/2023,07/11/2023,Standard Class,JL-15835
US-2023-138758,07/07/2023,07/11/2023,Standard Class,JL-15835
US-2023-150301,07/08/2023,07/10/2023,First Class,MH-18025
US-2023-100090,07/08/2023,07/12/2023,Standard Class,EB-13705
US-2023-100090,07/08/2023,07/12/2023,Standard Class,EB-13705
US-2023-113271,07/09/2023,07/14/2023,Standard Class,DS-13030
US-2023-113271,07/09/2023,07/14/2023,Standard Class,DS-13030
US-2023-113271,07/09/2023,07/14/2023,Standard Class,DS-13030
US-2023-114125,07/09/2023,07/13/2023,Standard Class,GH-14410
US-2023-114125,07/09/2023,07/13/2023,Standard Class,GH-14410
US-2023-165379,07/09/2023,07/15/2023,Standard Class,BM-11650
US-2023-113271,07/09/2023,07/14/2023,Standard Class,DS-13030
US-2023-165379,07/09/2023,07/15/2023,Standard Class,BM-11650
US-2023-114125,07/09/2023,07/13/2023,Standard Class,GH-14410
US-2023-163552,07/11/2023,07/15/2023,Standard Class,LA-16780
US-2023-163552,07/11/2023,07/15/2023,Standard Class,LA-16780
US-2023-133305,07/11/2023,07/15/2023,Standard Class,MH-17455
US-2023-163552,07/11/2023,07/15/2023,Standard Class,LA-16780
US-2023-163552,07/11/2023,07/15/2023,Standard Class,LA-16780
US-2023-123225,07/11/2023,07/14/2023,First Class,MN-17935
US-2023-133305,07/11/2023,07/15/2023,Standard Class,MH-17455
US-2023-123225,07/11/2023,07/14/2023,First Class,MN-17935
US-2023-163552,07/11/2023,07/15/2023,Standard Class,LA-16780
US-2023-166555,07/11/2023,07/14/2023,First Class,JK-15205
US-2023-131310,07/12/2023,07/18/2023,Standard Class,CL-12565
US-2023-161508,07/12/2023,07/16/2023,Standard Class,PV-18985
US-2023-129924,07/12/2023,07/17/2023,Standard Class,AC-10420
US-2023-161508,07/12/2023,07/16/2023,Standard Class,PV-18985
US-2023-131310,07/12/2023,07/18/2023,Standard Class,CL-12565
US-2023-129924,07/12/2023,07/17/2023,Standard Class,AC-10420
US-2023-161508,07/12/2023,07/16/2023,Standard Class,PV-18985
US-2023-124807,07/12/2023,07/15/2023,Second Class,ME-17725
US-2023-161508,07/12/2023,07/16/2023,Standard Class,PV-18985
US-2023-110184,07/12/2023,07/16/2023,Standard Class,BF-11170
US-2023-124807,07/12/2023,07/15/2023,Second Class,ME-17725
US-2023-110184,07/12/2023,07/16/2023,Standard Class,BF-11170
US-2023-165862,07/13/2023,07/17/2023,Standard Class,GK-14620
US-2023-164182,07/14/2023,07/18/2023,Standard Class,ST-20530
US-2023-124464,07/14/2023,07/20/2023,Standard Class,SS-20515
US-2023-164182,07/14/2023,07/18/2023,Standard Class,ST-20530
US-2023-109904,07/14/2023,07/17/2023,Second Class,BF-10975
US-2023-103905,07/14/2023,07/20/2023,Standard Class,AW-10930
US-2023-150532,07/14/2023,07/21/2023,Standard Class,PB-19150
US-2023-103905,07/14/2023,07/20/2023,Standard Class,AW-10930
US-2023-164182,07/14/2023,07/18/2023,Standard Class,ST-20530
US-2023-164182,07/14/2023,07/18/2023,Standard Class,ST-20530
US-2023-115980,07/15/2023,07/19/2023,Standard Class,VW-21775
US-2023-115980,07/15/2023,07/19/2023,Standard Class,VW-21775
US-2023-123295,07/18/2023,07/18/2023,Same Day,AH-10120
US-2023-138198,07/18/2023,07/23/2023,Standard Class,JL-15130
US-2023-150434,07/19/2023,07/24/2023,Standard Class,CA-12310
US-2023-168158,07/19/2023,07/24/2023,Standard Class,EM-14140
US-2023-150434,07/19/2023,07/24/2023,Standard Class,CA-12310
US-2023-150434,07/19/2023,07/24/2023,Standard Class,CA-12310
US-2023-150434,07/19/2023,07/24/2023,Standard Class,CA-12310
US-2023-143903,07/20/2023,07/24/2023,Standard Class,KM-16375
US-2023-141726,07/20/2023,07/22/2023,First Class,CC-12145
US-2023-143903,07/20/2023,07/24/2023,Standard Class,KM-16375
US-2023-127866,07/20/2023,07/23/2023,First Class,JD-15895
US-2023-142965,07/20/2023,07/20/2023,Same Day,SW-20245
US-2023-141726,07/20/2023,07/22/2023,First Class,CC-12145
US-2023-157546,07/20/2023,07/22/2023,First Class,RD-19720
US-2023-141726,07/20/2023,07/22/2023,First Class,CC-12145
US-2023-141726,07/20/2023,07/22/2023,First Class,CC-12145
US-2023-127866,07/20/2023,07/23/2023,First Class,JD-15895
US-2023-157546,07/20/2023,07/22/2023,First Class,RD-19720
US-2023-127866,07/20/2023,07/23/2023,First Class,JD-15895
US-2023-142965,07/20/2023,07/20/2023,Same Day,SW-20245
US-2023-143903,07/20/2023,07/24/2023,Standard Class,KM-16375
US-2023-127866,07/20/2023,07/23/2023,First Class,JD-15895
US-2023-116932,07/21/2023,07/25/2023,Standard Class,ME-18010
US-2023-129189,07/21/2023,07/25/2023,Standard Class,HM-14860
US-2023-116932,07/21/2023,07/25/2023,Standard Class,ME-18010
US-2023-129189,07/21/2023,07/25/2023,Standard Class,HM-14860
US-2023-116932,07/21/2023,07/25/2023,Standard Class,ME-18010
US-2023-129189,07/21/2023,07/25/2023,Standard Class,HM-14860
US-2023-129189,07/21/2023,07/25/2023,Standard Class,HM-14860
US-2023-109890,07/21/2023,07/27/2023,Standard Class,PG-18820
US-2023-117464,07/22/2023,07/24/2023,Second Class,NP-18325
US-2023-117464,07/22/2023,07/24/2023,Second Class,NP-18325
US-2023-127691,07/22/2023,07/27/2023,Standard Class,EM-14065
US-2023-117464,07/22/2023,07/24/2023,Second Class,NP-18325
US-2023-122679,07/22/2023,07/28/2023,Standard Class,AB-10255
US-2023-117464,07/22/2023,07/24/2023,Second Class,NP-18325
US-2023-164644,07/22/2023,07/24/2023,Second Class,JL-15850
US-2023-127691,07/22/2023,07/27/2023,Standard Class,EM-14065
US-2023-119137,07/23/2023,07/27/2023,Standard Class,AG-10900
US-2023-119137,07/23/2023,07/27/2023,Standard Class,AG-10900
US-2023-145254,07/23/2023,07/27/2023,Standard Class,NC-18535
US-2023-103058,07/23/2023,07/24/2023,First Class,AG-10270
US-2023-119137,07/23/2023,07/27/2023,Standard Class,AG-10900
US-2023-145254,07/23/2023,07/27/2023,Standard Class,NC-18535
US-2023-119137,07/23/2023,07/27/2023,Standard Class,AG-10900
US-2023-145254,07/23/2023,07/27/2023,Standard Class,NC-18535
US-2023-145254,07/23/2023,07/27/2023,Standard Class,NC-18535
US-2023-143917,07/25/2023,07/27/2023,Second Class,KL-16645
US-2023-146528,07/25/2023,07/27/2023,Second Class,VF-21715
US-2023-143917,07/25/2023,07/27/2023,Second Class,KL-16645
US-2023-143917,07/25/2023,07/27/2023,Second Class,KL-16645
US-2023-146528,07/25/2023,07/27/2023,Second Class,VF-21715
US-2023-116190,07/26/2023,08/01/2023,Standard Class,SG-20470
US-2023-126760,07/26/2023,08/02/2023,Standard Class,KM-16720
US-2023-116190,07/26/2023,08/01/2023,Standard Class,SG-20470
US-2023-126760,07/26/2023,08/02/2023,Standard Class,KM-16720
US-2023-169019,07/26/2023,07/30/2023,Standard Class,LF-17185
US-2023-169019,07/26/2023,07/30/2023,Standard Class,LF-17185
US-2023-169019,07/26/2023,07/30/2023,Standard Class,LF-17185
US-2023-169019,07/26/2023,07/30/2023,Standard Class,LF-17185
US-2023-169019,07/26/2023,07/30/2023,Standard Class,LF-17185
US-2023-116190,07/26/2023,08/01/2023,Standard Class,SG-20470
US-2023-155894,07/26/2023,07/30/2023,Second Class,CL-11890
US-2023-159121,07/26/2023,08/01/2023,Standard Class,JO-15145
US-2023-169019,07/26/2023,07/30/2023,Standard Class,LF-17185
US-2023-126760,07/26/2023,08/02/2023,Standard Class,KM-16720
US-2023-126760,07/26/2023,08/02/2023,Standard Class,KM-16720
US-2023-150126,07/27/2023,08/02/2023,Standard Class,AS-10045
US-2023-169642,07/27/2023,07/30/2023,Second Class,BB-10990
US-2023-124709,07/27/2023,07/29/2023,Second Class,GW-14605
US-2023-131541,07/28/2023,07/28/2023,Same Day,CK-12205
US-2023-131541,07/28/2023,07/28/2023,Same Day,CK-12205
US-2023-131541,07/28/2023,07/28/2023,Same Day,CK-12205
US-2023-111192,07/30/2023,08/05/2023,Standard Class,TS-21430
US-2023-117345,08/01/2023,08/05/2023,Standard Class,BF-10975
US-2023-117345,08/01/2023,08/05/2023,Standard Class,BF-10975
US-2023-152296,08/01/2023,08/03/2023,First Class,IL-15100
US-2023-162684,08/01/2023,08/06/2023,Standard Class,AS-10630
US-2023-117345,08/01/2023,08/05/2023,Standard Class,BF-10975
US-2023-117345,08/01/2023,08/05/2023,Standard Class,BF-10975
US-2023-106299,08/02/2023,08/08/2023,Standard Class,NZ-18565
US-2023-106299,08/02/2023,08/08/2023,Standard Class,NZ-18565
US-2023-106299,08/02/2023,08/08/2023,Standard Class,NZ-18565
US-2023-133690,08/03/2023,08/05/2023,First Class,BS-11755
US-2023-133690,08/03/2023,08/05/2023,First Class,BS-11755
US-2023-125612,08/03/2023,08/08/2023,Standard Class,BK-11260
US-2023-128986,08/03/2023,08/05/2023,Second Class,GH-14410
US-2023-125612,08/03/2023,08/08/2023,Standard Class,BK-11260
US-2023-125612,08/03/2023,08/08/2023,Standard Class,BK-11260
US-2023-134215,08/04/2023,08/08/2023,Standard Class,ML-17395
US-2023-126361,08/04/2023,08/09/2023,Second Class,VD-21670
US-2023-126361,08/04/2023,08/09/2023,Second Class,VD-21670
US-2023-126361,08/04/2023,08/09/2023,Second Class,VD-21670
US-2023-126361,08/04/2023,08/09/2023,Second Class,VD-21670
US-2023-134215,08/04/2023,08/08/2023,Standard Class,ML-17395
US-2023-126361,08/04/2023,08/09/2023,Second Class,VD-21670
US-2023-134215,08/04/2023,08/08/2023,Standard Class,ML-17395
US-2023-126361,08/04/2023,08/09/2023,Second Class,VD-21670
US-2023-117968,08/05/2023,08/07/2023,Second Class,RS-19420
US-2023-118962,08/05/2023,08/09/2023,Standard Class,CS-12130
US-2023-124723,08/05/2023,08/12/2023,Standard Class,GZ-14470
US-2023-117968,08/05/2023,08/07/2023,Second Class,RS-19420
US-2023-117968,08/05/2023,08/07/2023,Second Class,RS-19420
US-2023-110065,08/05/2023,08/11/2023,Standard Class,SP-20650
US-2023-150490,08/05/2023,08/11/2023,Standard Class,SS-20590
US-2023-118962,08/05/2023,08/09/2023,Standard Class,CS-12130
US-2023-118962,08/05/2023,08/09/2023,Standard Class,CS-12130
US-2023-150490,08/05/2023,08/11/2023,Standard Class,SS-20590
US-2023-150490,08/05/2023,08/11/2023,Standard Class,SS-20590
US-2023-110065,08/05/2023,08/11/2023,Standard Class,SP-20650
US-2023-115357,08/06/2023,08/11/2023,Second Class,RF-19735
US-2023-137575,08/06/2023,08/11/2023,Standard Class,TB-21625
US-2023-156790,08/08/2023,08/10/2023,Second Class,VG-21790
US-2023-151708,08/08/2023,08/14/2023,Standard Class,MB-17305
US-2023-131450,08/08/2023,08/15/2023,Standard Class,LR-16915
US-2023-124478,08/08/2023,08/12/2023,Standard Class,MA-17560
US-2023-124478,08/08/2023,08/12/2023,Standard Class,MA-17560
US-2023-131450,08/08/2023,08/15/2023,Standard Class,LR-16915
US-2023-124478,08/08/2023,08/12/2023,Standard Class,MA-17560
US-2023-154669,08/08/2023,08/11/2023,Second Class,TM-21010
US-2023-151708,08/08/2023,08/14/2023,Standard Class,MB-17305
US-2023-124478,08/08/2023,08/12/2023,Standard Class,MA-17560
US-2023-131450,08/08/2023,08/15/2023,Standard Class,LR-16915
US-2023-124478,08/08/2023,08/12/2023,Standard Class,MA-17560
US-2023-131450,08/08/2023,08/15/2023,Standard Class,LR-16915
CA-2023-129322,08/08/2023,08/10/2023,Second Class,DB-13405
CA-2023-129322,08/08/2023,08/10/2023,Second Class,DB-13405
CA-2023-129322,08/08/2023,08/10/2023,Second Class,DB-13405
US-2023-161249,08/09/2023,08/13/2023,Standard Class,RD-19720
US-2023-169726,08/09/2023,08/13/2023,Standard Class,JH-15985
US-2023-161249,08/09/2023,08/13/2023,Standard Class,RD-19720
US-2023-110527,08/09/2023,08/16/2023,Standard Class,ED-13885
US-2023-141901,08/09/2023,08/14/2023,Standard Class,GM-14500
US-2023-167850,08/09/2023,08/16/2023,Standard Class,AG-10525
US-2023-166471,08/09/2023,08/13/2023,Standard Class,MG-17650
US-2023-166471,08/09/2023,08/13/2023,Standard Class,MG-17650
US-2023-167850,08/09/2023,08/16/2023,Standard Class,AG-10525
US-2023-127012,08/11/2023,08/15/2023,Standard Class,GM-14680
US-2023-127012,08/11/2023,08/15/2023,Standard Class,GM-14680
US-2023-127012,08/11/2023,08/15/2023,Standard Class,GM-14680
US-2023-154641,08/11/2023,08/16/2023,Standard Class,KL-16645
US-2023-109897,08/12/2023,08/16/2023,Standard Class,BW-11200
US-2023-156244,08/12/2023,08/16/2023,Standard Class,DH-13675
US-2023-156244,08/12/2023,08/16/2023,Standard Class,DH-13675
US-2023-153927,08/12/2023,08/13/2023,First Class,LL-16840
US-2023-109302,08/12/2023,08/16/2023,Standard Class,CS-12175
US-2023-156244,08/12/2023,08/16/2023,Standard Class,DH-13675
US-2023-156244,08/12/2023,08/16/2023,Standard Class,DH-13675
US-2023-156244,08/12/2023,08/16/2023,Standard Class,DH-13675
US-2023-153927,08/12/2023,08/13/2023,First Class,LL-16840
US-2023-156244,08/12/2023,08/16/2023,Standard Class,DH-13675
US-2023-109897,08/12/2023,08/16/2023,Standard Class,BW-11200
US-2023-164406,08/15/2023,08/19/2023,Standard Class,BD-11605
US-2023-164406,08/15/2023,08/19/2023,Standard Class,BD-11605
US-2023-109043,08/15/2023,08/17/2023,First Class,CS-12355
US-2023-141005,08/15/2023,08/18/2023,First Class,CS-12355
US-2023-164406,08/15/2023,08/19/2023,Standard Class,BD-11605
US-2023-138023,08/15/2023,08/18/2023,First Class,KH-16510
US-2023-164406,08/15/2023,08/19/2023,Standard Class,BD-11605
US-2023-164406,08/15/2023,08/19/2023,Standard Class,BD-11605
US-2023-109043,08/15/2023,08/17/2023,First Class,CS-12355
US-2023-142839,08/16/2023,08/20/2023,Standard Class,TS-21610
US-2023-111500,08/17/2023,08/21/2023,Standard Class,DJ-13510
US-2023-111500,08/17/2023,08/21/2023,Standard Class,DJ-13510
US-2023-111500,08/17/2023,08/21/2023,Standard Class,DJ-13510
US-2023-129168,08/17/2023,08/23/2023,Standard Class,KB-16585
US-2023-111500,08/17/2023,08/21/2023,Standard Class,DJ-13510
US-2023-156559,08/19/2023,08/26/2023,Standard Class,LH-16900
US-2023-133158,08/19/2023,08/21/2023,Second Class,DW-13195
US-2023-121727,08/19/2023,08/24/2023,Standard Class,JK-15625
US-2023-133158,08/19/2023,08/21/2023,Second Class,DW-13195
US-2023-164616,08/19/2023,08/21/2023,Second Class,MS-17770
US-2023-143581,08/19/2023,08/23/2023,Standard Class,BS-11365
US-2023-164616,08/19/2023,08/21/2023,Second Class,MS-17770
CA-2023-132339,08/19/2023,08/23/2023,Standard Class,JB-15400
CA-2023-115777,08/19/2023,08/24/2023,Standard Class,DO-13645
US-2023-114321,08/20/2023,08/25/2023,Standard Class,NC-18535
US-2023-166716,08/20/2023,08/25/2023,Second Class,CR-12730
US-2023-114321,08/20/2023,08/25/2023,Standard Class,NC-18535
US-2023-114321,08/20/2023,08/25/2023,Standard Class,NC-18535
US-2023-123253,08/22/2023,08/25/2023,Second Class,DE-13255
US-2023-166828,08/22/2023,08/25/2023,First Class,JF-15415
US-2023-130918,08/22/2023,08/24/2023,Second Class,JP-15520
US-2023-124737,08/23/2023,08/27/2023,Standard Class,AP-10915
US-2023-154837,08/23/2023,08/27/2023,Second Class,RB-19645
US-2023-124737,08/23/2023,08/27/2023,Standard Class,AP-10915
US-2023-124737,08/23/2023,08/27/2023,Standard Class,AP-10915
US-2023-124737,08/23/2023,08/27/2023,Standard Class,AP-10915
US-2023-112795,08/23/2023,08/28/2023,Second Class,CR-12625
US-2023-110639,08/23/2023,08/23/2023,Same Day,RH-19495
US-2023-110639,08/23/2023,08/23/2023,Same Day,RH-19495
US-2023-124737,08/23/2023,08/27/2023,Standard Class,AP-10915
US-2023-124737,08/23/2023,08/27/2023,Standard Class,AP-10915
US-2023-107916,08/24/2023,08/26/2023,First Class,JP-15460
US-2023-107916,08/24/2023,08/26/2023,First Class,JP-15460
US-2023-106719,08/24/2023,08/24/2023,Same Day,RB-19645
US-2023-120432,08/24/2023,08/26/2023,Second Class,DW-13585
US-2023-104178,08/25/2023,08/29/2023,Standard Class,JM-15265
US-2023-107398,08/25/2023,08/30/2023,Standard Class,BS-11590
US-2023-107398,08/25/2023,08/30/2023,Standard Class,BS-11590
US-2023-126200,08/25/2023,08/29/2023,Standard Class,JE-15715
US-2023-126200,08/25/2023,08/29/2023,Standard Class,JE-15715
US-2023-107398,08/25/2023,08/30/2023,Standard Class,BS-11590
US-2023-115259,08/25/2023,08/27/2023,Second Class,RC-19960
US-2023-115259,08/25/2023,08/27/2023,Second Class,RC-19960
US-2023-115259,08/25/2023,08/27/2023,Second Class,RC-19960
US-2023-115259,08/25/2023,08/27/2023,Second Class,RC-19960
US-2023-104178,08/25/2023,08/29/2023,Standard Class,JM-15265
US-2023-104178,08/25/2023,08/29/2023,Standard Class,JM-15265
US-2023-104178,08/25/2023,08/29/2023,Standard Class,JM-15265
US-2023-103660,08/25/2023,08/30/2023,Standard Class,MW-18220
US-2023-103331,08/26/2023,09/01/2023,Standard Class,KB-16315
US-2023-115413,08/26/2023,09/01/2023,Standard Class,PP-18955
US-2023-103331,08/26/2023,09/01/2023,Standard Class,KB-16315
US-2023-103331,08/26/2023,09/01/2023,Standard Class,KB-16315
US-2023-123260,08/26/2023,08/30/2023,Standard Class,FM-14290
US-2023-115413,08/26/2023,09/01/2023,Standard Class,PP-18955
US-2023-124688,08/27/2023,08/29/2023,First Class,CC-12610
US-2023-124688,08/27/2023,08/29/2023,First Class,CC-12610
US-2023-143336,08/27/2023,09/01/2023,Second Class,ZD-21925
US-2023-143336,08/27/2023,09/01/2023,Second Class,ZD-21925
US-2023-101266,08/27/2023,08/30/2023,Second Class,MM-17920
US-2023-124688,08/27/2023,08/29/2023,First Class,CC-12610
US-2023-143336,08/27/2023,09/01/2023,Second Class,ZD-21925
US-2023-169775,08/29/2023,09/02/2023,Second Class,RA-19945
US-2023-169775,08/29/2023,09/02/2023,Second Class,RA-19945
US-2023-169775,08/29/2023,09/02/2023,Second Class,RA-19945
US-2023-135699,08/29/2023,08/29/2023,Same Day,HH-15010
US-2023-135699,08/29/2023,08/29/2023,Same Day,HH-15010
US-2023-146500,08/30/2023,09/04/2023,Standard Class,AT-10735
US-2023-146500,08/30/2023,09/04/2023,Standard Class,AT-10735
US-2023-143385,08/31/2023,09/05/2023,Standard Class,SJ-20500
US-2023-126522,09/01/2023,09/05/2023,Second Class,LT-16765
US-2023-165428,09/01/2023,09/04/2023,First Class,JL-15130
US-2023-109855,09/01/2023,09/05/2023,Standard Class,LH-16900
US-2023-165428,09/01/2023,09/04/2023,First Class,JL-15130
US-2023-109855,09/01/2023,09/05/2023,Standard Class,LH-16900
US-2023-157721,09/02/2023,09/05/2023,First Class,JM-16195
US-2023-157721,09/02/2023,09/05/2023,First Class,JM-16195
US-2023-138828,09/02/2023,09/03/2023,First Class,KD-16345
US-2023-127936,09/02/2023,09/04/2023,First Class,CL-12565
US-2023-152268,09/02/2023,09/07/2023,Standard Class,SC-20095
US-2023-138828,09/02/2023,09/03/2023,First Class,KD-16345
US-2023-106971,09/02/2023,09/08/2023,Standard Class,BM-11785
US-2023-151792,09/02/2023,09/07/2023,Second Class,CV-12295
US-2023-158281,09/02/2023,09/07/2023,Standard Class,AG-10525
US-2023-120236,09/03/2023,09/04/2023,First Class,MR-17545
US-2023-125171,09/03/2023,09/03/2023,Same Day,AG-10390
US-2023-136861,09/05/2023,09/07/2023,First Class,PR-18880
US-2023-106572,09/05/2023,09/10/2023,Standard Class,NP-18700
US-2023-130449,09/06/2023,09/09/2023,First Class,VP-21760
US-2023-130449,09/06/2023,09/09/2023,First Class,VP-21760
US-2023-117765,09/07/2023,09/13/2023,Standard Class,RB-19465
US-2023-122882,09/07/2023,09/13/2023,Standard Class,SB-20290
US-2023-131002,09/07/2023,09/12/2023,Second Class,TB-21400
US-2023-131002,09/07/2023,09/12/2023,Second Class,TB-21400
US-2023-117765,09/07/2023,09/13/2023,Standard Class,RB-19465
US-2023-105165,09/07/2023,09/10/2023,First Class,SZ-20035
US-2023-105165,09/07/2023,09/10/2023,First Class,SZ-20035
US-2023-105165,09/07/2023,09/10/2023,First Class,SZ-20035
US-2023-117765,09/07/2023,09/13/2023,Standard Class,RB-19465
US-2023-131002,09/07/2023,09/12/2023,Second Class,TB-21400
US-2023-126193,09/07/2023,09/14/2023,Standard Class,SS-20410
US-2023-109918,09/07/2023,09/12/2023,Second Class,LR-17035
US-2023-126193,09/07/2023,09/14/2023,Standard Class,SS-20410
US-2023-126193,09/07/2023,09/14/2023,Standard Class,SS-20410
US-2023-109918,09/07/2023,09/12/2023,Second Class,LR-17035
US-2023-131002,09/07/2023,09/12/2023,Second Class,TB-21400
US-2023-122882,09/07/2023,09/13/2023,Standard Class,SB-20290
US-2023-117765,09/07/2023,09/13/2023,Standard Class,RB-19465
US-2023-109918,09/07/2023,09/12/2023,Second Class,LR-17035
US-2023-105165,09/07/2023,09/10/2023,First Class,SZ-20035
US-2023-122882,09/07/2023,09/13/2023,Standard Class,SB-20290
US-2023-131002,09/07/2023,09/12/2023,Second Class,TB-21400
US-2023-105165,09/07/2023,09/10/2023,First Class,SZ-20035
US-2023-100006,09/07/2023,09/13/2023,Standard Class,DK-13375
US-2023-122882,09/07/2023,09/13/2023,Standard Class,SB-20290
US-2023-107818,09/08/2023,09/14/2023,Standard Class,MC-17275
US-2023-139892,09/08/2023,09/12/2023,Standard Class,BM-11140
US-2023-146283,09/08/2023,09/15/2023,Standard Class,KT-16465
US-2023-146815,09/08/2023,09/13/2023,Standard Class,PP-18955
US-2023-123127,09/08/2023,09/12/2023,Standard Class,SP-20620
US-2023-139892,09/08/2023,09/12/2023,Standard Class,BM-11140
US-2023-168592,09/08/2023,09/14/2023,Standard Class,DP-13390
US-2023-107818,09/08/2023,09/14/2023,Standard Class,MC-17275
US-2023-139892,09/08/2023,09/12/2023,Standard Class,BM-11140
US-2023-107818,09/08/2023,09/14/2023,Standard Class,MC-17275
US-2023-146815,09/08/2023,09/13/2023,Standard Class,PP-18955
US-2023-139892,09/08/2023,09/12/2023,Standard Class,BM-11140
US-2023-140032,09/08/2023,09/13/2023,Standard Class,TS-21340
US-2023-115987,09/08/2023,09/13/2023,Second Class,LH-17020
US-2023-128839,09/08/2023,09/13/2023,Standard Class,TT-21070
US-2023-168592,09/08/2023,09/14/2023,Standard Class,DP-13390
US-2023-146283,09/08/2023,09/15/2023,Standard Class,KT-16465
US-2023-146283,09/08/2023,09/15/2023,Standard Class,KT-16465
US-2023-107818,09/08/2023,09/14/2023,Standard Class,MC-17275
US-2023-139892,09/08/2023,09/12/2023,Standard Class,BM-11140
US-2023-168592,09/08/2023,09/14/2023,Standard Class,DP-13390
US-2023-163293,09/08/2023,09/11/2023,First Class,KC-16255
US-2023-132500,09/08/2023,09/12/2023,Standard Class,GZ-14470
US-2023-163293,09/08/2023,09/11/2023,First Class,KC-16255
US-2023-128839,09/08/2023,09/13/2023,Standard Class,TT-21070
US-2023-139892,09/08/2023,09/12/2023,Standard Class,BM-11140
US-2023-139892,09/08/2023,09/12/2023,Standard Class,BM-11140
US-2023-126403,09/09/2023,09/12/2023,Second Class,RR-19525
US-2023-102869,09/09/2023,09/14/2023,Second Class,LC-17140
US-2023-131870,09/09/2023,09/11/2023,First Class,NF-18595
US-2023-131870,09/09/2023,09/11/2023,First Class,NF-18595
US-2023-144407,09/09/2023,09/15/2023,Standard Class,MS-17365
US-2023-102869,09/09/2023,09/14/2023,Second Class,LC-17140
US-2023-126403,09/09/2023,09/12/2023,Second Class,RR-19525
US-2023-103527,09/09/2023,09/14/2023,Second Class,CC-12220
US-2023-126403,09/09/2023,09/12/2023,Second Class,RR-19525
US-2023-126403,09/09/2023,09/12/2023,Second Class,RR-19525
US-2023-102869,09/09/2023,09/14/2023,Second Class,LC-17140
US-2023-115196,09/09/2023,09/13/2023,Standard Class,DL-12925
US-2023-102869,09/09/2023,09/14/2023,Second Class,LC-17140
US-2023-125731,09/10/2023,09/16/2023,Standard Class,CL-12565
US-2023-113383,09/10/2023,09/13/2023,First Class,SF-20065
US-2023-113383,09/10/2023,09/13/2023,First Class,SF-20065
US-2023-138835,09/10/2023,09/14/2023,Standard Class,DA-13450
US-2023-125731,09/10/2023,09/16/2023,Standard Class,CL-12565
CA-2023-126438,09/10/2023,09/13/2023,First Class,AR-10345
US-2023-112837,09/11/2023,09/16/2023,Standard Class,LW-17125
US-2023-116246,09/12/2023,09/17/2023,Second Class,LW-17215
US-2023-119081,09/12/2023,09/19/2023,Standard Class,TA-21385
US-2023-138527,09/12/2023,09/17/2023,Standard Class,BN-11470
US-2023-103702,09/12/2023,09/17/2023,Standard Class,AF-10885
US-2023-150924,09/12/2023,09/16/2023,Second Class,PT-19090
US-2023-119081,09/12/2023,09/19/2023,Standard Class,TA-21385
US-2023-138527,09/12/2023,09/17/2023,Standard Class,BN-11470
US-2023-119081,09/12/2023,09/19/2023,Standard Class,TA-21385
US-2023-119081,09/12/2023,09/19/2023,Standard Class,TA-21385
US-2023-138527,09/12/2023,09/17/2023,Standard Class,BN-11470
US-2023-101476,09/12/2023,09/13/2023,First Class,SD-20485
US-2023-113859,09/13/2023,09/17/2023,Standard Class,BC-11125
US-2023-142769,09/13/2023,09/13/2023,Same Day,RP-19390
US-2023-142769,09/13/2023,09/13/2023,Same Day,RP-19390
US-2023-145212,09/13/2023,09/19/2023,Standard Class,DC-12850
US-2023-156216,09/13/2023,09/17/2023,Standard Class,EA-14035
US-2023-126277,09/13/2023,09/18/2023,Second Class,LH-16900
US-2023-142769,09/13/2023,09/13/2023,Same Day,RP-19390
US-2023-142769,09/13/2023,09/13/2023,Same Day,RP-19390
US-2023-132962,09/13/2023,09/16/2023,First Class,JM-15535
US-2023-140039,09/13/2023,09/17/2023,Standard Class,ON-18715
US-2023-142769,09/13/2023,09/13/2023,Same Day,RP-19390
US-2023-142769,09/13/2023,09/13/2023,Same Day,RP-19390
US-2023-142769,09/13/2023,09/13/2023,Same Day,RP-19390
US-2023-142769,09/13/2023,09/13/2023,Same Day,RP-19390
US-2023-132962,09/13/2023,09/16/2023,First Class,JM-15535
US-2023-127635,09/14/2023,09/18/2023,Second Class,SC-20260
US-2023-159184,09/14/2023,09/19/2023,Standard Class,JC-15775
US-2023-145576,09/14/2023,09/18/2023,Second Class,CA-12775
US-2023-160766,09/14/2023,09/14/2023,Same Day,DM-13015
US-2023-100853,09/14/2023,09/19/2023,Standard Class,JB-15400
US-2023-160766,09/14/2023,09/14/2023,Same Day,DM-13015
US-2023-145576,09/14/2023,09/18/2023,Second Class,CA-12775
US-2023-127635,09/14/2023,09/18/2023,Second Class,SC-20260
US-2023-159184,09/14/2023,09/19/2023,Standard Class,JC-15775
US-2023-160766,09/14/2023,09/14/2023,Same Day,DM-13015
US-2023-113362,09/14/2023,09/19/2023,Standard Class,AJ-10960
US-2023-127635,09/14/2023,09/18/2023,Second Class,SC-20260
US-2023-100853,09/14/2023,09/19/2023,Standard Class,JB-15400
US-2023-160766,09/14/2023,09/14/2023,Same Day,DM-13015
US-2023-127635,09/14/2023,09/18/2023,Second Class,SC-20260
US-2023-113362,09/14/2023,09/19/2023,Standard Class,AJ-10960
US-2023-160766,09/14/2023,09/14/2023,Same Day,DM-13015
US-2023-160766,09/14/2023,09/14/2023,Same Day,DM-13015
US-2023-160766,09/14/2023,09/14/2023,Same Day,DM-13015
US-2023-149594,09/15/2023,09/19/2023,Standard Class,MF-18250
US-2023-138100,09/15/2023,09/20/2023,Standard Class,AA-10315
US-2023-138100,09/15/2023,09/20/2023,Standard Class,AA-10315
US-2023-141152,09/16/2023,09/19/2023,First Class,RF-19345
US-2023-103940,09/17/2023,09/21/2023,Standard Class,BN-11515
US-2023-131947,09/17/2023,09/22/2023,Standard Class,JA-15970
US-2023-131947,09/17/2023,09/22/2023,Standard Class,JA-15970
US-2023-103940,09/17/2023,09/21/2023,Standard Class,BN-11515
US-2023-158638,09/17/2023,09/21/2023,Standard Class,AG-10765
US-2023-112851,09/17/2023,09/21/2023,Standard Class,NR-18550
US-2023-131947,09/17/2023,09/22/2023,Standard Class,JA-15970
US-2023-117170,09/17/2023,09/24/2023,Standard Class,KT-16465
US-2023-131947,09/17/2023,09/22/2023,Standard Class,JA-15970
US-2023-103940,09/17/2023,09/21/2023,Standard Class,BN-11515
US-2023-103940,09/17/2023,09/21/2023,Standard Class,BN-11515
US-2023-117170,09/17/2023,09/24/2023,Standard Class,KT-16465
US-2023-131947,09/17/2023,09/22/2023,Standard Class,JA-15970
US-2023-131947,09/17/2023,09/22/2023,Standard Class,JA-15970
US-2023-168130,09/19/2023,09/19/2023,Same Day,BS-11365
US-2023-138177,09/19/2023,09/24/2023,Standard Class,ND-18460
US-2023-159849,09/19/2023,09/19/2023,Same Day,JK-15640
US-2023-156601,09/19/2023,09/24/2023,Standard Class,FA-14230
US-2023-132787,09/19/2023,09/23/2023,Standard Class,MC-18130
US-2023-127299,09/19/2023,09/24/2023,Standard Class,JL-15835
US-2023-106992,09/19/2023,09/21/2023,Second Class,SB-20290
US-2023-127299,09/19/2023,09/24/2023,Standard Class,JL-15835
US-2023-106992,09/19/2023,09/21/2023,Second Class,SB-20290
US-2023-166744,09/20/2023,09/24/2023,Standard Class,DN-13690
US-2023-125997,09/20/2023,09/23/2023,First Class,MW-18220
US-2023-120411,09/20/2023,09/23/2023,First Class,SB-20185
US-2023-125997,09/20/2023,09/23/2023,First Class,MW-18220
US-2023-166744,09/20/2023,09/24/2023,Standard Class,DN-13690
US-2023-134614,09/20/2023,09/25/2023,Standard Class,PF-19165
US-2023-133704,09/20/2023,09/26/2023,Standard Class,MA-17995
US-2023-125997,09/20/2023,09/23/2023,First Class,MW-18220
US-2023-151953,09/20/2023,09/25/2023,Standard Class,DB-13555
US-2023-133704,09/20/2023,09/26/2023,Standard Class,MA-17995
US-2023-156433,09/20/2023,09/26/2023,Standard Class,ES-14020
US-2023-125997,09/20/2023,09/23/2023,First Class,MW-18220
US-2023-156433,09/20/2023,09/26/2023,Standard Class,ES-14020
US-2023-126480,09/20/2023,09/24/2023,Standard Class,HG-14965
US-2023-166744,09/20/2023,09/24/2023,Standard Class,DN-13690
US-2023-120411,09/20/2023,09/23/2023,First Class,SB-20185
US-2023-125997,09/20/2023,09/23/2023,First Class,MW-18220
US-2023-125997,09/20/2023,09/23/2023,First Class,MW-18220
CA-2023-153738,09/20/2023,09/22/2023,First Class,AG-10270
US-2023-166310,09/21/2023,09/23/2023,First Class,JS-15940
US-2023-125514,09/21/2023,09/22/2023,First Class,BM-11650
US-2023-125514,09/21/2023,09/22/2023,First Class,BM-11650
US-2023-153969,09/21/2023,09/25/2023,Standard Class,HF-14995
US-2023-124513,09/21/2023,09/25/2023,Standard Class,SL-20155
US-2023-117478,09/21/2023,09/24/2023,First Class,LH-16750
US-2023-153969,09/21/2023,09/25/2023,Standard Class,HF-14995
US-2023-153969,09/21/2023,09/25/2023,Standard Class,HF-14995
US-2023-168823,09/21/2023,09/24/2023,First Class,MA-17560
US-2023-125514,09/21/2023,09/22/2023,First Class,BM-11650
US-2023-153969,09/21/2023,09/25/2023,Standard Class,HF-14995
US-2023-153969,09/21/2023,09/25/2023,Standard Class,HF-14995
US-2023-168823,09/21/2023,09/24/2023,First Class,MA-17560
US-2023-135972,09/21/2023,09/23/2023,Second Class,JG-15115
US-2023-153969,09/21/2023,09/25/2023,Standard Class,HF-14995
US-2023-135972,09/21/2023,09/23/2023,Second Class,JG-15115
US-2023-156160,09/22/2023,09/29/2023,Standard Class,AS-10090
US-2023-156160,09/22/2023,09/29/2023,Standard Class,AS-10090
US-2023-156160,09/22/2023,09/29/2023,Standard Class,AS-10090
US-2023-156160,09/22/2023,09/29/2023,Standard Class,AS-10090
US-2023-127488,09/22/2023,09/24/2023,Second Class,MS-17365
US-2023-158225,09/22/2023,09/28/2023,Standard Class,SE-20110
US-2023-158225,09/22/2023,09/28/2023,Standard Class,SE-20110
US-2023-103191,09/22/2023,09/27/2023,Standard Class,VG-21805
US-2023-134733,09/23/2023,09/28/2023,Standard Class,BM-11650
US-2023-163650,09/23/2023,09/25/2023,First Class,TT-21220
US-2023-116904,09/23/2023,09/28/2023,Standard Class,SC-20095
US-2023-116904,09/23/2023,09/28/2023,Standard Class,SC-20095
US-2023-163559,09/23/2023,09/28/2023,Second Class,ST-20530
US-2023-113964,09/23/2023,09/30/2023,Standard Class,JP-16135
US-2023-148369,09/23/2023,09/27/2023,Standard Class,TH-21115
US-2023-163650,09/23/2023,09/25/2023,First Class,TT-21220
US-2023-147900,09/23/2023,09/28/2023,Standard Class,JK-15640
US-2023-116904,09/23/2023,09/28/2023,Standard Class,SC-20095
US-2023-116904,09/23/2023,09/28/2023,Standard Class,SC-20095
US-2023-134733,09/23/2023,09/28/2023,Standard Class,BM-11650
US-2023-123344,09/24/2023,09/29/2023,Standard Class,JD-16060
CA-2023-160325,09/24/2023,09/24/2023,Same Day,BP-11095
CA-2023-160325,09/24/2023,09/24/2023,Same Day,BP-11095
US-2023-112914,09/25/2023,09/30/2023,Standard Class,MT-18070
US-2023-141355,09/25/2023,09/30/2023,Standard Class,BF-11005
US-2023-112914,09/25/2023,09/30/2023,Standard Class,MT-18070
US-2023-112914,09/25/2023,09/30/2023,Standard Class,MT-18070
US-2023-112914,09/25/2023,09/30/2023,Standard Class,MT-18070
US-2023-132451,09/26/2023,09/27/2023,First Class,KF-16285
US-2023-151925,09/26/2023,10/01/2023,Second Class,KT-16465
US-2023-144974,09/26/2023,09/30/2023,Standard Class,CM-12715
US-2023-144974,09/26/2023,09/30/2023,Standard Class,CM-12715
US-2023-115133,09/26/2023,09/30/2023,Standard Class,DA-13450
US-2023-164385,09/26/2023,10/01/2023,Second Class,NB-18580
US-2023-144974,09/26/2023,09/30/2023,Standard Class,CM-12715
US-2023-152723,09/26/2023,09/26/2023,Same Day,HG-14965
US-2023-115133,09/26/2023,09/30/2023,Standard Class,DA-13450
US-2023-132451,09/26/2023,09/27/2023,First Class,KF-16285
US-2023-127586,09/26/2023,09/30/2023,Standard Class,CS-12400
US-2023-115133,09/26/2023,09/30/2023,Standard Class,DA-13450
US-2023-115049,09/26/2023,10/01/2023,Standard Class,MM-17920
US-2023-133130,09/27/2023,10/01/2023,Standard Class,TH-21100
US-2023-120887,09/27/2023,10/03/2023,Standard Class,TS-21205
US-2023-133130,09/27/2023,10/01/2023,Standard Class,TH-21100
US-2023-114335,09/28/2023,10/03/2023,Standard Class,XP-21865
US-2023-125136,09/28/2023,10/03/2023,Standard Class,KD-16495
US-2023-125136,09/28/2023,10/03/2023,Standard Class,KD-16495
US-2023-107153,09/28/2023,10/03/2023,Standard Class,GZ-14545
CA-2023-107153,09/28/2023,10/03/2023,Standard Class,GZ-14545
US-2023-124856,09/29/2023,10/03/2023,Second Class,LD-17005
US-2023-126683,09/29/2023,10/01/2023,Second Class,PP-18955
US-2023-146969,09/29/2023,10/03/2023,Standard Class,AP-10915
US-2023-126683,09/29/2023,10/01/2023,Second Class,PP-18955
US-2023-122931,09/29/2023,10/03/2023,Standard Class,SM-20950
US-2023-122931,09/29/2023,10/03/2023,Standard Class,SM-20950
US-2023-122931,09/29/2023,10/03/2023,Standard Class,SM-20950
US-2023-111962,09/29/2023,10/04/2023,Standard Class,EB-14170
US-2023-146969,09/29/2023,10/03/2023,Standard Class,AP-10915
US-2023-124856,09/29/2023,10/03/2023,Second Class,LD-17005
US-2023-122931,09/29/2023,10/03/2023,Standard Class,SM-20950
US-2023-122931,09/29/2023,10/03/2023,Standard Class,SM-20950
US-2023-124856,09/29/2023,10/03/2023,Second Class,LD-17005
US-2023-146969,09/29/2023,10/03/2023,Standard Class,AP-10915
US-2023-111962,09/29/2023,10/04/2023,Standard Class,EB-14170
US-2023-124856,09/29/2023,10/03/2023,Second Class,LD-17005
US-2023-146969,09/29/2023,10/03/2023,Standard Class,AP-10915
US-2023-122931,09/29/2023,10/03/2023,Standard Class,SM-20950
US-2023-146969,09/29/2023,10/03/2023,Standard Class,AP-10915
US-2023-159478,09/30/2023,10/06/2023,Standard Class,MH-17785
US-2023-140886,09/30/2023,10/04/2023,Standard Class,KW-16570
US-2023-141649,09/30/2023,09/30/2023,Same Day,DM-12955
US-2023-137351,09/30/2023,10/04/2023,Standard Class,DB-13615
US-2023-102008,09/30/2023,10/04/2023,Standard Class,RA-19915
US-2023-167633,09/30/2023,10/05/2023,Standard Class,BW-11200
US-2023-132745,10/01/2023,10/05/2023,Standard Class,NF-18475
US-2023-108189,10/02/2023,10/05/2023,First Class,ES-14080
US-2023-108189,10/02/2023,10/05/2023,First Class,ES-14080
US-2023-108189,10/02/2023,10/05/2023,First Class,ES-14080
US-2023-108189,10/02/2023,10/05/2023,First Class,ES-14080
US-2023-108189,10/02/2023,10/05/2023,First Class,ES-14080
US-2023-108189,10/02/2023,10/05/2023,First Class,ES-14080
US-2023-108189,10/02/2023,10/05/2023,First Class,ES-14080
US-2023-157882,10/03/2023,10/08/2023,Second Class,AR-10405
US-2023-153976,10/03/2023,10/08/2023,Second Class,BP-11290
US-2023-120775,10/03/2023,10/07/2023,Standard Class,RD-19930
US-2023-157882,10/03/2023,10/08/2023,Second Class,AR-10405
US-2023-155817,10/03/2023,10/09/2023,Standard Class,SL-20155
US-2023-108903,10/03/2023,10/03/2023,Same Day,DO-13435
US-2023-120775,10/03/2023,10/07/2023,Standard Class,RD-19930
US-2023-108903,10/03/2023,10/03/2023,Same Day,DO-13435
US-2023-120775,10/03/2023,10/07/2023,Standard Class,RD-19930
US-2023-120775,10/03/2023,10/07/2023,Standard Class,RD-19930
US-2023-120775,10/03/2023,10/07/2023,Standard Class,RD-19930
US-2023-155817,10/03/2023,10/09/2023,Standard Class,SL-20155
US-2023-108903,10/03/2023,10/03/2023,Same Day,DO-13435
US-2023-166891,10/04/2023,10/06/2023,First Class,CC-12220
US-2023-153479,10/04/2023,10/08/2023,Standard Class,DF-13135
US-2023-102085,10/04/2023,10/09/2023,Standard Class,JD-16015
US-2023-153479,10/04/2023,10/08/2023,Standard Class,DF-13135
US-2023-152422,10/05/2023,10/10/2023,Second Class,BD-11635
US-2023-152233,10/05/2023,10/06/2023,First Class,KH-16510
CA-2023-131807,10/05/2023,10/10/2023,Standard Class,GG-14650
CA-2023-131807,10/05/2023,10/10/2023,Standard Class,GG-14650
CA-2023-131807,10/05/2023,10/10/2023,Standard Class,GG-14650
CA-2023-131807,10/05/2023,10/10/2023,Standard Class,GG-14650
CA-2023-131807,10/05/2023,10/10/2023,Standard Class,GG-14650
CA-2023-131807,10/05/2023,10/10/2023,Standard Class,GG-14650
US-2023-132542,10/06/2023,10/08/2023,Second Class,AM-10360
US-2023-110611,10/06/2023,10/13/2023,Standard Class,JD-16015
US-2023-109680,10/06/2023,10/09/2023,First Class,VP-21760
US-2023-134677,10/06/2023,10/10/2023,Standard Class,XP-21865
US-2023-117429,10/07/2023,10/13/2023,Standard Class,MR-17545
US-2023-132801,10/07/2023,10/12/2023,Standard Class,JG-15805
US-2023-119977,10/08/2023,10/13/2023,Second Class,DN-13690
US-2023-142951,10/08/2023,10/08/2023,Same Day,JG-15115
US-2023-138240,10/09/2023,10/14/2023,Standard Class,SJ-20500
US-2023-137911,10/09/2023,10/15/2023,Standard Class,BP-11095
US-2023-138240,10/09/2023,10/14/2023,Standard Class,SJ-20500
US-2023-140403,10/10/2023,10/10/2023,Same Day,TN-21040
US-2023-150329,10/10/2023,10/14/2023,Standard Class,SD-20485
US-2023-134054,10/10/2023,10/10/2023,Same Day,FC-14335
US-2023-105137,10/10/2023,10/10/2023,Same Day,RB-19435
US-2023-103492,10/10/2023,10/15/2023,Standard Class,CM-12715
US-2023-103492,10/10/2023,10/15/2023,Standard Class,CM-12715
US-2023-140403,10/10/2023,10/10/2023,Same Day,TN-21040
US-2023-105137,10/10/2023,10/10/2023,Same Day,RB-19435
US-2023-103492,10/10/2023,10/15/2023,Standard Class,CM-12715
US-2023-103492,10/10/2023,10/15/2023,Standard Class,CM-12715
US-2023-157924,10/11/2023,10/13/2023,First Class,HA-14920
US-2023-116834,10/11/2023,10/16/2023,Standard Class,Dp-13240
US-2023-114314,10/11/2023,10/15/2023,Standard Class,DB-13555
US-2023-128538,10/11/2023,10/15/2023,Standard Class,AS-10240
US-2023-126571,10/11/2023,10/15/2023,Standard Class,JF-15565
US-2023-114314,10/11/2023,10/15/2023,Standard Class,DB-13555
US-2023-157924,10/11/2023,10/13/2023,First Class,HA-14920
US-2023-126571,10/11/2023,10/15/2023,Standard Class,JF-15565
US-2023-116834,10/11/2023,10/16/2023,Standard Class,Dp-13240
US-2023-139451,10/12/2023,10/16/2023,Standard Class,DN-13690
US-2023-139451,10/12/2023,10/16/2023,Standard Class,DN-13690
US-2023-154655,10/12/2023,10/17/2023,Standard Class,BP-11050
US-2023-164742,10/13/2023,10/18/2023,Second Class,ML-17395
US-2023-151995,10/13/2023,10/15/2023,First Class,ZC-21910
US-2023-151995,10/13/2023,10/15/2023,First Class,ZC-21910
US-2023-151995,10/13/2023,10/15/2023,First Class,ZC-21910
US-2023-132010,10/13/2023,10/15/2023,First Class,MA-17995
US-2023-123316,10/13/2023,10/17/2023,Standard Class,SP-20545
US-2023-164742,10/13/2023,10/18/2023,Second Class,ML-17395
US-2023-132010,10/13/2023,10/15/2023,First Class,MA-17995
US-2023-132010,10/13/2023,10/15/2023,First Class,MA-17995
US-2023-151995,10/13/2023,10/15/2023,First Class,ZC-21910
US-2023-132010,10/13/2023,10/15/2023,First Class,MA-17995
US-2023-151330,10/14/2023,10/17/2023,First Class,TC-21295
US-2023-163748,10/14/2023,10/18/2023,Standard Class,HG-15025
US-2023-151015,10/14/2023,10/20/2023,Standard Class,BD-11500
US-2023-146353,10/14/2023,10/16/2023,Second Class,JE-15610
US-2023-151015,10/14/2023,10/20/2023,Standard Class,BD-11500
US-2023-151015,10/14/2023,10/20/2023,Standard Class,BD-11500
US-2023-151330,10/14/2023,10/17/2023,First Class,TC-21295
US-2023-146353,10/14/2023,10/16/2023,Second Class,JE-15610
US-2023-151330,10/14/2023,10/17/2023,First Class,TC-21295
US-2023-163748,10/14/2023,10/18/2023,Standard Class,HG-15025
US-2023-122021,10/15/2023,10/17/2023,First Class,AC-10660
US-2023-143182,10/15/2023,10/20/2023,Standard Class,DL-12865
US-2023-122021,10/15/2023,10/17/2023,First Class,AC-10660
US-2023-109456,10/16/2023,10/17/2023,Same Day,LS-17245
US-2023-109456,10/16/2023,10/17/2023,Same Day,LS-17245
US-2023-103086,10/17/2023,10/19/2023,Second Class,EB-14170
US-2023-124394,10/17/2023,10/22/2023,Second Class,TB-21520
US-2023-124394,10/17/2023,10/22/2023,Second Class,TB-21520
US-2023-110408,10/18/2023,10/20/2023,Second Class,AS-10225
US-2023-115084,10/18/2023,10/22/2023,Standard Class,LS-17200
US-2023-143168,10/18/2023,10/23/2023,Second Class,IG-15085
US-2023-138450,10/18/2023,10/22/2023,Standard Class,EH-13765
US-2023-143168,10/18/2023,10/23/2023,Second Class,IG-15085
US-2023-138450,10/18/2023,10/22/2023,Standard Class,EH-13765
US-2023-110408,10/18/2023,10/20/2023,Second Class,AS-10225
US-2023-138450,10/18/2023,10/22/2023,Standard Class,EH-13765
US-2023-110408,10/18/2023,10/20/2023,Second Class,AS-10225
US-2023-155264,10/19/2023,10/22/2023,Second Class,RP-19270
US-2023-155264,10/19/2023,10/22/2023,Second Class,RP-19270
US-2023-155264,10/19/2023,10/22/2023,Second Class,RP-19270
US-2023-155264,10/19/2023,10/22/2023,Second Class,RP-19270
US-2023-117317,10/19/2023,10/19/2023,Same Day,JF-15490
US-2023-155264,10/19/2023,10/22/2023,Second Class,RP-19270
US-2023-100867,10/19/2023,10/24/2023,Standard Class,EH-14125
CA-2023-125388,10/19/2023,10/23/2023,Standard Class,MP-17965
CA-2023-125388,10/19/2023,10/23/2023,Standard Class,MP-17965
CA-2023-100867,10/19/2023,10/24/2023,Standard Class,EH-14125
US-2023-169684,10/20/2023,10/23/2023,First Class,FH-14365
US-2023-137092,10/20/2023,10/22/2023,Second Class,LS-16975
US-2023-137092,10/20/2023,10/22/2023,Second Class,LS-16975
US-2023-137092,10/20/2023,10/22/2023,Second Class,LS-16975
US-2023-169684,10/20/2023,10/23/2023,First Class,FH-14365
US-2023-146703,10/20/2023,10/25/2023,Second Class,PO-18865
US-2023-137092,10/20/2023,10/22/2023,Second Class,LS-16975
US-2023-137092,10/20/2023,10/22/2023,Second Class,LS-16975
US-2023-142587,10/21/2023,10/22/2023,First Class,TB-21520
US-2023-100916,10/21/2023,10/26/2023,Standard Class,FH-14275
US-2023-142587,10/21/2023,10/22/2023,First Class,TB-21520
US-2023-100916,10/21/2023,10/26/2023,Standard Class,FH-14275
US-2023-169852,10/21/2023,10/26/2023,Standard Class,SF-20965
US-2023-100916,10/21/2023,10/26/2023,Standard Class,FH-14275
US-2023-151967,10/22/2023,10/26/2023,Standard Class,NB-18580
US-2023-110072,10/22/2023,10/28/2023,Standard Class,MG-17680
US-2023-130729,10/24/2023,10/29/2023,Standard Class,AA-10375
US-2023-113047,10/24/2023,10/24/2023,Same Day,AP-10915
US-2023-108707,10/24/2023,10/29/2023,Standard Class,DB-12910
US-2023-139542,10/25/2023,10/29/2023,Standard Class,EH-14185
US-2023-158400,10/25/2023,10/28/2023,First Class,AH-10030
US-2023-139542,10/25/2023,10/29/2023,Standard Class,EH-14185
US-2023-162278,10/26/2023,10/30/2023,Second Class,AH-10585
US-2023-162278,10/26/2023,10/30/2023,Second Class,AH-10585
US-2023-148285,10/27/2023,11/01/2023,Standard Class,RD-19810
US-2023-148285,10/27/2023,11/01/2023,Standard Class,RD-19810
US-2023-101931,10/28/2023,10/31/2023,First Class,TS-21370
US-2023-101931,10/28/2023,10/31/2023,First Class,TS-21370
US-2023-101931,10/28/2023,10/31/2023,First Class,TS-21370
US-2023-101931,10/28/2023,10/31/2023,First Class,TS-21370
US-2023-101931,10/28/2023,10/31/2023,First Class,TS-21370
US-2023-107769,10/28/2023,11/01/2023,Standard Class,BT-11395
US-2023-166590,10/29/2023,11/02/2023,Standard Class,NC-18625
US-2023-166590,10/29/2023,11/02/2023,Standard Class,NC-18625
US-2023-154627,10/29/2023,10/31/2023,First Class,SA-20830
US-2023-145387,10/31/2023,11/02/2023,Second Class,AM-10705
US-2023-106439,10/31/2023,11/04/2023,Standard Class,GG-14650
US-2023-145387,10/31/2023,11/02/2023,Second Class,AM-10705
US-2023-145387,10/31/2023,11/02/2023,Second Class,AM-10705
US-2023-145387,10/31/2023,11/02/2023,Second Class,AM-10705
US-2023-108609,10/31/2023,11/02/2023,Second Class,AJ-10780
US-2023-106439,10/31/2023,11/04/2023,Standard Class,GG-14650
US-2023-145387,10/31/2023,11/02/2023,Second Class,AM-10705
US-2023-106439,10/31/2023,11/04/2023,Standard Class,GG-14650
US-2023-145387,10/31/2023,11/02/2023,Second Class,AM-10705
US-2023-106439,10/31/2023,11/04/2023,Standard Class,GG-14650
US-2023-106439,10/31/2023,11/04/2023,Standard Class,GG-14650
US-2023-106439,10/31/2023,11/04/2023,Standard Class,GG-14650
US-2023-145387,10/31/2023,11/02/2023,Second Class,AM-10705
US-2023-106439,10/31/2023,11/04/2023,Standard Class,GG-14650
US-2023-106439,10/31/2023,11/04/2023,Standard Class,GG-14650
US-2023-106439,10/31/2023,11/04/2023,Standard Class,GG-14650
US-2023-167262,10/31/2023,11/03/2023,Second Class,AC-10450
US-2023-120313,10/31/2023,11/02/2023,Second Class,NL-18310
US-2023-114195,11/01/2023,11/03/2023,First Class,EA-14035
US-2023-137155,11/01/2023,11/05/2023,Standard Class,DL-12925
US-2023-137155,11/01/2023,11/05/2023,Standard Class,DL-12925
US-2023-139423,11/01/2023,11/05/2023,Standard Class,DG-13300
US-2023-102673,11/01/2023,11/05/2023,Standard Class,KH-16630
US-2023-134313,11/01/2023,11/07/2023,Standard Class,RA-19915
US-2023-152562,11/01/2023,11/08/2023,Standard Class,JO-15145
US-2023-114195,11/01/2023,11/03/2023,First Class,EA-14035
US-2023-114195,11/01/2023,11/03/2023,First Class,EA-14035
US-2023-102673,11/01/2023,11/05/2023,Standard Class,KH-16630
US-2023-102673,11/01/2023,11/05/2023,Standard Class,KH-16630
US-2023-168305,11/01/2023,11/08/2023,Standard Class,PL-18925
US-2023-126907,11/01/2023,11/08/2023,Standard Class,SM-20950
US-2023-137155,11/01/2023,11/05/2023,Standard Class,DL-12925
US-2023-168305,11/01/2023,11/08/2023,Standard Class,PL-18925
US-2023-152562,11/01/2023,11/08/2023,Standard Class,JO-15145
US-2023-148915,11/01/2023,11/05/2023,Standard Class,ND-18370
US-2023-148915,11/01/2023,11/05/2023,Standard Class,ND-18370
US-2023-134313,11/01/2023,11/07/2023,Standard Class,RA-19915
US-2023-102673,11/01/2023,11/05/2023,Standard Class,KH-16630
US-2023-107454,11/02/2023,11/06/2023,Standard Class,RD-19720
US-2023-129147,11/02/2023,11/06/2023,Standard Class,LC-17050
US-2023-107454,11/02/2023,11/06/2023,Standard Class,RD-19720
US-2023-115889,11/02/2023,11/06/2023,Standard Class,SH-20395
US-2023-134726,11/02/2023,11/07/2023,Second Class,SW-20755
US-2023-120670,11/02/2023,11/06/2023,Standard Class,JK-16120
US-2023-129147,11/02/2023,11/06/2023,Standard Class,LC-17050
US-2023-129147,11/02/2023,11/06/2023,Standard Class,LC-17050
US-2023-115889,11/02/2023,11/06/2023,Standard Class,SH-20395
US-2023-134726,11/02/2023,11/07/2023,Second Class,SW-20755
US-2023-148782,11/02/2023,11/07/2023,Standard Class,PO-18850
US-2023-165764,11/03/2023,11/07/2023,Standard Class,SH-20395
US-2023-165764,11/03/2023,11/07/2023,Standard Class,SH-20395
US-2023-153619,11/03/2023,11/03/2023,Same Day,TC-21535
US-2023-119529,11/03/2023,11/05/2023,Second Class,DM-13345
US-2023-121573,11/03/2023,11/07/2023,Standard Class,SG-20605
US-2023-165764,11/03/2023,11/07/2023,Standard Class,SH-20395
US-2023-121573,11/03/2023,11/07/2023,Standard Class,SG-20605
US-2023-146731,11/03/2023,11/08/2023,Standard Class,AT-10735
US-2023-146731,11/03/2023,11/08/2023,Standard Class,AT-10735
US-2023-165764,11/03/2023,11/07/2023,Standard Class,SH-20395
US-2023-137589,11/03/2023,11/08/2023,Standard Class,MS-17770
US-2023-155593,11/03/2023,11/08/2023,Standard Class,RP-19390
US-2023-124625,11/03/2023,11/07/2023,Standard Class,SP-20650
US-2023-121573,11/03/2023,11/07/2023,Standard Class,SG-20605
US-2023-164973,11/04/2023,11/09/2023,Standard Class,NM-18445
US-2023-149244,11/04/2023,11/08/2023,Standard Class,MS-17530
US-2023-125829,11/04/2023,11/11/2023,Standard Class,WB-21850
US-2023-121286,11/04/2023,11/08/2023,Second Class,ON-18715
US-2023-134187,11/04/2023,11/11/2023,Standard Class,TH-21235
US-2023-132227,11/04/2023,11/10/2023,Standard Class,SZ-20035
US-2023-125829,11/04/2023,11/11/2023,Standard Class,WB-21850
US-2023-121286,11/04/2023,11/08/2023,Second Class,ON-18715
US-2023-125829,11/04/2023,11/11/2023,Standard Class,WB-21850
US-2023-164973,11/04/2023,11/09/2023,Standard Class,NM-18445
US-2023-164973,11/04/2023,11/09/2023,Standard Class,NM-18445
US-2023-164973,11/04/2023,11/09/2023,Standard Class,NM-18445
US-2023-125829,11/04/2023,11/11/2023,Standard Class,WB-21850
US-2023-125829,11/04/2023,11/11/2023,Standard Class,WB-21850
US-2023-164973,11/04/2023,11/09/2023,Standard Class,NM-18445
US-2023-114377,11/05/2023,11/05/2023,Same Day,BG-11035
US-2023-109134,11/05/2023,11/10/2023,Standard Class,DE-13255
US-2023-114251,11/05/2023,11/10/2023,Standard Class,MD-17350
US-2023-114251,11/05/2023,11/10/2023,Standard Class,MD-17350
US-2023-114251,11/05/2023,11/10/2023,Standard Class,MD-17350
US-2023-114251,11/05/2023,11/10/2023,Standard Class,MD-17350
US-2023-133634,11/05/2023,11/10/2023,Standard Class,SR-20740
US-2023-114251,11/05/2023,11/10/2023,Standard Class,MD-17350
US-2023-120950,11/06/2023,11/11/2023,Standard Class,GA-14515
US-2023-159310,11/07/2023,11/12/2023,Standard Class,SC-20725
US-2023-120278,11/07/2023,11/12/2023,Standard Class,MS-17365
US-2023-139640,11/07/2023,11/11/2023,Second Class,TB-21595
US-2023-159310,11/07/2023,11/12/2023,Standard Class,SC-20725
US-2023-123498,11/07/2023,11/09/2023,First Class,TC-20980
US-2023-123323,11/07/2023,11/12/2023,Standard Class,LH-16900
US-2023-120278,11/07/2023,11/12/2023,Standard Class,MS-17365
US-2023-123498,11/07/2023,11/09/2023,First Class,TC-20980
US-2023-146990,11/07/2023,11/08/2023,First Class,BP-11095
US-2023-146990,11/07/2023,11/08/2023,First Class,BP-11095
US-2023-139640,11/07/2023,11/11/2023,Second Class,TB-21595
US-2023-120278,11/07/2023,11/12/2023,Standard Class,MS-17365
US-2023-120278,11/07/2023,11/12/2023,Standard Class,MS-17365
US-2023-159310,11/07/2023,11/12/2023,Standard Class,SC-20725
US-2023-126340,11/08/2023,11/14/2023,Standard Class,EB-13870
US-2023-144666,11/09/2023,11/11/2023,Second Class,JP-15520
US-2023-103219,11/09/2023,11/13/2023,Standard Class,BF-11215
US-2023-144666,11/09/2023,11/11/2023,Second Class,JP-15520
US-2023-144666,11/09/2023,11/11/2023,Second Class,JP-15520
US-2023-144666,11/09/2023,11/11/2023,Second Class,JP-15520
US-2023-144666,11/09/2023,11/11/2023,Second Class,JP-15520
US-2023-144666,11/09/2023,11/11/2023,Second Class,JP-15520
US-2023-121006,11/10/2023,11/16/2023,Standard Class,SC-20020
US-2023-158372,11/10/2023,11/16/2023,Standard Class,RD-19900
US-2023-158372,11/10/2023,11/16/2023,Standard Class,RD-19900
US-2023-121006,11/10/2023,11/16/2023,Standard Class,SC-20020
US-2023-158372,11/10/2023,11/16/2023,Standard Class,RD-19900
US-2023-121006,11/10/2023,11/16/2023,Standard Class,SC-20020
US-2023-158372,11/10/2023,11/16/2023,Standard Class,RD-19900
US-2023-121006,11/10/2023,11/16/2023,Standard Class,SC-20020
US-2023-121006,11/10/2023,11/16/2023,Standard Class,SC-20020
US-2023-121006,11/10/2023,11/16/2023,Standard Class,SC-20020
US-2023-158372,11/10/2023,11/16/2023,Standard Class,RD-19900
US-2023-158372,11/10/2023,11/16/2023,Standard Class,RD-19900
US-2023-155796,11/11/2023,11/15/2023,Second Class,TS-21430
US-2023-163419,11/11/2023,11/14/2023,Second Class,TZ-21580
US-2023-105270,11/11/2023,11/18/2023,Standard Class,AP-10915
US-2023-140914,11/11/2023,11/15/2023,Standard Class,BH-11710
US-2023-140914,11/11/2023,11/15/2023,Standard Class,BH-11710
US-2023-155796,11/11/2023,11/15/2023,Second Class,TS-21430
US-2023-140732,11/11/2023,11/13/2023,Second Class,MA-17560
US-2023-128524,11/11/2023,11/13/2023,First Class,MZ-17515
US-2023-163419,11/11/2023,11/14/2023,Second Class,TZ-21580
US-2023-105270,11/11/2023,11/18/2023,Standard Class,AP-10915
US-2023-165309,11/11/2023,11/15/2023,Standard Class,KD-16270
US-2023-165309,11/11/2023,11/15/2023,Standard Class,KD-16270
US-2023-165309,11/11/2023,11/15/2023,Standard Class,KD-16270
US-2023-128524,11/11/2023,11/13/2023,First Class,MZ-17515
US-2023-165309,11/11/2023,11/15/2023,Standard Class,KD-16270
US-2023-143287,11/11/2023,11/17/2023,Standard Class,KN-16705
US-2023-140732,11/11/2023,11/13/2023,Second Class,MA-17560
US-2023-165309,11/11/2023,11/15/2023,Standard Class,KD-16270
US-2023-143287,11/11/2023,11/17/2023,Standard Class,KN-16705
US-2023-105893,11/11/2023,11/18/2023,Standard Class,PK-19075
US-2023-143287,11/11/2023,11/17/2023,Standard Class,KN-16705
US-2023-128524,11/11/2023,11/13/2023,First Class,MZ-17515
US-2023-163419,11/11/2023,11/14/2023,Second Class,TZ-21580
US-2023-140732,11/11/2023,11/13/2023,Second Class,MA-17560
US-2023-165309,11/11/2023,11/15/2023,Standard Class,KD-16270
US-2023-165309,11/11/2023,11/15/2023,Standard Class,KD-16270
US-2023-159618,11/12/2023,11/16/2023,Standard Class,DB-12970
US-2023-122609,11/12/2023,11/18/2023,Standard Class,DP-13000
US-2023-151295,11/12/2023,11/16/2023,Standard Class,JA-15970
US-2023-159618,11/12/2023,11/16/2023,Standard Class,DB-12970
US-2023-164910,11/12/2023,11/17/2023,Second Class,DM-13345
US-2023-151295,11/12/2023,11/16/2023,Standard Class,JA-15970
US-2023-159618,11/12/2023,11/16/2023,Standard Class,DB-12970
US-2023-151078,11/12/2023,11/12/2023,Same Day,RF-19840
US-2023-159618,11/12/2023,11/16/2023,Standard Class,DB-12970
US-2023-122609,11/12/2023,11/18/2023,Standard Class,DP-13000
US-2023-159618,11/12/2023,11/16/2023,Standard Class,DB-12970
US-2023-166989,11/14/2023,11/18/2023,Standard Class,RM-19675
US-2023-162362,11/14/2023,11/18/2023,Standard Class,JL-15505
US-2023-162362,11/14/2023,11/18/2023,Standard Class,JL-15505
US-2023-125556,11/14/2023,11/16/2023,Second Class,ML-17410
US-2023-161634,11/14/2023,11/20/2023,Standard Class,CC-12220
US-2023-166989,11/14/2023,11/18/2023,Standard Class,RM-19675
US-2023-151554,11/14/2023,11/15/2023,First Class,CM-11815
US-2023-125556,11/14/2023,11/16/2023,Second Class,ML-17410
US-2023-127558,11/15/2023,11/18/2023,First Class,SS-20410
US-2023-116407,11/15/2023,11/21/2023,Standard Class,JF-15190
US-2023-116407,11/15/2023,11/21/2023,Standard Class,JF-15190
US-2023-128888,11/15/2023,11/22/2023,Standard Class,PB-19105
US-2023-116407,11/15/2023,11/21/2023,Standard Class,JF-15190
US-2023-128622,11/15/2023,11/17/2023,Second Class,SC-20260
US-2023-127558,11/15/2023,11/18/2023,First Class,SS-20410
US-2023-127558,11/15/2023,11/18/2023,First Class,SS-20410
US-2023-119144,11/16/2023,11/18/2023,First Class,JD-16150
US-2023-139500,11/16/2023,11/20/2023,Standard Class,AB-10165
US-2023-147704,11/16/2023,11/21/2023,Standard Class,SR-20740
US-2023-147704,11/16/2023,11/21/2023,Standard Class,SR-20740
US-2023-160066,11/16/2023,11/22/2023,Standard Class,AH-10075
US-2023-147704,11/16/2023,11/21/2023,Standard Class,SR-20740
US-2023-147704,11/16/2023,11/21/2023,Standard Class,SR-20740
US-2023-119144,11/16/2023,11/18/2023,First Class,JD-16150
US-2023-149643,11/16/2023,11/20/2023,Standard Class,RH-19510
US-2023-119144,11/16/2023,11/18/2023,First Class,JD-16150
US-2023-128209,11/17/2023,11/22/2023,Standard Class,GT-14710
US-2023-145926,11/17/2023,11/21/2023,Standard Class,MP-17470
US-2023-159835,11/17/2023,11/24/2023,Standard Class,RB-19330
US-2023-119375,11/17/2023,11/22/2023,Standard Class,YC-21895
US-2023-140662,11/17/2023,11/19/2023,First Class,TS-21205
US-2023-119375,11/17/2023,11/22/2023,Standard Class,YC-21895
US-2023-128209,11/17/2023,11/22/2023,Standard Class,GT-14710
US-2023-130869,11/17/2023,11/21/2023,Standard Class,CB-12025
US-2023-159835,11/17/2023,11/24/2023,Standard Class,RB-19330
US-2023-140662,11/17/2023,11/19/2023,First Class,TS-21205
US-2023-101833,11/17/2023,11/22/2023,Second Class,FG-14260
US-2023-119375,11/17/2023,11/22/2023,Standard Class,YC-21895
US-2023-140662,11/17/2023,11/19/2023,First Class,TS-21205
US-2023-163468,11/18/2023,11/21/2023,First Class,JK-15730
US-2023-161032,11/18/2023,11/23/2023,Standard Class,MK-17905
US-2023-159926,11/18/2023,11/22/2023,Standard Class,CS-11950
US-2023-163468,11/18/2023,11/21/2023,First Class,JK-15730
US-2023-124702,11/18/2023,11/25/2023,Standard Class,MH-17785
US-2023-164210,11/18/2023,11/20/2023,Second Class,PW-19240
US-2023-163468,11/18/2023,11/21/2023,First Class,JK-15730
US-2023-124702,11/18/2023,11/25/2023,Standard Class,MH-17785
US-2023-115336,11/18/2023,11/25/2023,Standard Class,AB-10600
US-2023-133809,11/18/2023,11/23/2023,Second Class,MS-17530
US-2023-159926,11/18/2023,11/22/2023,Standard Class,CS-11950
US-2023-159926,11/18/2023,11/22/2023,Standard Class,CS-11950
US-2023-163468,11/18/2023,11/21/2023,First Class,JK-15730
US-2023-164210,11/18/2023,11/20/2023,Second Class,PW-19240
US-2023-104829,11/18/2023,11/21/2023,Second Class,JG-15805
US-2023-163468,11/18/2023,11/21/2023,First Class,JK-15730
US-2023-141173,11/18/2023,11/20/2023,Second Class,JC-16105
US-2023-159926,11/18/2023,11/22/2023,Standard Class,CS-11950
US-2023-159926,11/18/2023,11/22/2023,Standard Class,CS-11950
US-2023-133809,11/18/2023,11/23/2023,Second Class,MS-17530
US-2023-123183,11/19/2023,11/25/2023,Standard Class,GR-14560
US-2023-123183,11/19/2023,11/25/2023,Standard Class,GR-14560
US-2023-123183,11/19/2023,11/25/2023,Standard Class,GR-14560
US-2023-123183,11/19/2023,11/25/2023,Standard Class,GR-14560
US-2023-100972,11/19/2023,11/24/2023,Second Class,DB-13360
US-2023-128062,11/19/2023,11/22/2023,Second Class,AD-10180
US-2023-150518,11/19/2023,11/24/2023,Standard Class,MW-18220
US-2023-158274,11/19/2023,11/24/2023,Second Class,RM-19675
US-2023-149034,11/19/2023,11/21/2023,First Class,RD-19900
US-2023-150518,11/19/2023,11/24/2023,Standard Class,MW-18220
US-2023-144624,11/19/2023,11/23/2023,Standard Class,JM-15865
US-2023-158274,11/19/2023,11/24/2023,Second Class,RM-19675
US-2023-158274,11/19/2023,11/24/2023,Second Class,RM-19675
US-2023-140396,11/20/2023,11/25/2023,Standard Class,KH-16330
US-2023-140396,11/20/2023,11/25/2023,Standard Class,KH-16330
US-2023-140396,11/20/2023,11/25/2023,Standard Class,KH-16330
US-2023-140396,11/20/2023,11/25/2023,Standard Class,KH-16330
US-2023-102274,11/21/2023,11/26/2023,Standard Class,DH-13075
US-2023-168501,11/21/2023,11/27/2023,Standard Class,JK-15325
US-2023-154781,11/21/2023,11/26/2023,Standard Class,SC-20680
US-2023-103401,11/21/2023,11/26/2023,Standard Class,GR-14560
US-2023-102274,11/21/2023,11/26/2023,Standard Class,DH-13075
US-2023-102274,11/21/2023,11/26/2023,Standard Class,DH-13075
US-2023-154781,11/21/2023,11/26/2023,Standard Class,SC-20680
US-2023-102274,11/21/2023,11/26/2023,Standard Class,DH-13075
US-2023-168501,11/21/2023,11/27/2023,Standard Class,JK-15325
US-2023-129091,11/22/2023,11/27/2023,Standard Class,RA-19885
US-2023-129091,11/22/2023,11/27/2023,Standard Class,RA-19885
US-2023-105340,11/22/2023,11/25/2023,First Class,EH-14185
US-2023-112200,11/22/2023,11/28/2023,Standard Class,TC-21475
US-2023-129091,11/22/2023,11/27/2023,Standard Class,RA-19885
US-2023-129091,11/22/2023,11/27/2023,Standard Class,RA-19885
US-2023-125682,11/22/2023,11/25/2023,First Class,RB-19645
US-2023-135090,11/22/2023,11/26/2023,Standard Class,SP-20920
US-2023-157385,11/23/2023,11/25/2023,First Class,SC-20095
US-2023-157385,11/23/2023,11/25/2023,First Class,SC-20095
US-2023-143721,11/23/2023,11/26/2023,Second Class,DK-12835
US-2023-120544,11/23/2023,11/27/2023,Standard Class,SS-20140
US-2023-120544,11/23/2023,11/27/2023,Standard Class,SS-20140
US-2023-139283,11/23/2023,11/27/2023,Standard Class,BT-11440
US-2023-159625,11/23/2023,11/28/2023,Standard Class,SM-20005
US-2023-149055,11/23/2023,11/28/2023,Standard Class,PB-19210
US-2023-157385,11/23/2023,11/25/2023,First Class,SC-20095
US-2023-110352,11/23/2023,11/29/2023,Standard Class,ED-13885
US-2023-157385,11/23/2023,11/25/2023,First Class,SC-20095
US-2023-120544,11/23/2023,11/27/2023,Standard Class,SS-20140
US-2023-105984,11/24/2023,11/24/2023,Same Day,MY-18295
US-2023-102295,11/24/2023,11/26/2023,Second Class,EH-13990
US-2023-158540,11/24/2023,11/26/2023,First Class,VG-21790
US-2023-122217,11/24/2023,11/29/2023,Standard Class,HP-14815
US-2023-153850,11/24/2023,11/29/2023,Standard Class,TH-21100
US-2023-100762,11/24/2023,11/29/2023,Standard Class,NG-18355
US-2023-115973,11/24/2023,11/26/2023,First Class,NG-18430
US-2023-111360,11/24/2023,11/30/2023,Standard Class,AT-10435
US-2023-127131,11/24/2023,11/30/2023,Standard Class,HR-14830
US-2023-100762,11/24/2023,11/29/2023,Standard Class,NG-18355
US-2023-127131,11/24/2023,11/30/2023,Standard Class,HR-14830
US-2023-100762,11/24/2023,11/29/2023,Standard Class,NG-18355
US-2023-100762,11/24/2023,11/29/2023,Standard Class,NG-18355
US-2023-127131,11/24/2023,11/30/2023,Standard Class,HR-14830
US-2023-163034,11/24/2023,11/28/2023,Standard Class,DK-12985
US-2023-127131,11/24/2023,11/30/2023,Standard Class,HR-14830
US-2023-167360,11/24/2023,11/29/2023,Second Class,RB-19435
US-2023-105984,11/24/2023,11/24/2023,Same Day,MY-18295
US-2023-153850,11/24/2023,11/29/2023,Standard Class,TH-21100
CA-2023-153623,11/24/2023,12/05/2023,Standard Class,JP-11135
CA-2023-153623,11/24/2023,12/05/2023,Standard Class,JP-11135
US-2023-119151,11/25/2023,11/29/2023,Second Class,MP-18175
US-2023-144078,11/25/2023,11/29/2023,Standard Class,RB-19435
US-2023-127446,11/25/2023,11/30/2023,Standard Class,MC-17590
US-2023-122588,11/25/2023,11/27/2023,Second Class,AR-10540
US-2023-164721,11/25/2023,11/27/2023,Second Class,LW-16825
US-2023-127446,11/25/2023,11/30/2023,Standard Class,MC-17590
US-2023-164721,11/25/2023,11/27/2023,Second Class,LW-16825
US-2023-107993,11/25/2023,11/30/2023,Standard Class,SE-20110
US-2023-144078,11/25/2023,11/29/2023,Standard Class,RB-19435
US-2023-127446,11/25/2023,11/30/2023,Standard Class,MC-17590
US-2023-127446,11/25/2023,11/30/2023,Standard Class,MC-17590
US-2023-164721,11/25/2023,11/27/2023,Second Class,LW-16825
US-2023-127446,11/25/2023,11/30/2023,Standard Class,MC-17590
US-2023-119151,11/25/2023,11/29/2023,Second Class,MP-18175
US-2023-127446,11/25/2023,11/30/2023,Standard Class,MC-17590
US-2023-144078,11/25/2023,11/29/2023,Standard Class,RB-19435
US-2023-147606,11/26/2023,12/01/2023,Second Class,JE-15745
US-2023-141110,11/26/2023,12/01/2023,Standard Class,LS-17200
US-2023-124730,11/26/2023,11/26/2023,Same Day,LS-17245
US-2023-124730,11/26/2023,11/26/2023,Same Day,LS-17245
US-2023-141110,11/26/2023,12/01/2023,Standard Class,LS-17200
US-2023-141110,11/26/2023,12/01/2023,Standard Class,LS-17200
US-2023-124730,11/26/2023,11/26/2023,Same Day,LS-17245
US-2023-124730,11/26/2023,11/26/2023,Same Day,LS-17245
US-2023-147648,11/26/2023,12/01/2023,Standard Class,LS-16975
US-2023-168984,11/26/2023,12/02/2023,Standard Class,NW-18400
US-2023-141110,11/26/2023,12/01/2023,Standard Class,LS-17200
US-2023-168984,11/26/2023,12/02/2023,Standard Class,NW-18400
US-2023-168984,11/26/2023,12/02/2023,Standard Class,NW-18400
US-2023-124730,11/26/2023,11/26/2023,Same Day,LS-17245
US-2023-167486,11/27/2023,12/01/2023,Standard Class,JO-15145
US-2023-119032,11/27/2023,12/03/2023,Standard Class,MS-17770
US-2023-105249,11/28/2023,11/28/2023,Same Day,DH-13675
US-2023-101560,11/28/2023,12/01/2023,Second Class,CS-12250
US-2023-159800,11/28/2023,12/01/2023,First Class,SG-20470
US-2023-163013,11/28/2023,12/04/2023,Standard Class,BF-11080
US-2023-101560,11/28/2023,12/01/2023,Second Class,CS-12250
US-2023-101560,11/28/2023,12/01/2023,Second Class,CS-12250
US-2023-121167,11/28/2023,11/30/2023,Second Class,MO-17500
US-2023-120175,11/28/2023,12/03/2023,Standard Class,MC-17635
US-2023-105249,11/28/2023,11/28/2023,Same Day,DH-13675
US-2023-101560,11/28/2023,12/01/2023,Second Class,CS-12250
US-2023-105249,11/28/2023,11/28/2023,Same Day,DH-13675
US-2023-159800,11/28/2023,12/01/2023,First Class,SG-20470
US-2023-121629,11/28/2023,12/02/2023,Standard Class,BT-11680
US-2023-134712,11/29/2023,12/04/2023,Standard Class,BS-11380
US-2023-153983,11/29/2023,12/06/2023,Standard Class,AH-10210
US-2023-136280,11/29/2023,12/06/2023,Standard Class,Co-12640
US-2023-111353,11/29/2023,12/06/2023,Standard Class,PB-19150
US-2023-153983,11/29/2023,12/06/2023,Standard Class,AH-10210
US-2023-148425,11/30/2023,12/04/2023,Standard Class,RF-19345
US-2023-103590,11/30/2023,12/04/2023,Standard Class,JL-15505
US-2023-146843,11/30/2023,12/06/2023,Standard Class,PB-19150
US-2023-146843,11/30/2023,12/06/2023,Standard Class,PB-19150
US-2023-150798,12/01/2023,12/03/2023,Second Class,JK-15730
US-2023-120474,12/01/2023,12/03/2023,First Class,RP-19390
US-2023-161613,12/01/2023,12/03/2023,Second Class,MC-17605
US-2023-150798,12/01/2023,12/03/2023,Second Class,JK-15730
US-2023-131051,12/01/2023,12/05/2023,Standard Class,TR-21325
US-2023-143210,12/01/2023,12/03/2023,First Class,AA-10645
US-2023-143210,12/01/2023,12/03/2023,First Class,AA-10645
US-2023-120474,12/01/2023,12/03/2023,First Class,RP-19390
US-2023-150798,12/01/2023,12/03/2023,Second Class,JK-15730
US-2023-150798,12/01/2023,12/03/2023,Second Class,JK-15730
US-2023-131527,12/01/2023,12/07/2023,Standard Class,TB-21280
US-2023-143210,12/01/2023,12/03/2023,First Class,AA-10645
US-2023-112158,12/02/2023,12/04/2023,First Class,DP-13165
US-2023-154095,12/02/2023,12/07/2023,Standard Class,ON-18715
US-2023-117744,12/02/2023,12/06/2023,Standard Class,MD-17860
US-2023-117744,12/02/2023,12/06/2023,Standard Class,MD-17860
US-2023-154095,12/02/2023,12/07/2023,Standard Class,ON-18715
US-2023-101147,12/02/2023,12/04/2023,First Class,MC-17575
US-2023-117744,12/02/2023,12/06/2023,Standard Class,MD-17860
US-2023-112158,12/02/2023,12/04/2023,First Class,DP-13165
US-2023-154095,12/02/2023,12/07/2023,Standard Class,ON-18715
US-2023-103807,12/02/2023,12/09/2023,Standard Class,EM-13825
US-2023-154095,12/02/2023,12/07/2023,Standard Class,ON-18715
US-2023-103807,12/02/2023,12/09/2023,Standard Class,EM-13825
US-2023-132864,12/02/2023,12/07/2023,Standard Class,KN-16390
US-2023-112158,12/02/2023,12/04/2023,First Class,DP-13165
CA-2023-123664,12/02/2023,12/06/2023,Standard Class,NC-19470
CA-2023-117964,12/02/2023,12/06/2023,Standard Class,MK-19560
CA-2023-117964,12/02/2023,12/06/2023,Standard Class,MK-19560
US-2023-164861,12/03/2023,12/06/2023,Second Class,MC-17635
US-2023-122749,12/03/2023,12/09/2023,Standard Class,NG-18430
US-2023-127187,12/04/2023,12/08/2023,Standard Class,CP-12085
CA-2023-119508,12/04/2023,12/09/2023,Standard Class,TZ-21580
CA-2023-119508,12/04/2023,12/09/2023,Standard Class,TZ-21580
US-2023-150203,12/05/2023,12/07/2023,First Class,JB-15925
US-2023-106376,12/05/2023,12/10/2023,Standard Class,BS-11590
US-2023-133830,12/05/2023,12/10/2023,Standard Class,RL-19615
US-2023-151162,12/05/2023,12/09/2023,Standard Class,EA-14035
US-2023-125542,12/05/2023,12/07/2023,First Class,NB-18655
US-2023-133830,12/05/2023,12/10/2023,Standard Class,RL-19615
US-2023-151162,12/05/2023,12/09/2023,Standard Class,EA-14035
US-2023-133830,12/05/2023,12/10/2023,Standard Class,RL-19615
US-2023-151162,12/05/2023,12/09/2023,Standard Class,EA-14035
US-2023-125542,12/05/2023,12/07/2023,First Class,NB-18655
US-2023-138296,12/05/2023,12/12/2023,Standard Class,RC-19825
US-2023-166191,12/05/2023,12/09/2023,Second Class,DK-13150
US-2023-166191,12/05/2023,12/09/2023,Second Class,DK-13150
US-2023-151162,12/05/2023,12/09/2023,Standard Class,EA-14035
US-2023-151162,12/05/2023,12/09/2023,Standard Class,EA-14035
US-2023-106376,12/05/2023,12/10/2023,Standard Class,BS-11590
US-2023-140452,12/06/2023,12/10/2023,Standard Class,BK-11260
US-2023-110030,12/06/2023,12/08/2023,Second Class,LF-17185
US-2023-112872,12/06/2023,12/11/2023,Second Class,RC-19960
US-2023-140452,12/06/2023,12/10/2023,Standard Class,BK-11260
US-2023-140452,12/06/2023,12/10/2023,Standard Class,BK-11260
US-2023-140452,12/06/2023,12/10/2023,Standard Class,BK-11260
US-2023-155390,12/06/2023,12/11/2023,Standard Class,BG-11035
US-2023-106726,12/06/2023,12/08/2023,First Class,RS-19765
US-2023-112872,12/06/2023,12/11/2023,Second Class,RC-19960
US-2023-140452,12/06/2023,12/10/2023,Standard Class,BK-11260
US-2023-140452,12/06/2023,12/10/2023,Standard Class,BK-11260
US-2023-138737,12/07/2023,12/10/2023,First Class,FP-14320
US-2023-154592,12/07/2023,12/08/2023,First Class,EH-14005
US-2023-159681,12/07/2023,12/13/2023,Standard Class,PO-18850
US-2023-101392,12/07/2023,12/13/2023,Standard Class,AS-10630
US-2023-135608,12/08/2023,12/10/2023,Second Class,JK-15625
US-2023-144071,12/08/2023,12/15/2023,Standard Class,DJ-13420
US-2023-144071,12/08/2023,12/15/2023,Standard Class,DJ-13420
US-2023-129364,12/08/2023,12/13/2023,Standard Class,TB-21250
US-2023-129364,12/08/2023,12/13/2023,Standard Class,TB-21250
US-2023-129364,12/08/2023,12/13/2023,Standard Class,TB-21250
US-2023-129364,12/08/2023,12/13/2023,Standard Class,TB-21250
US-2023-135608,12/08/2023,12/10/2023,Second Class,JK-15625
US-2023-104773,12/08/2023,12/13/2023,Standard Class,TB-21175
US-2023-129364,12/08/2023,12/13/2023,Standard Class,TB-21250
US-2023-129364,12/08/2023,12/13/2023,Standard Class,TB-21250
US-2023-129364,12/08/2023,12/13/2023,Standard Class,TB-21250
US-2023-129364,12/08/2023,12/13/2023,Standard Class,TB-21250
US-2023-169649,12/09/2023,12/15/2023,Standard Class,TS-21205
US-2023-138128,12/09/2023,12/15/2023,Standard Class,FP-14320
US-2023-169649,12/09/2023,12/15/2023,Standard Class,TS-21205
US-2023-109932,12/09/2023,12/11/2023,First Class,VP-21760
US-2023-104976,12/09/2023,12/16/2023,Standard Class,CK-12760
US-2023-109932,12/09/2023,12/11/2023,First Class,VP-21760
US-2023-101175,12/09/2023,12/14/2023,Standard Class,DM-12955
US-2023-138128,12/09/2023,12/15/2023,Standard Class,FP-14320
US-2023-112991,12/10/2023,12/14/2023,Standard Class,SH-19975
US-2023-148488,12/10/2023,12/15/2023,Standard Class,SM-20005
US-2023-112991,12/10/2023,12/14/2023,Standard Class,SH-19975
US-2023-112991,12/10/2023,12/14/2023,Standard Class,SH-19975
US-2023-148488,12/10/2023,12/15/2023,Standard Class,SM-20005
US-2023-168494,12/12/2023,12/14/2023,Second Class,NP-18700
US-2023-113320,12/12/2023,12/15/2023,Second Class,LH-17155
US-2023-141607,12/12/2023,12/17/2023,Standard Class,WB-21850
US-2023-113320,12/12/2023,12/15/2023,Second Class,LH-17155
US-2023-168494,12/12/2023,12/14/2023,Second Class,NP-18700
US-2023-168494,12/12/2023,12/14/2023,Second Class,NP-18700
US-2023-122959,12/12/2023,12/12/2023,Same Day,CY-12745
US-2023-107573,12/12/2023,12/17/2023,Standard Class,PB-19150
US-2023-113320,12/12/2023,12/15/2023,Second Class,LH-17155
US-2023-124079,12/13/2023,12/17/2023,Standard Class,RF-19345
US-2023-102631,12/13/2023,12/17/2023,Standard Class,EB-13840
US-2023-124079,12/13/2023,12/17/2023,Standard Class,RF-19345
US-2023-129819,12/13/2023,12/15/2023,Second Class,KC-16675
US-2023-113579,12/13/2023,12/15/2023,Second Class,KD-16345
US-2023-154186,12/13/2023,12/15/2023,Second Class,RA-19285
US-2023-116568,12/14/2023,12/20/2023,Standard Class,BM-11785
US-2023-123519,12/14/2023,12/21/2023,Standard Class,SS-20875
US-2023-123519,12/14/2023,12/21/2023,Standard Class,SS-20875
US-2023-148950,12/14/2023,12/19/2023,Standard Class,JD-16015
US-2023-130575,12/14/2023,12/16/2023,First Class,CS-11845
US-2023-148950,12/14/2023,12/19/2023,Standard Class,JD-16015
US-2023-148950,12/14/2023,12/19/2023,Standard Class,JD-16015
US-2023-123519,12/14/2023,12/21/2023,Standard Class,SS-20875
US-2023-145541,12/14/2023,12/21/2023,Standard Class,TB-21400
CA-2023-151799,12/14/2023,12/18/2023,Standard Class,BF-11170
CA-2023-151799,12/14/2023,12/18/2023,Standard Class,BF-11170
CA-2023-151799,12/14/2023,12/18/2023,Standard Class,BF-11170
CA-2023-151799,12/14/2023,12/18/2023,Standard Class,BF-11170
CA-2023-151799,12/14/2023,12/18/2023,Standard Class,BF-11170
US-2023-129938,12/15/2023,12/17/2023,Second Class,EB-13705
US-2023-101602,12/15/2023,12/18/2023,First Class,MC-18100
US-2023-119466,12/15/2023,12/21/2023,Standard Class,SP-20860
US-2023-116673,12/15/2023,12/19/2023,Second Class,JO-15280
US-2023-101602,12/15/2023,12/18/2023,First Class,MC-18100
US-2023-153913,12/16/2023,12/20/2023,Second Class,KB-16585
US-2023-124247,12/16/2023,12/21/2023,Standard Class,SH-20635
US-2023-136399,12/16/2023,12/17/2023,First Class,CC-12100
US-2023-113257,12/16/2023,12/18/2023,Second Class,SC-20305
US-2023-108273,12/16/2023,12/21/2023,Standard Class,EJ-13720
US-2023-100706,12/16/2023,12/18/2023,Second Class,LE-16810
US-2023-136399,12/16/2023,12/17/2023,First Class,CC-12100
US-2023-112718,12/16/2023,12/21/2023,Standard Class,KN-16450
US-2023-153913,12/16/2023,12/20/2023,Second Class,KB-16585
US-2023-108273,12/16/2023,12/21/2023,Standard Class,EJ-13720
US-2023-151379,12/16/2023,12/20/2023,Standard Class,SC-20695
US-2023-136399,12/16/2023,12/17/2023,First Class,CC-12100
US-2023-100706,12/16/2023,12/18/2023,Second Class,LE-16810
US-2023-113257,12/16/2023,12/18/2023,Second Class,SC-20305
US-2023-136399,12/16/2023,12/17/2023,First Class,CC-12100
US-2023-123925,12/17/2023,12/19/2023,Second Class,RF-19840
US-2023-139633,12/17/2023,12/24/2023,Standard Class,EC-14050
US-2023-120768,12/19/2023,12/21/2023,Second Class,IM-15070
US-2023-150574,12/19/2023,12/25/2023,Standard Class,MK-18160
US-2023-120768,12/19/2023,12/21/2023,Second Class,IM-15070
US-2023-162992,12/19/2023,12/21/2023,First Class,BP-11095
US-2023-162992,12/19/2023,12/21/2023,First Class,BP-11095
US-2023-169446,12/19/2023,12/25/2023,Standard Class,SG-20605
US-2023-169446,12/19/2023,12/25/2023,Standard Class,SG-20605
US-2023-120768,12/19/2023,12/21/2023,Second Class,IM-15070
US-2023-150574,12/19/2023,12/25/2023,Standard Class,MK-18160
US-2023-162992,12/19/2023,12/21/2023,First Class,BP-11095
US-2023-162992,12/19/2023,12/21/2023,First Class,BP-11095
US-2023-169446,12/19/2023,12/25/2023,Standard Class,SG-20605
US-2023-134551,12/20/2023,12/25/2023,Standard Class,TS-21505
US-2023-138681,12/20/2023,12/22/2023,First Class,CT-11995
US-2023-163412,12/20/2023,12/23/2023,Second Class,SM-20950
US-2023-138681,12/20/2023,12/22/2023,First Class,CT-11995
US-2023-160157,12/20/2023,12/27/2023,Standard Class,MH-17455
US-2023-136567,12/20/2023,12/21/2023,First Class,PS-19045
US-2023-136567,12/20/2023,12/21/2023,First Class,PS-19045
US-2023-120852,12/20/2023,12/25/2023,Standard Class,WB-21850
US-2023-134551,12/20/2023,12/25/2023,Standard Class,TS-21505
US-2023-156594,12/20/2023,12/23/2023,Second Class,MC-17845
US-2023-156594,12/20/2023,12/23/2023,Second Class,MC-17845
US-2023-156594,12/20/2023,12/23/2023,Second Class,MC-17845
US-2023-136567,12/20/2023,12/21/2023,First Class,PS-19045
US-2023-103100,12/20/2023,12/23/2023,First Class,AB-10105
US-2023-156594,12/20/2023,12/23/2023,Second Class,MC-17845
US-2023-109036,12/20/2023,12/25/2023,Standard Class,KH-16510
US-2023-103100,12/20/2023,12/23/2023,First Class,AB-10105
US-2023-138681,12/20/2023,12/22/2023,First Class,CT-11995
US-2023-134551,12/20/2023,12/25/2023,Standard Class,TS-21505
US-2023-138681,12/20/2023,12/22/2023,First Class,CT-11995
US-2023-136567,12/20/2023,12/21/2023,First Class,PS-19045
US-2023-140816,12/20/2023,12/20/2023,Same Day,TC-21295
US-2023-138681,12/20/2023,12/22/2023,First Class,CT-11995
US-2023-120852,12/20/2023,12/25/2023,Standard Class,WB-21850
CA-2023-126634,12/20/2023,12/22/2023,Second Class,AB-10165
US-2023-154893,12/21/2023,12/27/2023,Standard Class,GM-14440
US-2023-154893,12/21/2023,12/27/2023,Standard Class,GM-14440
US-2023-134621,12/21/2023,12/28/2023,Standard Class,DP-13390
US-2023-109127,12/21/2023,12/25/2023,Standard Class,JC-15775
US-2023-133543,12/22/2023,12/26/2023,Standard Class,KM-16660
US-2023-142510,12/22/2023,12/29/2023,Standard Class,NP-18700
US-2023-101364,12/22/2023,12/26/2023,Standard Class,TW-21025
US-2023-142510,12/22/2023,12/29/2023,Standard Class,NP-18700
US-2023-142510,12/22/2023,12/29/2023,Standard Class,NP-18700
US-2023-146864,12/22/2023,12/26/2023,Standard Class,BT-11530
US-2023-154158,12/23/2023,12/27/2023,Second Class,CC-12670
US-2023-114517,12/23/2023,12/27/2023,Standard Class,TH-21235
US-2023-142314,12/23/2023,12/28/2023,Standard Class,SF-20200
US-2023-114517,12/23/2023,12/27/2023,Standard Class,TH-21235
US-2023-154158,12/23/2023,12/27/2023,Second Class,CC-12670
US-2023-126333,12/23/2023,12/28/2023,Standard Class,ME-18010
US-2023-154158,12/23/2023,12/27/2023,Second Class,CC-12670
US-2023-154158,12/23/2023,12/27/2023,Second Class,CC-12670
US-2023-154158,12/23/2023,12/27/2023,Second Class,CC-12670
US-2023-167738,12/24/2023,12/29/2023,Standard Class,JC-16105
US-2023-138247,12/24/2023,12/29/2023,Standard Class,BF-11170
US-2023-156314,12/24/2023,12/26/2023,First Class,RP-19390
US-2023-138247,12/24/2023,12/29/2023,Standard Class,BF-11170
US-2023-132913,12/24/2023,12/26/2023,First Class,AS-10090
US-2023-113166,12/24/2023,12/26/2023,First Class,LF-17185
US-2023-138247,12/24/2023,12/29/2023,Standard Class,BF-11170
US-2023-167738,12/24/2023,12/29/2023,Standard Class,JC-16105
US-2023-138247,12/24/2023,12/29/2023,Standard Class,BF-11170
US-2023-138247,12/24/2023,12/29/2023,Standard Class,BF-11170
US-2023-138247,12/24/2023,12/29/2023,Standard Class,BF-11170
US-2023-111451,12/26/2023,12/28/2023,First Class,KL-16555
US-2023-152030,12/26/2023,12/28/2023,Second Class,AD-10180
US-2023-106264,12/26/2023,12/30/2023,Standard Class,CK-12595
US-2023-111451,12/26/2023,12/28/2023,First Class,KL-16555
US-2023-111451,12/26/2023,12/28/2023,First Class,KL-16555
US-2023-139598,12/26/2023,12/31/2023,Standard Class,MG-17695
US-2023-139598,12/26/2023,12/31/2023,Standard Class,MG-17695
US-2023-101427,12/26/2023,12/30/2023,Standard Class,AY-10555
US-2023-111171,12/26/2023,12/31/2023,Standard Class,CA-12265
US-2023-111451,12/26/2023,12/28/2023,First Class,KL-16555
US-2023-111451,12/26/2023,12/28/2023,First Class,KL-16555
US-2023-139598,12/26/2023,12/31/2023,Standard Class,MG-17695
US-2023-168473,12/26/2023,01/01/2024,Standard Class,TB-21520
US-2023-139598,12/26/2023,12/31/2023,Standard Class,MG-17695
US-2023-106264,12/26/2023,12/30/2023,Standard Class,CK-12595
US-2023-163447,12/27/2023,12/31/2023,Standard Class,TB-21190
US-2023-106334,12/27/2023,01/02/2024,Standard Class,JF-15490
US-2023-162866,12/27/2023,12/31/2023,Standard Class,Co-12640
US-2023-159611,12/27/2023,01/01/2024,Second Class,KB-16315
US-2023-166961,12/27/2023,12/31/2023,Standard Class,CD-12790
US-2023-165393,12/27/2023,12/30/2023,First Class,NC-18415
US-2023-166961,12/27/2023,12/31/2023,Standard Class,CD-12790
US-2023-148383,12/27/2023,12/31/2023,Standard Class,RP-19390
US-2023-166961,12/27/2023,12/31/2023,Standard Class,CD-12790
US-2023-120243,12/27/2023,12/30/2023,Second Class,AT-10435
US-2023-153087,12/27/2023,01/03/2024,Standard Class,TC-20980
US-2023-106334,12/27/2023,01/02/2024,Standard Class,JF-15490
US-2023-162866,12/27/2023,12/31/2023,Standard Class,Co-12640
US-2023-159611,12/27/2023,01/01/2024,Second Class,KB-16315
US-2023-166961,12/27/2023,12/31/2023,Standard Class,CD-12790
US-2023-153087,12/27/2023,01/03/2024,Standard Class,TC-20980
US-2023-141313,12/28/2023,01/01/2024,Standard Class,AJ-10780
US-2023-164259,12/28/2023,12/30/2023,First Class,SP-20860
US-2023-141313,12/28/2023,01/01/2024,Standard Class,AJ-10780
US-2023-141313,12/28/2023,01/01/2024,Standard Class,AJ-10780
US-2023-143371,12/28/2023,01/03/2024,Standard Class,MD-17350
US-2023-143371,12/28/2023,01/03/2024,Standard Class,MD-17350
US-2023-126802,12/29/2023,01/05/2024,Standard Class,ZC-21910
US-2023-110786,12/29/2023,01/02/2024,Standard Class,AJ-10795
US-2023-110786,12/29/2023,01/02/2024,Standard Class,AJ-10795
US-2023-118276,12/29/2023,01/02/2024,Standard Class,MG-17890
US-2023-165477,12/29/2023,12/31/2023,Second Class,RE-19405
US-2023-110786,12/29/2023,01/02/2024,Standard Class,AJ-10795
US-2023-110786,12/29/2023,01/02/2024,Standard Class,AJ-10795
US-2023-102330,12/29/2023,01/03/2024,Standard Class,AI-10855
US-2023-110786,12/29/2023,01/02/2024,Standard Class,AJ-10795
US-2023-106803,12/29/2023,01/02/2024,Standard Class,DC-13285
US-2023-152345,12/29/2023,01/03/2024,Second Class,ST-20530
US-2023-106803,12/29/2023,01/02/2024,Standard Class,DC-13285
US-2023-110786,12/29/2023,01/02/2024,Standard Class,AJ-10795
US-2023-102330,12/29/2023,01/03/2024,Standard Class,AI-10855
US-2023-110786,12/29/2023,01/02/2024,Standard Class,AJ-10795
US-2023-152345,12/29/2023,01/03/2024,Second Class,ST-20530
CA-2023-146626,12/29/2023,01/05/2024,Standard Class,JP-11135
CA-2023-123625,12/29/2023,01/02/2024,Standard Class,BG-18435
CA-2023-141531,12/29/2023,01/02/2024,Standard Class,BG-18435
CA-2023-123625,12/29/2023,01/02/2024,Standard Class,BG-18435
CA-2023-123625,12/29/2023,01/02/2024,Standard Class,BG-18435
CA-2023-141531,12/29/2023,01/02/2024,Standard Class,BG-18435
CA-2023-123625,12/29/2023,01/02/2024,Standard Class,BG-18435
US-2023-115189,12/30/2023,01/03/2024,Second Class,AR-10345
US-2023-131800,12/30/2023,01/04/2024,Standard Class,AJ-10960
US-2023-130960,12/30/2023,01/04/2024,Standard Class,KB-16600
US-2023-104738,12/30/2023,01/01/2024,Second Class,SP-20620
US-2023-131800,12/30/2023,01/04/2024,Standard Class,AJ-10960
US-2023-169789,12/30/2023,01/04/2024,Standard Class,MF-17665
US-2023-104738,12/30/2023,01/01/2024,Second Class,SP-20620
US-2023-166730,12/30/2023,01/01/2024,First Class,DD-13570
US-2023-104738,12/30/2023,01/01/2024,Second Class,SP-20620
US-2023-138072,12/30/2023,01/03/2024,Standard Class,GA-14725
US-2023-104738,12/30/2023,01/01/2024,Second Class,SP-20620
US-2023-115189,12/30/2023,01/03/2024,Second Class,AR-10345
US-2023-104738,12/30/2023,01/01/2024,Second Class,SP-20620
CA-2023-143500,12/30/2023,01/03/2024,Standard Class,HO-15230
US-2023-133592,12/31/2023,01/07/2024,Standard Class,KM-16375
US-2023-150245,12/31/2023,01/04/2024,Second Class,PC-18745
US-2023-133592,12/31/2023,01/07/2024,Standard Class,KM-16375
US-2023-143231,12/31/2023,01/03/2024,First Class,GM-14455
US-2023-111150,12/31/2023,01/04/2024,Standard Class,RW-19630
US-2023-127383,12/31/2023,01/05/2024,Standard Class,CM-11815
US-2023-157644,12/31/2023,01/01/2024,First Class,AH-10030
US-2023-133592,12/31/2023,01/07/2024,Standard Class,KM-16375
US-2023-133592,12/31/2023,01/07/2024,Standard Class,KM-16375
US-2023-111150,12/31/2023,01/04/2024,Standard Class,RW-19630
US-2023-143231,12/31/2023,01/03/2024,First Class,GM-14455
US-2023-133592,12/31/2023,01/07/2024,Standard Class,KM-16375
US-2023-157644,12/31/2023,01/01/2024,First Class,AH-10030
US-2023-133949,12/31/2023,12/31/2023,Same Day,JL-15175
US-2024-146262,01/02/2024,01/09/2024,Standard Class,VW-21775
US-2024-104514,01/02/2024,01/04/2024,Second Class,CB-12535
US-2024-146262,01/02/2024,01/09/2024,Standard Class,VW-21775
US-2024-104514,01/02/2024,01/04/2024,Second Class,CB-12535
US-2024-104514,01/02/2024,01/04/2024,Second Class,CB-12535
US-2024-146262,01/02/2024,01/09/2024,Standard Class,VW-21775
US-2024-146262,01/02/2024,01/09/2024,Standard Class,VW-21775
US-2024-146262,01/02/2024,01/09/2024,Standard Class,VW-21775
US-2024-141243,01/03/2024,01/08/2024,Second Class,AH-10465
US-2024-141243,01/03/2024,01/08/2024,Second Class,AH-10465
US-2024-121097,01/03/2024,01/08/2024,Standard Class,SF-20965
US-2024-141243,01/03/2024,01/08/2024,Second Class,AH-10465
US-2024-104241,01/04/2024,01/09/2024,Standard Class,AG-10495
US-2024-149811,01/04/2024,01/10/2024,Standard Class,CS-12250
US-2024-149811,01/04/2024,01/10/2024,Standard Class,CS-12250
US-2024-154970,01/05/2024,01/10/2024,Standard Class,SR-20740
US-2024-158701,01/05/2024,01/10/2024,Standard Class,JL-15175
US-2024-108588,01/05/2024,01/10/2024,Standard Class,BG-11695
US-2024-158701,01/05/2024,01/10/2024,Standard Class,JL-15175
US-2024-108588,01/05/2024,01/10/2024,Standard Class,BG-11695
US-2024-108588,01/05/2024,01/10/2024,Standard Class,BG-11695
US-2024-149636,01/06/2024,01/12/2024,Standard Class,SP-20620
US-2024-149636,01/06/2024,01/12/2024,Standard Class,SP-20620
US-2024-119480,01/09/2024,01/13/2024,Standard Class,CC-12685
US-2024-119480,01/09/2024,01/13/2024,Standard Class,CC-12685
US-2024-119480,01/09/2024,01/13/2024,Standard Class,CC-12685
US-2024-119480,01/09/2024,01/13/2024,Standard Class,CC-12685
US-2024-157154,01/10/2024,01/15/2024,Standard Class,MM-17920
US-2024-128608,01/12/2024,01/17/2024,Standard Class,CS-12490
US-2024-156755,01/12/2024,01/18/2024,Standard Class,YS-21880
US-2024-128608,01/12/2024,01/17/2024,Standard Class,CS-12490
US-2024-128608,01/12/2024,01/17/2024,Standard Class,CS-12490
US-2024-128608,01/12/2024,01/17/2024,Standard Class,CS-12490
US-2024-128608,01/12/2024,01/17/2024,Standard Class,CS-12490
US-2024-137526,01/13/2024,01/17/2024,Standard Class,PB-19150
US-2024-137526,01/13/2024,01/17/2024,Standard Class,PB-19150
US-2024-137526,01/13/2024,01/17/2024,Standard Class,PB-19150
US-2024-169677,01/13/2024,01/15/2024,Second Class,KS-16300
US-2024-101399,01/17/2024,01/24/2024,Standard Class,JS-15940
US-2024-152681,01/17/2024,01/22/2024,Standard Class,SC-20260
US-2024-151547,01/17/2024,01/23/2024,Standard Class,AH-10465
CA-2024-152681,01/17/2024,01/22/2024,Standard Class,SC-20260
US-2024-141250,01/19/2024,01/23/2024,Standard Class,PM-18940
US-2024-141250,01/19/2024,01/23/2024,Standard Class,PM-18940
CA-2024-115238,01/21/2024,01/24/2024,Standard Class,JW-15220
CA-2024-115238,01/21/2024,01/24/2024,Standard Class,JW-15220
CA-2024-115238,01/21/2024,01/24/2024,Standard Class,JW-15220
CA-2024-115238,01/21/2024,01/24/2024,Standard Class,JW-15220
CA-2024-115238,01/21/2024,01/24/2024,Standard Class,JW-15220
US-2024-119214,01/23/2024,01/27/2024,Standard Class,CW-11905
US-2024-119214,01/23/2024,01/27/2024,Standard Class,CW-11905
US-2024-128958,01/24/2024,01/28/2024,Standard Class,CR-12820
US-2024-109603,01/26/2024,02/01/2024,Standard Class,EM-13825
US-2024-168746,01/27/2024,01/29/2024,Second Class,SV-20365
US-2024-164777,01/27/2024,01/29/2024,First Class,SC-20305
US-2024-168746,01/27/2024,01/29/2024,Second Class,SV-20365
US-2024-168746,01/27/2024,01/29/2024,Second Class,SV-20365
US-2024-116638,01/28/2024,01/31/2024,Second Class,JH-15985
US-2024-121797,01/30/2024,02/06/2024,Standard Class,CC-12145
US-2024-145401,01/30/2024,02/04/2024,Standard Class,JP-15520
US-2024-121797,01/30/2024,02/06/2024,Standard Class,CC-12145
US-2024-149587,01/31/2024,02/05/2024,Second Class,KB-16315
US-2024-149587,01/31/2024,02/05/2024,Second Class,KB-16315
US-2024-149587,01/31/2024,02/05/2024,Second Class,KB-16315
US-2024-127327,02/03/2024,02/07/2024,Standard Class,PW-19030
US-2024-140921,02/03/2024,02/05/2024,First Class,AA-10375
US-2024-157959,02/03/2024,02/04/2024,First Class,RW-19540
US-2024-132633,02/03/2024,02/05/2024,Second Class,KH-16630
US-2024-103093,02/03/2024,02/07/2024,Standard Class,FO-14305
US-2024-140921,02/03/2024,02/05/2024,First Class,AA-10375
US-2024-156482,02/06/2024,02/13/2024,Standard Class,IL-15100
US-2024-156482,02/06/2024,02/13/2024,Standard Class,IL-15100
US-2024-156482,02/06/2024,02/13/2024,Standard Class,IL-15100
US-2024-111507,02/06/2024,02/13/2024,Standard Class,VW-21775
US-2024-137064,02/06/2024,02/13/2024,Standard Class,TS-21655
US-2024-104038,02/06/2024,02/08/2024,First Class,LO-17170
US-2024-104038,02/06/2024,02/08/2024,First Class,LO-17170
US-2024-137064,02/06/2024,02/13/2024,Standard Class,TS-21655
US-2024-137064,02/06/2024,02/13/2024,Standard Class,TS-21655
US-2024-147529,02/07/2024,02/11/2024,Standard Class,DK-12835
US-2024-147529,02/07/2024,02/11/2024,Standard Class,DK-12835
US-2024-130491,02/08/2024,02/11/2024,First Class,BH-11710
US-2024-130491,02/08/2024,02/11/2024,First Class,BH-11710
US-2024-130491,02/08/2024,02/11/2024,First Class,BH-11710
US-2024-114923,02/08/2024,02/13/2024,Standard Class,LH-17020
US-2024-146038,02/09/2024,02/16/2024,Standard Class,SJ-20215
US-2024-135391,02/09/2024,02/11/2024,Second Class,FA-14230
US-2024-135391,02/09/2024,02/11/2024,Second Class,FA-14230
US-2024-101007,02/09/2024,02/13/2024,Second Class,MS-17980
US-2024-153374,02/09/2024,02/13/2024,Second Class,JF-15565
US-2024-101126,02/10/2024,02/14/2024,Second Class,NB-18655
US-2024-147662,02/14/2024,02/19/2024,Standard Class,KB-16315
US-2024-147662,02/14/2024,02/19/2024,Standard Class,KB-16315
US-2024-147662,02/14/2024,02/19/2024,Standard Class,KB-16315
US-2024-116876,02/14/2024,02/21/2024,Standard Class,TT-21070
US-2024-147662,02/14/2024,02/19/2024,Standard Class,KB-16315
US-2024-116876,02/14/2024,02/21/2024,Standard Class,TT-21070
US-2024-147662,02/14/2024,02/19/2024,Standard Class,KB-16315
US-2024-116092,02/15/2024,02/18/2024,Second Class,JM-16195
US-2024-116092,02/15/2024,02/18/2024,Second Class,JM-16195
US-2024-116092,02/15/2024,02/18/2024,Second Class,JM-16195
US-2024-116092,02/15/2024,02/18/2024,Second Class,JM-16195
US-2024-116092,02/15/2024,02/18/2024,Second Class,JM-16195
US-2024-154326,02/15/2024,02/19/2024,Standard Class,RP-19855
US-2024-154326,02/15/2024,02/19/2024,Standard Class,RP-19855
US-2024-154326,02/15/2024,02/19/2024,Standard Class,RP-19855
US-2024-121776,02/16/2024,02/21/2024,Standard Class,RD-19585
US-2024-121776,02/16/2024,02/21/2024,Standard Class,RD-19585
US-2024-156923,02/16/2024,02/20/2024,Standard Class,SP-20860
US-2024-105725,02/18/2024,02/24/2024,Standard Class,GT-14755
US-2024-111234,02/18/2024,02/22/2024,Standard Class,AB-10600
US-2024-105725,02/18/2024,02/24/2024,Standard Class,GT-14755
US-2024-152611,02/20/2024,02/23/2024,Second Class,KA-16525
US-2024-169740,02/20/2024,02/25/2024,Standard Class,LM-17065
US-2024-162782,02/21/2024,02/27/2024,Standard Class,PW-19240
US-2024-129770,02/21/2024,02/23/2024,Second Class,JE-15715
US-2024-132374,02/22/2024,02/24/2024,Second Class,PS-19045
US-2024-132276,02/23/2024,02/28/2024,Standard Class,LC-16960
US-2024-132276,02/23/2024,02/28/2024,Standard Class,LC-16960
US-2024-154900,02/25/2024,03/01/2024,Standard Class,SS-20875
US-2024-154900,02/25/2024,03/01/2024,Standard Class,SS-20875
US-2024-104129,02/27/2024,03/02/2024,Standard Class,ES-14080
US-2024-111325,02/27/2024,02/28/2024,First Class,BT-11395
US-2024-111325,02/27/2024,02/28/2024,First Class,BT-11395
US-2024-138485,02/27/2024,03/01/2024,Second Class,NP-18670
US-2024-104129,02/27/2024,03/02/2024,Standard Class,ES-14080
US-2024-145436,02/28/2024,03/04/2024,Standard Class,VD-21670
US-2024-145436,02/28/2024,03/04/2024,Standard Class,VD-21670
US-2024-133585,03/01/2024,03/04/2024,First Class,CM-12715
US-2024-102316,03/01/2024,03/03/2024,Second Class,DH-13075
US-2024-133494,03/01/2024,03/05/2024,Standard Class,RP-19390
US-2024-133585,03/01/2024,03/04/2024,First Class,CM-12715
US-2024-153325,03/01/2024,03/02/2024,Second Class,ST-20530
US-2024-102316,03/01/2024,03/03/2024,Second Class,DH-13075
US-2024-104052,03/01/2024,03/02/2024,First Class,TP-21565
US-2024-110457,03/02/2024,03/06/2024,Standard Class,DK-13090
US-2024-105970,03/02/2024,03/07/2024,Standard Class,PA-19060
US-2024-105970,03/02/2024,03/07/2024,Standard Class,PA-19060
US-2024-109512,03/05/2024,03/05/2024,Same Day,LF-17185
US-2024-125185,03/05/2024,03/07/2024,Second Class,AH-10195
US-2024-140221,03/05/2024,03/09/2024,Second Class,MS-17365
US-2024-125185,03/05/2024,03/07/2024,Second Class,AH-10195
US-2024-140221,03/05/2024,03/09/2024,Second Class,MS-17365
US-2024-153108,03/05/2024,03/09/2024,Standard Class,SF-20200
US-2024-140221,03/05/2024,03/09/2024,Second Class,MS-17365
US-2024-109001,03/05/2024,03/09/2024,Standard Class,KN-16390
US-2024-109512,03/05/2024,03/05/2024,Same Day,LF-17185
US-2024-151785,03/05/2024,03/10/2024,Standard Class,JJ-15445
US-2024-109512,03/05/2024,03/05/2024,Same Day,LF-17185
US-2024-140221,03/05/2024,03/09/2024,Second Class,MS-17365
US-2024-109001,03/05/2024,03/09/2024,Standard Class,KN-16390
US-2024-120320,03/05/2024,03/09/2024,Standard Class,MV-18190
US-2024-109001,03/05/2024,03/09/2024,Standard Class,KN-16390
US-2024-153108,03/05/2024,03/09/2024,Standard Class,SF-20200
US-2024-142944,03/06/2024,03/11/2024,Standard Class,JL-15850
US-2024-142944,03/06/2024,03/11/2024,Standard Class,JL-15850
US-2024-146255,03/07/2024,03/10/2024,First Class,EM-14140
US-2024-146255,03/07/2024,03/10/2024,First Class,EM-14140
US-2024-146255,03/07/2024,03/10/2024,First Class,EM-14140
US-2024-146255,03/07/2024,03/10/2024,First Class,EM-14140
US-2024-105627,03/08/2024,03/12/2024,Standard Class,DK-12895
US-2024-105627,03/08/2024,03/12/2024,Standard Class,DK-12895
US-2024-105627,03/08/2024,03/12/2024,Standard Class,DK-12895
US-2024-107741,03/08/2024,03/10/2024,First Class,FC-14335
US-2024-105627,03/08/2024,03/12/2024,Standard Class,DK-12895
US-2024-132136,03/08/2024,03/12/2024,Standard Class,FO-14305
US-2024-160213,03/08/2024,03/13/2024,Standard Class,AR-10825
US-2024-105627,03/08/2024,03/12/2024,Standard Class,DK-12895
US-2024-110345,03/09/2024,03/11/2024,Second Class,TG-21310
US-2024-123155,03/09/2024,03/12/2024,First Class,NS-18640
US-2024-123155,03/09/2024,03/12/2024,First Class,NS-18640
US-2024-146829,03/10/2024,03/10/2024,Same Day,TS-21340
US-2024-118906,03/10/2024,03/10/2024,Same Day,KB-16585
US-2024-128083,03/12/2024,03/17/2024,Standard Class,EB-13750
US-2024-128083,03/12/2024,03/17/2024,Standard Class,EB-13750
US-2024-128083,03/12/2024,03/17/2024,Standard Class,EB-13750
US-2024-148705,03/12/2024,03/18/2024,Standard Class,EB-14170
US-2024-114237,03/13/2024,03/15/2024,First Class,MC-17275
US-2024-139675,03/13/2024,03/18/2024,Second Class,NF-18595
US-2024-139675,03/13/2024,03/18/2024,Second Class,NF-18595
CA-2024-139675,03/13/2024,03/18/2024,Second Class,NF-18595
CA-2024-139675,03/13/2024,03/18/2024,Second Class,NF-18595
US-2024-163587,03/14/2024,03/18/2024,Standard Class,EP-13915
US-2024-163587,03/14/2024,03/18/2024,Standard Class,EP-13915
US-2024-167479,03/14/2024,03/19/2024,Standard Class,AI-10855
US-2024-155124,03/15/2024,03/21/2024,Standard Class,KS-16300
US-2024-144722,03/16/2024,03/23/2024,Standard Class,MF-18250
US-2024-112116,03/16/2024,03/18/2024,Second Class,JE-15475
US-2024-145352,03/16/2024,03/22/2024,Standard Class,CM-12385
US-2024-150231,03/16/2024,03/20/2024,Second Class,JK-15640
US-2024-145352,03/16/2024,03/22/2024,Standard Class,CM-12385
US-2024-145352,03/16/2024,03/22/2024,Standard Class,CM-12385
US-2024-134257,03/16/2024,03/19/2024,Second Class,MS-17710
US-2024-134257,03/16/2024,03/19/2024,Second Class,MS-17710
US-2024-145352,03/16/2024,03/22/2024,Standard Class,CM-12385
US-2024-153906,03/16/2024,03/20/2024,Standard Class,MS-17980
US-2024-110632,03/17/2024,03/22/2024,Second Class,HR-14830
US-2024-110632,03/17/2024,03/22/2024,Second Class,HR-14830
US-2024-168088,03/19/2024,03/22/2024,First Class,CM-12655
US-2024-113110,03/19/2024,03/23/2024,Standard Class,BK-11260
US-2024-149993,03/19/2024,03/20/2024,First Class,GA-14725
US-2024-113110,03/19/2024,03/23/2024,Standard Class,BK-11260
US-2024-168088,03/19/2024,03/22/2024,First Class,CM-12655
US-2024-143532,03/19/2024,03/24/2024,Standard Class,DC-12850
US-2024-163104,03/19/2024,03/26/2024,Standard Class,MC-18130
US-2024-113110,03/19/2024,03/23/2024,Standard Class,BK-11260
US-2024-111829,03/19/2024,03/20/2024,First Class,FH-14365
US-2024-111829,03/19/2024,03/20/2024,First Class,FH-14365
US-2024-113110,03/19/2024,03/23/2024,Standard Class,BK-11260
US-2024-111829,03/19/2024,03/20/2024,First Class,FH-14365
US-2024-132101,03/19/2024,03/25/2024,Standard Class,JO-15550
US-2024-127607,03/20/2024,03/26/2024,Standard Class,JK-15730
US-2024-159534,03/20/2024,03/23/2024,First Class,DH-13075
US-2024-159534,03/20/2024,03/23/2024,First Class,DH-13075
US-2024-159534,03/20/2024,03/23/2024,First Class,DH-13075
US-2024-127607,03/20/2024,03/26/2024,Standard Class,JK-15730
US-2024-106565,03/20/2024,03/23/2024,First Class,BW-11110
US-2024-159534,03/20/2024,03/23/2024,First Class,DH-13075
US-2024-165813,03/20/2024,03/22/2024,Second Class,BM-11785
US-2024-159534,03/20/2024,03/23/2024,First Class,DH-13075
US-2024-120621,03/21/2024,03/26/2024,Standard Class,JW-16075
US-2024-120621,03/21/2024,03/26/2024,Standard Class,JW-16075
US-2024-120621,03/21/2024,03/26/2024,Standard Class,JW-16075
CA-2024-150547,03/21/2024,03/26/2024,Standard Class,FG-14260
US-2024-163279,03/22/2024,03/26/2024,Standard Class,JD-16150
US-2024-121552,03/22/2024,03/27/2024,Standard Class,FW-14395
US-2024-157812,03/22/2024,03/26/2024,Standard Class,DB-13210
US-2024-163279,03/22/2024,03/26/2024,Standard Class,JD-16150
US-2024-157812,03/22/2024,03/26/2024,Standard Class,DB-13210
US-2024-117884,03/22/2024,03/22/2024,Same Day,DC-13285
US-2024-157812,03/22/2024,03/26/2024,Standard Class,DB-13210
US-2024-117884,03/22/2024,03/22/2024,Same Day,DC-13285
US-2024-163440,03/22/2024,03/24/2024,First Class,RD-19900
US-2024-163279,03/22/2024,03/26/2024,Standard Class,JD-16150
US-2024-125374,03/23/2024,03/29/2024,Standard Class,JD-16060
US-2024-130218,03/23/2024,03/26/2024,First Class,SG-20470
US-2024-138219,03/23/2024,03/30/2024,Standard Class,BP-11095
US-2024-107944,03/23/2024,03/25/2024,First Class,AM-10360
US-2024-130218,03/23/2024,03/26/2024,First Class,SG-20470
US-2024-107944,03/23/2024,03/25/2024,First Class,AM-10360
US-2024-118423,03/24/2024,03/27/2024,First Class,DP-13390
US-2024-145457,03/24/2024,03/27/2024,Second Class,CP-12085
US-2024-112508,03/24/2024,03/30/2024,Standard Class,BP-11185
US-2024-164301,03/26/2024,03/30/2024,Standard Class,EB-13840
US-2024-116981,03/26/2024,03/28/2024,Second Class,SM-20950
US-2024-103793,03/26/2024,03/31/2024,Standard Class,BV-11245
US-2024-167374,03/26/2024,03/30/2024,Second Class,GM-14500
US-2024-116981,03/26/2024,03/28/2024,Second Class,SM-20950
US-2024-167374,03/26/2024,03/30/2024,Second Class,GM-14500
US-2024-132948,03/27/2024,04/03/2024,Standard Class,MV-17485
US-2024-133536,03/28/2024,03/30/2024,Second Class,JH-15820
US-2024-135363,03/28/2024,04/02/2024,Standard Class,CK-12205
US-2024-131534,03/28/2024,04/02/2024,Standard Class,AB-10165
US-2024-135363,03/28/2024,04/02/2024,Standard Class,CK-12205
US-2024-131534,03/28/2024,04/02/2024,Standard Class,AB-10165
US-2024-153549,03/29/2024,03/31/2024,Second Class,SL-20155
US-2024-103996,03/29/2024,03/31/2024,Second Class,RB-19435
US-2024-121272,03/29/2024,04/04/2024,Standard Class,DO-13435
US-2024-150749,03/29/2024,04/03/2024,Second Class,AS-10240
US-2024-103996,03/29/2024,03/31/2024,Second Class,RB-19435
US-2024-103996,03/29/2024,03/31/2024,Second Class,RB-19435
US-2024-105361,03/29/2024,04/04/2024,Standard Class,CM-12115
US-2024-103996,03/29/2024,03/31/2024,Second Class,RB-19435
US-2024-104871,03/30/2024,04/03/2024,Standard Class,DR-12940
US-2024-121405,03/30/2024,04/04/2024,Standard Class,FC-14335
US-2024-121405,03/30/2024,04/04/2024,Standard Class,FC-14335
US-2024-128125,03/31/2024,04/05/2024,Standard Class,EB-13705
US-2024-128125,03/31/2024,04/05/2024,Standard Class,EB-13705
US-2024-137106,03/31/2024,04/04/2024,Standard Class,SC-20260
US-2024-122140,04/02/2024,04/07/2024,Standard Class,MO-17950
US-2024-136378,04/02/2024,04/07/2024,Standard Class,CS-11845
US-2024-122140,04/02/2024,04/07/2024,Standard Class,MO-17950
US-2024-122140,04/02/2024,04/07/2024,Standard Class,MO-17950
US-2024-159513,04/02/2024,04/09/2024,Standard Class,JD-15790
US-2024-142811,04/02/2024,04/07/2024,Standard Class,JL-15850
US-2024-110667,04/04/2024,04/08/2024,Standard Class,NF-18595
US-2024-112452,04/04/2024,04/04/2024,Same Day,NC-18340
US-2024-110667,04/04/2024,04/08/2024,Standard Class,NF-18595
US-2024-110667,04/04/2024,04/08/2024,Standard Class,NF-18595
US-2024-112452,04/04/2024,04/04/2024,Same Day,NC-18340
US-2024-110667,04/04/2024,04/08/2024,Standard Class,NF-18595
US-2024-112452,04/04/2024,04/04/2024,Same Day,NC-18340
US-2024-112452,04/04/2024,04/04/2024,Same Day,NC-18340
US-2024-112452,04/04/2024,04/04/2024,Same Day,NC-18340
US-2024-167010,04/05/2024,04/10/2024,Standard Class,VT-21700
US-2024-161452,04/05/2024,04/11/2024,Standard Class,CA-11965
US-2024-167010,04/05/2024,04/10/2024,Standard Class,VT-21700
US-2024-167010,04/05/2024,04/10/2024,Standard Class,VT-21700
US-2024-167010,04/05/2024,04/10/2024,Standard Class,VT-21700
US-2024-102855,04/05/2024,04/06/2024,Same Day,JF-15415
US-2024-167010,04/05/2024,04/10/2024,Standard Class,VT-21700
US-2024-136476,04/05/2024,04/10/2024,Standard Class,GG-14650
US-2024-119942,04/05/2024,04/07/2024,First Class,TT-21070
US-2024-167010,04/05/2024,04/10/2024,Standard Class,VT-21700
US-2024-102855,04/05/2024,04/06/2024,Same Day,JF-15415
US-2024-167010,04/05/2024,04/10/2024,Standard Class,VT-21700
US-2024-167010,04/05/2024,04/10/2024,Standard Class,VT-21700
US-2024-124541,04/06/2024,04/10/2024,Standard Class,TT-21220
US-2024-124541,04/06/2024,04/10/2024,Standard Class,TT-21220
US-2024-124541,04/06/2024,04/10/2024,Standard Class,TT-21220
US-2024-100888,04/06/2024,04/10/2024,Standard Class,MH-17455
US-2024-124541,04/06/2024,04/10/2024,Standard Class,TT-21220
US-2024-124541,04/06/2024,04/10/2024,Standard Class,TT-21220
US-2024-140025,04/07/2024,04/11/2024,Standard Class,PF-19120
US-2024-130554,04/07/2024,04/09/2024,First Class,FM-14290
US-2024-166492,04/07/2024,04/10/2024,First Class,RP-19390
US-2024-166492,04/07/2024,04/10/2024,First Class,RP-19390
US-2024-140025,04/07/2024,04/11/2024,Standard Class,PF-19120
US-2024-142027,04/09/2024,04/14/2024,Standard Class,JK-15370
US-2024-101000,04/09/2024,04/14/2024,Standard Class,IG-15085
US-2024-116512,04/09/2024,04/14/2024,Standard Class,MC-18100
US-2024-134201,04/10/2024,04/16/2024,Standard Class,EH-14125
US-2024-168767,04/10/2024,04/15/2024,Standard Class,DM-12955
US-2024-134201,04/10/2024,04/16/2024,Standard Class,EH-14125
US-2024-125563,04/11/2024,04/17/2024,Standard Class,PR-18880
US-2024-125563,04/11/2024,04/17/2024,Standard Class,PR-18880
US-2024-111164,04/11/2024,04/15/2024,Standard Class,SE-20110
US-2024-136987,04/11/2024,04/14/2024,Second Class,AR-10540
US-2024-111164,04/11/2024,04/15/2024,Standard Class,SE-20110
US-2024-136987,04/11/2024,04/14/2024,Second Class,AR-10540
US-2024-111164,04/11/2024,04/15/2024,Standard Class,SE-20110
US-2024-145415,04/12/2024,04/17/2024,Second Class,RD-19660
US-2024-120502,04/13/2024,04/19/2024,Standard Class,BT-11395
US-2024-168704,04/13/2024,04/17/2024,Standard Class,FP-14320
US-2024-106257,04/13/2024,04/17/2024,Second Class,EB-14110
US-2024-168704,04/13/2024,04/17/2024,Standard Class,FP-14320
US-2024-133452,04/13/2024,04/19/2024,Standard Class,ZC-21910
US-2024-120502,04/13/2024,04/19/2024,Standard Class,BT-11395
US-2024-120551,04/13/2024,04/20/2024,Standard Class,SS-20590
US-2024-100216,04/13/2024,04/14/2024,First Class,HJ-14875
US-2024-100216,04/13/2024,04/14/2024,First Class,HJ-14875
US-2024-133837,04/13/2024,04/18/2024,Standard Class,TH-21100
US-2024-149678,04/13/2024,04/15/2024,Second Class,AW-10840
US-2024-133452,04/13/2024,04/19/2024,Standard Class,ZC-21910
US-2024-168704,04/13/2024,04/17/2024,Standard Class,FP-14320
US-2024-106257,04/13/2024,04/17/2024,Second Class,EB-14110
US-2024-120502,04/13/2024,04/19/2024,Standard Class,BT-11395
US-2024-116841,04/14/2024,04/18/2024,Standard Class,TP-21130
US-2024-137974,04/16/2024,04/18/2024,First Class,LL-16840
US-2024-142734,04/16/2024,04/21/2024,Standard Class,DM-13345
US-2024-137974,04/16/2024,04/18/2024,First Class,LL-16840
US-2024-161263,04/16/2024,04/21/2024,Standard Class,TS-21160
US-2024-161263,04/16/2024,04/21/2024,Standard Class,TS-21160
US-2024-137974,04/16/2024,04/18/2024,First Class,LL-16840
US-2024-161263,04/16/2024,04/21/2024,Standard Class,TS-21160
US-2024-106215,04/16/2024,04/21/2024,Standard Class,BN-11470
US-2024-161263,04/16/2024,04/21/2024,Standard Class,TS-21160
US-2024-161263,04/16/2024,04/21/2024,Standard Class,TS-21160
US-2024-146675,04/16/2024,04/20/2024,Standard Class,SB-20185
US-2024-146675,04/16/2024,04/20/2024,Standard Class,SB-20185
US-2024-137974,04/16/2024,04/18/2024,First Class,LL-16840
US-2024-161263,04/16/2024,04/21/2024,Standard Class,TS-21160
US-2024-155306,04/17/2024,04/21/2024,Standard Class,GA-14515
US-2024-148712,04/17/2024,04/23/2024,Standard Class,JM-15535
US-2024-155306,04/17/2024,04/21/2024,Standard Class,GA-14515
US-2024-148712,04/17/2024,04/23/2024,Standard Class,JM-15535
US-2024-155306,04/17/2024,04/21/2024,Standard Class,GA-14515
US-2024-155306,04/17/2024,04/21/2024,Standard Class,GA-14515
US-2024-148712,04/17/2024,04/23/2024,Standard Class,JM-15535
US-2024-155306,04/17/2024,04/21/2024,Standard Class,GA-14515
US-2024-163433,04/18/2024,04/22/2024,Second Class,MP-17965
US-2024-115742,04/18/2024,04/22/2024,Standard Class,DP-13000
US-2024-115742,04/18/2024,04/22/2024,Standard Class,DP-13000
US-2024-163433,04/18/2024,04/22/2024,Second Class,MP-17965
US-2024-163433,04/18/2024,04/22/2024,Second Class,MP-17965
US-2024-163433,04/18/2024,04/22/2024,Second Class,MP-17965
US-2024-163433,04/18/2024,04/22/2024,Second Class,MP-17965
US-2024-115742,04/18/2024,04/22/2024,Standard Class,DP-13000
US-2024-115742,04/18/2024,04/22/2024,Standard Class,DP-13000
US-2024-134271,04/18/2024,04/23/2024,Second Class,RF-19735
US-2024-142601,04/18/2024,04/20/2024,Second Class,DE-13255
US-2024-163433,04/18/2024,04/22/2024,Second Class,MP-17965
US-2024-113593,04/18/2024,04/20/2024,First Class,NC-18415
US-2024-142601,04/18/2024,04/20/2024,Second Class,DE-13255
US-2024-102722,04/18/2024,04/19/2024,First Class,KW-16570
US-2024-163433,04/18/2024,04/22/2024,Second Class,MP-17965
US-2024-163433,04/18/2024,04/22/2024,Second Class,MP-17965
US-2024-163433,04/18/2024,04/22/2024,Second Class,MP-17965
US-2024-155369,04/19/2024,04/25/2024,Standard Class,PG-18820
US-2024-155369,04/19/2024,04/25/2024,Standard Class,PG-18820
US-2024-149342,04/20/2024,04/25/2024,Standard Class,TS-21160
US-2024-109169,04/20/2024,04/24/2024,Standard Class,OT-18730
US-2024-149342,04/20/2024,04/25/2024,Standard Class,TS-21160
US-2024-142433,04/20/2024,04/25/2024,Standard Class,ES-14020
US-2024-149342,04/20/2024,04/25/2024,Standard Class,TS-21160
US-2024-107678,04/21/2024,04/28/2024,Standard Class,JK-16090
US-2024-107678,04/21/2024,04/28/2024,Standard Class,JK-16090
US-2024-107678,04/21/2024,04/28/2024,Standard Class,JK-16090
US-2024-107678,04/21/2024,04/28/2024,Standard Class,JK-16090
US-2024-151253,04/22/2024,04/26/2024,Standard Class,AZ-10750
US-2024-151253,04/22/2024,04/26/2024,Standard Class,AZ-10750
US-2024-118227,04/24/2024,04/28/2024,Standard Class,DB-13270
US-2024-130365,04/25/2024,04/29/2024,Standard Class,ZC-21910
US-2024-153878,04/25/2024,04/30/2024,Standard Class,TS-21655
US-2024-112557,04/25/2024,04/28/2024,First Class,JL-15850
US-2024-153878,04/25/2024,04/30/2024,Standard Class,TS-21655
US-2024-143602,04/25/2024,04/28/2024,Second Class,JS-15595
US-2024-115420,04/25/2024,05/02/2024,Standard Class,LS-16945
US-2024-130365,04/25/2024,04/29/2024,Standard Class,ZC-21910
US-2024-134026,04/26/2024,05/02/2024,Standard Class,JE-15745
US-2024-137302,04/26/2024,05/01/2024,Standard Class,BW-11110
US-2024-114839,04/26/2024,04/30/2024,Standard Class,PW-19240
US-2024-134026,04/26/2024,05/02/2024,Standard Class,JE-15745
US-2024-122266,04/26/2024,04/30/2024,Standard Class,SA-20830
US-2024-137302,04/26/2024,05/01/2024,Standard Class,BW-11110
US-2024-122266,04/26/2024,04/30/2024,Standard Class,SA-20830
US-2024-137302,04/26/2024,05/01/2024,Standard Class,BW-11110
US-2024-134026,04/26/2024,05/02/2024,Standard Class,JE-15745
US-2024-137302,04/26/2024,05/01/2024,Standard Class,BW-11110
US-2024-124450,04/27/2024,05/03/2024,Standard Class,GT-14710
US-2024-151841,04/27/2024,05/02/2024,Standard Class,TC-21475
US-2024-124450,04/27/2024,05/03/2024,Standard Class,GT-14710
US-2024-151841,04/27/2024,05/02/2024,Standard Class,TC-21475
US-2024-124450,04/27/2024,05/03/2024,Standard Class,GT-14710
US-2024-130792,04/28/2024,05/05/2024,Standard Class,RA-19915
US-2024-120782,04/28/2024,05/01/2024,First Class,SD-20485
US-2024-130792,04/28/2024,05/05/2024,Standard Class,RA-19915
US-2024-120782,04/28/2024,05/01/2024,First Class,SD-20485
US-2024-130792,04/28/2024,05/05/2024,Standard Class,RA-19915
US-2024-157434,04/29/2024,05/04/2024,Second Class,JK-15640
US-2024-164175,04/30/2024,05/05/2024,Standard Class,PS-18970
US-2024-115238,04/30/2024,05/04/2024,Standard Class,JW-15220
US-2024-115238,04/30/2024,05/04/2024,Standard Class,JW-15220
US-2024-115238,04/30/2024,05/04/2024,Standard Class,JW-15220
US-2024-103716,04/30/2024,05/06/2024,Standard Class,KB-16585
US-2024-115238,04/30/2024,05/04/2024,Standard Class,JW-15220
US-2024-103716,04/30/2024,05/06/2024,Standard Class,KB-16585
US-2024-115238,04/30/2024,05/04/2024,Standard Class,JW-15220
US-2024-135174,04/30/2024,05/02/2024,Second Class,BP-11230
US-2024-161998,05/01/2024,05/05/2024,Standard Class,DB-13120
US-2024-161998,05/01/2024,05/05/2024,Standard Class,DB-13120
US-2024-104486,05/01/2024,05/06/2024,Standard Class,PO-18850
US-2024-104486,05/01/2024,05/06/2024,Standard Class,PO-18850
US-2024-104486,05/01/2024,05/06/2024,Standard Class,PO-18850
US-2024-161998,05/01/2024,05/05/2024,Standard Class,DB-13120
US-2024-145821,05/01/2024,05/07/2024,Standard Class,JB-15400
US-2024-116687,05/02/2024,05/07/2024,Standard Class,NC-18625
US-2024-116687,05/02/2024,05/07/2024,Standard Class,NC-18625
US-2024-112130,05/03/2024,05/07/2024,Standard Class,SV-20785
US-2024-107937,05/03/2024,05/08/2024,Standard Class,JB-16045
US-2024-112130,05/03/2024,05/07/2024,Standard Class,SV-20785
US-2024-112130,05/03/2024,05/07/2024,Standard Class,SV-20785
US-2024-150770,05/03/2024,05/06/2024,First Class,LC-16870
US-2024-112130,05/03/2024,05/07/2024,Standard Class,SV-20785
US-2024-150770,05/03/2024,05/06/2024,First Class,LC-16870
US-2024-150770,05/03/2024,05/06/2024,First Class,LC-16870
US-2024-160864,05/03/2024,05/06/2024,First Class,NF-18595
US-2024-112130,05/03/2024,05/07/2024,Standard Class,SV-20785
US-2024-112130,05/03/2024,05/07/2024,Standard Class,SV-20785
US-2024-150770,05/03/2024,05/06/2024,First Class,LC-16870
US-2024-112130,05/03/2024,05/07/2024,Standard Class,SV-20785
US-2024-129700,05/04/2024,05/05/2024,First Class,LA-16780
US-2024-144253,05/04/2024,05/09/2024,Second Class,AS-10225
US-2024-146290,05/04/2024,05/11/2024,Standard Class,SV-20815
US-2024-110548,05/04/2024,05/08/2024,Standard Class,AH-10690
US-2024-137512,05/07/2024,05/12/2024,Standard Class,AG-10675
US-2024-137512,05/07/2024,05/12/2024,Standard Class,AG-10675
US-2024-147879,05/07/2024,05/12/2024,Standard Class,CC-12220
CA-2024-132548,05/07/2024,05/12/2024,Standard Class,CT-11995
CA-2024-132548,05/07/2024,05/12/2024,Standard Class,CT-11995
CA-2024-132548,05/07/2024,05/12/2024,Standard Class,CT-11995
CA-2024-132548,05/07/2024,05/12/2024,Standard Class,CT-11995
US-2024-160857,05/08/2024,05/15/2024,Standard Class,NW-18400
US-2024-136798,05/08/2024,05/12/2024,Standard Class,DL-12925
US-2024-160857,05/08/2024,05/15/2024,Standard Class,NW-18400
US-2024-113971,05/08/2024,05/14/2024,Standard Class,CB-12535
US-2024-109939,05/08/2024,05/12/2024,Standard Class,AA-10375
US-2024-136798,05/08/2024,05/12/2024,Standard Class,DL-12925
US-2024-160857,05/08/2024,05/15/2024,Standard Class,NW-18400
US-2024-142055,05/08/2024,05/10/2024,First Class,AB-10255
US-2024-160857,05/08/2024,05/15/2024,Standard Class,NW-18400
US-2024-160857,05/08/2024,05/15/2024,Standard Class,NW-18400
US-2024-136798,05/08/2024,05/12/2024,Standard Class,DL-12925
US-2024-155635,05/09/2024,05/13/2024,Standard Class,ME-17725
US-2024-129217,05/10/2024,05/10/2024,Same Day,DP-13390
US-2024-129217,05/10/2024,05/10/2024,Same Day,DP-13390
US-2024-144043,05/10/2024,05/15/2024,Standard Class,AB-10165
US-2024-135727,05/11/2024,05/16/2024,Second Class,PS-18970
US-2024-131856,05/12/2024,05/17/2024,Standard Class,JG-15160
US-2024-162607,05/12/2024,05/18/2024,Standard Class,RO-19780
US-2024-131856,05/12/2024,05/17/2024,Standard Class,JG-15160
US-2024-159380,05/12/2024,05/16/2024,Standard Class,CS-12505
US-2024-159380,05/12/2024,05/16/2024,Standard Class,CS-12505
US-2024-130876,05/12/2024,05/16/2024,Second Class,AZ-10750
US-2024-122910,05/12/2024,05/16/2024,Standard Class,LT-16765
US-2024-131856,05/12/2024,05/17/2024,Standard Class,JG-15160
US-2024-145835,05/13/2024,05/18/2024,Second Class,BF-11170
US-2024-145835,05/13/2024,05/18/2024,Second Class,BF-11170
US-2024-100146,05/14/2024,05/19/2024,Standard Class,CB-12535
US-2024-100146,05/14/2024,05/19/2024,Standard Class,CB-12535
US-2024-100146,05/14/2024,05/19/2024,Standard Class,CB-12535
US-2024-100146,05/14/2024,05/19/2024,Standard Class,CB-12535
US-2024-119291,05/14/2024,05/17/2024,First Class,JO-15550
US-2024-119291,05/14/2024,05/17/2024,First Class,JO-15550
US-2024-119291,05/14/2024,05/17/2024,First Class,JO-15550
US-2024-119291,05/14/2024,05/17/2024,First Class,JO-15550
US-2024-119291,05/14/2024,05/17/2024,First Class,JO-15550
US-2024-119291,05/14/2024,05/17/2024,First Class,JO-15550
US-2024-119291,05/14/2024,05/17/2024,First Class,JO-15550
US-2024-165162,05/14/2024,05/21/2024,Standard Class,HG-15025
US-2024-166604,05/15/2024,05/20/2024,Second Class,AH-10690
US-2024-138492,05/15/2024,05/22/2024,Standard Class,FC-14335
US-2024-100769,05/16/2024,05/16/2024,Same Day,TH-21550
US-2024-117184,05/17/2024,05/21/2024,Standard Class,ON-18715
US-2024-100251,05/17/2024,05/23/2024,Standard Class,DV-13465
US-2024-117184,05/17/2024,05/21/2024,Standard Class,ON-18715
US-2024-100251,05/17/2024,05/23/2024,Standard Class,DV-13465
US-2024-165554,05/18/2024,05/22/2024,Standard Class,AJ-10780
US-2024-153535,05/20/2024,05/24/2024,Standard Class,SG-20470
US-2024-153535,05/20/2024,05/24/2024,Standard Class,SG-20470
US-2024-168914,05/21/2024,05/27/2024,Standard Class,JE-15745
US-2024-102806,05/21/2024,05/28/2024,Standard Class,HG-14965
US-2024-169278,05/21/2024,05/25/2024,Standard Class,ME-18010
US-2024-149846,05/22/2024,05/26/2024,Standard Class,SB-20185
US-2024-149846,05/22/2024,05/26/2024,Standard Class,SB-20185
US-2024-149846,05/22/2024,05/26/2024,Standard Class,SB-20185
US-2024-149846,05/22/2024,05/26/2024,Standard Class,SB-20185
US-2024-136805,05/23/2024,05/27/2024,Second Class,NM-18445
US-2024-136805,05/23/2024,05/27/2024,Second Class,NM-18445
US-2024-110569,05/23/2024,05/30/2024,Standard Class,EB-13870
US-2024-110569,05/23/2024,05/30/2024,Standard Class,EB-13870
US-2024-154921,05/23/2024,05/28/2024,Standard Class,EA-14035
US-2024-119102,05/23/2024,05/27/2024,Standard Class,KH-16690
US-2024-165512,05/24/2024,05/26/2024,Second Class,VS-21820
US-2024-165512,05/24/2024,05/26/2024,Second Class,VS-21820
US-2024-141768,05/25/2024,05/27/2024,Second Class,NP-18685
US-2024-138898,05/25/2024,05/29/2024,Standard Class,JH-16180
US-2024-152128,05/25/2024,05/27/2024,Second Class,NM-18445
US-2024-152128,05/25/2024,05/27/2024,Second Class,NM-18445
US-2024-132941,05/25/2024,05/28/2024,First Class,MM-18280
US-2024-132941,05/25/2024,05/28/2024,First Class,MM-18280
US-2024-132941,05/25/2024,05/28/2024,First Class,MM-18280
US-2024-109708,05/25/2024,05/28/2024,Second Class,CY-12745
US-2024-143147,05/26/2024,05/28/2024,Second Class,PS-18760
US-2024-143147,05/26/2024,05/28/2024,Second Class,PS-18760
US-2024-148964,05/26/2024,05/31/2024,Standard Class,RD-19900
US-2024-113327,05/26/2024,05/29/2024,Second Class,BF-11170
US-2024-113327,05/26/2024,05/29/2024,Second Class,BF-11170
US-2024-113327,05/26/2024,05/29/2024,Second Class,BF-11170
US-2024-113327,05/26/2024,05/29/2024,Second Class,BF-11170
US-2024-143147,05/26/2024,05/28/2024,Second Class,PS-18760
US-2024-131758,05/28/2024,06/01/2024,Standard Class,KB-16315
US-2024-118948,05/28/2024,06/03/2024,Standard Class,NK-18490
US-2024-135020,05/28/2024,06/02/2024,Standard Class,MS-17770
US-2024-131758,05/28/2024,06/01/2024,Standard Class,KB-16315
US-2024-135020,05/28/2024,06/02/2024,Standard Class,MS-17770
US-2024-149601,05/28/2024,06/03/2024,Standard Class,TB-21625
US-2024-135020,05/28/2024,06/02/2024,Standard Class,MS-17770
US-2024-149601,05/28/2024,06/03/2024,Standard Class,TB-21625
US-2024-135020,05/28/2024,06/02/2024,Standard Class,MS-17770
US-2024-111339,05/29/2024,05/31/2024,First Class,VP-21760
US-2024-111339,05/29/2024,05/31/2024,First Class,VP-21760
US-2024-120880,05/29/2024,06/03/2024,Standard Class,JL-15850
US-2024-111339,05/29/2024,05/31/2024,First Class,VP-21760
US-2024-168277,05/29/2024,06/03/2024,Standard Class,KB-16315
US-2024-104297,05/29/2024,05/31/2024,First Class,CC-12100
US-2024-120880,05/29/2024,06/03/2024,Standard Class,JL-15850
US-2024-120880,05/29/2024,06/03/2024,Standard Class,JL-15850
US-2024-103177,05/30/2024,06/01/2024,First Class,EN-13780
US-2024-163923,05/30/2024,06/03/2024,Standard Class,BD-11560
US-2024-103177,05/30/2024,06/01/2024,First Class,EN-13780
US-2024-103177,05/30/2024,06/01/2024,First Class,EN-13780
US-2024-147788,05/31/2024,06/04/2024,Standard Class,TM-21010
US-2024-120677,05/31/2024,06/04/2024,Standard Class,BD-11320
US-2024-149748,05/31/2024,06/02/2024,Second Class,EM-13825
US-2024-133627,05/31/2024,06/07/2024,Standard Class,SC-20050
US-2024-100818,05/31/2024,06/05/2024,Second Class,JM-15265
US-2024-136224,05/31/2024,05/31/2024,Same Day,ML-18265
US-2024-100818,05/31/2024,06/05/2024,Second Class,JM-15265
US-2024-156153,05/31/2024,06/02/2024,Second Class,CW-11905
US-2024-100818,05/31/2024,06/05/2024,Second Class,JM-15265
US-2024-147788,05/31/2024,06/04/2024,Standard Class,TM-21010
US-2024-100818,05/31/2024,06/05/2024,Second Class,JM-15265
US-2024-124919,05/31/2024,06/02/2024,First Class,SP-20650
US-2024-149748,05/31/2024,06/02/2024,Second Class,EM-13825
US-2024-124919,05/31/2024,06/02/2024,First Class,SP-20650
US-2024-147788,05/31/2024,06/04/2024,Standard Class,TM-21010
US-2024-124919,05/31/2024,06/02/2024,First Class,SP-20650
US-2024-149748,05/31/2024,06/02/2024,Second Class,EM-13825
US-2024-163685,06/01/2024,06/05/2024,Standard Class,KE-16420
US-2024-132836,06/01/2024,06/05/2024,Standard Class,AJ-10945
US-2024-132836,06/01/2024,06/05/2024,Standard Class,AJ-10945
US-2024-161242,06/01/2024,06/08/2024,Standard Class,CG-12040
US-2024-163685,06/01/2024,06/05/2024,Standard Class,KE-16420
US-2024-132836,06/01/2024,06/05/2024,Standard Class,AJ-10945
US-2024-132836,06/01/2024,06/05/2024,Standard Class,AJ-10945
US-2024-142020,06/04/2024,06/08/2024,Second Class,TC-21535
US-2024-164833,06/04/2024,06/04/2024,Same Day,LL-16840
US-2024-164833,06/04/2024,06/04/2024,Same Day,LL-16840
US-2024-142020,06/04/2024,06/08/2024,Second Class,TC-21535
US-2024-158491,06/04/2024,06/09/2024,Second Class,BP-11155
US-2024-158491,06/04/2024,06/09/2024,Second Class,BP-11155
US-2024-166947,06/05/2024,06/10/2024,Standard Class,EB-13750
US-2024-115168,06/05/2024,06/09/2024,Standard Class,BB-11545
US-2024-157343,06/07/2024,06/11/2024,Standard Class,HD-14785
US-2024-157343,06/07/2024,06/11/2024,Standard Class,HD-14785
US-2024-142041,06/07/2024,06/09/2024,Second Class,EM-13810
US-2024-157343,06/07/2024,06/11/2024,Standard Class,HD-14785
US-2024-162201,06/08/2024,06/12/2024,Standard Class,AG-10495
US-2024-164007,06/08/2024,06/12/2024,Standard Class,MG-17695
US-2024-162201,06/08/2024,06/12/2024,Standard Class,AG-10495
US-2024-162201,06/08/2024,06/12/2024,Standard Class,AG-10495
US-2024-162201,06/08/2024,06/12/2024,Standard Class,AG-10495
US-2024-162201,06/08/2024,06/12/2024,Standard Class,AG-10495
US-2024-162201,06/08/2024,06/12/2024,Standard Class,AG-10495
US-2024-162201,06/08/2024,06/12/2024,Standard Class,AG-10495
US-2024-164007,06/08/2024,06/12/2024,Standard Class,MG-17695
US-2024-141012,06/09/2024,06/11/2024,Second Class,TG-21640
US-2024-110947,06/09/2024,06/15/2024,Standard Class,AG-10765
US-2024-101868,06/09/2024,06/16/2024,Standard Class,MJ-17740
US-2024-101868,06/09/2024,06/16/2024,Standard Class,MJ-17740
US-2024-144190,06/09/2024,06/13/2024,Standard Class,NC-18415
US-2024-101868,06/09/2024,06/16/2024,Standard Class,MJ-17740
US-2024-141012,06/09/2024,06/11/2024,Second Class,TG-21640
US-2024-121720,06/11/2024,06/12/2024,First Class,JE-15610
US-2024-121720,06/11/2024,06/12/2024,First Class,JE-15610
US-2024-123960,06/11/2024,06/16/2024,Standard Class,BD-11605
US-2024-121720,06/11/2024,06/12/2024,First Class,JE-15610
US-2024-123960,06/11/2024,06/16/2024,Standard Class,BD-11605
US-2024-121720,06/11/2024,06/12/2024,First Class,JE-15610
US-2024-123960,06/11/2024,06/16/2024,Standard Class,BD-11605
US-2024-121720,06/11/2024,06/12/2024,First Class,JE-15610
US-2024-123960,06/11/2024,06/16/2024,Standard Class,BD-11605
US-2024-121720,06/11/2024,06/12/2024,First Class,JE-15610
US-2024-121720,06/11/2024,06/12/2024,First Class,JE-15610
US-2024-123960,06/11/2024,06/16/2024,Standard Class,BD-11605
US-2024-121720,06/11/2024,06/12/2024,First Class,JE-15610
US-2024-139850,06/12/2024,06/17/2024,Standard Class,GB-14575
US-2024-139850,06/12/2024,06/17/2024,Standard Class,GB-14575
US-2024-131779,06/12/2024,06/17/2024,Standard Class,LE-16810
US-2024-136105,06/12/2024,06/16/2024,Standard Class,SZ-20035
US-2024-104115,06/12/2024,06/16/2024,Standard Class,JH-15910
US-2024-104059,06/13/2024,06/15/2024,Second Class,FC-14245
US-2024-104941,06/13/2024,06/19/2024,Standard Class,DH-13075
US-2024-104941,06/13/2024,06/19/2024,Standard Class,DH-13075
US-2024-155054,06/13/2024,06/19/2024,Standard Class,PS-19045
US-2024-127418,06/13/2024,06/14/2024,First Class,JJ-15445
US-2024-155054,06/13/2024,06/19/2024,Standard Class,PS-19045
US-2024-137281,06/13/2024,06/17/2024,Standard Class,BF-10975
US-2024-104941,06/13/2024,06/19/2024,Standard Class,DH-13075
US-2024-155054,06/13/2024,06/19/2024,Standard Class,PS-19045
US-2024-104941,06/13/2024,06/19/2024,Standard Class,DH-13075
US-2024-120439,06/14/2024,06/18/2024,Standard Class,AD-10180
US-2024-129896,06/15/2024,06/20/2024,Standard Class,PF-19120
US-2024-129896,06/15/2024,06/20/2024,Standard Class,PF-19120
US-2024-129896,06/15/2024,06/20/2024,Standard Class,PF-19120
US-2024-129896,06/15/2024,06/20/2024,Standard Class,PF-19120
US-2024-106495,06/15/2024,06/17/2024,First Class,AC-10450
US-2024-164567,06/15/2024,06/19/2024,Standard Class,GK-14620
US-2024-118955,06/16/2024,06/20/2024,Standard Class,LS-17230
US-2024-163825,06/16/2024,06/19/2024,First Class,LC-16885
US-2024-118955,06/16/2024,06/20/2024,Standard Class,LS-17230
US-2024-167269,06/16/2024,06/20/2024,Standard Class,PB-19150
US-2024-118955,06/16/2024,06/20/2024,Standard Class,LS-17230
US-2024-163825,06/16/2024,06/19/2024,First Class,LC-16885
US-2024-156734,06/18/2024,06/20/2024,First Class,BV-11245
US-2024-133242,06/18/2024,06/24/2024,Standard Class,KH-16510
US-2024-122287,06/18/2024,06/23/2024,Standard Class,SN-20560
US-2024-154200,06/18/2024,06/22/2024,Standard Class,BG-11740
US-2024-147011,06/18/2024,06/22/2024,Standard Class,HR-14830
US-2024-156734,06/18/2024,06/20/2024,First Class,BV-11245
US-2024-122287,06/18/2024,06/23/2024,Standard Class,SN-20560
US-2024-133242,06/18/2024,06/24/2024,Standard Class,KH-16510
US-2024-122287,06/18/2024,06/23/2024,Standard Class,SN-20560
US-2024-133242,06/18/2024,06/24/2024,Standard Class,KH-16510
US-2024-122287,06/18/2024,06/23/2024,Standard Class,SN-20560
US-2024-156734,06/18/2024,06/20/2024,First Class,BV-11245
US-2024-133242,06/18/2024,06/24/2024,Standard Class,KH-16510
US-2024-133242,06/18/2024,06/24/2024,Standard Class,KH-16510
US-2024-121965,06/19/2024,06/23/2024,Standard Class,LH-17155
US-2024-144302,06/19/2024,06/23/2024,Standard Class,ME-17320
US-2024-121965,06/19/2024,06/23/2024,Standard Class,LH-17155
US-2024-111864,06/19/2024,06/19/2024,Same Day,PP-18955
US-2024-121965,06/19/2024,06/23/2024,Standard Class,LH-17155
US-2024-163734,06/19/2024,06/24/2024,Standard Class,KM-16375
US-2024-140144,06/20/2024,06/25/2024,Second Class,SC-20770
US-2024-158351,06/20/2024,06/24/2024,Second Class,BC-11125
US-2024-136427,06/20/2024,06/23/2024,First Class,JM-16195
US-2024-140144,06/20/2024,06/25/2024,Second Class,SC-20770
US-2024-123330,06/21/2024,06/27/2024,Standard Class,EP-13915
US-2024-124975,06/22/2024,06/25/2024,First Class,MG-17875
US-2024-153423,06/22/2024,06/27/2024,Standard Class,SW-20455
US-2024-128167,06/22/2024,06/26/2024,Second Class,KL-16645
US-2024-106187,06/23/2024,06/29/2024,Standard Class,RF-19345
US-2024-106187,06/23/2024,06/29/2024,Standard Class,RF-19345
US-2024-139164,06/23/2024,06/28/2024,Standard Class,CS-12355
US-2024-106187,06/23/2024,06/29/2024,Standard Class,RF-19345
US-2024-139164,06/23/2024,06/28/2024,Standard Class,CS-12355
US-2024-139164,06/23/2024,06/28/2024,Standard Class,CS-12355
US-2024-122826,06/23/2024,06/25/2024,Second Class,RD-19480
US-2024-137750,06/25/2024,06/30/2024,Standard Class,JF-15565
US-2024-119690,06/25/2024,06/28/2024,First Class,MV-17485
US-2024-115945,06/25/2024,07/01/2024,Standard Class,AB-10165
US-2024-119690,06/25/2024,06/28/2024,First Class,MV-17485
US-2024-115945,06/25/2024,07/01/2024,Standard Class,AB-10165
US-2024-119690,06/25/2024,06/28/2024,First Class,MV-17485
US-2024-119690,06/25/2024,06/28/2024,First Class,MV-17485
US-2024-127110,06/25/2024,07/01/2024,Standard Class,CH-12070
US-2024-115945,06/25/2024,07/01/2024,Standard Class,AB-10165
US-2024-127110,06/25/2024,07/01/2024,Standard Class,CH-12070
US-2024-115938,06/26/2024,06/30/2024,Standard Class,SA-20830
US-2024-115938,06/26/2024,06/30/2024,Standard Class,SA-20830
US-2024-115938,06/26/2024,06/30/2024,Standard Class,SA-20830
US-2024-143882,06/26/2024,06/30/2024,Standard Class,DB-13360
US-2024-115938,06/26/2024,06/30/2024,Standard Class,SA-20830
US-2024-125395,06/26/2024,06/29/2024,Second Class,LA-16780
US-2024-166583,06/26/2024,06/30/2024,Standard Class,VD-21670
US-2024-162950,06/28/2024,07/03/2024,Second Class,DW-13585
US-2024-112144,06/28/2024,07/02/2024,Standard Class,CY-12745
US-2024-103772,06/28/2024,07/02/2024,Standard Class,MP-17470
US-2024-103772,06/28/2024,07/02/2024,Standard Class,MP-17470
US-2024-112144,06/28/2024,07/02/2024,Standard Class,CY-12745
US-2024-162950,06/28/2024,07/03/2024,Second Class,DW-13585
US-2024-165799,06/29/2024,07/02/2024,First Class,SG-20470
US-2024-128860,06/29/2024,07/05/2024,Standard Class,SC-20725
US-2024-141684,06/29/2024,07/04/2024,Standard Class,MM-18055
US-2024-100069,06/29/2024,07/03/2024,Standard Class,NF-18475
US-2024-157322,07/02/2024,07/06/2024,Standard Class,RH-19600
US-2024-157322,07/02/2024,07/06/2024,Standard Class,RH-19600
US-2024-140718,07/02/2024,07/04/2024,First Class,FA-14230
US-2024-120397,07/02/2024,07/02/2024,Same Day,RB-19435
US-2024-140718,07/02/2024,07/04/2024,First Class,FA-14230
US-2024-111703,07/02/2024,07/09/2024,Standard Class,KB-16315
US-2024-157322,07/02/2024,07/06/2024,Standard Class,RH-19600
US-2024-140718,07/02/2024,07/04/2024,First Class,FA-14230
US-2024-111703,07/02/2024,07/09/2024,Standard Class,KB-16315
US-2024-150196,07/02/2024,07/03/2024,First Class,SR-20740
US-2024-157322,07/02/2024,07/06/2024,Standard Class,RH-19600
US-2024-157322,07/02/2024,07/06/2024,Standard Class,RH-19600
US-2024-140718,07/02/2024,07/04/2024,First Class,FA-14230
US-2024-128139,07/03/2024,07/09/2024,Standard Class,BD-11725
US-2024-153500,07/03/2024,07/05/2024,First Class,DG-13300
US-2024-153500,07/03/2024,07/05/2024,First Class,DG-13300
US-2024-128139,07/03/2024,07/09/2024,Standard Class,BD-11725
US-2024-153500,07/03/2024,07/05/2024,First Class,DG-13300
US-2024-124268,07/04/2024,07/08/2024,Standard Class,AD-10180
US-2024-152513,07/04/2024,07/08/2024,Second Class,JP-16135
US-2024-154956,07/04/2024,07/09/2024,Standard Class,IM-15070
US-2024-116750,07/05/2024,07/10/2024,Second Class,BF-10975
US-2024-158911,07/05/2024,07/11/2024,Standard Class,RS-19765
US-2024-130610,07/05/2024,07/10/2024,Standard Class,VP-21730
US-2024-116750,07/05/2024,07/10/2024,Second Class,BF-10975
US-2024-158911,07/05/2024,07/11/2024,Standard Class,RS-19765
US-2024-164336,07/05/2024,07/10/2024,Standard Class,MW-18220
US-2024-164336,07/05/2024,07/10/2024,Standard Class,MW-18220
US-2024-146087,07/06/2024,07/11/2024,Standard Class,PP-18955
US-2024-161627,07/06/2024,07/11/2024,Standard Class,SJ-20215
US-2024-108665,07/06/2024,07/10/2024,Standard Class,KM-16225
US-2024-108665,07/06/2024,07/10/2024,Standard Class,KM-16225
US-2024-116260,07/06/2024,07/12/2024,Standard Class,BF-10975
US-2024-108665,07/06/2024,07/10/2024,Standard Class,KM-16225
US-2024-108665,07/06/2024,07/10/2024,Standard Class,KM-16225
US-2024-129392,07/08/2024,07/08/2024,Same Day,DM-13015
US-2024-132626,07/09/2024,07/14/2024,Standard Class,BT-11680
US-2024-123456,07/09/2024,07/13/2024,Standard Class,KN-16450
US-2024-153626,07/09/2024,07/14/2024,Standard Class,EB-13870
US-2024-132626,07/09/2024,07/14/2024,Standard Class,BT-11680
US-2024-111094,07/09/2024,07/13/2024,Standard Class,CB-12535
US-2024-132626,07/09/2024,07/14/2024,Standard Class,BT-11680
US-2024-132626,07/09/2024,07/14/2024,Standard Class,BT-11680
US-2024-132626,07/09/2024,07/14/2024,Standard Class,BT-11680
US-2024-132626,07/09/2024,07/14/2024,Standard Class,BT-11680
US-2024-132626,07/09/2024,07/14/2024,Standard Class,BT-11680
US-2024-111094,07/09/2024,07/13/2024,Standard Class,CB-12535
US-2024-132626,07/09/2024,07/14/2024,Standard Class,BT-11680
US-2024-132626,07/09/2024,07/14/2024,Standard Class,BT-11680
US-2024-135314,07/09/2024,07/14/2024,Second Class,MC-17575
US-2024-149384,07/10/2024,07/10/2024,Same Day,EH-13945
US-2024-107020,07/10/2024,07/14/2024,Standard Class,MV-18190
US-2024-142237,07/11/2024,07/13/2024,First Class,CK-12595
US-2024-142237,07/11/2024,07/13/2024,First Class,CK-12595
US-2024-142237,07/11/2024,07/13/2024,First Class,CK-12595
US-2024-136469,07/11/2024,07/12/2024,First Class,TS-21370
US-2024-142237,07/11/2024,07/13/2024,First Class,CK-12595
US-2024-142419,07/11/2024,07/13/2024,Second Class,SC-20380
US-2024-142237,07/11/2024,07/13/2024,First Class,CK-12595
US-2024-142237,07/11/2024,07/13/2024,First Class,CK-12595
US-2024-136469,07/11/2024,07/12/2024,First Class,TS-21370
US-2024-142419,07/11/2024,07/13/2024,Second Class,SC-20380
US-2024-136469,07/11/2024,07/12/2024,First Class,TS-21370
US-2024-126557,07/12/2024,07/17/2024,Second Class,RL-19615
US-2024-126557,07/12/2024,07/17/2024,Second Class,RL-19615
US-2024-126557,07/12/2024,07/17/2024,Second Class,RL-19615
US-2024-126557,07/12/2024,07/17/2024,Second Class,RL-19615
US-2024-126557,07/12/2024,07/17/2024,Second Class,RL-19615
US-2024-112711,07/12/2024,07/18/2024,Standard Class,FM-14380
US-2024-126557,07/12/2024,07/17/2024,Second Class,RL-19615
US-2024-126557,07/12/2024,07/17/2024,Second Class,RL-19615
US-2024-114069,07/13/2024,07/15/2024,Second Class,ND-18370
US-2024-114069,07/13/2024,07/15/2024,Second Class,ND-18370
US-2024-107349,07/13/2024,07/15/2024,First Class,SL-20155
US-2024-140851,07/13/2024,07/15/2024,Second Class,ND-18460
US-2024-114069,07/13/2024,07/15/2024,Second Class,ND-18370
US-2024-143364,07/14/2024,07/19/2024,Second Class,TG-21310
US-2024-143364,07/14/2024,07/19/2024,Second Class,TG-21310
US-2024-143364,07/14/2024,07/19/2024,Second Class,TG-21310
US-2024-143364,07/14/2024,07/19/2024,Second Class,TG-21310
US-2024-113404,07/16/2024,07/16/2024,Same Day,EM-13810
US-2024-113404,07/16/2024,07/16/2024,Same Day,EM-13810
US-2024-146948,07/16/2024,07/20/2024,Standard Class,MG-17890
US-2024-146948,07/16/2024,07/20/2024,Standard Class,MG-17890
US-2024-146948,07/16/2024,07/20/2024,Standard Class,MG-17890
US-2024-166520,07/16/2024,07/19/2024,First Class,KE-16420
US-2024-166520,07/16/2024,07/19/2024,First Class,KE-16420
US-2024-138534,07/17/2024,07/19/2024,Second Class,JM-15535
US-2024-149629,07/17/2024,07/20/2024,Second Class,MP-17965
US-2024-121132,07/17/2024,07/24/2024,Standard Class,VB-21745
US-2024-121132,07/17/2024,07/24/2024,Standard Class,VB-21745
US-2024-122973,07/18/2024,07/20/2024,Second Class,PJ-19015
US-2024-159590,07/18/2024,07/21/2024,First Class,KC-16255
US-2024-122973,07/18/2024,07/20/2024,Second Class,PJ-19015
US-2024-111206,07/18/2024,07/22/2024,Standard Class,RF-19735
US-2024-122973,07/18/2024,07/20/2024,Second Class,PJ-19015
US-2024-160150,07/19/2024,07/20/2024,First Class,TS-21085
US-2024-122784,07/20/2024,07/27/2024,Standard Class,RA-19915
US-2024-122784,07/20/2024,07/27/2024,Standard Class,RA-19915
US-2024-122784,07/20/2024,07/27/2024,Standard Class,RA-19915
US-2024-160472,07/20/2024,07/25/2024,Second Class,RK-19300
US-2024-160472,07/20/2024,07/25/2024,Second Class,RK-19300
US-2024-160472,07/20/2024,07/25/2024,Second Class,RK-19300
US-2024-160472,07/20/2024,07/25/2024,Second Class,RK-19300
US-2024-160472,07/20/2024,07/25/2024,Second Class,RK-19300
US-2024-160472,07/20/2024,07/25/2024,Second Class,RK-19300
US-2024-122784,07/20/2024,07/27/2024,Standard Class,RA-19915
US-2024-120810,07/23/2024,07/27/2024,Standard Class,TH-21550
US-2024-120810,07/23/2024,07/27/2024,Standard Class,TH-21550
US-2024-124044,07/23/2024,07/26/2024,Second Class,MS-17830
US-2024-103135,07/24/2024,07/28/2024,Standard Class,SS-20515
US-2024-103135,07/24/2024,07/28/2024,Standard Class,SS-20515
US-2024-103135,07/24/2024,07/28/2024,Standard Class,SS-20515
US-2024-103135,07/24/2024,07/28/2024,Standard Class,SS-20515
US-2024-148635,07/25/2024,07/27/2024,Second Class,MH-18025
US-2024-148635,07/25/2024,07/27/2024,Second Class,MH-18025
US-2024-154291,07/25/2024,07/29/2024,Standard Class,YS-21880
US-2024-150161,07/25/2024,07/29/2024,Standard Class,RB-19795
US-2024-154291,07/25/2024,07/29/2024,Standard Class,YS-21880
US-2024-148635,07/25/2024,07/27/2024,Second Class,MH-18025
US-2024-148635,07/25/2024,07/27/2024,Second Class,MH-18025
US-2024-139248,07/25/2024,07/30/2024,Standard Class,RD-19930
US-2024-127754,07/26/2024,07/31/2024,Standard Class,CK-12760
US-2024-140200,07/26/2024,07/28/2024,First Class,CA-12775
US-2024-148180,07/26/2024,07/31/2024,Standard Class,BP-11095
US-2024-148180,07/26/2024,07/31/2024,Standard Class,BP-11095
US-2024-148180,07/26/2024,07/31/2024,Standard Class,BP-11095
US-2024-136735,07/26/2024,08/02/2024,Standard Class,HA-14920
US-2024-143700,07/26/2024,07/26/2024,Same Day,AS-10240
US-2024-129553,07/27/2024,08/02/2024,Standard Class,PG-18820
US-2024-164966,07/30/2024,08/01/2024,First Class,GH-14410
US-2024-155334,07/30/2024,07/31/2024,First Class,HA-14920
US-2024-155334,07/30/2024,07/31/2024,First Class,HA-14920
US-2024-132507,07/30/2024,08/03/2024,Second Class,CC-12610
US-2024-155334,07/30/2024,07/31/2024,First Class,HA-14920
US-2024-124891,07/31/2024,07/31/2024,Same Day,RH-19495
US-2024-124891,07/31/2024,07/31/2024,Same Day,RH-19495
US-2024-111017,07/31/2024,08/06/2024,Standard Class,SC-20695
US-2024-124891,07/31/2024,07/31/2024,Same Day,RH-19495
US-2024-164427,07/31/2024,08/06/2024,Standard Class,AR-10405
US-2024-153388,08/01/2024,08/07/2024,Standard Class,PC-19000
US-2024-153388,08/01/2024,08/07/2024,Standard Class,PC-19000
US-2024-122406,08/02/2024,08/05/2024,Second Class,BE-11455
US-2024-112767,08/02/2024,08/06/2024,Standard Class,DK-12985
US-2024-147501,08/02/2024,08/06/2024,Standard Class,Co-12640
US-2024-122406,08/02/2024,08/05/2024,Second Class,BE-11455
US-2024-122406,08/02/2024,08/05/2024,Second Class,BE-11455
US-2024-147501,08/02/2024,08/06/2024,Standard Class,Co-12640
US-2024-122406,08/02/2024,08/05/2024,Second Class,BE-11455
US-2024-112214,08/05/2024,08/11/2024,Standard Class,AH-10690
US-2024-112214,08/05/2024,08/11/2024,Standard Class,AH-10690
US-2024-112214,08/05/2024,08/11/2024,Standard Class,AH-10690
US-2024-112214,08/05/2024,08/11/2024,Standard Class,AH-10690
US-2024-135251,08/06/2024,08/10/2024,Standard Class,RP-19270
US-2024-135251,08/06/2024,08/10/2024,Standard Class,RP-19270
US-2024-135251,08/06/2024,08/10/2024,Standard Class,RP-19270
US-2024-135251,08/06/2024,08/10/2024,Standard Class,RP-19270
US-2024-160794,08/06/2024,08/08/2024,First Class,MS-17980
US-2024-124219,08/07/2024,08/08/2024,First Class,KW-16570
US-2024-117492,08/07/2024,08/09/2024,First Class,NS-18640
US-2024-138331,08/07/2024,08/12/2024,Standard Class,JK-15625
US-2024-141936,08/07/2024,08/12/2024,Standard Class,PN-18775
US-2024-124219,08/07/2024,08/08/2024,First Class,KW-16570
US-2024-163895,08/07/2024,08/11/2024,Standard Class,NS-18640
US-2024-163237,08/07/2024,08/09/2024,Second Class,EM-14095
US-2024-163237,08/07/2024,08/09/2024,Second Class,EM-14095
US-2024-168564,08/08/2024,08/08/2024,Same Day,TT-21220
US-2024-129322,08/08/2024,08/10/2024,Second Class,DB-13405
US-2024-129322,08/08/2024,08/10/2024,Second Class,DB-13405
US-2024-129322,08/08/2024,08/10/2024,Second Class,DB-13405
US-2024-168564,08/08/2024,08/08/2024,Same Day,TT-21220
US-2024-168564,08/08/2024,08/08/2024,Same Day,TT-21220
US-2024-127544,08/08/2024,08/12/2024,Standard Class,RD-19585
CA-2024-129322,08/08/2024,08/10/2024,Second Class,DB-13405
CA-2024-129322,08/08/2024,08/10/2024,Second Class,DB-13405
CA-2024-129322,08/08/2024,08/10/2024,Second Class,DB-13405
US-2024-103954,08/09/2024,08/13/2024,Second Class,HR-14770
US-2024-128013,08/09/2024,08/16/2024,Standard Class,MF-18250
US-2024-131338,08/09/2024,08/12/2024,First Class,NP-18325
US-2024-131338,08/09/2024,08/12/2024,First Class,NP-18325
US-2024-131338,08/09/2024,08/12/2024,First Class,NP-18325
US-2024-163055,08/09/2024,08/16/2024,Standard Class,DS-13180
US-2024-163055,08/09/2024,08/16/2024,Standard Class,DS-13180
US-2024-131338,08/09/2024,08/12/2024,First Class,NP-18325
US-2024-131338,08/09/2024,08/12/2024,First Class,NP-18325
US-2024-155453,08/09/2024,08/14/2024,Standard Class,RA-19885
US-2024-131338,08/09/2024,08/12/2024,First Class,NP-18325
US-2024-128013,08/09/2024,08/16/2024,Standard Class,MF-18250
US-2024-131338,08/09/2024,08/12/2024,First Class,NP-18325
US-2024-163055,08/09/2024,08/16/2024,Standard Class,DS-13180
US-2024-131338,08/09/2024,08/12/2024,First Class,NP-18325
US-2024-131338,08/09/2024,08/12/2024,First Class,NP-18325
US-2024-131338,08/09/2024,08/12/2024,First Class,NP-18325
US-2024-156496,08/10/2024,08/16/2024,Standard Class,WB-21850
US-2024-130022,08/10/2024,08/16/2024,Standard Class,JK-16120
US-2024-121699,08/10/2024,08/14/2024,Standard Class,BD-11320
US-2024-130022,08/10/2024,08/16/2024,Standard Class,JK-16120
US-2024-130022,08/10/2024,08/16/2024,Standard Class,JK-16120
US-2024-156496,08/10/2024,08/16/2024,Standard Class,WB-21850
US-2024-156496,08/10/2024,08/16/2024,Standard Class,WB-21850
US-2024-119634,08/11/2024,08/16/2024,Standard Class,BW-11065
US-2024-156797,08/11/2024,08/15/2024,Standard Class,PO-19180
US-2024-156797,08/11/2024,08/15/2024,Standard Class,PO-19180
US-2024-148495,08/13/2024,08/13/2024,Same Day,SF-20065
US-2024-133396,08/13/2024,08/15/2024,First Class,GK-14620
US-2024-112014,08/13/2024,08/20/2024,Standard Class,ON-18715
US-2024-150441,08/13/2024,08/17/2024,Second Class,RA-19285
US-2024-120516,08/13/2024,08/17/2024,Standard Class,CK-12595
US-2024-169656,08/13/2024,08/16/2024,First Class,EJ-13720
US-2024-142454,08/15/2024,08/19/2024,Standard Class,RE-19450
US-2024-162369,08/15/2024,08/19/2024,Standard Class,TT-21265
US-2024-142454,08/15/2024,08/19/2024,Standard Class,RE-19450
US-2024-164238,08/16/2024,08/20/2024,Standard Class,JW-15955
US-2024-126753,08/16/2024,08/20/2024,Standard Class,SP-20860
US-2024-128090,08/16/2024,08/22/2024,Standard Class,JM-15865
US-2024-126753,08/16/2024,08/20/2024,Standard Class,SP-20860
US-2024-126753,08/16/2024,08/20/2024,Standard Class,SP-20860
US-2024-128090,08/16/2024,08/22/2024,Standard Class,JM-15865
US-2024-126753,08/16/2024,08/20/2024,Standard Class,SP-20860
US-2024-128090,08/16/2024,08/22/2024,Standard Class,JM-15865
US-2024-126753,08/16/2024,08/20/2024,Standard Class,SP-20860
US-2024-164238,08/16/2024,08/20/2024,Standard Class,JW-15955
US-2024-126753,08/16/2024,08/20/2024,Standard Class,SP-20860
US-2024-128090,08/16/2024,08/22/2024,Standard Class,JM-15865
US-2024-126753,08/16/2024,08/20/2024,Standard Class,SP-20860
US-2024-119627,08/17/2024,08/23/2024,Standard Class,SC-20725
US-2024-111297,08/17/2024,08/21/2024,Standard Class,SC-20440
US-2024-119627,08/17/2024,08/23/2024,Standard Class,SC-20725
US-2024-119627,08/17/2024,08/23/2024,Standard Class,SC-20725
US-2024-119627,08/17/2024,08/23/2024,Standard Class,SC-20725
US-2024-130456,08/21/2024,08/26/2024,Standard Class,DS-13180
US-2024-144267,08/21/2024,08/23/2024,First Class,NZ-18565
US-2024-154823,08/21/2024,08/25/2024,Standard Class,KN-16390
US-2024-154823,08/21/2024,08/25/2024,Standard Class,KN-16390
US-2024-122168,08/21/2024,08/26/2024,Standard Class,HG-14965
US-2024-122168,08/21/2024,08/26/2024,Standard Class,HG-14965
US-2024-154823,08/21/2024,08/25/2024,Standard Class,KN-16390
US-2024-130512,08/21/2024,08/25/2024,Standard Class,SM-20320
US-2024-144267,08/21/2024,08/23/2024,First Class,NZ-18565
US-2024-144267,08/21/2024,08/23/2024,First Class,NZ-18565
US-2024-130512,08/21/2024,08/25/2024,Standard Class,SM-20320
US-2024-144267,08/21/2024,08/23/2024,First Class,NZ-18565
US-2024-130456,08/21/2024,08/26/2024,Standard Class,DS-13180
US-2024-130512,08/21/2024,08/25/2024,Standard Class,SM-20320
US-2024-130512,08/21/2024,08/25/2024,Standard Class,SM-20320
US-2024-130512,08/21/2024,08/25/2024,Standard Class,SM-20320
US-2024-129854,08/22/2024,08/26/2024,Standard Class,RB-19705
US-2024-132080,08/22/2024,08/25/2024,First Class,DP-13105
US-2024-114468,08/23/2024,08/23/2024,Same Day,TD-20995
US-2024-165624,08/23/2024,08/28/2024,Standard Class,FH-14350
US-2024-165624,08/23/2024,08/28/2024,Standard Class,FH-14350
US-2024-114468,08/23/2024,08/23/2024,Same Day,TD-20995
US-2024-165624,08/23/2024,08/28/2024,Standard Class,FH-14350
US-2024-114468,08/23/2024,08/23/2024,Same Day,TD-20995
US-2024-165624,08/23/2024,08/28/2024,Standard Class,FH-14350
US-2024-165624,08/23/2024,08/28/2024,Standard Class,FH-14350
US-2024-165624,08/23/2024,08/28/2024,Standard Class,FH-14350
US-2024-114468,08/23/2024,08/23/2024,Same Day,TD-20995
US-2024-165624,08/23/2024,08/28/2024,Standard Class,FH-14350
US-2024-113740,08/24/2024,08/28/2024,Second Class,SC-20380
US-2024-139584,08/24/2024,08/28/2024,Standard Class,EM-13810
US-2024-146563,08/24/2024,08/28/2024,Standard Class,CB-12025
US-2024-169299,08/24/2024,08/26/2024,First Class,DO-13435
US-2024-146563,08/24/2024,08/28/2024,Standard Class,CB-12025
US-2024-123939,08/24/2024,08/26/2024,Second Class,MS-17710
US-2024-146563,08/24/2024,08/28/2024,Standard Class,CB-12025
US-2024-146563,08/24/2024,08/28/2024,Standard Class,CB-12025
US-2024-123939,08/24/2024,08/26/2024,Second Class,MS-17710
US-2024-139584,08/24/2024,08/28/2024,Standard Class,EM-13810
US-2024-102491,08/24/2024,08/28/2024,Standard Class,KW-16435
US-2024-102491,08/24/2024,08/28/2024,Standard Class,KW-16435
US-2024-123939,08/24/2024,08/26/2024,Second Class,MS-17710
US-2024-102491,08/24/2024,08/28/2024,Standard Class,KW-16435
US-2024-139759,08/25/2024,08/30/2024,Standard Class,NL-18310
US-2024-168809,08/25/2024,08/25/2024,Same Day,MC-18100
US-2024-168809,08/25/2024,08/25/2024,Same Day,MC-18100
US-2024-139759,08/25/2024,08/30/2024,Standard Class,NL-18310
US-2024-168809,08/25/2024,08/25/2024,Same Day,MC-18100
US-2024-113040,08/27/2024,08/31/2024,Standard Class,CC-12100
US-2024-101707,08/27/2024,09/01/2024,Standard Class,PF-19165
US-2024-101707,08/27/2024,09/01/2024,Standard Class,PF-19165
US-2024-126445,08/27/2024,08/31/2024,Standard Class,RA-19945
US-2024-101707,08/27/2024,09/01/2024,Standard Class,PF-19165
US-2024-121188,08/28/2024,09/04/2024,Standard Class,CB-12025
US-2024-121188,08/28/2024,09/04/2024,Standard Class,CB-12025
US-2024-166219,08/28/2024,09/01/2024,Standard Class,BP-11185
US-2024-121188,08/28/2024,09/04/2024,Standard Class,CB-12025
US-2024-121188,08/28/2024,09/04/2024,Standard Class,CB-12025
US-2024-121188,08/28/2024,09/04/2024,Standard Class,CB-12025
US-2024-107902,08/28/2024,09/02/2024,Standard Class,SM-20950
US-2024-100377,08/28/2024,09/01/2024,Standard Class,TS-21370
US-2024-121188,08/28/2024,09/04/2024,Standard Class,CB-12025
US-2024-166219,08/28/2024,09/01/2024,Standard Class,BP-11185
US-2024-108532,08/29/2024,09/02/2024,Standard Class,CC-12100
US-2024-108532,08/29/2024,09/02/2024,Standard Class,CC-12100
US-2024-111514,08/31/2024,09/02/2024,First Class,SC-20260
US-2024-111514,08/31/2024,09/02/2024,First Class,SC-20260
US-2024-112319,08/31/2024,09/05/2024,Standard Class,AR-10510
US-2024-142139,08/31/2024,09/05/2024,Standard Class,SD-20485
US-2024-111514,08/31/2024,09/02/2024,First Class,SC-20260
US-2024-111514,08/31/2024,09/02/2024,First Class,SC-20260
US-2024-157805,08/31/2024,09/04/2024,Standard Class,RH-19510
US-2024-104626,09/01/2024,09/08/2024,Standard Class,DR-12940
US-2024-104626,09/01/2024,09/08/2024,Standard Class,DR-12940
US-2024-104626,09/01/2024,09/08/2024,Standard Class,DR-12940
US-2024-137946,09/01/2024,09/04/2024,Second Class,DB-13615
US-2024-137946,09/01/2024,09/04/2024,Second Class,DB-13615
US-2024-104626,09/01/2024,09/08/2024,Standard Class,DR-12940
US-2024-137946,09/01/2024,09/04/2024,Second Class,DB-13615
US-2024-146745,09/03/2024,09/08/2024,Standard Class,AS-10630
US-2024-113215,09/03/2024,09/08/2024,Standard Class,CP-12085
US-2024-121608,09/03/2024,09/05/2024,First Class,JB-15400
US-2024-146745,09/03/2024,09/08/2024,Standard Class,AS-10630
US-2024-149734,09/03/2024,09/08/2024,Standard Class,JC-16105
US-2024-138303,09/03/2024,09/07/2024,Standard Class,MG-18145
US-2024-169537,09/03/2024,09/07/2024,Second Class,JH-15820
US-2024-130204,09/03/2024,09/09/2024,Standard Class,DB-13120
US-2024-104185,09/03/2024,09/08/2024,Second Class,JB-15400
US-2024-138303,09/03/2024,09/07/2024,Standard Class,MG-18145
US-2024-138303,09/03/2024,09/07/2024,Standard Class,MG-18145
US-2024-130204,09/03/2024,09/09/2024,Standard Class,DB-13120
US-2024-130204,09/03/2024,09/09/2024,Standard Class,DB-13120
US-2024-121608,09/03/2024,09/05/2024,First Class,JB-15400
US-2024-101924,09/04/2024,09/09/2024,Standard Class,KB-16585
US-2024-113523,09/04/2024,09/08/2024,Standard Class,SC-20440
US-2024-142755,09/04/2024,09/08/2024,Standard Class,CS-12355
US-2024-142755,09/04/2024,09/08/2024,Standard Class,CS-12355
US-2024-142755,09/04/2024,09/08/2024,Standard Class,CS-12355
US-2024-159863,09/04/2024,09/07/2024,Second Class,DS-13180
US-2024-142755,09/04/2024,09/08/2024,Standard Class,CS-12355
US-2024-130785,09/05/2024,09/09/2024,Standard Class,AG-10900
US-2024-130785,09/05/2024,09/09/2024,Standard Class,AG-10900
US-2024-135510,09/05/2024,09/12/2024,Standard Class,TW-21025
US-2024-105158,09/05/2024,09/10/2024,Standard Class,SP-20860
US-2024-162621,09/05/2024,09/11/2024,Standard Class,CA-12055
US-2024-130785,09/05/2024,09/09/2024,Standard Class,AG-10900
US-2024-162621,09/05/2024,09/11/2024,Standard Class,CA-12055
US-2024-105158,09/05/2024,09/10/2024,Standard Class,SP-20860
US-2024-162621,09/05/2024,09/11/2024,Standard Class,CA-12055
US-2024-150791,09/06/2024,09/13/2024,Standard Class,CC-12430
US-2024-138002,09/06/2024,09/12/2024,Standard Class,BT-11305
US-2024-151435,09/06/2024,09/09/2024,Second Class,SW-20455
US-2024-109015,09/06/2024,09/12/2024,Standard Class,BS-11590
US-2024-138002,09/06/2024,09/12/2024,Standard Class,BT-11305
US-2024-169572,09/06/2024,09/12/2024,Standard Class,AG-10525
US-2024-133977,09/06/2024,09/08/2024,Second Class,AT-10435
US-2024-160696,09/06/2024,09/10/2024,Standard Class,CK-12760
US-2024-143238,09/06/2024,09/08/2024,First Class,LO-17170
US-2024-109015,09/06/2024,09/12/2024,Standard Class,BS-11590
US-2024-122623,09/07/2024,09/11/2024,Standard Class,CC-12145
US-2024-164084,09/07/2024,09/12/2024,Standard Class,AG-10525
US-2024-105599,09/07/2024,09/07/2024,Same Day,MC-17275
US-2024-161445,09/07/2024,09/09/2024,Second Class,CC-12610
US-2024-164084,09/07/2024,09/12/2024,Standard Class,AG-10525
US-2024-102876,09/07/2024,09/14/2024,Standard Class,LR-17035
US-2024-102876,09/07/2024,09/14/2024,Standard Class,LR-17035
US-2024-164084,09/07/2024,09/12/2024,Standard Class,AG-10525
US-2024-105599,09/07/2024,09/07/2024,Same Day,MC-17275
US-2024-164084,09/07/2024,09/12/2024,Standard Class,AG-10525
US-2024-110744,09/07/2024,09/12/2024,Standard Class,HA-14920
US-2024-164084,09/07/2024,09/12/2024,Standard Class,AG-10525
US-2024-140557,09/07/2024,09/11/2024,Standard Class,TN-21040
US-2024-102876,09/07/2024,09/14/2024,Standard Class,LR-17035
US-2024-151624,09/08/2024,09/14/2024,Standard Class,VW-21775
US-2024-162166,09/08/2024,09/11/2024,First Class,NM-18520
US-2024-162166,09/08/2024,09/11/2024,First Class,NM-18520
CA-2024-153071,09/08/2024,09/12/2024,Standard Class,GZ-14545
US-2024-147242,09/10/2024,09/14/2024,Standard Class,EH-13765
US-2024-139374,09/10/2024,09/14/2024,Standard Class,AR-10345
US-2024-108672,09/10/2024,09/16/2024,Standard Class,FA-14230
US-2024-147242,09/10/2024,09/14/2024,Standard Class,EH-13765
US-2024-136658,09/10/2024,09/17/2024,Standard Class,BO-11425
US-2024-168186,09/10/2024,09/15/2024,Standard Class,AB-10150
US-2024-147242,09/10/2024,09/14/2024,Standard Class,EH-13765
US-2024-117772,09/10/2024,09/12/2024,Second Class,MC-17575
US-2024-132906,09/10/2024,09/14/2024,Standard Class,CC-12145
US-2024-126186,09/11/2024,09/12/2024,First Class,GB-14530
US-2024-132465,09/11/2024,09/15/2024,Second Class,DM-13525
US-2024-125934,09/11/2024,09/18/2024,Standard Class,SN-20560
US-2024-125934,09/11/2024,09/18/2024,Standard Class,SN-20560
US-2024-153794,09/11/2024,09/16/2024,Standard Class,SB-20290
US-2024-165057,09/11/2024,09/15/2024,Standard Class,SC-20725
US-2024-125934,09/11/2024,09/18/2024,Standard Class,SN-20560
US-2024-125934,09/11/2024,09/18/2024,Standard Class,SN-20560
US-2024-165057,09/11/2024,09/15/2024,Standard Class,SC-20725
US-2024-125934,09/11/2024,09/18/2024,Standard Class,SN-20560
US-2024-132465,09/11/2024,09/15/2024,Second Class,DM-13525
US-2024-132465,09/11/2024,09/15/2024,Second Class,DM-13525
US-2024-132465,09/11/2024,09/15/2024,Second Class,DM-13525
US-2024-102016,09/12/2024,09/18/2024,Standard Class,TM-21010
US-2024-102016,09/12/2024,09/18/2024,Standard Class,TM-21010
US-2024-102016,09/12/2024,09/18/2024,Standard Class,TM-21010
US-2024-166464,09/12/2024,09/17/2024,Standard Class,PG-18895
US-2024-102016,09/12/2024,09/18/2024,Standard Class,TM-21010
US-2024-102016,09/12/2024,09/18/2024,Standard Class,TM-21010
US-2024-102016,09/12/2024,09/18/2024,Standard Class,TM-21010
US-2024-128993,09/12/2024,09/17/2024,Second Class,CC-12670
US-2024-166464,09/12/2024,09/17/2024,Standard Class,PG-18895
US-2024-115567,09/13/2024,09/18/2024,Standard Class,ZC-21910
US-2024-129007,09/13/2024,09/15/2024,First Class,KD-16615
US-2024-136728,09/13/2024,09/17/2024,Second Class,AG-10900
US-2024-129007,09/13/2024,09/15/2024,First Class,KD-16615
US-2024-118843,09/13/2024,09/20/2024,Standard Class,JH-15910
US-2024-129007,09/13/2024,09/15/2024,First Class,KD-16615
US-2024-129007,09/13/2024,09/15/2024,First Class,KD-16615
US-2024-138457,09/13/2024,09/17/2024,Standard Class,AM-10705
US-2024-129007,09/13/2024,09/15/2024,First Class,KD-16615
US-2024-161347,09/13/2024,09/19/2024,Standard Class,HG-14845
US-2024-136728,09/13/2024,09/17/2024,Second Class,AG-10900
US-2024-129007,09/13/2024,09/15/2024,First Class,KD-16615
US-2024-118843,09/13/2024,09/20/2024,Standard Class,JH-15910
US-2024-115567,09/13/2024,09/18/2024,Standard Class,ZC-21910
US-2024-131597,09/14/2024,09/18/2024,Standard Class,SP-20620
US-2024-120362,09/14/2024,09/19/2024,Standard Class,CA-12265
US-2024-140984,09/14/2024,09/18/2024,Standard Class,CC-12685
US-2024-115924,09/14/2024,09/18/2024,Second Class,BE-11455
US-2024-140984,09/14/2024,09/18/2024,Standard Class,CC-12685
US-2024-128027,09/14/2024,09/17/2024,Second Class,CM-12385
US-2024-140984,09/14/2024,09/18/2024,Standard Class,CC-12685
US-2024-105102,09/15/2024,09/19/2024,Second Class,BM-11575
US-2024-102582,09/15/2024,09/19/2024,Standard Class,NW-18400
US-2024-130519,09/15/2024,09/15/2024,Same Day,NG-18355
US-2024-130519,09/15/2024,09/15/2024,Same Day,NG-18355
US-2024-102582,09/15/2024,09/19/2024,Standard Class,NW-18400
US-2024-145849,09/15/2024,09/17/2024,Second Class,CT-11995
US-2024-105102,09/15/2024,09/19/2024,Second Class,BM-11575
US-2024-100734,09/15/2024,09/20/2024,Standard Class,AC-10615
US-2024-130519,09/15/2024,09/15/2024,Same Day,NG-18355
US-2024-105102,09/15/2024,09/19/2024,Second Class,BM-11575
US-2024-145849,09/15/2024,09/17/2024,Second Class,CT-11995
US-2024-130519,09/15/2024,09/15/2024,Same Day,NG-18355
US-2024-100734,09/15/2024,09/20/2024,Standard Class,AC-10615
US-2024-102582,09/15/2024,09/19/2024,Standard Class,NW-18400
US-2024-167696,09/16/2024,09/21/2024,Standard Class,BD-11500
US-2024-126977,09/17/2024,09/23/2024,Standard Class,PF-19120
US-2024-150630,09/17/2024,09/21/2024,Standard Class,TB-21520
US-2024-126977,09/17/2024,09/23/2024,Standard Class,PF-19120
US-2024-126977,09/17/2024,09/23/2024,Standard Class,PF-19120
US-2024-143077,09/17/2024,09/21/2024,Standard Class,SF-20965
US-2024-150630,09/17/2024,09/21/2024,Standard Class,TB-21520
US-2024-138919,09/17/2024,09/21/2024,Standard Class,LS-16975
US-2024-150630,09/17/2024,09/21/2024,Standard Class,TB-21520
US-2024-150630,09/17/2024,09/21/2024,Standard Class,TB-21520
US-2024-143077,09/17/2024,09/21/2024,Standard Class,SF-20965
US-2024-150630,09/17/2024,09/21/2024,Standard Class,TB-21520
US-2024-150630,09/17/2024,09/21/2024,Standard Class,TB-21520
US-2024-138716,09/17/2024,09/20/2024,First Class,CS-11845
US-2024-150630,09/17/2024,09/21/2024,Standard Class,TB-21520
US-2024-126977,09/17/2024,09/23/2024,Standard Class,PF-19120
US-2024-126977,09/17/2024,09/23/2024,Standard Class,PF-19120
US-2024-133025,09/17/2024,09/19/2024,Second Class,MO-17800
US-2024-126977,09/17/2024,09/23/2024,Standard Class,PF-19120
US-2024-126977,09/17/2024,09/23/2024,Standard Class,PF-19120
US-2024-141145,09/17/2024,09/23/2024,Standard Class,DB-13405
US-2024-126977,09/17/2024,09/23/2024,Standard Class,PF-19120
US-2024-126977,09/17/2024,09/23/2024,Standard Class,PF-19120
US-2024-126977,09/17/2024,09/23/2024,Standard Class,PF-19120
US-2024-167745,09/18/2024,09/23/2024,Standard Class,GB-14530
US-2024-167745,09/18/2024,09/23/2024,Standard Class,GB-14530
US-2024-109575,09/18/2024,09/23/2024,Standard Class,KH-16630
US-2024-149713,09/18/2024,09/22/2024,Second Class,TG-21640
US-2024-150511,09/18/2024,09/24/2024,Standard Class,AB-10060
US-2024-149713,09/18/2024,09/22/2024,Second Class,TG-21640
US-2024-109575,09/18/2024,09/23/2024,Standard Class,KH-16630
US-2024-101154,09/18/2024,09/21/2024,First Class,CM-12190
US-2024-109575,09/18/2024,09/23/2024,Standard Class,KH-16630
US-2024-149713,09/18/2024,09/22/2024,Second Class,TG-21640
US-2024-167745,09/18/2024,09/23/2024,Standard Class,GB-14530
US-2024-142202,09/18/2024,09/23/2024,Second Class,JR-16210
US-2024-109575,09/18/2024,09/23/2024,Standard Class,KH-16630
US-2024-109575,09/18/2024,09/23/2024,Standard Class,KH-16630
US-2024-115847,09/19/2024,09/24/2024,Second Class,TC-21535
US-2024-149517,09/19/2024,09/23/2024,Standard Class,FC-14245
US-2024-137603,09/19/2024,09/24/2024,Standard Class,MH-17290
US-2024-132815,09/19/2024,09/22/2024,Second Class,RW-19540
US-2024-147102,09/19/2024,09/26/2024,Standard Class,NH-18610
US-2024-135489,09/19/2024,09/22/2024,Second Class,GW-14605
US-2024-126970,09/20/2024,09/24/2024,Standard Class,TP-21130
US-2024-141565,09/20/2024,09/24/2024,Standard Class,BG-11035
US-2024-153738,09/20/2024,09/22/2024,First Class,AG-10270
US-2024-156013,09/20/2024,09/26/2024,Standard Class,TC-20980
US-2024-151470,09/20/2024,09/26/2024,Standard Class,AM-10705
US-2024-156013,09/20/2024,09/26/2024,Standard Class,TC-20980
US-2024-141565,09/20/2024,09/24/2024,Standard Class,BG-11035
CA-2024-153738,09/20/2024,09/22/2024,First Class,AG-10270
US-2024-168480,09/21/2024,09/27/2024,Standard Class,DM-12955
US-2024-158421,09/21/2024,09/26/2024,Standard Class,GB-14575
US-2024-117800,09/21/2024,09/26/2024,Standard Class,TH-21550
US-2024-149972,09/21/2024,09/23/2024,First Class,CD-12790
US-2024-126697,09/21/2024,09/24/2024,First Class,SV-20815
US-2024-127593,09/21/2024,09/21/2024,Same Day,DH-13675
US-2024-168480,09/21/2024,09/27/2024,Standard Class,DM-12955
US-2024-158421,09/21/2024,09/26/2024,Standard Class,GB-14575
US-2024-158421,09/21/2024,09/26/2024,Standard Class,GB-14575
US-2024-149972,09/21/2024,09/23/2024,First Class,CD-12790
US-2024-158421,09/21/2024,09/26/2024,Standard Class,GB-14575
US-2024-158421,09/21/2024,09/26/2024,Standard Class,GB-14575
US-2024-158421,09/21/2024,09/26/2024,Standard Class,GB-14575
US-2024-102036,09/21/2024,09/27/2024,Standard Class,CS-12130
US-2024-158421,09/21/2024,09/26/2024,Standard Class,GB-14575
US-2024-126697,09/21/2024,09/24/2024,First Class,SV-20815
US-2024-158421,09/21/2024,09/26/2024,Standard Class,GB-14575
US-2024-117800,09/21/2024,09/26/2024,Standard Class,TH-21550
US-2024-158421,09/21/2024,09/26/2024,Standard Class,GB-14575
US-2024-126697,09/21/2024,09/24/2024,First Class,SV-20815
US-2024-134992,09/22/2024,09/26/2024,Second Class,MG-17875
US-2024-112571,09/22/2024,09/22/2024,Same Day,DL-12925
US-2024-168760,09/22/2024,09/26/2024,Second Class,MM-18280
US-2024-102260,09/22/2024,09/26/2024,Standard Class,SJ-20125
US-2024-102260,09/22/2024,09/26/2024,Standard Class,SJ-20125
US-2024-102260,09/22/2024,09/26/2024,Standard Class,SJ-20125
US-2024-134992,09/22/2024,09/26/2024,Second Class,MG-17875
US-2024-102260,09/22/2024,09/26/2024,Standard Class,SJ-20125
US-2024-102260,09/22/2024,09/26/2024,Standard Class,SJ-20125
US-2024-115343,09/22/2024,09/25/2024,First Class,FO-14305
US-2024-115343,09/22/2024,09/25/2024,First Class,FO-14305
US-2024-153381,09/24/2024,09/28/2024,Standard Class,DE-13255
US-2024-143119,09/24/2024,09/30/2024,Standard Class,MC-17275
US-2024-103835,09/24/2024,09/28/2024,Standard Class,SC-20440
US-2024-103835,09/24/2024,09/28/2024,Standard Class,SC-20440
US-2024-161466,09/24/2024,09/27/2024,Second Class,ON-18715
US-2024-106873,09/24/2024,09/29/2024,Second Class,KM-16720
US-2024-106873,09/24/2024,09/29/2024,Second Class,KM-16720
US-2024-113131,09/24/2024,09/24/2024,Same Day,MB-17305
US-2024-161830,09/24/2024,09/26/2024,Second Class,ME-17725
US-2024-161830,09/24/2024,09/26/2024,Second Class,ME-17725
US-2024-153381,09/24/2024,09/28/2024,Standard Class,DE-13255
US-2024-113131,09/24/2024,09/24/2024,Same Day,MB-17305
US-2024-105508,09/24/2024,09/29/2024,Standard Class,JF-15190
US-2024-113131,09/24/2024,09/24/2024,Same Day,MB-17305
US-2024-113131,09/24/2024,09/24/2024,Same Day,MB-17305
US-2024-113131,09/24/2024,09/24/2024,Same Day,MB-17305
US-2024-106873,09/24/2024,09/29/2024,Second Class,KM-16720
US-2024-147816,09/24/2024,09/26/2024,Second Class,CM-11935
US-2024-164308,09/24/2024,09/27/2024,First Class,SC-20680
US-2024-151869,09/25/2024,09/25/2024,Same Day,CS-11950
US-2024-149083,09/25/2024,09/30/2024,Standard Class,SH-19975
US-2024-106320,09/25/2024,09/30/2024,Standard Class,EB-13870
US-2024-139738,09/25/2024,09/29/2024,Standard Class,DK-12895
US-2024-156510,09/25/2024,09/29/2024,Standard Class,EH-13990
US-2024-156510,09/25/2024,09/29/2024,Standard Class,EH-13990
US-2024-120845,09/25/2024,10/02/2024,Standard Class,ML-17395
US-2024-120845,09/25/2024,10/02/2024,Standard Class,ML-17395
US-2024-159779,09/25/2024,09/29/2024,Standard Class,SB-20185
US-2024-156335,09/25/2024,09/28/2024,Second Class,PO-19195
US-2024-160787,09/25/2024,09/25/2024,Same Day,BM-11785
US-2024-120845,09/25/2024,10/02/2024,Standard Class,ML-17395
US-2024-100573,09/25/2024,10/01/2024,Standard Class,AM-10705
US-2024-149083,09/25/2024,09/30/2024,Standard Class,SH-19975
US-2024-156510,09/25/2024,09/29/2024,Standard Class,EH-13990
US-2024-151869,09/25/2024,09/25/2024,Same Day,CS-11950
US-2024-120845,09/25/2024,10/02/2024,Standard Class,ML-17395
US-2024-156335,09/25/2024,09/28/2024,Second Class,PO-19195
US-2024-149083,09/25/2024,09/30/2024,Standard Class,SH-19975
US-2024-103933,09/25/2024,09/27/2024,First Class,DR-12880
US-2024-156335,09/25/2024,09/28/2024,Second Class,PO-19195
US-2024-124800,09/26/2024,09/30/2024,Standard Class,RW-19540
US-2024-127173,09/26/2024,10/03/2024,Standard Class,GM-14500
US-2024-124800,09/26/2024,09/30/2024,Standard Class,RW-19540
US-2024-124800,09/26/2024,09/30/2024,Standard Class,RW-19540
US-2024-120341,09/26/2024,09/29/2024,Second Class,SF-20200
US-2024-161991,09/26/2024,09/28/2024,Second Class,SC-20725
US-2024-122371,09/26/2024,10/01/2024,Standard Class,BS-11800
US-2024-127173,09/26/2024,10/03/2024,Standard Class,GM-14500
US-2024-130883,09/26/2024,10/02/2024,Standard Class,TB-21520
US-2024-124800,09/26/2024,09/30/2024,Standard Class,RW-19540
US-2024-130883,09/26/2024,10/02/2024,Standard Class,TB-21520
US-2024-124800,09/26/2024,09/30/2024,Standard Class,RW-19540
US-2024-122371,09/26/2024,10/01/2024,Standard Class,BS-11800
US-2024-124800,09/26/2024,09/30/2024,Standard Class,RW-19540
US-2024-111458,09/26/2024,09/30/2024,Standard Class,PF-19165
US-2024-130883,09/26/2024,10/02/2024,Standard Class,TB-21520
US-2024-127173,09/26/2024,10/03/2024,Standard Class,GM-14500
US-2024-124800,09/26/2024,09/30/2024,Standard Class,RW-19540
US-2024-161991,09/26/2024,09/28/2024,Second Class,SC-20725
US-2024-120341,09/26/2024,09/29/2024,Second Class,SF-20200
US-2024-100531,09/27/2024,09/29/2024,First Class,NM-18520
US-2024-103072,09/27/2024,09/30/2024,Second Class,HW-14935
US-2024-143616,09/27/2024,09/29/2024,Second Class,SS-20140
US-2024-100531,09/27/2024,09/29/2024,First Class,NM-18520
US-2024-125976,09/27/2024,10/02/2024,Standard Class,JK-15205
US-2024-167255,09/27/2024,09/29/2024,Second Class,RH-19510
US-2024-103072,09/27/2024,09/30/2024,Second Class,HW-14935
US-2024-167255,09/27/2024,09/29/2024,Second Class,RH-19510
US-2024-167255,09/27/2024,09/29/2024,Second Class,RH-19510
US-2024-125976,09/27/2024,10/02/2024,Standard Class,JK-15205
US-2024-169201,09/28/2024,10/01/2024,First Class,HG-14965
US-2024-169201,09/28/2024,10/01/2024,First Class,HG-14965
US-2024-129546,09/28/2024,10/05/2024,Standard Class,RP-19855
US-2024-120915,09/28/2024,10/03/2024,Second Class,JJ-15445
US-2024-106978,09/28/2024,10/04/2024,Standard Class,ZC-21910
US-2024-129546,09/28/2024,10/05/2024,Standard Class,RP-19855
US-2024-106978,09/28/2024,10/04/2024,Standard Class,ZC-21910
US-2024-106978,09/28/2024,10/04/2024,Standard Class,ZC-21910
US-2024-129546,09/28/2024,10/05/2024,Standard Class,RP-19855
US-2024-120915,09/28/2024,10/03/2024,Second Class,JJ-15445
US-2024-129546,09/28/2024,10/05/2024,Standard Class,RP-19855
US-2024-115392,10/01/2024,10/04/2024,Second Class,RM-19675
US-2024-148873,10/01/2024,10/05/2024,Standard Class,EM-13960
US-2024-166135,10/01/2024,10/06/2024,Standard Class,SC-20440
US-2024-148873,10/01/2024,10/05/2024,Standard Class,EM-13960
US-2024-156566,10/01/2024,10/04/2024,First Class,EM-13960
US-2024-115392,10/01/2024,10/04/2024,Second Class,RM-19675
US-2024-144771,10/02/2024,10/04/2024,First Class,CK-12205
US-2024-140375,10/02/2024,10/05/2024,Second Class,SG-20470
US-2024-145121,10/02/2024,10/06/2024,Standard Class,MP-17965
US-2024-125696,10/02/2024,10/06/2024,Standard Class,NP-18685
US-2024-129917,10/02/2024,10/03/2024,First Class,HM-14980
US-2024-104493,10/02/2024,10/08/2024,Standard Class,EB-13705
US-2024-129917,10/02/2024,10/03/2024,First Class,HM-14980
US-2024-137008,10/02/2024,10/08/2024,Standard Class,JP-15460
US-2024-137008,10/02/2024,10/08/2024,Standard Class,JP-15460
US-2024-140375,10/02/2024,10/05/2024,Second Class,SG-20470
US-2024-119312,10/02/2024,10/07/2024,Second Class,CS-12400
US-2024-128356,10/02/2024,10/07/2024,Standard Class,RP-19390
US-2024-137008,10/02/2024,10/08/2024,Standard Class,JP-15460
US-2024-144771,10/02/2024,10/04/2024,First Class,CK-12205
US-2024-129917,10/02/2024,10/03/2024,First Class,HM-14980
US-2024-157014,10/03/2024,10/06/2024,Second Class,BM-11785
US-2024-126137,10/03/2024,10/08/2024,Standard Class,BS-11755
US-2024-157014,10/03/2024,10/06/2024,Second Class,BM-11785
US-2024-125178,10/03/2024,10/09/2024,Standard Class,MZ-17515
US-2024-157014,10/03/2024,10/06/2024,Second Class,BM-11785
US-2024-157014,10/03/2024,10/06/2024,Second Class,BM-11785
US-2024-168004,10/04/2024,10/09/2024,Second Class,DJ-13420
US-2024-134859,10/04/2024,10/09/2024,Standard Class,JK-16120
US-2024-134859,10/04/2024,10/09/2024,Standard Class,JK-16120
US-2024-121391,10/04/2024,10/07/2024,First Class,AA-10315
US-2024-133445,10/05/2024,10/09/2024,Standard Class,JF-15490
US-2024-133445,10/05/2024,10/09/2024,Standard Class,JF-15490
US-2024-115091,10/05/2024,10/09/2024,Standard Class,JJ-15760
US-2024-115091,10/05/2024,10/09/2024,Standard Class,JJ-15760
US-2024-161214,10/05/2024,10/08/2024,Second Class,SF-20965
US-2024-151722,10/05/2024,10/09/2024,Standard Class,IL-15100
US-2024-145828,10/05/2024,10/07/2024,First Class,MB-17305
US-2024-168529,10/08/2024,10/12/2024,Standard Class,MB-17305
US-2024-131352,10/08/2024,10/13/2024,Standard Class,GH-14485
US-2024-125710,10/08/2024,10/13/2024,Standard Class,BT-11680
US-2024-124499,10/09/2024,10/13/2024,Standard Class,FM-14380
US-2024-124499,10/09/2024,10/13/2024,Standard Class,FM-14380
US-2024-124107,10/09/2024,10/12/2024,Second Class,BM-11650
US-2024-162761,10/09/2024,10/13/2024,Standard Class,SC-20575
US-2024-162761,10/09/2024,10/13/2024,Standard Class,SC-20575
US-2024-162761,10/09/2024,10/13/2024,Standard Class,SC-20575
US-2024-124107,10/09/2024,10/12/2024,Second Class,BM-11650
US-2024-141040,10/09/2024,10/13/2024,Second Class,TB-21250
US-2024-129098,10/09/2024,10/13/2024,Standard Class,DK-13090
US-2024-124107,10/09/2024,10/12/2024,Second Class,BM-11650
US-2024-141040,10/09/2024,10/13/2024,Second Class,TB-21250
US-2024-124107,10/09/2024,10/12/2024,Second Class,BM-11650
US-2024-132388,10/10/2024,10/12/2024,First Class,KN-16390
US-2024-112522,10/10/2024,10/17/2024,Standard Class,DP-13165
US-2024-132388,10/10/2024,10/12/2024,First Class,KN-16390
US-2024-109736,10/10/2024,10/11/2024,First Class,DJ-13420
US-2024-134719,10/10/2024,10/15/2024,Standard Class,JD-15790
US-2024-108966,10/11/2024,10/18/2024,Standard Class,SO-20335
US-2024-108966,10/11/2024,10/18/2024,Standard Class,SO-20335
US-2024-112053,10/11/2024,10/13/2024,Second Class,SH-20395
US-2024-102281,10/12/2024,10/14/2024,First Class,MP-17470
US-2024-102281,10/12/2024,10/14/2024,First Class,MP-17470
US-2024-159786,10/12/2024,10/17/2024,Second Class,RK-19300
US-2024-102281,10/12/2024,10/14/2024,First Class,MP-17470
US-2024-134747,10/12/2024,10/17/2024,Second Class,DL-12925
US-2024-102281,10/12/2024,10/14/2024,First Class,MP-17470
US-2024-142993,10/12/2024,10/17/2024,Standard Class,KA-16525
US-2024-142993,10/12/2024,10/17/2024,Standard Class,KA-16525
US-2024-102281,10/12/2024,10/14/2024,First Class,MP-17470
US-2024-134747,10/12/2024,10/17/2024,Second Class,DL-12925
US-2024-134747,10/12/2024,10/17/2024,Second Class,DL-12925
US-2024-114300,10/13/2024,10/17/2024,Standard Class,AF-10885
US-2024-114300,10/13/2024,10/17/2024,Standard Class,AF-10885
US-2024-139731,10/15/2024,10/15/2024,Same Day,JE-15745
US-2024-126235,10/15/2024,10/15/2024,Same Day,GA-14725
US-2024-123918,10/15/2024,10/15/2024,Same Day,CG-12520
US-2024-118766,10/15/2024,10/22/2024,Standard Class,LS-16975
US-2024-118766,10/15/2024,10/22/2024,Standard Class,LS-16975
US-2024-123918,10/15/2024,10/15/2024,Same Day,CG-12520
US-2024-129476,10/15/2024,10/20/2024,Standard Class,PA-19060
US-2024-139731,10/15/2024,10/15/2024,Same Day,JE-15745
US-2024-110765,10/16/2024,10/20/2024,Second Class,MP-17965
US-2024-152527,10/17/2024,10/17/2024,Same Day,CM-12190
US-2024-127824,10/18/2024,10/22/2024,Standard Class,JC-15775
US-2024-105613,10/18/2024,10/22/2024,Standard Class,KN-16705
US-2024-127824,10/18/2024,10/22/2024,Standard Class,JC-15775
US-2024-105613,10/18/2024,10/22/2024,Standard Class,KN-16705
US-2024-127824,10/18/2024,10/22/2024,Standard Class,JC-15775
US-2024-160171,10/19/2024,10/24/2024,Standard Class,RM-19675
US-2024-150413,10/19/2024,10/24/2024,Second Class,CS-11860
US-2024-113901,10/19/2024,10/24/2024,Standard Class,NH-18610
US-2024-131128,10/19/2024,10/20/2024,First Class,TB-21520
US-2024-160171,10/19/2024,10/24/2024,Standard Class,RM-19675
US-2024-113901,10/19/2024,10/24/2024,Standard Class,NH-18610
CA-2024-154231,10/19/2024,10/24/2024,Standard Class,EH-14125
US-2024-160563,10/20/2024,10/24/2024,Standard Class,NS-18640
US-2024-149097,10/20/2024,10/24/2024,Standard Class,SV-20785
US-2024-149097,10/20/2024,10/24/2024,Standard Class,SV-20785
US-2024-164623,10/20/2024,10/22/2024,First Class,MS-17770
US-2024-160563,10/20/2024,10/24/2024,Standard Class,NS-18640
US-2024-104430,10/22/2024,10/26/2024,Standard Class,LT-17110
US-2024-169733,10/22/2024,10/26/2024,Second Class,GM-14500
US-2024-132486,10/23/2024,10/27/2024,Second Class,JF-15355
US-2024-132486,10/23/2024,10/27/2024,Second Class,JF-15355
US-2024-132486,10/23/2024,10/27/2024,Second Class,JF-15355
US-2024-155068,10/23/2024,10/23/2024,Same Day,RA-19285
US-2024-109190,10/23/2024,10/28/2024,Standard Class,CC-12685
US-2024-142692,10/23/2024,10/28/2024,Standard Class,AG-10495
US-2024-132486,10/23/2024,10/27/2024,Second Class,JF-15355
US-2024-109190,10/23/2024,10/28/2024,Standard Class,CC-12685
US-2024-110877,10/23/2024,10/26/2024,First Class,JE-15715
US-2024-132486,10/23/2024,10/27/2024,Second Class,JF-15355
US-2024-132486,10/23/2024,10/27/2024,Second Class,JF-15355
US-2024-109190,10/23/2024,10/28/2024,Standard Class,CC-12685
US-2024-110877,10/23/2024,10/26/2024,First Class,JE-15715
US-2024-155068,10/23/2024,10/23/2024,Same Day,RA-19285
US-2024-155068,10/23/2024,10/23/2024,Same Day,RA-19285
US-2024-149650,10/24/2024,10/27/2024,First Class,RD-19660
US-2024-118738,10/24/2024,10/30/2024,Standard Class,AG-10495
US-2024-156608,10/24/2024,10/29/2024,Standard Class,MT-18070
US-2024-118738,10/24/2024,10/30/2024,Standard Class,AG-10495
US-2024-118738,10/24/2024,10/30/2024,Standard Class,AG-10495
US-2024-130848,10/25/2024,10/25/2024,Same Day,DG-13300
US-2024-109862,10/25/2024,10/30/2024,Standard Class,HK-14890
US-2024-152891,10/25/2024,10/30/2024,Standard Class,TB-21625
US-2024-105844,10/25/2024,10/27/2024,Second Class,JF-15415
US-2024-152891,10/25/2024,10/30/2024,Standard Class,TB-21625
US-2024-109862,10/25/2024,10/30/2024,Standard Class,HK-14890
US-2024-150714,10/26/2024,11/01/2024,Standard Class,KH-16690
US-2024-150714,10/26/2024,11/01/2024,Standard Class,KH-16690
US-2024-150714,10/26/2024,11/01/2024,Standard Class,KH-16690
US-2024-139290,10/26/2024,10/30/2024,Standard Class,MY-17380
US-2024-150714,10/26/2024,11/01/2024,Standard Class,KH-16690
US-2024-150714,10/26/2024,11/01/2024,Standard Class,KH-16690
US-2024-156146,10/26/2024,10/30/2024,Second Class,AG-10495
US-2024-156146,10/26/2024,10/30/2024,Second Class,AG-10495
US-2024-162537,10/28/2024,11/03/2024,Standard Class,RD-19585
US-2024-162537,10/28/2024,11/03/2024,Standard Class,RD-19585
US-2024-162537,10/28/2024,11/03/2024,Standard Class,RD-19585
US-2024-162537,10/28/2024,11/03/2024,Standard Class,RD-19585
US-2024-110289,10/29/2024,11/02/2024,Standard Class,NB-18655
US-2024-110289,10/29/2024,11/02/2024,Standard Class,NB-18655
US-2024-131359,10/30/2024,11/02/2024,Second Class,FA-14230
US-2024-132318,10/30/2024,11/02/2024,First Class,TT-21220
US-2024-131359,10/30/2024,11/02/2024,Second Class,FA-14230
US-2024-131359,10/30/2024,11/02/2024,Second Class,FA-14230
US-2024-145758,10/30/2024,10/30/2024,Same Day,BF-11020
US-2024-123673,10/30/2024,11/01/2024,Second Class,CH-12070
US-2024-131359,10/30/2024,11/02/2024,Second Class,FA-14230
US-2024-164882,10/31/2024,10/31/2024,Same Day,SG-20080
US-2024-164882,10/31/2024,10/31/2024,Same Day,SG-20080
US-2024-132570,10/31/2024,11/02/2024,Second Class,KT-16480
US-2024-164882,10/31/2024,10/31/2024,Same Day,SG-20080
US-2024-164448,10/31/2024,11/04/2024,Second Class,DK-12835
US-2024-164448,10/31/2024,11/04/2024,Second Class,DK-12835
US-2024-164882,10/31/2024,10/31/2024,Same Day,SG-20080
US-2024-131457,10/31/2024,11/06/2024,Standard Class,MZ-17515
US-2024-164448,10/31/2024,11/04/2024,Second Class,DK-12835
US-2024-132570,10/31/2024,11/02/2024,Second Class,KT-16480
US-2024-164882,10/31/2024,10/31/2024,Same Day,SG-20080
US-2024-164448,10/31/2024,11/04/2024,Second Class,DK-12835
US-2024-164882,10/31/2024,10/31/2024,Same Day,SG-20080
US-2024-164882,10/31/2024,10/31/2024,Same Day,SG-20080
US-2024-122259,10/31/2024,11/04/2024,Standard Class,HP-14815
US-2024-164882,10/31/2024,10/31/2024,Same Day,SG-20080
US-2024-164882,10/31/2024,10/31/2024,Same Day,SG-20080
US-2024-126739,11/01/2024,11/03/2024,Second Class,JH-16180
US-2024-141740,11/01/2024,11/05/2024,Standard Class,JF-15490
US-2024-113145,11/01/2024,11/05/2024,Standard Class,VD-21670
US-2024-108119,11/01/2024,11/08/2024,Standard Class,MS-17530
US-2024-110163,11/01/2024,11/04/2024,First Class,GA-14725
US-2024-105221,11/01/2024,11/03/2024,First Class,VM-21685
US-2024-113145,11/01/2024,11/05/2024,Standard Class,VD-21670
US-2024-113145,11/01/2024,11/05/2024,Standard Class,VD-21670
US-2024-105221,11/01/2024,11/03/2024,First Class,VM-21685
US-2024-130995,11/01/2024,11/06/2024,Standard Class,QJ-19255
US-2024-113145,11/01/2024,11/05/2024,Standard Class,VD-21670
US-2024-113145,11/01/2024,11/05/2024,Standard Class,VD-21670
US-2024-168207,11/02/2024,11/06/2024,Standard Class,LT-17110
US-2024-160227,11/02/2024,11/04/2024,First Class,ED-13885
US-2024-100657,11/02/2024,11/07/2024,Standard Class,SW-20245
US-2024-168207,11/02/2024,11/06/2024,Standard Class,LT-17110
US-2024-130890,11/02/2024,11/06/2024,Standard Class,JO-15280
US-2024-138625,11/02/2024,11/05/2024,First Class,EG-13900
US-2024-168207,11/02/2024,11/06/2024,Standard Class,LT-17110
US-2024-141810,11/02/2024,11/07/2024,Standard Class,BB-10990
US-2024-168207,11/02/2024,11/06/2024,Standard Class,LT-17110
US-2024-125416,11/02/2024,11/02/2024,Same Day,KC-16540
US-2024-141810,11/02/2024,11/07/2024,Standard Class,BB-10990
US-2024-162047,11/03/2024,11/05/2024,First Class,FH-14365
US-2024-140410,11/03/2024,11/07/2024,Standard Class,CM-12655
US-2024-121041,11/03/2024,11/10/2024,Standard Class,CS-12250
US-2024-140410,11/03/2024,11/07/2024,Standard Class,CM-12655
US-2024-140410,11/03/2024,11/07/2024,Standard Class,CM-12655
US-2024-131422,11/05/2024,11/09/2024,Standard Class,GB-14530
US-2024-118444,11/05/2024,11/09/2024,Standard Class,VD-21670
US-2024-136259,11/05/2024,11/08/2024,First Class,CB-12415
US-2024-144386,11/05/2024,11/11/2024,Standard Class,GT-14635
US-2024-131072,11/05/2024,11/05/2024,Same Day,KL-16645
US-2024-103961,11/05/2024,11/09/2024,Standard Class,NG-18430
US-2024-145485,11/05/2024,11/05/2024,Same Day,JM-16195
US-2024-136259,11/05/2024,11/08/2024,First Class,CB-12415
US-2024-105312,11/06/2024,11/09/2024,First Class,MT-17815
US-2024-105312,11/06/2024,11/09/2024,First Class,MT-17815
US-2024-102848,11/07/2024,11/09/2024,Second Class,KB-16240
US-2024-162887,11/07/2024,11/09/2024,Second Class,SV-20785
US-2024-163181,11/07/2024,11/12/2024,Standard Class,AB-10105
US-2024-163181,11/07/2024,11/12/2024,Standard Class,AB-10105
US-2024-163181,11/07/2024,11/12/2024,Standard Class,AB-10105
US-2024-105571,11/07/2024,11/11/2024,Standard Class,CP-12340
US-2024-105571,11/07/2024,11/11/2024,Standard Class,CP-12340
US-2024-134922,11/07/2024,11/11/2024,Standard Class,KB-16240
US-2024-148432,11/07/2024,11/10/2024,Second Class,MC-18130
US-2024-148432,11/07/2024,11/10/2024,Second Class,MC-18130
US-2024-126669,11/07/2024,11/13/2024,Standard Class,DO-13645
US-2024-163181,11/07/2024,11/12/2024,Standard Class,AB-10105
US-2024-163181,11/07/2024,11/12/2024,Standard Class,AB-10105
US-2024-163181,11/07/2024,11/12/2024,Standard Class,AB-10105
US-2024-117086,11/08/2024,11/12/2024,Standard Class,QJ-19255
US-2024-114811,11/08/2024,11/08/2024,Same Day,KD-16495
US-2024-108259,11/08/2024,11/15/2024,Standard Class,NS-18640
US-2024-109386,11/08/2024,11/13/2024,Second Class,RH-19600
US-2024-114811,11/08/2024,11/08/2024,Same Day,KD-16495
US-2024-123568,11/08/2024,11/14/2024,Standard Class,SC-20095
US-2024-109386,11/08/2024,11/13/2024,Second Class,RH-19600
US-2024-109386,11/08/2024,11/13/2024,Second Class,RH-19600
US-2024-109386,11/08/2024,11/13/2024,Second Class,RH-19600
US-2024-105634,11/08/2024,11/14/2024,Standard Class,HA-14905
US-2024-108259,11/08/2024,11/15/2024,Standard Class,NS-18640
US-2024-123568,11/08/2024,11/14/2024,Standard Class,SC-20095
US-2024-164441,11/08/2024,11/13/2024,Standard Class,AC-10450
US-2024-111990,11/08/2024,11/13/2024,Standard Class,DB-13660
US-2024-108259,11/08/2024,11/15/2024,Standard Class,NS-18640
US-2024-117611,11/08/2024,11/10/2024,Second Class,MZ-17335
US-2024-123568,11/08/2024,11/14/2024,Standard Class,SC-20095
US-2024-108259,11/08/2024,11/15/2024,Standard Class,NS-18640
US-2024-123568,11/08/2024,11/14/2024,Standard Class,SC-20095
US-2024-164441,11/08/2024,11/13/2024,Standard Class,AC-10450
US-2024-114811,11/08/2024,11/08/2024,Same Day,KD-16495
US-2024-154886,11/08/2024,11/12/2024,Standard Class,SW-20455
US-2024-117611,11/08/2024,11/10/2024,Second Class,MZ-17335
US-2024-114811,11/08/2024,11/08/2024,Same Day,KD-16495
US-2024-109386,11/08/2024,11/13/2024,Second Class,RH-19600
US-2024-151407,11/08/2024,11/12/2024,Standard Class,RD-19585
US-2024-114811,11/08/2024,11/08/2024,Same Day,KD-16495
US-2024-127509,11/09/2024,11/13/2024,Standard Class,AS-10090
US-2024-113222,11/09/2024,11/09/2024,Same Day,AG-10765
US-2024-127509,11/09/2024,11/13/2024,Standard Class,AS-10090
US-2024-127509,11/09/2024,11/13/2024,Standard Class,AS-10090
US-2024-146486,11/09/2024,11/14/2024,Second Class,DV-13465
US-2024-126466,11/09/2024,11/13/2024,Standard Class,JO-15550
US-2024-127509,11/09/2024,11/13/2024,Standard Class,AS-10090
US-2024-158554,11/09/2024,11/09/2024,Same Day,CM-12190
US-2024-169796,11/09/2024,11/14/2024,Standard Class,Dp-13240
US-2024-146486,11/09/2024,11/14/2024,Second Class,DV-13465
US-2024-146486,11/09/2024,11/14/2024,Second Class,DV-13465
US-2024-146486,11/09/2024,11/14/2024,Second Class,DV-13465
US-2024-169796,11/09/2024,11/14/2024,Standard Class,Dp-13240
US-2024-121783,11/10/2024,11/14/2024,Standard Class,PO-19180
US-2024-121783,11/10/2024,11/14/2024,Standard Class,PO-19180
US-2024-121783,11/10/2024,11/14/2024,Standard Class,PO-19180
US-2024-121783,11/10/2024,11/14/2024,Standard Class,PO-19180
US-2024-147690,11/10/2024,11/14/2024,Standard Class,SC-20020
US-2024-158659,11/10/2024,11/14/2024,Second Class,SC-20695
US-2024-155040,11/10/2024,11/15/2024,Standard Class,AH-10210
US-2024-121783,11/10/2024,11/14/2024,Standard Class,PO-19180
US-2024-111948,11/11/2024,11/11/2024,Same Day,AG-10495
US-2024-111948,11/11/2024,11/11/2024,Same Day,AG-10495
US-2024-113628,11/12/2024,11/19/2024,Standard Class,AH-10690
US-2024-113628,11/12/2024,11/19/2024,Standard Class,AH-10690
US-2024-113628,11/12/2024,11/19/2024,Standard Class,AH-10690
US-2024-113628,11/12/2024,11/19/2024,Standard Class,AH-10690
US-2024-113628,11/12/2024,11/19/2024,Standard Class,AH-10690
US-2024-153283,11/12/2024,11/18/2024,Standard Class,EB-14110
US-2024-162964,11/12/2024,11/18/2024,Standard Class,MF-18250
US-2024-153220,11/12/2024,11/14/2024,First Class,YC-21895
US-2024-162964,11/12/2024,11/18/2024,Standard Class,MF-18250
US-2024-162964,11/12/2024,11/18/2024,Standard Class,MF-18250
US-2024-113628,11/12/2024,11/19/2024,Standard Class,AH-10690
US-2024-130183,11/13/2024,11/17/2024,Standard Class,PO-18850
US-2024-104948,11/13/2024,11/17/2024,Standard Class,KH-16510
US-2024-115798,11/13/2024,11/19/2024,Standard Class,KL-16645
US-2024-144519,11/13/2024,11/17/2024,Standard Class,AW-10930
US-2024-153073,11/13/2024,11/13/2024,Same Day,HA-14905
US-2024-156867,11/13/2024,11/17/2024,Standard Class,LC-16870
US-2024-104948,11/13/2024,11/17/2024,Standard Class,KH-16510
US-2024-156867,11/13/2024,11/17/2024,Standard Class,LC-16870
US-2024-136147,11/13/2024,11/18/2024,Standard Class,FM-14380
US-2024-149909,11/13/2024,11/17/2024,Standard Class,RA-19915
US-2024-115798,11/13/2024,11/19/2024,Standard Class,KL-16645
US-2024-111199,11/13/2024,11/17/2024,Standard Class,JK-15730
US-2024-149909,11/13/2024,11/17/2024,Standard Class,RA-19915
US-2024-104948,11/13/2024,11/17/2024,Standard Class,KH-16510
US-2024-114503,11/13/2024,11/17/2024,Standard Class,AA-10375
US-2024-156867,11/13/2024,11/17/2024,Standard Class,LC-16870
US-2024-136147,11/13/2024,11/18/2024,Standard Class,FM-14380
US-2024-149909,11/13/2024,11/17/2024,Standard Class,RA-19915
US-2024-115798,11/13/2024,11/19/2024,Standard Class,KL-16645
US-2024-115798,11/13/2024,11/19/2024,Standard Class,KL-16645
US-2024-144519,11/13/2024,11/17/2024,Standard Class,AW-10930
US-2024-123141,11/14/2024,11/19/2024,Standard Class,GZ-14470
US-2024-123141,11/14/2024,11/19/2024,Standard Class,GZ-14470
US-2024-111927,11/14/2024,11/19/2024,Standard Class,LS-17230
US-2024-154746,11/14/2024,11/17/2024,First Class,PJ-18835
US-2024-111927,11/14/2024,11/19/2024,Standard Class,LS-17230
US-2024-154746,11/14/2024,11/17/2024,First Class,PJ-18835
US-2024-138674,11/14/2024,11/17/2024,First Class,KB-16585
US-2024-137897,11/14/2024,11/19/2024,Standard Class,PJ-18835
US-2024-138674,11/14/2024,11/17/2024,First Class,KB-16585
US-2024-151043,11/14/2024,11/20/2024,Standard Class,MG-17680
US-2024-137897,11/14/2024,11/19/2024,Standard Class,PJ-18835
US-2024-137897,11/14/2024,11/19/2024,Standard Class,PJ-18835
US-2024-138674,11/14/2024,11/17/2024,First Class,KB-16585
US-2024-145324,11/15/2024,11/19/2024,Standard Class,DH-13675
US-2024-138954,11/15/2024,11/17/2024,First Class,MH-17785
US-2024-129525,11/15/2024,11/20/2024,Standard Class,VP-21760
US-2024-138954,11/15/2024,11/17/2024,First Class,MH-17785
US-2024-113173,11/15/2024,11/17/2024,Second Class,DK-13225
US-2024-113173,11/15/2024,11/17/2024,Second Class,DK-13225
US-2024-138954,11/15/2024,11/17/2024,First Class,MH-17785
US-2024-113173,11/15/2024,11/17/2024,Second Class,DK-13225
US-2024-135685,11/16/2024,11/18/2024,Second Class,MP-18175
US-2024-145394,11/16/2024,11/20/2024,Standard Class,MC-17605
US-2024-150875,11/16/2024,11/20/2024,Standard Class,HK-14890
US-2024-135685,11/16/2024,11/18/2024,Second Class,MP-18175
US-2024-135685,11/16/2024,11/18/2024,Second Class,MP-18175
US-2024-164539,11/16/2024,11/22/2024,Standard Class,PO-19180
US-2024-120446,11/16/2024,11/18/2024,First Class,JG-15805
US-2024-135685,11/16/2024,11/18/2024,Second Class,MP-18175
US-2024-145394,11/16/2024,11/20/2024,Standard Class,MC-17605
US-2024-135685,11/16/2024,11/18/2024,Second Class,MP-18175
US-2024-145394,11/16/2024,11/20/2024,Standard Class,MC-17605
US-2024-150875,11/16/2024,11/20/2024,Standard Class,HK-14890
US-2024-126725,11/17/2024,11/21/2024,Standard Class,BS-11665
US-2024-110863,11/17/2024,11/24/2024,Standard Class,AA-10645
US-2024-126725,11/17/2024,11/21/2024,Standard Class,BS-11665
US-2024-126725,11/17/2024,11/21/2024,Standard Class,BS-11665
US-2024-110863,11/17/2024,11/24/2024,Standard Class,AA-10645
US-2024-126725,11/17/2024,11/21/2024,Standard Class,BS-11665
US-2024-126725,11/17/2024,11/21/2024,Standard Class,BS-11665
US-2024-126725,11/17/2024,11/21/2024,Standard Class,BS-11665
US-2024-110863,11/17/2024,11/24/2024,Standard Class,AA-10645
US-2024-163090,11/17/2024,11/21/2024,Second Class,GH-14665
US-2024-126725,11/17/2024,11/21/2024,Standard Class,BS-11665
US-2024-151680,11/19/2024,11/21/2024,Second Class,TC-21475
US-2024-166800,11/19/2024,11/26/2024,Standard Class,AG-10300
US-2024-145814,11/19/2024,11/24/2024,Standard Class,KD-16345
US-2024-145814,11/19/2024,11/24/2024,Standard Class,KD-16345
US-2024-163965,11/20/2024,11/27/2024,Standard Class,SS-20875
US-2024-100454,11/20/2024,11/25/2024,Standard Class,BM-11650
US-2024-165743,11/20/2024,11/23/2024,Second Class,MM-18055
US-2024-124058,11/20/2024,11/24/2024,Standard Class,LC-16885
US-2024-110891,11/20/2024,11/24/2024,Standard Class,PO-19195
US-2024-158589,11/20/2024,11/24/2024,Standard Class,KW-16570
US-2024-112305,11/20/2024,11/25/2024,Standard Class,KB-16405
US-2024-116484,11/20/2024,11/26/2024,Standard Class,JK-15205
US-2024-112305,11/20/2024,11/25/2024,Standard Class,KB-16405
US-2024-100454,11/20/2024,11/25/2024,Standard Class,BM-11650
US-2024-144652,11/20/2024,11/26/2024,Standard Class,SN-20560
US-2024-100454,11/20/2024,11/25/2024,Standard Class,BM-11650
US-2024-165743,11/20/2024,11/23/2024,Second Class,MM-18055
US-2024-165743,11/20/2024,11/23/2024,Second Class,MM-18055
US-2024-136420,11/20/2024,11/21/2024,First Class,CS-12250
US-2024-146465,11/20/2024,11/24/2024,Standard Class,PB-18805
US-2024-163965,11/20/2024,11/27/2024,Standard Class,SS-20875
US-2024-163965,11/20/2024,11/27/2024,Standard Class,SS-20875
US-2024-136420,11/20/2024,11/21/2024,First Class,CS-12250
US-2024-156524,11/20/2024,11/26/2024,Standard Class,DL-12865
US-2024-163965,11/20/2024,11/27/2024,Standard Class,SS-20875
US-2024-116484,11/20/2024,11/26/2024,Standard Class,JK-15205
US-2024-112305,11/20/2024,11/25/2024,Standard Class,KB-16405
US-2024-161767,11/20/2024,11/24/2024,Standard Class,GK-14620
US-2024-124058,11/20/2024,11/24/2024,Standard Class,LC-16885
US-2024-115511,11/21/2024,11/25/2024,Standard Class,NW-18400
US-2024-105690,11/21/2024,11/26/2024,Second Class,CA-11965
US-2024-101511,11/21/2024,11/23/2024,Second Class,JE-15745
US-2024-102778,11/21/2024,11/24/2024,First Class,JH-15820
US-2024-119879,11/21/2024,11/25/2024,Standard Class,SS-20410
US-2024-159499,11/21/2024,11/23/2024,Second Class,EM-14095
US-2024-109337,11/21/2024,11/23/2024,Second Class,DL-13330
US-2024-107083,11/21/2024,11/27/2024,Standard Class,BB-11545
US-2024-107083,11/21/2024,11/27/2024,Standard Class,BB-11545
US-2024-109337,11/21/2024,11/23/2024,Second Class,DL-13330
US-2024-107083,11/21/2024,11/27/2024,Standard Class,BB-11545
US-2024-107083,11/21/2024,11/27/2024,Standard Class,BB-11545
US-2024-115511,11/21/2024,11/25/2024,Standard Class,NW-18400
US-2024-105690,11/21/2024,11/26/2024,Second Class,CA-11965
US-2024-159499,11/21/2024,11/23/2024,Second Class,EM-14095
US-2024-101511,11/21/2024,11/23/2024,Second Class,JE-15745
US-2024-109337,11/21/2024,11/23/2024,Second Class,DL-13330
US-2024-159499,11/21/2024,11/23/2024,Second Class,EM-14095
US-2024-105690,11/21/2024,11/26/2024,Second Class,CA-11965
US-2024-109337,11/21/2024,11/23/2024,Second Class,DL-13330
US-2024-119879,11/21/2024,11/25/2024,Standard Class,SS-20410
US-2024-139094,11/22/2024,11/27/2024,Standard Class,MO-17800
US-2024-118983,11/22/2024,11/26/2024,Standard Class,HP-14815
US-2024-162376,11/22/2024,11/25/2024,Second Class,HD-14785
US-2024-118983,11/22/2024,11/26/2024,Standard Class,HP-14815
US-2024-100545,11/22/2024,11/26/2024,Standard Class,IM-15070
US-2024-168459,11/22/2024,11/27/2024,Standard Class,MC-17275
US-2024-168459,11/22/2024,11/27/2024,Standard Class,MC-17275
US-2024-137708,11/22/2024,11/25/2024,Second Class,NG-18430
US-2024-162376,11/22/2024,11/25/2024,Second Class,HD-14785
US-2024-137708,11/22/2024,11/25/2024,Second Class,NG-18430
US-2024-123505,11/22/2024,11/26/2024,Standard Class,AR-10540
US-2024-137708,11/22/2024,11/25/2024,Second Class,NG-18430
US-2024-165449,11/22/2024,11/26/2024,Standard Class,AP-10720
US-2024-149300,11/22/2024,11/23/2024,First Class,BH-11710
US-2024-123113,11/23/2024,11/27/2024,Second Class,AT-10735
US-2024-144274,11/23/2024,11/25/2024,Second Class,PW-19240
US-2024-123113,11/23/2024,11/27/2024,Second Class,AT-10735
US-2024-111395,11/23/2024,11/27/2024,Standard Class,VB-21745
US-2024-144274,11/23/2024,11/25/2024,Second Class,PW-19240
US-2024-111395,11/23/2024,11/27/2024,Standard Class,VB-21745
US-2024-144274,11/23/2024,11/25/2024,Second Class,PW-19240
US-2024-144274,11/23/2024,11/25/2024,Second Class,PW-19240
US-2024-111395,11/23/2024,11/27/2024,Standard Class,VB-21745
US-2024-144274,11/23/2024,11/25/2024,Second Class,PW-19240
US-2024-135545,11/24/2024,11/30/2024,Standard Class,KM-16720
US-2024-105347,11/24/2024,11/28/2024,Standard Class,DP-13000
US-2024-135545,11/24/2024,11/30/2024,Standard Class,KM-16720
US-2024-153416,11/24/2024,11/29/2024,Standard Class,TS-21340
US-2024-153416,11/24/2024,11/29/2024,Standard Class,TS-21340
US-2024-105347,11/24/2024,11/28/2024,Standard Class,DP-13000
US-2024-153416,11/24/2024,11/29/2024,Standard Class,TS-21340
US-2024-135545,11/24/2024,11/30/2024,Standard Class,KM-16720
US-2024-153416,11/24/2024,11/29/2024,Standard Class,TS-21340
US-2024-135545,11/24/2024,11/30/2024,Standard Class,KM-16720
US-2024-164357,11/25/2024,11/29/2024,Standard Class,SF-20065
US-2024-166975,11/26/2024,11/30/2024,Standard Class,SH-20635
US-2024-117961,11/26/2024,11/30/2024,Standard Class,GP-14740
US-2024-117961,11/26/2024,11/30/2024,Standard Class,GP-14740
US-2024-117961,11/26/2024,11/30/2024,Standard Class,GP-14740
US-2024-117961,11/26/2024,11/30/2024,Standard Class,GP-14740
US-2024-158939,11/26/2024,12/01/2024,Standard Class,EA-14035
US-2024-130974,11/27/2024,11/29/2024,Second Class,MA-17560
US-2024-101910,11/27/2024,12/03/2024,Standard Class,CD-11920
US-2024-130974,11/27/2024,11/29/2024,Second Class,MA-17560
US-2024-168935,11/27/2024,12/02/2024,Standard Class,DO-13435
US-2024-130974,11/27/2024,11/29/2024,Second Class,MA-17560
US-2024-163762,11/27/2024,12/01/2024,Standard Class,JE-15475
US-2024-160059,11/27/2024,12/01/2024,Standard Class,TB-21190
US-2024-125234,11/27/2024,12/01/2024,Standard Class,SN-20710
US-2024-130974,11/27/2024,11/29/2024,Second Class,MA-17560
US-2024-130974,11/27/2024,11/29/2024,Second Class,MA-17560
US-2024-130974,11/27/2024,11/29/2024,Second Class,MA-17560
US-2024-125234,11/27/2024,12/01/2024,Standard Class,SN-20710
US-2024-145184,11/27/2024,11/29/2024,First Class,JD-16150
US-2024-168935,11/27/2024,12/02/2024,Standard Class,DO-13435
US-2024-130974,11/27/2024,11/29/2024,Second Class,MA-17560
US-2024-145184,11/27/2024,11/29/2024,First Class,JD-16150
US-2024-154389,11/27/2024,12/03/2024,Standard Class,EH-14125
US-2024-161711,11/28/2024,12/03/2024,Standard Class,MC-17425
US-2024-159982,11/28/2024,12/04/2024,Standard Class,DR-12880
US-2024-111612,11/28/2024,12/02/2024,Standard Class,EB-14110
US-2024-136196,11/28/2024,12/04/2024,Standard Class,TP-21415
US-2024-157133,11/28/2024,12/03/2024,Standard Class,LC-16885
US-2024-164497,11/28/2024,11/30/2024,First Class,AJ-10945
US-2024-157028,11/28/2024,12/03/2024,Standard Class,MA-17995
US-2024-161711,11/28/2024,12/03/2024,Standard Class,MC-17425
US-2024-111612,11/28/2024,12/02/2024,Standard Class,EB-14110
US-2024-142930,11/28/2024,12/02/2024,Standard Class,EB-14170
US-2024-159982,11/28/2024,12/04/2024,Standard Class,DR-12880
US-2024-159982,11/28/2024,12/04/2024,Standard Class,DR-12880
US-2024-159982,11/28/2024,12/04/2024,Standard Class,DR-12880
US-2024-110016,11/29/2024,12/04/2024,Standard Class,BT-11395
US-2024-138009,11/29/2024,12/03/2024,Standard Class,SF-20965
US-2024-138009,11/29/2024,12/03/2024,Standard Class,SF-20965
US-2024-154340,11/29/2024,11/30/2024,First Class,EK-13795
US-2024-138009,11/29/2024,12/03/2024,Standard Class,SF-20965
US-2024-129112,11/29/2024,11/30/2024,First Class,AW-10840
US-2024-144099,11/29/2024,11/30/2024,Same Day,PO-19195
US-2024-110016,11/29/2024,12/04/2024,Standard Class,BT-11395
US-2024-138009,11/29/2024,12/03/2024,Standard Class,SF-20965
US-2024-129112,11/29/2024,11/30/2024,First Class,AW-10840
US-2024-137925,11/30/2024,12/04/2024,Standard Class,JL-15235
US-2024-141327,11/30/2024,12/03/2024,First Class,LR-16915
US-2024-158323,11/30/2024,12/03/2024,First Class,AB-10600
US-2024-107685,11/30/2024,12/02/2024,Second Class,JM-15865
US-2024-141327,11/30/2024,12/03/2024,First Class,LR-16915
US-2024-141453,11/30/2024,12/03/2024,Second Class,DB-13270
US-2024-141327,11/30/2024,12/03/2024,First Class,LR-16915
US-2024-122210,11/30/2024,12/04/2024,Standard Class,WB-21850
US-2024-140830,11/30/2024,12/02/2024,Second Class,PS-18970
US-2024-140830,11/30/2024,12/02/2024,Second Class,PS-18970
US-2024-122210,11/30/2024,12/04/2024,Standard Class,WB-21850
US-2024-137925,11/30/2024,12/04/2024,Standard Class,JL-15235
US-2024-107685,11/30/2024,12/02/2024,Second Class,JM-15865
US-2024-156328,11/30/2024,12/05/2024,Standard Class,RM-19375
US-2024-122210,11/30/2024,12/04/2024,Standard Class,WB-21850
US-2024-137113,12/01/2024,12/05/2024,Second Class,TW-21025
US-2024-111038,12/01/2024,12/06/2024,Standard Class,LC-16960
US-2024-105676,12/01/2024,12/02/2024,Same Day,NM-18520
US-2024-137113,12/01/2024,12/05/2024,Second Class,TW-21025
US-2024-110324,12/01/2024,12/05/2024,Standard Class,MA-17560
US-2024-103723,12/01/2024,12/06/2024,Standard Class,BT-11305
US-2024-119907,12/01/2024,12/08/2024,Standard Class,LC-17140
US-2024-148817,12/01/2024,12/07/2024,Standard Class,KD-16495
US-2024-110324,12/01/2024,12/05/2024,Standard Class,MA-17560
US-2024-110324,12/01/2024,12/05/2024,Standard Class,MA-17560
US-2024-137113,12/01/2024,12/05/2024,Second Class,TW-21025
US-2024-137113,12/01/2024,12/05/2024,Second Class,TW-21025
US-2024-148817,12/01/2024,12/07/2024,Standard Class,KD-16495
US-2024-137113,12/01/2024,12/05/2024,Second Class,TW-21025
CA-2024-112224,12/02/2024,12/06/2024,Standard Class,NC-19470
CA-2024-145154,12/02/2024,12/06/2024,Standard Class,MK-19560
CA-2024-154124,12/02/2024,12/06/2024,Standard Class,MK-19560
US-2024-145422,12/03/2024,12/07/2024,Standard Class,PW-19240
US-2024-123092,12/03/2024,12/07/2024,Standard Class,JG-15115
US-2024-122756,12/03/2024,12/07/2024,Standard Class,DK-13225
US-2024-123092,12/03/2024,12/07/2024,Standard Class,JG-15115
US-2024-123092,12/03/2024,12/07/2024,Standard Class,JG-15115
US-2024-142475,12/03/2024,12/07/2024,Standard Class,BS-11380
US-2024-147851,12/03/2024,12/08/2024,Standard Class,MP-17470
US-2024-110093,12/03/2024,12/08/2024,Standard Class,AB-10255
US-2024-156853,12/03/2024,12/05/2024,Second Class,HP-14815
US-2024-110093,12/03/2024,12/08/2024,Standard Class,AB-10255
US-2024-122756,12/03/2024,12/07/2024,Standard Class,DK-13225
US-2024-123092,12/03/2024,12/07/2024,Standard Class,JG-15115
US-2024-161718,12/04/2024,12/10/2024,Standard Class,SO-20335
US-2024-161718,12/04/2024,12/10/2024,Standard Class,SO-20335
US-2024-130659,12/04/2024,12/09/2024,Second Class,MS-17365
US-2024-118871,12/04/2024,12/09/2024,Second Class,HM-14860
US-2024-161718,12/04/2024,12/10/2024,Standard Class,SO-20335
US-2024-119508,12/04/2024,12/09/2024,Standard Class,TZ-21580
US-2024-119508,12/04/2024,12/09/2024,Standard Class,TZ-21580
US-2024-155600,12/04/2024,12/07/2024,Second Class,RO-19780
US-2024-155600,12/04/2024,12/07/2024,Second Class,RO-19780
US-2024-110247,12/04/2024,12/08/2024,Standard Class,RH-19555
US-2024-118871,12/04/2024,12/09/2024,Second Class,HM-14860
US-2024-130659,12/04/2024,12/09/2024,Second Class,MS-17365
US-2024-142377,12/04/2024,12/09/2024,Standard Class,MS-17980
US-2024-118871,12/04/2024,12/09/2024,Second Class,HM-14860
US-2024-161718,12/04/2024,12/10/2024,Standard Class,SO-20335
US-2024-130659,12/04/2024,12/09/2024,Second Class,MS-17365
CA-2024-119508,12/04/2024,12/09/2024,Standard Class,TZ-21580
CA-2024-119508,12/04/2024,12/09/2024,Standard Class,TZ-21580
US-2024-110814,12/05/2024,12/09/2024,Second Class,BD-11635
US-2024-131842,12/05/2024,12/08/2024,First Class,RR-19525
US-2024-156440,12/05/2024,12/09/2024,Standard Class,MH-17620
US-2024-142937,12/05/2024,12/06/2024,First Class,SF-20065
US-2024-134943,12/05/2024,12/06/2024,First Class,SU-20665
US-2024-101091,12/05/2024,12/09/2024,Second Class,SW-20245
US-2024-110814,12/05/2024,12/09/2024,Second Class,BD-11635
US-2024-117898,12/05/2024,12/11/2024,Standard Class,TB-21250
US-2024-149566,12/05/2024,12/10/2024,Standard Class,GB-14530
US-2024-110814,12/05/2024,12/09/2024,Second Class,BD-11635
US-2024-149566,12/05/2024,12/10/2024,Standard Class,GB-14530
US-2024-101091,12/05/2024,12/09/2024,Second Class,SW-20245
US-2024-131884,12/06/2024,12/06/2024,Same Day,DK-13375
US-2024-144806,12/06/2024,12/11/2024,Standard Class,GH-14425
US-2024-127040,12/06/2024,12/10/2024,Standard Class,SG-20605
US-2024-168634,12/06/2024,12/11/2024,Standard Class,AF-10870
US-2024-143490,12/06/2024,12/13/2024,Standard Class,NP-18325
US-2024-144806,12/06/2024,12/11/2024,Standard Class,GH-14425
US-2024-131884,12/06/2024,12/06/2024,Same Day,DK-13375
US-2024-149692,12/06/2024,12/12/2024,Standard Class,KW-16435
US-2024-166338,12/06/2024,12/07/2024,First Class,MP-18175
US-2024-114741,12/06/2024,12/10/2024,Standard Class,IL-15100
US-2024-114741,12/06/2024,12/10/2024,Standard Class,IL-15100
US-2024-127040,12/06/2024,12/10/2024,Standard Class,SG-20605
US-2024-144806,12/06/2024,12/11/2024,Standard Class,GH-14425
US-2024-144806,12/06/2024,12/11/2024,Standard Class,GH-14425
US-2024-148628,12/06/2024,12/11/2024,Standard Class,KM-16375
US-2024-127040,12/06/2024,12/10/2024,Standard Class,SG-20605
US-2024-136700,12/06/2024,12/11/2024,Second Class,DB-13120
US-2024-114741,12/06/2024,12/10/2024,Standard Class,IL-15100
US-2024-144806,12/06/2024,12/11/2024,Standard Class,GH-14425
US-2024-127040,12/06/2024,12/10/2024,Standard Class,SG-20605
US-2024-156104,12/06/2024,12/08/2024,Second Class,NP-18685
US-2024-143490,12/06/2024,12/13/2024,Standard Class,NP-18325
US-2024-131884,12/06/2024,12/06/2024,Same Day,DK-13375
US-2024-153752,12/06/2024,12/11/2024,Second Class,RO-19780
US-2024-134894,12/07/2024,12/11/2024,Standard Class,DK-12985
US-2024-135272,12/07/2024,12/12/2024,Standard Class,MS-17830
US-2024-134894,12/07/2024,12/11/2024,Standard Class,DK-12985
US-2024-165050,12/07/2024,12/09/2024,First Class,AH-10210
US-2024-165050,12/07/2024,12/09/2024,First Class,AH-10210
US-2024-130736,12/07/2024,12/09/2024,First Class,JF-15490
US-2024-130736,12/07/2024,12/09/2024,First Class,JF-15490
US-2024-120957,12/07/2024,12/07/2024,Same Day,KH-16690
US-2024-165050,12/07/2024,12/09/2024,First Class,AH-10210
US-2024-135622,12/08/2024,12/11/2024,Second Class,TT-21460
US-2024-156118,12/08/2024,12/12/2024,Standard Class,HG-14965
US-2024-129532,12/08/2024,12/12/2024,Standard Class,YS-21880
US-2024-129532,12/08/2024,12/12/2024,Standard Class,YS-21880
US-2024-135622,12/08/2024,12/11/2024,Second Class,TT-21460
US-2024-103205,12/08/2024,12/10/2024,Second Class,JJ-15760
US-2024-157035,12/09/2024,12/12/2024,First Class,KB-16600
US-2024-138093,12/10/2024,12/16/2024,Standard Class,KM-16225
US-2024-121650,12/10/2024,12/16/2024,Standard Class,KD-16495
US-2024-121650,12/10/2024,12/16/2024,Standard Class,KD-16495
US-2024-106208,12/10/2024,12/15/2024,Standard Class,JW-16075
US-2024-138093,12/10/2024,12/16/2024,Standard Class,KM-16225
US-2024-121650,12/10/2024,12/16/2024,Standard Class,KD-16495
US-2024-168732,12/10/2024,12/16/2024,Standard Class,KM-16660
US-2024-115693,12/10/2024,12/15/2024,Standard Class,FC-14245
US-2024-121650,12/10/2024,12/16/2024,Standard Class,KD-16495
US-2024-127502,12/10/2024,12/14/2024,Standard Class,MT-17815
US-2024-143105,12/10/2024,12/10/2024,Same Day,MA-17560
US-2024-138093,12/10/2024,12/16/2024,Standard Class,KM-16225
US-2024-168732,12/10/2024,12/16/2024,Standard Class,KM-16660
US-2024-138093,12/10/2024,12/16/2024,Standard Class,KM-16225
US-2024-143105,12/10/2024,12/10/2024,Same Day,MA-17560
US-2024-143105,12/10/2024,12/10/2024,Same Day,MA-17560
US-2024-168732,12/10/2024,12/16/2024,Standard Class,KM-16660
US-2024-112823,12/10/2024,12/16/2024,Standard Class,RA-19945
US-2024-143105,12/10/2024,12/10/2024,Same Day,MA-17560
US-2024-138093,12/10/2024,12/16/2024,Standard Class,KM-16225
US-2024-104346,12/11/2024,12/16/2024,Standard Class,IM-15070
US-2024-104346,12/11/2024,12/16/2024,Standard Class,IM-15070
US-2024-104346,12/11/2024,12/16/2024,Standard Class,IM-15070
US-2024-104346,12/11/2024,12/16/2024,Standard Class,IM-15070
US-2024-104346,12/11/2024,12/16/2024,Standard Class,IM-15070
US-2024-104346,12/11/2024,12/16/2024,Standard Class,IM-15070
US-2024-120572,12/11/2024,12/15/2024,Standard Class,GH-14425
US-2024-106362,12/11/2024,12/15/2024,Standard Class,LC-16885
US-2024-134082,12/11/2024,12/17/2024,Standard Class,JK-15640
US-2024-135853,12/11/2024,12/14/2024,First Class,CA-12775
US-2024-150560,12/11/2024,12/12/2024,First Class,SW-20455
US-2024-104346,12/11/2024,12/16/2024,Standard Class,IM-15070
US-2024-104346,12/11/2024,12/16/2024,Standard Class,IM-15070
US-2024-155761,12/11/2024,12/11/2024,Same Day,SC-20800
US-2024-155761,12/11/2024,12/11/2024,Same Day,SC-20800
US-2024-104346,12/11/2024,12/16/2024,Standard Class,IM-15070
US-2024-135853,12/11/2024,12/14/2024,First Class,CA-12775
US-2024-135853,12/11/2024,12/14/2024,First Class,CA-12775
US-2024-154620,12/12/2024,12/16/2024,Standard Class,LT-17110
US-2024-134075,12/12/2024,12/16/2024,Standard Class,HA-14905
US-2024-155586,12/12/2024,12/16/2024,Second Class,XP-21865
US-2024-129042,12/12/2024,12/17/2024,Standard Class,EM-13960
US-2024-145065,12/12/2024,12/15/2024,First Class,DK-13375
US-2024-155586,12/12/2024,12/16/2024,Second Class,XP-21865
US-2024-145065,12/12/2024,12/15/2024,First Class,DK-13375
US-2024-155586,12/12/2024,12/16/2024,Second Class,XP-21865
US-2024-127481,12/12/2024,12/15/2024,Second Class,JD-15895
US-2024-127481,12/12/2024,12/15/2024,Second Class,JD-15895
US-2024-134075,12/12/2024,12/16/2024,Standard Class,HA-14905
US-2024-110870,12/12/2024,12/15/2024,First Class,KD-16270
US-2024-167220,12/12/2024,12/16/2024,Standard Class,JB-15925
US-2024-110870,12/12/2024,12/15/2024,First Class,KD-16270
CA-2024-155586,12/12/2024,12/16/2024,Second Class,XP-21865
CA-2024-155586,12/12/2024,12/16/2024,Second Class,XP-21865
CA-2024-155586,12/12/2024,12/16/2024,Second Class,XP-21865
US-2024-148250,12/13/2024,12/17/2024,Standard Class,RP-19270
US-2024-157770,12/13/2024,12/15/2024,First Class,RD-19585
US-2024-139962,12/13/2024,12/20/2024,Standard Class,Dp-13240
US-2024-125423,12/13/2024,12/15/2024,Second Class,MC-17575
US-2024-148250,12/13/2024,12/17/2024,Standard Class,RP-19270
US-2024-139962,12/13/2024,12/20/2024,Standard Class,Dp-13240
US-2024-157770,12/13/2024,12/15/2024,First Class,RD-19585
US-2024-157770,12/13/2024,12/15/2024,First Class,RD-19585
US-2024-157770,12/13/2024,12/15/2024,First Class,RD-19585
US-2024-130253,12/14/2024,12/18/2024,Standard Class,PP-18955
US-2024-125066,12/14/2024,12/18/2024,Standard Class,KD-16495
US-2024-114048,12/14/2024,12/18/2024,Standard Class,EH-13945
US-2024-141593,12/14/2024,12/16/2024,Second Class,DB-12970
US-2024-125066,12/14/2024,12/18/2024,Standard Class,KD-16495
US-2024-141593,12/14/2024,12/16/2024,Second Class,DB-12970
US-2024-141593,12/14/2024,12/16/2024,Second Class,DB-12970
US-2024-146696,12/14/2024,12/19/2024,Standard Class,RD-19480
US-2024-119592,12/14/2024,12/16/2024,Second Class,MM-18280
US-2024-141593,12/14/2024,12/16/2024,Second Class,DB-12970
US-2024-126347,12/14/2024,12/19/2024,Second Class,AJ-10945
US-2024-123232,12/14/2024,12/16/2024,Second Class,DJ-13630
US-2024-147830,12/15/2024,12/18/2024,First Class,NF-18385
US-2024-109638,12/15/2024,12/22/2024,Standard Class,JH-15985
US-2024-137225,12/15/2024,12/19/2024,Standard Class,JK-15640
US-2024-109638,12/15/2024,12/22/2024,Standard Class,JH-15985
US-2024-147830,12/15/2024,12/18/2024,First Class,NF-18385
US-2024-109638,12/15/2024,12/22/2024,Standard Class,JH-15985
US-2024-147830,12/15/2024,12/18/2024,First Class,NF-18385
US-2024-150308,12/15/2024,12/20/2024,Standard Class,RR-19525
US-2024-147830,12/15/2024,12/18/2024,First Class,NF-18385
US-2024-162544,12/16/2024,12/19/2024,First Class,SG-20080
US-2024-138121,12/17/2024,12/17/2024,Same Day,JL-15835
US-2024-138121,12/17/2024,12/17/2024,Same Day,JL-15835
US-2024-138121,12/17/2024,12/17/2024,Same Day,JL-15835
US-2024-129637,12/17/2024,12/22/2024,Standard Class,MC-18100
US-2024-138121,12/17/2024,12/17/2024,Same Day,JL-15835
US-2024-134117,12/17/2024,12/19/2024,Second Class,PG-18895
US-2024-129637,12/17/2024,12/22/2024,Standard Class,MC-18100
US-2024-134117,12/17/2024,12/19/2024,Second Class,PG-18895
US-2024-138121,12/17/2024,12/17/2024,Same Day,JL-15835
US-2024-134117,12/17/2024,12/19/2024,Second Class,PG-18895
US-2024-129637,12/17/2024,12/22/2024,Standard Class,MC-18100
US-2024-134117,12/17/2024,12/19/2024,Second Class,PG-18895
US-2024-153038,12/18/2024,12/25/2024,Standard Class,RB-19645
US-2024-107468,12/18/2024,12/22/2024,Standard Class,MK-17905
US-2024-153038,12/18/2024,12/25/2024,Standard Class,RB-19645
US-2024-153038,12/18/2024,12/25/2024,Standard Class,RB-19645
US-2024-137533,12/18/2024,12/18/2024,Same Day,JK-15640
US-2024-120161,12/18/2024,12/23/2024,Standard Class,LM-17065
US-2024-137960,12/18/2024,12/18/2024,Same Day,MW-18220
US-2024-134558,12/19/2024,12/24/2024,Second Class,PM-19135
US-2024-127453,12/19/2024,12/20/2024,First Class,JK-15370
US-2024-127453,12/19/2024,12/20/2024,First Class,JK-15370
US-2024-127453,12/19/2024,12/20/2024,First Class,JK-15370
US-2024-100685,12/19/2024,12/21/2024,Second Class,SM-20950
US-2024-100685,12/19/2024,12/21/2024,Second Class,SM-20950
US-2024-115399,12/19/2024,12/22/2024,First Class,AG-10900
US-2024-134558,12/19/2024,12/24/2024,Second Class,PM-19135
US-2024-100685,12/19/2024,12/21/2024,Second Class,SM-20950
US-2024-157084,12/19/2024,12/24/2024,Standard Class,JG-15160
US-2024-134558,12/19/2024,12/24/2024,Second Class,PM-19135
US-2024-109113,12/19/2024,12/23/2024,Standard Class,EK-13795
US-2024-110261,12/19/2024,12/23/2024,Second Class,PR-18880
US-2024-157084,12/19/2024,12/24/2024,Standard Class,JG-15160
US-2024-123218,12/20/2024,12/25/2024,Standard Class,KD-16345
US-2024-154795,12/20/2024,12/24/2024,Standard Class,GZ-14470
US-2024-158148,12/20/2024,12/26/2024,Standard Class,JM-15865
US-2024-154795,12/20/2024,12/24/2024,Standard Class,GZ-14470
US-2024-141754,12/20/2024,12/25/2024,Standard Class,EM-14200
US-2024-154144,12/20/2024,12/24/2024,Standard Class,MH-17785
US-2024-158918,12/20/2024,12/25/2024,Second Class,AI-10855
US-2024-120712,12/20/2024,12/24/2024,Standard Class,CS-12130
US-2024-123218,12/20/2024,12/25/2024,Standard Class,KD-16345
US-2024-137071,12/20/2024,12/21/2024,First Class,ED-13885
US-2024-123218,12/20/2024,12/25/2024,Standard Class,KD-16345
US-2024-154284,12/21/2024,12/26/2024,Second Class,SZ-20035
US-2024-126214,12/21/2024,12/24/2024,Second Class,JS-15880
US-2024-127019,12/21/2024,12/25/2024,Standard Class,ER-13855
US-2024-154284,12/21/2024,12/26/2024,Second Class,SZ-20035
US-2024-161795,12/21/2024,12/23/2024,Second Class,AH-10075
US-2024-112375,12/21/2024,12/27/2024,Standard Class,RD-19720
US-2024-126214,12/21/2024,12/24/2024,Second Class,JS-15880
US-2024-154284,12/21/2024,12/26/2024,Second Class,SZ-20035
US-2024-112375,12/21/2024,12/27/2024,Standard Class,RD-19720
US-2024-154284,12/21/2024,12/26/2024,Second Class,SZ-20035
US-2024-165414,12/21/2024,12/24/2024,First Class,LS-17245
US-2024-157287,12/22/2024,12/23/2024,First Class,HR-14830
US-2024-153612,12/22/2024,12/27/2024,Standard Class,BT-11305
US-2024-157287,12/22/2024,12/23/2024,First Class,HR-14830
US-2024-117828,12/23/2024,12/26/2024,First Class,BD-11500
US-2024-103471,12/24/2024,12/28/2024,Standard Class,JR-15670
US-2024-135538,12/24/2024,12/28/2024,Standard Class,HR-14830
US-2024-169397,12/24/2024,12/27/2024,First Class,JB-15925
US-2024-120103,12/24/2024,12/29/2024,Standard Class,MS-17365
US-2024-128587,12/24/2024,12/30/2024,Standard Class,HM-14860
US-2024-169397,12/24/2024,12/27/2024,First Class,JB-15925
US-2024-103471,12/24/2024,12/28/2024,Standard Class,JR-15670
US-2024-158456,12/24/2024,12/29/2024,Standard Class,KT-16465
US-2024-169397,12/24/2024,12/27/2024,First Class,JB-15925
US-2024-169397,12/24/2024,12/27/2024,First Class,JB-15925
US-2024-158456,12/24/2024,12/29/2024,Standard Class,KT-16465
US-2024-124653,12/24/2024,12/26/2024,First Class,DB-13120
US-2024-124653,12/24/2024,12/26/2024,First Class,DB-13120
US-2024-120103,12/24/2024,12/29/2024,Standard Class,MS-17365
US-2024-124653,12/24/2024,12/26/2024,First Class,DB-13120
US-2024-169397,12/24/2024,12/27/2024,First Class,JB-15925
US-2024-128587,12/24/2024,12/30/2024,Standard Class,HM-14860
US-2024-169397,12/24/2024,12/27/2024,First Class,JB-15925
US-2024-120103,12/24/2024,12/29/2024,Standard Class,MS-17365
US-2024-113152,12/25/2024,12/30/2024,Standard Class,JK-15625
US-2024-153717,12/25/2024,01/01/2025,Standard Class,DL-13495
US-2024-136749,12/25/2024,12/27/2024,Second Class,LH-16900
US-2024-147739,12/25/2024,12/29/2024,Standard Class,JD-16150
US-2024-143980,12/25/2024,12/29/2024,Standard Class,JK-15640
US-2024-153717,12/25/2024,01/01/2025,Standard Class,DL-13495
US-2024-136749,12/25/2024,12/27/2024,Second Class,LH-16900
US-2024-144288,12/25/2024,12/31/2024,Standard Class,MB-17305
US-2024-111780,12/25/2024,12/30/2024,Second Class,RA-19285
US-2024-144890,12/25/2024,12/29/2024,Standard Class,SM-20320
US-2024-111780,12/25/2024,12/30/2024,Second Class,RA-19285
US-2024-153717,12/25/2024,01/01/2025,Standard Class,DL-13495
US-2024-144288,12/25/2024,12/31/2024,Standard Class,MB-17305
US-2024-113152,12/25/2024,12/30/2024,Standard Class,JK-15625
US-2024-111780,12/25/2024,12/30/2024,Second Class,RA-19285
US-2024-153717,12/25/2024,01/01/2025,Standard Class,DL-13495
US-2024-119550,12/26/2024,12/31/2024,Standard Class,RB-19705
US-2024-111073,12/26/2024,12/30/2024,Standard Class,MC-18100
US-2024-158792,12/26/2024,01/02/2025,Standard Class,BD-11605
US-2024-124933,12/26/2024,12/30/2024,Second Class,DF-13135
CA-2024-158792,12/26/2024,01/02/2025,Standard Class,BD-11605
US-2024-117415,12/27/2024,12/31/2024,Standard Class,SN-20710
US-2024-103870,12/27/2024,12/31/2024,Standard Class,SP-20860
US-2024-117415,12/27/2024,12/31/2024,Standard Class,SN-20710
US-2024-103870,12/27/2024,12/31/2024,Standard Class,SP-20860
US-2024-101889,12/27/2024,12/31/2024,Standard Class,DB-13120
US-2024-148376,12/27/2024,12/31/2024,Standard Class,AG-10900
US-2024-165085,12/27/2024,12/31/2024,Standard Class,BT-11485
US-2024-134782,12/27/2024,12/31/2024,Standard Class,MD-17350
US-2024-117415,12/27/2024,12/31/2024,Standard Class,SN-20710
US-2024-101889,12/27/2024,12/31/2024,Standard Class,DB-13120
US-2024-148376,12/27/2024,12/31/2024,Standard Class,AG-10900
US-2024-165085,12/27/2024,12/31/2024,Standard Class,BT-11485
US-2024-151589,12/27/2024,12/30/2024,First Class,RE-19450
US-2024-130113,12/27/2024,12/31/2024,Standard Class,AH-10030
US-2024-103870,12/27/2024,12/31/2024,Standard Class,SP-20860
US-2024-163783,12/27/2024,01/01/2025,Standard Class,DR-12940
US-2024-103870,12/27/2024,12/31/2024,Standard Class,SP-20860
US-2024-155145,12/27/2024,12/29/2024,Second Class,KN-16450
US-2024-103870,12/27/2024,12/31/2024,Standard Class,SP-20860
US-2024-117415,12/27/2024,12/31/2024,Standard Class,SN-20710
US-2024-130113,12/27/2024,12/31/2024,Standard Class,AH-10030
US-2024-151589,12/27/2024,12/30/2024,First Class,RE-19450
US-2024-148859,12/28/2024,01/01/2025,Standard Class,FH-14350
US-2024-119697,12/28/2024,12/31/2024,Second Class,EM-13960
US-2024-130855,12/29/2024,01/05/2025,Standard Class,RF-19840
US-2024-135580,12/30/2024,01/03/2025,Standard Class,CL-12565
US-2024-135580,12/30/2024,01/03/2025,Standard Class,CL-12565
US-2024-135580,12/30/2024,01/03/2025,Standard Class,CL-12565
US-2024-135580,12/30/2024,01/03/2025,Standard Class,CL-12565
US-2024-135580,12/30/2024,01/03/2025,Standard Class,CL-12565
US-2024-156377,12/31/2024,01/05/2025,Standard Class,TB-21625
US-2024-109470,12/31/2024,01/03/2025,Second Class,KC-16255
US-2024-109470,12/31/2024,01/03/2025,Second Class,KC-16255
US-2024-156377,12/31/2024,01/05/2025,Standard Class,TB-21625
US-2024-109470,12/31/2024,01/03/2025,Second Class,KC-16255
US-2024-139780,12/31/2024,01/02/2025,Second Class,AH-10690
US-2024-109470,12/31/2024,01/03/2025,Second Class,KC-16255
US-2024-109197,12/31/2024,01/04/2025,Standard Class,JO-15280
US-2024-120901,12/31/2024,01/04/2025,Standard Class,BG-11035
US-2024-120901,12/31/2024,01/04/2025,Standard Class,BG-11035
US-2024-120901,12/31/2024,01/04/2025,Standard Class,BG-11035
US-2025-160304,01/02/2025,01/07/2025,Standard Class,BM-11575
US-2025-160304,01/02/2025,01/07/2025,Standard Class,BM-11575
US-2025-105207,01/03/2025,01/08/2025,Standard Class,BO-11350
US-2025-105207,01/03/2025,01/08/2025,Standard Class,BO-11350
US-2025-125206,01/03/2025,01/05/2025,First Class,LR-16915
US-2025-116365,01/03/2025,01/08/2025,Standard Class,CA-12310
US-2025-116365,01/03/2025,01/08/2025,Standard Class,CA-12310
US-2025-116365,01/03/2025,01/08/2025,Standard Class,CA-12310
US-2025-158211,01/04/2025,01/08/2025,Standard Class,BP-11185
US-2025-158211,01/04/2025,01/08/2025,Standard Class,BP-11185
US-2025-164630,01/04/2025,01/09/2025,Standard Class,EB-13975
US-2025-134474,01/05/2025,01/07/2025,Second Class,AJ-10795
US-2025-134474,01/05/2025,01/07/2025,Second Class,AJ-10795
US-2025-134474,01/05/2025,01/07/2025,Second Class,AJ-10795
US-2025-158806,01/07/2025,01/11/2025,Standard Class,NM-18520
US-2025-101938,01/07/2025,01/12/2025,Standard Class,DW-13480
US-2025-158806,01/07/2025,01/11/2025,Standard Class,NM-18520
US-2025-100461,01/08/2025,01/12/2025,Standard Class,JO-15145
US-2025-137295,01/08/2025,01/13/2025,Standard Class,VS-21820
US-2025-100461,01/08/2025,01/12/2025,Standard Class,JO-15145
US-2025-137295,01/08/2025,01/13/2025,Standard Class,VS-21820
US-2025-137295,01/08/2025,01/13/2025,Standard Class,VS-21820
US-2025-126543,01/09/2025,01/13/2025,Second Class,MF-17665
US-2025-108882,01/09/2025,01/15/2025,Standard Class,LA-16780
US-2025-108882,01/09/2025,01/15/2025,Standard Class,LA-16780
US-2025-163937,01/10/2025,01/13/2025,Second Class,JB-16000
US-2025-116547,01/10/2025,01/17/2025,Standard Class,KB-16585
US-2025-116547,01/10/2025,01/17/2025,Standard Class,KB-16585
US-2025-141887,01/11/2025,01/15/2025,Standard Class,MP-17470
US-2025-126529,01/11/2025,01/13/2025,Second Class,DE-13255
US-2025-126529,01/11/2025,01/13/2025,Second Class,DE-13255
US-2025-126529,01/11/2025,01/13/2025,Second Class,DE-13255
US-2025-133368,01/14/2025,01/20/2025,Standard Class,AG-10675
US-2025-133368,01/14/2025,01/20/2025,Standard Class,AG-10675
US-2025-140746,01/15/2025,01/15/2025,Same Day,RC-19825
US-2025-152072,01/15/2025,01/19/2025,Standard Class,Dp-13240
US-2025-137848,01/15/2025,01/21/2025,Standard Class,WB-21850
US-2025-137848,01/15/2025,01/21/2025,Standard Class,WB-21850
US-2025-152072,01/15/2025,01/19/2025,Standard Class,Dp-13240
US-2025-166912,01/15/2025,01/17/2025,First Class,BE-11335
US-2025-137848,01/15/2025,01/21/2025,Standard Class,WB-21850
US-2025-152072,01/15/2025,01/19/2025,Standard Class,Dp-13240
US-2025-121755,01/16/2025,01/20/2025,Second Class,EH-13945
US-2025-121755,01/16/2025,01/20/2025,Second Class,EH-13945
US-2025-116736,01/17/2025,01/21/2025,Standard Class,CC-12430
US-2025-106558,01/17/2025,01/21/2025,Standard Class,DL-13495
US-2025-116736,01/17/2025,01/21/2025,Standard Class,CC-12430
US-2025-116736,01/17/2025,01/21/2025,Standard Class,CC-12430
CA-2025-155412,01/17/2025,01/22/2025,Standard Class,SC-20260
US-2025-167339,01/21/2025,01/23/2025,Second Class,TD-20995
US-2025-167339,01/21/2025,01/23/2025,Second Class,TD-20995
CA-2025-115238,01/21/2025,01/24/2025,Standard Class,JW-15220
CA-2025-115238,01/21/2025,01/24/2025,Standard Class,JW-15220
CA-2025-115238,01/21/2025,01/24/2025,Standard Class,JW-15220
CA-2025-115238,01/21/2025,01/24/2025,Standard Class,JW-15220
CA-2025-115238,01/21/2025,01/24/2025,Standard Class,JW-15220
US-2025-135923,01/22/2025,01/28/2025,Standard Class,CM-11935
US-2025-138079,01/22/2025,01/28/2025,Standard Class,AJ-10795
US-2025-135923,01/22/2025,01/28/2025,Standard Class,CM-11935
US-2025-135923,01/22/2025,01/28/2025,Standard Class,CM-11935
US-2025-155180,01/22/2025,01/29/2025,Standard Class,TB-21280
US-2025-111010,01/22/2025,01/28/2025,Standard Class,PG-18895
US-2025-125850,01/22/2025,01/28/2025,Standard Class,FP-14320
US-2025-125850,01/22/2025,01/28/2025,Standard Class,FP-14320
US-2025-146318,01/22/2025,01/27/2025,Standard Class,MC-17275
US-2025-148208,01/22/2025,01/27/2025,Standard Class,BT-11530
US-2025-148208,01/22/2025,01/27/2025,Standard Class,BT-11530
US-2025-113656,01/23/2025,01/29/2025,Standard Class,CB-12415
US-2025-165505,01/23/2025,01/27/2025,Standard Class,CB-12535
US-2025-165505,01/23/2025,01/27/2025,Standard Class,CB-12535
US-2025-165505,01/23/2025,01/27/2025,Standard Class,CB-12535
US-2025-109407,01/24/2025,01/26/2025,Second Class,HG-14965
US-2025-168046,01/25/2025,01/28/2025,Second Class,JD-15895
US-2025-168046,01/25/2025,01/28/2025,Second Class,JD-15895
US-2025-153346,01/25/2025,01/27/2025,First Class,TB-21355
US-2025-168046,01/25/2025,01/28/2025,Second Class,JD-15895
US-2025-153346,01/25/2025,01/27/2025,First Class,TB-21355
US-2025-168046,01/25/2025,01/28/2025,Second Class,JD-15895
US-2025-146437,01/28/2025,02/01/2025,Second Class,HG-14965
US-2025-166660,01/30/2025,02/01/2025,Second Class,TB-21250
US-2025-166660,01/30/2025,02/01/2025,Second Class,TB-21250
US-2025-168032,01/30/2025,02/03/2025,Standard Class,DF-13135
US-2025-164483,01/30/2025,02/03/2025,Standard Class,JF-15490
US-2025-168032,01/30/2025,02/03/2025,Standard Class,DF-13135
US-2025-153661,01/30/2025,01/31/2025,First Class,SC-20725
US-2025-153661,01/30/2025,01/31/2025,First Class,SC-20725
US-2025-114944,01/30/2025,02/04/2025,Standard Class,HE-14800
US-2025-153661,01/30/2025,01/31/2025,First Class,SC-20725
US-2025-168032,01/30/2025,02/03/2025,Standard Class,DF-13135
US-2025-159891,01/31/2025,02/06/2025,Standard Class,BF-11170
US-2025-158043,01/31/2025,02/04/2025,Second Class,JK-15325
US-2025-159891,01/31/2025,02/06/2025,Standard Class,BF-11170
US-2025-129238,01/31/2025,02/04/2025,Standard Class,SC-20050
US-2025-147970,01/31/2025,02/02/2025,Second Class,AB-10150
US-2025-129238,01/31/2025,02/04/2025,Standard Class,SC-20050
US-2025-154067,02/01/2025,02/07/2025,Standard Class,SM-20950
US-2025-140809,02/01/2025,02/03/2025,First Class,CK-12760
US-2025-158841,02/02/2025,02/04/2025,Second Class,SE-20110
US-2025-144645,02/02/2025,02/08/2025,Standard Class,NS-18640
US-2025-158841,02/02/2025,02/04/2025,Second Class,SE-20110
US-2025-147431,02/02/2025,02/07/2025,Standard Class,AB-10105
US-2025-158841,02/02/2025,02/04/2025,Second Class,SE-20110
US-2025-118514,02/03/2025,02/10/2025,Standard Class,LC-17050
US-2025-117912,02/04/2025,02/08/2025,Standard Class,TB-21520
US-2025-101189,02/04/2025,02/09/2025,Standard Class,JB-15400
US-2025-150077,02/04/2025,02/10/2025,Standard Class,MS-17365
US-2025-108504,02/05/2025,02/05/2025,Same Day,PP-18955
US-2025-108504,02/05/2025,02/05/2025,Same Day,PP-18955
US-2025-100993,02/05/2025,02/10/2025,Standard Class,AZ-10750
US-2025-108504,02/05/2025,02/05/2025,Same Day,PP-18955
US-2025-108504,02/05/2025,02/05/2025,Same Day,PP-18955
US-2025-100993,02/05/2025,02/10/2025,Standard Class,AZ-10750
US-2025-108504,02/05/2025,02/05/2025,Same Day,PP-18955
US-2025-108504,02/05/2025,02/05/2025,Same Day,PP-18955
US-2025-108504,02/05/2025,02/05/2025,Same Day,PP-18955
US-2025-108504,02/05/2025,02/05/2025,Same Day,PP-18955
US-2025-100993,02/05/2025,02/10/2025,Standard Class,AZ-10750
US-2025-108504,02/05/2025,02/05/2025,Same Day,PP-18955
US-2025-108504,02/05/2025,02/05/2025,Same Day,PP-18955
US-2025-100993,02/05/2025,02/10/2025,Standard Class,AZ-10750
US-2025-108504,02/05/2025,02/05/2025,Same Day,PP-18955
US-2025-125017,02/06/2025,02/11/2025,Standard Class,KB-16240
US-2025-106894,02/07/2025,02/07/2025,Same Day,CA-12265
US-2025-161662,02/07/2025,02/09/2025,First Class,BE-11410
US-2025-106894,02/07/2025,02/07/2025,Same Day,CA-12265
US-2025-135461,02/07/2025,02/10/2025,Second Class,EB-13975
US-2025-163048,02/08/2025,02/15/2025,Standard Class,MH-17440
US-2025-109344,02/08/2025,02/11/2025,Second Class,CH-12070
US-2025-112396,02/09/2025,02/13/2025,Standard Class,JR-16210
US-2025-112396,02/09/2025,02/13/2025,Standard Class,JR-16210
US-2025-164938,02/11/2025,02/13/2025,First Class,PB-19210
US-2025-110492,02/12/2025,02/14/2025,First Class,JS-15880
US-2025-110492,02/12/2025,02/14/2025,First Class,JS-15880
US-2025-112942,02/13/2025,02/18/2025,Standard Class,RD-19810
US-2025-134334,02/14/2025,02/15/2025,First Class,DK-13090
US-2025-134334,02/14/2025,02/15/2025,First Class,DK-13090
US-2025-134334,02/14/2025,02/15/2025,First Class,DK-13090
US-2025-146150,02/14/2025,02/19/2025,Standard Class,FM-14380
US-2025-134334,02/14/2025,02/15/2025,First Class,DK-13090
US-2025-162859,02/15/2025,02/22/2025,Standard Class,PG-18820
US-2025-162859,02/15/2025,02/22/2025,Standard Class,PG-18820
US-2025-134138,02/16/2025,02/20/2025,Standard Class,JD-15790
US-2025-105781,02/16/2025,02/20/2025,Standard Class,JF-15565
US-2025-168956,02/16/2025,02/20/2025,Standard Class,EA-14035
US-2025-108105,02/16/2025,02/23/2025,Standard Class,GW-14605
US-2025-168956,02/16/2025,02/20/2025,Standard Class,EA-14035
US-2025-108105,02/16/2025,02/23/2025,Standard Class,GW-14605
US-2025-168956,02/16/2025,02/20/2025,Standard Class,EA-14035
US-2025-168956,02/16/2025,02/20/2025,Standard Class,EA-14035
US-2025-105781,02/16/2025,02/20/2025,Standard Class,JF-15565
US-2025-123274,02/19/2025,02/24/2025,Standard Class,GT-14710
US-2025-101630,02/19/2025,02/23/2025,Second Class,CK-12760
US-2025-106460,02/19/2025,02/22/2025,Second Class,GT-14710
US-2025-123274,02/19/2025,02/24/2025,Standard Class,GT-14710
US-2025-101630,02/19/2025,02/23/2025,Second Class,CK-12760
US-2025-166485,02/20/2025,02/27/2025,Standard Class,AH-10210
US-2025-168410,02/21/2025,02/26/2025,Standard Class,BV-11245
US-2025-121447,02/21/2025,02/22/2025,First Class,EA-14035
US-2025-139010,02/21/2025,02/26/2025,Second Class,MC-17635
US-2025-139262,02/21/2025,02/25/2025,Standard Class,LC-16960
US-2025-139010,02/21/2025,02/26/2025,Second Class,MC-17635
US-2025-139262,02/21/2025,02/25/2025,Standard Class,LC-16960
US-2025-168410,02/21/2025,02/26/2025,Standard Class,BV-11245
US-2025-139262,02/21/2025,02/25/2025,Standard Class,LC-16960
US-2025-139010,02/21/2025,02/26/2025,Second Class,MC-17635
US-2025-139010,02/21/2025,02/26/2025,Second Class,MC-17635
US-2025-168410,02/21/2025,02/26/2025,Standard Class,BV-11245
US-2025-119025,02/22/2025,02/28/2025,Standard Class,PV-18985
US-2025-143280,02/22/2025,02/26/2025,Standard Class,TZ-21580
US-2025-143280,02/22/2025,02/26/2025,Standard Class,TZ-21580
US-2025-143280,02/22/2025,02/26/2025,Standard Class,TZ-21580
US-2025-144400,02/23/2025,02/27/2025,Standard Class,AC-10420
US-2025-165015,02/25/2025,02/27/2025,Second Class,BD-11725
US-2025-128706,02/27/2025,03/02/2025,Standard Class,DW-13540
US-2025-102456,02/27/2025,03/01/2025,First Class,DL-12865
US-2025-101448,02/27/2025,03/01/2025,Second Class,EB-13930
US-2025-111283,02/28/2025,03/04/2025,Standard Class,LC-16870
US-2025-101623,02/28/2025,03/06/2025,Standard Class,RR-19525
US-2025-143819,03/01/2025,03/05/2025,Standard Class,KD-16270
US-2025-143819,03/01/2025,03/05/2025,Standard Class,KD-16270
US-2025-143819,03/01/2025,03/05/2025,Standard Class,KD-16270
US-2025-143819,03/01/2025,03/05/2025,Standard Class,KD-16270
US-2025-151862,03/01/2025,03/08/2025,Standard Class,ON-18715
US-2025-116799,03/03/2025,03/06/2025,First Class,JG-15310
US-2025-120005,03/03/2025,03/03/2025,Same Day,TS-21160
US-2025-145730,03/03/2025,03/08/2025,Standard Class,CC-12220
US-2025-112123,03/03/2025,03/08/2025,Standard Class,BH-11710
US-2025-145730,03/03/2025,03/08/2025,Standard Class,CC-12220
US-2025-103982,03/03/2025,03/08/2025,Standard Class,AA-10315
US-2025-116799,03/03/2025,03/06/2025,First Class,JG-15310
US-2025-112123,03/03/2025,03/08/2025,Standard Class,BH-11710
US-2025-103982,03/03/2025,03/08/2025,Standard Class,AA-10315
US-2025-120005,03/03/2025,03/03/2025,Same Day,TS-21160
US-2025-103982,03/03/2025,03/08/2025,Standard Class,AA-10315
US-2025-145730,03/03/2025,03/08/2025,Standard Class,CC-12220
US-2025-103982,03/03/2025,03/08/2025,Standard Class,AA-10315
US-2025-112123,03/03/2025,03/08/2025,Standard Class,BH-11710
US-2025-167759,03/03/2025,03/08/2025,Second Class,CC-12670
US-2025-154053,03/04/2025,03/10/2025,Standard Class,MG-17890
US-2025-164637,03/04/2025,03/08/2025,Standard Class,RD-19480
US-2025-122518,03/04/2025,03/08/2025,Second Class,RF-19345
US-2025-158358,03/04/2025,03/08/2025,Standard Class,EM-13810
US-2025-165218,03/05/2025,03/11/2025,Standard Class,RW-19630
US-2025-165218,03/05/2025,03/11/2025,Standard Class,RW-19630
US-2025-110898,03/06/2025,03/12/2025,Standard Class,LC-16870
US-2025-110898,03/06/2025,03/12/2025,Standard Class,LC-16870
US-2025-110898,03/06/2025,03/12/2025,Standard Class,LC-16870
US-2025-155173,03/06/2025,03/10/2025,Standard Class,JB-16045
US-2025-110898,03/06/2025,03/12/2025,Standard Class,LC-16870
US-2025-155173,03/06/2025,03/10/2025,Standard Class,JB-16045
US-2025-155173,03/06/2025,03/10/2025,Standard Class,JB-16045
US-2025-137547,03/07/2025,03/12/2025,Standard Class,EB-13705
US-2025-137337,03/08/2025,03/12/2025,Standard Class,GB-14575
US-2025-169103,03/08/2025,03/13/2025,Standard Class,ZC-21910
US-2025-140172,03/08/2025,03/13/2025,Standard Class,SP-20650
US-2025-140172,03/08/2025,03/13/2025,Standard Class,SP-20650
US-2025-137337,03/08/2025,03/12/2025,Standard Class,GB-14575
US-2025-130400,03/08/2025,03/12/2025,Standard Class,SJ-20125
US-2025-106306,03/08/2025,03/08/2025,Same Day,PG-18820
US-2025-130400,03/08/2025,03/12/2025,Standard Class,SJ-20125
US-2025-111976,03/08/2025,03/12/2025,Standard Class,BD-11620
US-2025-137337,03/08/2025,03/12/2025,Standard Class,GB-14575
US-2025-130400,03/08/2025,03/12/2025,Standard Class,SJ-20125
US-2025-169103,03/08/2025,03/13/2025,Standard Class,ZC-21910
US-2025-111976,03/08/2025,03/12/2025,Standard Class,BD-11620
US-2025-153269,03/09/2025,03/12/2025,First Class,PS-18760
US-2025-153269,03/09/2025,03/12/2025,First Class,PS-18760
US-2025-153269,03/09/2025,03/12/2025,First Class,PS-18760
US-2025-153269,03/09/2025,03/12/2025,First Class,PS-18760
US-2025-120803,03/09/2025,03/13/2025,Standard Class,RB-19465
US-2025-112977,03/10/2025,03/16/2025,Standard Class,CJ-12010
US-2025-159016,03/10/2025,03/11/2025,First Class,KF-16285
US-2025-108959,03/10/2025,03/14/2025,Second Class,MH-17785
US-2025-122182,03/10/2025,03/14/2025,Standard Class,BD-11770
US-2025-169663,03/10/2025,03/13/2025,First Class,RH-19510
US-2025-169663,03/10/2025,03/13/2025,First Class,RH-19510
US-2025-159016,03/10/2025,03/11/2025,First Class,KF-16285
US-2025-122511,03/11/2025,03/11/2025,Same Day,BT-11485
US-2025-146171,03/11/2025,03/15/2025,Standard Class,JP-16135
US-2025-128902,03/11/2025,03/15/2025,Standard Class,MB-18085
US-2025-118255,03/11/2025,03/13/2025,First Class,ON-18715
US-2025-146171,03/11/2025,03/15/2025,Standard Class,JP-16135
US-2025-118255,03/11/2025,03/13/2025,First Class,ON-18715
US-2025-127138,03/12/2025,03/15/2025,Second Class,DK-13225
US-2025-127138,03/12/2025,03/15/2025,Second Class,DK-13225
US-2025-119683,03/12/2025,03/16/2025,Second Class,CK-12595
US-2025-127138,03/12/2025,03/15/2025,Second Class,DK-13225
US-2025-115504,03/12/2025,03/17/2025,Standard Class,MC-18130
US-2025-119270,03/12/2025,03/16/2025,Standard Class,SW-20245
US-2025-127138,03/12/2025,03/15/2025,Second Class,DK-13225
US-2025-114013,03/13/2025,03/15/2025,Second Class,SC-20770
US-2025-136301,03/13/2025,03/15/2025,Second Class,EH-13765
US-2025-108637,03/13/2025,03/18/2025,Standard Class,AB-10060
US-2025-159373,03/13/2025,03/18/2025,Standard Class,LT-17110
US-2025-158834,03/13/2025,03/16/2025,First Class,TW-21025
US-2025-108637,03/13/2025,03/18/2025,Standard Class,AB-10060
US-2025-119123,03/13/2025,03/18/2025,Standard Class,DB-13360
US-2025-114013,03/13/2025,03/15/2025,Second Class,SC-20770
US-2025-159373,03/13/2025,03/18/2025,Standard Class,LT-17110
US-2025-114013,03/13/2025,03/15/2025,Second Class,SC-20770
US-2025-108637,03/13/2025,03/18/2025,Standard Class,AB-10060
US-2025-159373,03/13/2025,03/18/2025,Standard Class,LT-17110
US-2025-114013,03/13/2025,03/15/2025,Second Class,SC-20770
US-2025-114013,03/13/2025,03/15/2025,Second Class,SC-20770
US-2025-114013,03/13/2025,03/15/2025,Second Class,SC-20770
US-2025-136301,03/13/2025,03/15/2025,Second Class,EH-13765
US-2025-114013,03/13/2025,03/15/2025,Second Class,SC-20770
US-2025-114013,03/13/2025,03/15/2025,Second Class,SC-20770
US-2025-158834,03/13/2025,03/16/2025,First Class,TW-21025
US-2025-114013,03/13/2025,03/15/2025,Second Class,SC-20770
CA-2025-139675,03/13/2025,03/18/2025,Second Class,NF-18595
CA-2025-139675,03/13/2025,03/18/2025,Second Class,NF-18595
US-2025-162082,03/14/2025,03/17/2025,First Class,JS-15880
US-2025-124793,03/14/2025,03/16/2025,First Class,MM-18280
US-2025-102134,03/14/2025,03/19/2025,Standard Class,SP-20545
US-2025-154361,03/14/2025,03/19/2025,Standard Class,HZ-14950
US-2025-162082,03/14/2025,03/17/2025,First Class,JS-15880
US-2025-133802,03/14/2025,03/20/2025,Standard Class,SP-20650
US-2025-162082,03/14/2025,03/17/2025,First Class,JS-15880
US-2025-138968,03/15/2025,03/16/2025,First Class,FC-14335
US-2025-149272,03/15/2025,03/19/2025,Standard Class,MY-18295
US-2025-138968,03/15/2025,03/16/2025,First Class,FC-14335
US-2025-149272,03/15/2025,03/19/2025,Standard Class,MY-18295
US-2025-140571,03/15/2025,03/19/2025,Standard Class,SJ-20125
US-2025-140571,03/15/2025,03/19/2025,Standard Class,SJ-20125
US-2025-113509,03/15/2025,03/19/2025,Standard Class,PL-18925
US-2025-131737,03/17/2025,03/17/2025,Same Day,GZ-14470
US-2025-131737,03/17/2025,03/17/2025,Same Day,GZ-14470
US-2025-128111,03/17/2025,03/23/2025,Standard Class,CS-12355
US-2025-115476,03/17/2025,03/17/2025,Same Day,VM-21835
US-2025-131737,03/17/2025,03/17/2025,Same Day,GZ-14470
US-2025-115476,03/17/2025,03/17/2025,Same Day,VM-21835
US-2025-134544,03/17/2025,03/19/2025,Second Class,AC-10660
US-2025-120929,03/18/2025,03/21/2025,Second Class,RO-19780
US-2025-113292,03/18/2025,03/20/2025,Second Class,DB-13060
US-2025-106383,03/19/2025,03/21/2025,Second Class,BT-11440
US-2025-136371,03/19/2025,03/21/2025,Second Class,SV-20935
US-2025-136371,03/19/2025,03/21/2025,Second Class,SV-20935
US-2025-118178,03/19/2025,03/24/2025,Standard Class,CC-12610
CA-2025-115483,03/19/2025,03/21/2025,Second Class,JT-12540
US-2025-162747,03/20/2025,03/25/2025,Second Class,AH-10030
US-2025-127670,03/20/2025,03/24/2025,Standard Class,RD-19660
US-2025-156986,03/20/2025,03/24/2025,Standard Class,ZC-21910
US-2025-156986,03/20/2025,03/24/2025,Standard Class,ZC-21910
US-2025-156986,03/20/2025,03/24/2025,Standard Class,ZC-21910
US-2025-150889,03/20/2025,03/22/2025,Second Class,PB-19105
US-2025-156986,03/20/2025,03/24/2025,Standard Class,ZC-21910
US-2025-133879,03/21/2025,03/28/2025,Standard Class,KT-16465
US-2025-163153,03/21/2025,03/25/2025,Standard Class,DM-12955
US-2025-163153,03/21/2025,03/25/2025,Standard Class,DM-12955
US-2025-133879,03/21/2025,03/28/2025,Standard Class,KT-16465
US-2025-133879,03/21/2025,03/28/2025,Standard Class,KT-16465
US-2025-118899,03/22/2025,03/22/2025,Same Day,MC-17275
US-2025-107615,03/22/2025,03/25/2025,First Class,RB-19645
US-2025-130911,03/24/2025,03/26/2025,Second Class,DC-12850
US-2025-130911,03/24/2025,03/26/2025,Second Class,DC-12850
US-2025-113803,03/24/2025,03/26/2025,First Class,VG-21805
US-2025-164189,03/24/2025,03/28/2025,Standard Class,DR-12880
US-2025-120082,03/25/2025,03/27/2025,Second Class,DK-12835
US-2025-134887,03/25/2025,03/25/2025,Same Day,TB-21280
US-2025-161361,03/26/2025,03/28/2025,Second Class,MV-17485
US-2025-161361,03/26/2025,03/28/2025,Second Class,MV-17485
US-2025-162677,03/26/2025,03/27/2025,First Class,DB-13210
US-2025-123666,03/26/2025,03/30/2025,Standard Class,SP-20545
US-2025-162677,03/26/2025,03/27/2025,First Class,DB-13210
US-2025-119074,03/27/2025,03/31/2025,Standard Class,DS-13180
US-2025-119074,03/27/2025,03/31/2025,Standard Class,DS-13180
US-2025-119074,03/27/2025,03/31/2025,Standard Class,DS-13180
US-2025-131380,03/28/2025,03/31/2025,Second Class,CC-12220
US-2025-162901,03/28/2025,03/31/2025,First Class,AS-10045
US-2025-131380,03/28/2025,03/31/2025,Second Class,CC-12220
US-2025-127236,03/29/2025,04/02/2025,Standard Class,TB-21595
US-2025-152555,03/29/2025,04/02/2025,Second Class,ME-17320
US-2025-167556,03/29/2025,04/02/2025,Standard Class,JM-15250
US-2025-167556,03/29/2025,04/02/2025,Standard Class,JM-15250
US-2025-167556,03/29/2025,04/02/2025,Standard Class,JM-15250
US-2025-167556,03/29/2025,04/02/2025,Standard Class,JM-15250
US-2025-152555,03/29/2025,04/02/2025,Second Class,ME-17320
US-2025-127236,03/29/2025,04/02/2025,Standard Class,TB-21595
US-2025-152555,03/29/2025,04/02/2025,Second Class,ME-17320
US-2025-128258,03/30/2025,04/01/2025,First Class,CP-12085
US-2025-124100,03/31/2025,04/06/2025,Standard Class,EH-13990
US-2025-151827,03/31/2025,04/02/2025,Second Class,CS-11950
US-2025-151827,03/31/2025,04/02/2025,Second Class,CS-11950
US-2025-111213,04/01/2025,04/05/2025,Standard Class,FP-14320
US-2025-127985,04/01/2025,04/05/2025,Second Class,DB-12910
US-2025-103947,04/01/2025,04/08/2025,Standard Class,BB-10990
US-2025-166674,04/01/2025,04/03/2025,Second Class,RB-19360
US-2025-166674,04/01/2025,04/03/2025,Second Class,RB-19360
US-2025-149902,04/01/2025,04/06/2025,Standard Class,DW-13540
US-2025-166674,04/01/2025,04/03/2025,Second Class,RB-19360
US-2025-166674,04/01/2025,04/03/2025,Second Class,RB-19360
US-2025-161473,04/01/2025,04/05/2025,Standard Class,TB-21175
US-2025-111213,04/01/2025,04/05/2025,Standard Class,FP-14320
US-2025-103947,04/01/2025,04/08/2025,Standard Class,BB-10990
US-2025-161473,04/01/2025,04/05/2025,Standard Class,TB-21175
US-2025-166674,04/01/2025,04/03/2025,Second Class,RB-19360
US-2025-111213,04/01/2025,04/05/2025,Standard Class,FP-14320
US-2025-161473,04/01/2025,04/05/2025,Standard Class,TB-21175
US-2025-160206,04/01/2025,04/07/2025,Standard Class,MY-18295
US-2025-166674,04/01/2025,04/03/2025,Second Class,RB-19360
US-2025-123540,04/02/2025,04/06/2025,Second Class,DJ-13420
US-2025-167682,04/03/2025,04/09/2025,Standard Class,ZD-21925
US-2025-120796,04/03/2025,04/07/2025,Standard Class,CS-11950
US-2025-162222,04/03/2025,04/03/2025,Same Day,SR-20740
US-2025-167682,04/03/2025,04/09/2025,Standard Class,ZD-21925
US-2025-123050,04/04/2025,04/08/2025,Second Class,BC-11125
US-2025-167115,04/04/2025,04/09/2025,Standard Class,EH-14185
US-2025-159142,04/04/2025,04/05/2025,First Class,ME-17320
US-2025-123050,04/04/2025,04/08/2025,Second Class,BC-11125
US-2025-123050,04/04/2025,04/08/2025,Second Class,BC-11125
US-2025-159142,04/04/2025,04/05/2025,First Class,ME-17320
US-2025-159695,04/05/2025,04/10/2025,Second Class,GM-14455
US-2025-161907,04/05/2025,04/09/2025,Standard Class,JH-16180
US-2025-161907,04/05/2025,04/09/2025,Standard Class,JH-16180
US-2025-150140,04/06/2025,04/10/2025,Standard Class,VM-21685
US-2025-120530,04/07/2025,04/12/2025,Standard Class,Dl-13600
US-2025-114405,04/07/2025,04/12/2025,Standard Class,AS-10240
US-2025-132899,04/07/2025,04/11/2025,Standard Class,SF-20200
US-2025-154998,04/07/2025,04/09/2025,First Class,ES-14080
US-2025-114405,04/07/2025,04/12/2025,Standard Class,AS-10240
US-2025-110499,04/07/2025,04/09/2025,First Class,YC-21895
US-2025-106600,04/08/2025,04/11/2025,First Class,RM-19375
US-2025-138520,04/08/2025,04/13/2025,Standard Class,JL-15505
US-2025-130946,04/08/2025,04/12/2025,Standard Class,ZC-21910
US-2025-124233,04/08/2025,04/14/2025,Standard Class,CK-12595
US-2025-134789,04/08/2025,04/15/2025,Standard Class,CK-12325
US-2025-138520,04/08/2025,04/13/2025,Standard Class,JL-15505
US-2025-104969,04/08/2025,04/14/2025,Standard Class,EH-14125
US-2025-130946,04/08/2025,04/12/2025,Standard Class,ZC-21910
US-2025-138520,04/08/2025,04/13/2025,Standard Class,JL-15505
US-2025-104969,04/08/2025,04/14/2025,Standard Class,EH-14125
US-2025-150000,04/08/2025,04/14/2025,Standard Class,PG-18820
US-2025-134789,04/08/2025,04/15/2025,Standard Class,CK-12325
US-2025-130477,04/08/2025,04/12/2025,Standard Class,LC-17140
US-2025-134789,04/08/2025,04/15/2025,Standard Class,CK-12325
US-2025-138520,04/08/2025,04/13/2025,Standard Class,JL-15505
US-2025-130477,04/08/2025,04/12/2025,Standard Class,LC-17140
US-2025-130477,04/08/2025,04/12/2025,Standard Class,LC-17140
US-2025-130946,04/08/2025,04/12/2025,Standard Class,ZC-21910
US-2025-117681,04/09/2025,04/14/2025,Standard Class,HF-14995
US-2025-128517,04/09/2025,04/14/2025,Second Class,SW-20350
US-2025-126809,04/09/2025,04/13/2025,Standard Class,EB-13750
US-2025-128517,04/09/2025,04/14/2025,Second Class,SW-20350
US-2025-123358,04/10/2025,04/17/2025,Standard Class,BT-11680
US-2025-109652,04/10/2025,04/15/2025,Standard Class,QJ-19255
US-2025-123358,04/10/2025,04/17/2025,Standard Class,BT-11680
US-2025-124814,04/10/2025,04/16/2025,Standard Class,FM-14215
US-2025-114622,04/10/2025,04/12/2025,First Class,JR-16210
US-2025-124814,04/10/2025,04/16/2025,Standard Class,FM-14215
US-2025-123358,04/10/2025,04/17/2025,Standard Class,BT-11680
US-2025-123358,04/10/2025,04/17/2025,Standard Class,BT-11680
US-2025-163594,04/12/2025,04/14/2025,First Class,JF-15295
US-2025-142398,04/12/2025,04/16/2025,Standard Class,BP-11290
US-2025-112102,04/12/2025,04/16/2025,Standard Class,BD-11605
US-2025-163594,04/12/2025,04/14/2025,First Class,JF-15295
US-2025-142398,04/12/2025,04/16/2025,Standard Class,BP-11290
US-2025-112102,04/12/2025,04/16/2025,Standard Class,BD-11605
US-2025-112102,04/12/2025,04/16/2025,Standard Class,BD-11605
US-2025-124254,04/12/2025,04/17/2025,Standard Class,TB-21175
US-2025-163594,04/12/2025,04/14/2025,First Class,JF-15295
US-2025-124254,04/12/2025,04/17/2025,Standard Class,TB-21175
US-2025-124254,04/12/2025,04/17/2025,Standard Class,TB-21175
US-2025-152800,04/13/2025,04/15/2025,First Class,SP-20920
US-2025-112669,04/14/2025,04/14/2025,Same Day,KT-16465
US-2025-148796,04/14/2025,04/18/2025,Standard Class,PB-19150
US-2025-166625,04/14/2025,04/17/2025,First Class,JM-15580
US-2025-112669,04/14/2025,04/14/2025,Same Day,KT-16465
US-2025-164735,04/14/2025,04/19/2025,Second Class,TB-21400
US-2025-136406,04/15/2025,04/17/2025,Second Class,BD-11320
US-2025-132423,04/15/2025,04/19/2025,Standard Class,MY-18295
US-2025-123750,04/15/2025,04/21/2025,Standard Class,RB-19795
US-2025-132423,04/15/2025,04/19/2025,Standard Class,MY-18295
US-2025-117849,04/15/2025,04/17/2025,Second Class,JK-16120
US-2025-123750,04/15/2025,04/21/2025,Standard Class,RB-19795
US-2025-123750,04/15/2025,04/21/2025,Standard Class,RB-19795
US-2025-123750,04/15/2025,04/21/2025,Standard Class,RB-19795
US-2025-107440,04/16/2025,04/20/2025,Standard Class,BS-11365
US-2025-164588,04/16/2025,04/23/2025,Standard Class,AP-10915
US-2025-107440,04/16/2025,04/20/2025,Standard Class,BS-11365
US-2025-166282,04/16/2025,04/22/2025,Standard Class,PK-19075
US-2025-105473,04/16/2025,04/18/2025,Second Class,BM-11785
US-2025-166282,04/16/2025,04/22/2025,Standard Class,PK-19075
US-2025-107440,04/16/2025,04/20/2025,Standard Class,BS-11365
US-2025-108735,04/17/2025,04/21/2025,Standard Class,JM-15535
US-2025-149111,04/17/2025,04/21/2025,Second Class,BF-11170
US-2025-159415,04/17/2025,04/22/2025,Standard Class,CS-12175
US-2025-133508,04/17/2025,04/21/2025,Standard Class,SW-20350
US-2025-149111,04/17/2025,04/21/2025,Second Class,BF-11170
CA-2025-108735,04/17/2025,04/21/2025,Standard Class,JM-15535
US-2025-125087,04/18/2025,04/23/2025,Standard Class,TH-21115
US-2025-125087,04/18/2025,04/23/2025,Standard Class,TH-21115
US-2025-139381,04/18/2025,04/22/2025,Standard Class,RF-19840
US-2025-144785,04/18/2025,04/23/2025,Standard Class,CS-12490
US-2025-155551,04/18/2025,04/23/2025,Standard Class,CR-12580
US-2025-125087,04/18/2025,04/23/2025,Standard Class,TH-21115
US-2025-155551,04/18/2025,04/23/2025,Standard Class,CR-12580
US-2025-144785,04/18/2025,04/23/2025,Standard Class,CS-12490
US-2025-139381,04/18/2025,04/22/2025,Standard Class,RF-19840
US-2025-161396,04/19/2025,04/25/2025,Standard Class,GM-14455
US-2025-115819,04/19/2025,04/24/2025,Second Class,JO-15280
US-2025-109666,04/19/2025,04/26/2025,Standard Class,KM-16720
US-2025-115819,04/19/2025,04/24/2025,Second Class,JO-15280
US-2025-109666,04/19/2025,04/26/2025,Standard Class,KM-16720
US-2025-115819,04/19/2025,04/24/2025,Second Class,JO-15280
US-2025-109666,04/19/2025,04/26/2025,Standard Class,KM-16720
US-2025-115819,04/19/2025,04/24/2025,Second Class,JO-15280
US-2025-161396,04/19/2025,04/25/2025,Standard Class,GM-14455
US-2025-115819,04/19/2025,04/24/2025,Second Class,JO-15280
US-2025-109666,04/19/2025,04/26/2025,Standard Class,KM-16720
US-2025-109666,04/19/2025,04/26/2025,Standard Class,KM-16720
US-2025-109666,04/19/2025,04/26/2025,Standard Class,KM-16720
US-2025-115819,04/19/2025,04/24/2025,Second Class,JO-15280
US-2025-109666,04/19/2025,04/26/2025,Standard Class,KM-16720
US-2025-103646,04/21/2025,04/26/2025,Standard Class,SP-20545
US-2025-146423,04/21/2025,04/21/2025,Same Day,BT-11680
US-2025-103646,04/21/2025,04/26/2025,Standard Class,SP-20545
US-2025-151498,04/21/2025,04/24/2025,First Class,DN-13690
US-2025-146423,04/21/2025,04/21/2025,Same Day,BT-11680
US-2025-103646,04/21/2025,04/26/2025,Standard Class,SP-20545
US-2025-109869,04/22/2025,04/29/2025,Standard Class,TN-21040
US-2025-147578,04/22/2025,04/26/2025,Second Class,PG-18895
US-2025-113061,04/22/2025,04/26/2025,Standard Class,EL-13735
US-2025-109869,04/22/2025,04/29/2025,Standard Class,TN-21040
US-2025-109869,04/22/2025,04/29/2025,Standard Class,TN-21040
US-2025-101329,04/22/2025,04/29/2025,Standard Class,MM-17920
US-2025-101329,04/22/2025,04/29/2025,Standard Class,MM-17920
US-2025-109869,04/22/2025,04/29/2025,Standard Class,TN-21040
US-2025-109057,04/22/2025,04/27/2025,Standard Class,TT-21460
US-2025-109869,04/22/2025,04/29/2025,Standard Class,TN-21040
US-2025-126270,04/23/2025,04/27/2025,Standard Class,AF-10870
US-2025-162138,04/23/2025,04/27/2025,Standard Class,GK-14620
US-2025-126270,04/23/2025,04/27/2025,Standard Class,AF-10870
US-2025-124149,04/23/2025,04/26/2025,First Class,MJ-17740
US-2025-130001,04/23/2025,04/28/2025,Standard Class,HK-14890
US-2025-124149,04/23/2025,04/26/2025,First Class,MJ-17740
US-2025-124149,04/23/2025,04/26/2025,First Class,MJ-17740
US-2025-162138,04/23/2025,04/27/2025,Standard Class,GK-14620
US-2025-149279,04/24/2025,04/28/2025,Standard Class,CL-12700
US-2025-138933,04/24/2025,04/27/2025,First Class,JL-15130
US-2025-149279,04/24/2025,04/28/2025,Standard Class,CL-12700
US-2025-149279,04/24/2025,04/28/2025,Standard Class,CL-12700
US-2025-168081,04/24/2025,04/27/2025,Second Class,CA-12055
US-2025-150147,04/25/2025,04/29/2025,Second Class,JL-15850
US-2025-150147,04/25/2025,04/29/2025,Second Class,JL-15850
US-2025-150147,04/25/2025,04/29/2025,Second Class,JL-15850
US-2025-139556,04/26/2025,05/01/2025,Standard Class,DB-13360
US-2025-137204,04/28/2025,05/05/2025,Standard Class,BO-11350
US-2025-167605,04/28/2025,04/30/2025,Second Class,RB-19570
US-2025-161816,04/28/2025,05/01/2025,First Class,NB-18655
US-2025-152814,04/28/2025,05/02/2025,Standard Class,EH-14005
US-2025-161816,04/28/2025,05/01/2025,First Class,NB-18655
US-2025-144792,04/30/2025,05/04/2025,Standard Class,KD-16615
US-2025-120460,04/30/2025,05/05/2025,Standard Class,BF-11170
US-2025-154788,04/30/2025,05/04/2025,Standard Class,JL-15835
US-2025-164784,05/01/2025,05/04/2025,First Class,HF-14995
US-2025-101525,05/01/2025,05/04/2025,Second Class,CM-12235
US-2025-164784,05/01/2025,05/04/2025,First Class,HF-14995
US-2025-164784,05/01/2025,05/04/2025,First Class,HF-14995
US-2025-101525,05/01/2025,05/04/2025,Second Class,CM-12235
US-2025-101525,05/01/2025,05/04/2025,Second Class,CM-12235
US-2025-154060,05/02/2025,05/08/2025,Standard Class,DL-12865
US-2025-109400,05/02/2025,05/06/2025,Standard Class,NR-18550
US-2025-158155,05/02/2025,05/06/2025,Standard Class,EH-13765
US-2025-158155,05/02/2025,05/06/2025,Standard Class,EH-13765
US-2025-148698,05/02/2025,05/07/2025,Standard Class,BD-11770
US-2025-146836,05/02/2025,05/02/2025,Same Day,CC-12475
US-2025-158155,05/02/2025,05/06/2025,Standard Class,EH-13765
US-2025-104311,05/02/2025,05/06/2025,Standard Class,AS-10090
US-2025-158155,05/02/2025,05/06/2025,Standard Class,EH-13765
US-2025-104311,05/02/2025,05/06/2025,Standard Class,AS-10090
US-2025-146836,05/02/2025,05/02/2025,Same Day,CC-12475
US-2025-104311,05/02/2025,05/06/2025,Standard Class,AS-10090
US-2025-129280,05/03/2025,05/05/2025,First Class,SM-20905
US-2025-163398,05/03/2025,05/08/2025,Standard Class,CB-12415
US-2025-163398,05/03/2025,05/08/2025,Standard Class,CB-12415
US-2025-163398,05/03/2025,05/08/2025,Standard Class,CB-12415
US-2025-129280,05/03/2025,05/05/2025,First Class,SM-20905
US-2025-129280,05/03/2025,05/05/2025,First Class,SM-20905
US-2025-129280,05/03/2025,05/05/2025,First Class,SM-20905
US-2025-129280,05/03/2025,05/05/2025,First Class,SM-20905
US-2025-129280,05/03/2025,05/05/2025,First Class,SM-20905
US-2025-147991,05/05/2025,05/09/2025,Standard Class,ZD-21925
US-2025-126165,05/05/2025,05/07/2025,Second Class,AH-10465
US-2025-102239,05/05/2025,05/06/2025,First Class,LW-16990
US-2025-160500,05/05/2025,05/08/2025,First Class,DM-13015
US-2025-102239,05/05/2025,05/06/2025,First Class,LW-16990
US-2025-160500,05/05/2025,05/08/2025,First Class,DM-13015
US-2025-105662,05/05/2025,05/09/2025,Standard Class,RB-19465
US-2025-145247,05/05/2025,05/07/2025,First Class,ND-18370
US-2025-112676,05/05/2025,05/08/2025,First Class,PJ-18835
US-2025-137729,05/05/2025,05/09/2025,Standard Class,BF-11005
US-2025-105662,05/05/2025,05/09/2025,Standard Class,RB-19465
US-2025-137729,05/05/2025,05/09/2025,Standard Class,BF-11005
US-2025-137393,05/06/2025,05/10/2025,Standard Class,GM-14500
US-2025-118052,05/06/2025,05/10/2025,Standard Class,BE-11455
US-2025-146857,05/06/2025,05/08/2025,Second Class,BE-11455
US-2025-139234,05/06/2025,05/10/2025,Standard Class,AF-10870
US-2025-118052,05/06/2025,05/10/2025,Standard Class,BE-11455
US-2025-118052,05/06/2025,05/10/2025,Standard Class,BE-11455
US-2025-139234,05/06/2025,05/10/2025,Standard Class,AF-10870
US-2025-128818,05/07/2025,05/11/2025,Standard Class,CJ-12010
US-2025-128818,05/07/2025,05/11/2025,Standard Class,CJ-12010
US-2025-128818,05/07/2025,05/11/2025,Standard Class,CJ-12010
US-2025-128818,05/07/2025,05/11/2025,Standard Class,CJ-12010
US-2025-128818,05/07/2025,05/11/2025,Standard Class,CJ-12010
US-2025-128818,05/07/2025,05/11/2025,Standard Class,CJ-12010
CA-2025-169856,05/07/2025,05/12/2025,Standard Class,CT-11995
CA-2025-169856,05/07/2025,05/12/2025,Standard Class,CT-11995
CA-2025-169856,05/07/2025,05/12/2025,Standard Class,CT-11995
CA-2025-169856,05/07/2025,05/12/2025,Standard Class,CT-11995
US-2025-164672,05/08/2025,05/13/2025,Second Class,GB-14530
US-2025-111696,05/08/2025,05/10/2025,First Class,TB-21625
US-2025-106530,05/08/2025,05/08/2025,Same Day,CL-12565
US-2025-106530,05/08/2025,05/08/2025,Same Day,CL-12565
US-2025-106530,05/08/2025,05/08/2025,Same Day,CL-12565
US-2025-106530,05/08/2025,05/08/2025,Same Day,CL-12565
US-2025-106530,05/08/2025,05/08/2025,Same Day,CL-12565
US-2025-144057,05/09/2025,05/13/2025,Standard Class,CV-12805
US-2025-161158,05/09/2025,05/13/2025,Standard Class,PS-18970
US-2025-109176,05/09/2025,05/15/2025,Standard Class,JW-16075
US-2025-159765,05/09/2025,05/12/2025,Second Class,TH-21100
US-2025-144057,05/09/2025,05/13/2025,Standard Class,CV-12805
US-2025-144057,05/09/2025,05/13/2025,Standard Class,CV-12805
US-2025-109176,05/09/2025,05/15/2025,Standard Class,JW-16075
US-2025-159093,05/09/2025,05/14/2025,Standard Class,RS-19420
US-2025-144057,05/09/2025,05/13/2025,Standard Class,CV-12805
US-2025-144057,05/09/2025,05/13/2025,Standard Class,CV-12805
US-2025-169166,05/09/2025,05/14/2025,Standard Class,SS-20590
US-2025-112382,05/09/2025,05/13/2025,Standard Class,MB-18085
US-2025-117625,05/10/2025,05/15/2025,Standard Class,GM-14500
US-2025-161543,05/10/2025,05/16/2025,Standard Class,RD-19720
US-2025-133816,05/10/2025,05/13/2025,Second Class,CS-12400
US-2025-162733,05/11/2025,05/12/2025,First Class,TT-21070
US-2025-100510,05/12/2025,05/17/2025,Standard Class,HM-14860
US-2025-123610,05/12/2025,05/16/2025,Standard Class,VM-21835
US-2025-109911,05/12/2025,05/16/2025,Standard Class,VG-21805
US-2025-167416,05/12/2025,05/17/2025,Standard Class,JM-15580
US-2025-101196,05/12/2025,05/17/2025,Standard Class,FM-14215
US-2025-123610,05/12/2025,05/16/2025,Standard Class,VM-21835
US-2025-100510,05/12/2025,05/17/2025,Standard Class,HM-14860
US-2025-148901,05/14/2025,05/19/2025,Standard Class,MK-17905
US-2025-141019,05/14/2025,05/14/2025,Same Day,LH-17155
US-2025-148901,05/14/2025,05/19/2025,Standard Class,MK-17905
US-2025-148901,05/14/2025,05/19/2025,Standard Class,MK-17905
US-2025-148901,05/14/2025,05/19/2025,Standard Class,MK-17905
US-2025-148901,05/14/2025,05/19/2025,Standard Class,MK-17905
US-2025-148901,05/14/2025,05/19/2025,Standard Class,MK-17905
US-2025-108224,05/14/2025,05/14/2025,Same Day,TH-21235
US-2025-148901,05/14/2025,05/19/2025,Standard Class,MK-17905
US-2025-146570,05/15/2025,05/20/2025,Standard Class,SN-20710
US-2025-146570,05/15/2025,05/20/2025,Standard Class,SN-20710
US-2025-141180,05/15/2025,05/19/2025,Second Class,DP-13000
US-2025-146570,05/15/2025,05/20/2025,Standard Class,SN-20710
US-2025-152408,05/15/2025,05/21/2025,Standard Class,TT-21220
US-2025-165673,05/15/2025,05/19/2025,Second Class,MN-17935
US-2025-130638,05/16/2025,05/19/2025,Second Class,SC-20095
US-2025-130638,05/16/2025,05/19/2025,Second Class,SC-20095
US-2025-133144,05/16/2025,05/21/2025,Second Class,DO-13435
US-2025-122133,05/16/2025,05/23/2025,Standard Class,JR-15670
US-2025-158435,05/17/2025,05/18/2025,First Class,AG-10900
US-2025-117037,05/17/2025,05/20/2025,First Class,LW-17215
US-2025-150567,05/17/2025,05/21/2025,Standard Class,RP-19855
US-2025-117037,05/17/2025,05/20/2025,First Class,LW-17215
US-2025-150567,05/17/2025,05/21/2025,Standard Class,RP-19855
US-2025-117037,05/17/2025,05/20/2025,First Class,LW-17215
US-2025-158435,05/17/2025,05/18/2025,First Class,AG-10900
US-2025-117037,05/17/2025,05/20/2025,First Class,LW-17215
US-2025-158435,05/17/2025,05/18/2025,First Class,AG-10900
US-2025-122728,05/18/2025,05/24/2025,Standard Class,EB-13930
US-2025-122728,05/18/2025,05/24/2025,Standard Class,EB-13930
US-2025-157245,05/19/2025,05/24/2025,Standard Class,LE-16810
US-2025-169943,05/19/2025,05/24/2025,Standard Class,BN-11515
US-2025-169943,05/19/2025,05/24/2025,Standard Class,BN-11515
US-2025-138282,05/19/2025,05/23/2025,Standard Class,AH-10690
US-2025-169943,05/19/2025,05/24/2025,Standard Class,BN-11515
US-2025-152835,05/19/2025,05/23/2025,Standard Class,RP-19855
US-2025-169943,05/19/2025,05/24/2025,Standard Class,BN-11515
US-2025-126935,05/19/2025,05/24/2025,Standard Class,BT-11395
US-2025-169943,05/19/2025,05/24/2025,Standard Class,BN-11515
US-2025-115917,05/20/2025,05/25/2025,Standard Class,RB-19465
US-2025-146010,05/20/2025,05/23/2025,First Class,EH-14125
US-2025-108567,05/20/2025,05/24/2025,Standard Class,DB-13210
US-2025-115917,05/20/2025,05/25/2025,Standard Class,RB-19465
US-2025-105256,05/20/2025,05/20/2025,Same Day,JK-15730
US-2025-114209,05/21/2025,05/26/2025,Standard Class,AS-10285
US-2025-125920,05/21/2025,05/28/2025,Standard Class,SH-19975
US-2025-127642,05/21/2025,05/23/2025,First Class,CP-12340
US-2025-114209,05/21/2025,05/26/2025,Standard Class,AS-10285
US-2025-139486,05/21/2025,05/23/2025,First Class,LH-17155
US-2025-107202,05/21/2025,05/28/2025,Standard Class,LC-16930
US-2025-139486,05/21/2025,05/23/2025,First Class,LH-17155
US-2025-146934,05/22/2025,05/27/2025,Standard Class,AF-10870
US-2025-146934,05/22/2025,05/27/2025,Standard Class,AF-10870
US-2025-146934,05/22/2025,05/27/2025,Standard Class,AF-10870
US-2025-159653,05/22/2025,05/22/2025,Same Day,JF-15490
US-2025-146934,05/22/2025,05/27/2025,Standard Class,AF-10870
US-2025-146934,05/22/2025,05/27/2025,Standard Class,AF-10870
US-2025-154081,05/22/2025,05/29/2025,Standard Class,JE-15610
US-2025-146934,05/22/2025,05/27/2025,Standard Class,AF-10870
US-2025-142762,05/23/2025,05/27/2025,Standard Class,LD-17005
US-2025-143714,05/23/2025,05/27/2025,Standard Class,CC-12370
US-2025-143714,05/23/2025,05/27/2025,Standard Class,CC-12370
US-2025-154403,05/23/2025,05/27/2025,Standard Class,AP-10720
US-2025-143714,05/23/2025,05/27/2025,Standard Class,CC-12370
US-2025-143714,05/23/2025,05/27/2025,Standard Class,CC-12370
US-2025-133725,05/23/2025,05/28/2025,Standard Class,KL-16645
US-2025-138583,05/24/2025,05/28/2025,Standard Class,DP-13390
US-2025-136126,05/24/2025,05/24/2025,Same Day,EH-14125
US-2025-136126,05/24/2025,05/24/2025,Same Day,EH-14125
US-2025-139269,05/25/2025,05/30/2025,Standard Class,JB-16045
US-2025-139269,05/25/2025,05/30/2025,Standard Class,JB-16045
US-2025-139269,05/25/2025,05/30/2025,Standard Class,JB-16045
US-2025-119186,05/26/2025,05/26/2025,Same Day,MS-17710
US-2025-148852,05/26/2025,05/31/2025,Standard Class,SV-20785
US-2025-157266,05/26/2025,06/01/2025,Standard Class,TB-21280
US-2025-149237,05/26/2025,05/30/2025,Standard Class,CM-12235
US-2025-132409,05/26/2025,06/01/2025,Standard Class,TH-21235
US-2025-132409,05/26/2025,06/01/2025,Standard Class,TH-21235
US-2025-157266,05/26/2025,06/01/2025,Standard Class,TB-21280
US-2025-148852,05/26/2025,05/31/2025,Standard Class,SV-20785
US-2025-148852,05/26/2025,05/31/2025,Standard Class,SV-20785
US-2025-157266,05/26/2025,06/01/2025,Standard Class,TB-21280
US-2025-119186,05/26/2025,05/26/2025,Same Day,MS-17710
US-2025-119186,05/26/2025,05/26/2025,Same Day,MS-17710
US-2025-157266,05/26/2025,06/01/2025,Standard Class,TB-21280
US-2025-113236,05/26/2025,05/29/2025,Second Class,CP-12085
US-2025-119186,05/26/2025,05/26/2025,Same Day,MS-17710
US-2025-113236,05/26/2025,05/29/2025,Second Class,CP-12085
US-2025-148852,05/26/2025,05/31/2025,Standard Class,SV-20785
US-2025-148852,05/26/2025,05/31/2025,Standard Class,SV-20785
US-2025-122903,05/27/2025,05/29/2025,Second Class,LA-16780
US-2025-101791,05/27/2025,05/31/2025,Standard Class,BS-11665
US-2025-101791,05/27/2025,05/31/2025,Standard Class,BS-11665
US-2025-136994,05/27/2025,06/02/2025,Standard Class,LS-17245
US-2025-122903,05/27/2025,05/29/2025,Second Class,LA-16780
US-2025-122903,05/27/2025,05/29/2025,Second Class,LA-16780
US-2025-101791,05/27/2025,05/31/2025,Standard Class,BS-11665
US-2025-138695,05/28/2025,06/03/2025,Standard Class,KC-16675
US-2025-134803,05/28/2025,06/03/2025,Standard Class,CL-12565
US-2025-113747,05/28/2025,06/04/2025,Standard Class,VD-21670
US-2025-134803,05/28/2025,06/03/2025,Standard Class,CL-12565
US-2025-138695,05/28/2025,06/03/2025,Standard Class,KC-16675
US-2025-134803,05/28/2025,06/03/2025,Standard Class,CL-12565
US-2025-155565,05/28/2025,05/28/2025,Same Day,EH-13765
US-2025-134803,05/28/2025,06/03/2025,Standard Class,CL-12565
US-2025-134803,05/28/2025,06/03/2025,Standard Class,CL-12565
US-2025-121377,05/28/2025,06/02/2025,Standard Class,TN-21040
US-2025-156573,05/29/2025,06/02/2025,Standard Class,RB-19360
US-2025-156573,05/29/2025,06/02/2025,Standard Class,RB-19360
US-2025-156573,05/29/2025,06/02/2025,Standard Class,RB-19360
US-2025-168753,05/29/2025,06/01/2025,Second Class,RL-19615
US-2025-168753,05/29/2025,06/01/2025,Second Class,RL-19615
US-2025-105578,05/30/2025,06/04/2025,Standard Class,MY-17380
US-2025-152730,05/30/2025,06/04/2025,Standard Class,EM-14140
US-2025-129728,05/30/2025,06/06/2025,Standard Class,JG-15310
US-2025-113831,05/30/2025,06/03/2025,Standard Class,AH-10690
US-2025-152730,05/30/2025,06/04/2025,Standard Class,EM-14140
US-2025-158547,05/30/2025,06/04/2025,Standard Class,JM-16195
US-2025-152730,05/30/2025,06/04/2025,Standard Class,EM-14140
US-2025-152730,05/30/2025,06/04/2025,Standard Class,EM-14140
US-2025-105578,05/30/2025,06/04/2025,Standard Class,MY-17380
US-2025-145499,05/30/2025,05/31/2025,First Class,RW-19690
US-2025-105578,05/30/2025,06/04/2025,Standard Class,MY-17380
US-2025-105578,05/30/2025,06/04/2025,Standard Class,MY-17380
US-2025-166380,05/30/2025,06/03/2025,Standard Class,EB-13750
US-2025-113831,05/30/2025,06/03/2025,Standard Class,AH-10690
US-2025-105578,05/30/2025,06/04/2025,Standard Class,MY-17380
US-2025-152730,05/30/2025,06/04/2025,Standard Class,EM-14140
US-2025-147473,05/30/2025,06/03/2025,Standard Class,NL-18310
US-2025-152730,05/30/2025,06/04/2025,Standard Class,EM-14140
US-2025-152730,05/30/2025,06/04/2025,Standard Class,EM-14140
US-2025-166380,05/30/2025,06/03/2025,Standard Class,EB-13750
US-2025-108210,05/30/2025,05/31/2025,Same Day,AT-10735
US-2025-113831,05/30/2025,06/03/2025,Standard Class,AH-10690
US-2025-153682,05/30/2025,06/01/2025,First Class,BG-11695
US-2025-152730,05/30/2025,06/04/2025,Standard Class,EM-14140
US-2025-108210,05/30/2025,05/31/2025,Same Day,AT-10735
US-2025-150483,05/31/2025,06/04/2025,Standard Class,BP-11290
US-2025-150483,05/31/2025,06/04/2025,Standard Class,BP-11290
US-2025-168844,05/31/2025,06/06/2025,Standard Class,NM-18520
US-2025-150483,05/31/2025,06/04/2025,Standard Class,BP-11290
US-2025-150483,05/31/2025,06/04/2025,Standard Class,BP-11290
US-2025-168844,05/31/2025,06/06/2025,Standard Class,NM-18520
US-2025-119046,06/02/2025,06/06/2025,Standard Class,EH-13765
US-2025-119046,06/02/2025,06/06/2025,Standard Class,EH-13765
US-2025-119046,06/02/2025,06/06/2025,Standard Class,EH-13765
US-2025-128293,06/02/2025,06/05/2025,First Class,KC-16255
US-2025-164889,06/03/2025,06/06/2025,Second Class,CP-12340
US-2025-165848,06/04/2025,06/04/2025,Same Day,EN-13780
US-2025-157749,06/04/2025,06/09/2025,Second Class,KL-16645
US-2025-157749,06/04/2025,06/09/2025,Second Class,KL-16645
US-2025-165848,06/04/2025,06/04/2025,Same Day,EN-13780
US-2025-157749,06/04/2025,06/09/2025,Second Class,KL-16645
US-2025-157749,06/04/2025,06/09/2025,Second Class,KL-16645
US-2025-157749,06/04/2025,06/09/2025,Second Class,KL-16645
US-2025-165848,06/04/2025,06/04/2025,Same Day,EN-13780
US-2025-119823,06/04/2025,06/06/2025,First Class,KD-16270
US-2025-157749,06/04/2025,06/09/2025,Second Class,KL-16645
US-2025-165848,06/04/2025,06/04/2025,Same Day,EN-13780
US-2025-157749,06/04/2025,06/09/2025,Second Class,KL-16645
US-2025-110982,06/05/2025,06/07/2025,First Class,CK-12205
US-2025-165169,06/05/2025,06/11/2025,Standard Class,JL-15235
US-2025-110982,06/05/2025,06/07/2025,First Class,CK-12205
US-2025-165169,06/05/2025,06/11/2025,Standard Class,JL-15235
US-2025-134908,06/05/2025,06/09/2025,Standard Class,JS-15940
US-2025-165169,06/05/2025,06/11/2025,Standard Class,JL-15235
US-2025-134908,06/05/2025,06/09/2025,Standard Class,JS-15940
US-2025-149671,06/05/2025,06/09/2025,Standard Class,KB-16600
US-2025-112830,06/06/2025,06/10/2025,Standard Class,LP-17095
US-2025-112830,06/06/2025,06/10/2025,Standard Class,LP-17095
US-2025-167472,06/06/2025,06/07/2025,First Class,CK-12595
US-2025-167472,06/06/2025,06/07/2025,First Class,CK-12595
US-2025-155971,06/06/2025,06/12/2025,Standard Class,RB-19795
US-2025-167472,06/06/2025,06/07/2025,First Class,CK-12595
US-2025-155971,06/06/2025,06/12/2025,Standard Class,RB-19795
US-2025-167472,06/06/2025,06/07/2025,First Class,CK-12595
US-2025-108350,06/06/2025,06/09/2025,Second Class,SC-20230
US-2025-127369,06/06/2025,06/07/2025,First Class,DB-13060
US-2025-167472,06/06/2025,06/07/2025,First Class,CK-12595
US-2025-160717,06/06/2025,06/11/2025,Standard Class,ME-17320
US-2025-167472,06/06/2025,06/07/2025,First Class,CK-12595
US-2025-167472,06/06/2025,06/07/2025,First Class,CK-12595
US-2025-125318,06/06/2025,06/13/2025,Standard Class,RC-19825
US-2025-160717,06/06/2025,06/11/2025,Standard Class,ME-17320
US-2025-160717,06/06/2025,06/11/2025,Standard Class,ME-17320
US-2025-103163,06/07/2025,06/11/2025,Standard Class,FM-14290
US-2025-107475,06/07/2025,06/11/2025,Standard Class,RS-19870
US-2025-120558,06/07/2025,06/10/2025,First Class,RD-19810
US-2025-103163,06/07/2025,06/11/2025,Standard Class,FM-14290
US-2025-122448,06/09/2025,06/14/2025,Standard Class,DB-13210
US-2025-154662,06/09/2025,06/16/2025,Standard Class,BF-11215
US-2025-147368,06/09/2025,06/12/2025,First Class,TC-21295
US-2025-139710,06/09/2025,06/15/2025,Standard Class,GM-14680
US-2025-113243,06/10/2025,06/15/2025,Standard Class,OT-18730
US-2025-113243,06/10/2025,06/15/2025,Standard Class,OT-18730
US-2025-121993,06/10/2025,06/12/2025,First Class,JB-16000
US-2025-113243,06/10/2025,06/15/2025,Standard Class,OT-18730
US-2025-169922,06/11/2025,06/17/2025,Standard Class,MZ-17515
US-2025-118745,06/11/2025,06/16/2025,Standard Class,SV-20365
US-2025-169922,06/11/2025,06/17/2025,Standard Class,MZ-17515
US-2025-169922,06/11/2025,06/17/2025,Standard Class,MZ-17515
US-2025-142405,06/11/2025,06/15/2025,Standard Class,SE-20110
US-2025-142405,06/11/2025,06/15/2025,Standard Class,SE-20110
US-2025-127775,06/11/2025,06/13/2025,Second Class,ES-14020
US-2025-142405,06/11/2025,06/15/2025,Standard Class,SE-20110
US-2025-120824,06/12/2025,06/16/2025,Second Class,AW-10930
US-2025-120824,06/12/2025,06/16/2025,Second Class,AW-10930
US-2025-103730,06/12/2025,06/15/2025,First Class,SC-20725
US-2025-120824,06/12/2025,06/16/2025,Second Class,AW-10930
US-2025-127208,06/12/2025,06/15/2025,First Class,SC-20770
US-2025-139941,06/12/2025,06/17/2025,Standard Class,CB-12415
US-2025-120824,06/12/2025,06/16/2025,Second Class,AW-10930
US-2025-120824,06/12/2025,06/16/2025,Second Class,AW-10930
US-2025-127208,06/12/2025,06/15/2025,First Class,SC-20770
US-2025-103730,06/12/2025,06/15/2025,First Class,SC-20725
US-2025-103730,06/12/2025,06/15/2025,First Class,SC-20725
US-2025-138688,06/12/2025,06/16/2025,Second Class,DV-13045
US-2025-120824,06/12/2025,06/16/2025,Second Class,AW-10930
US-2025-139941,06/12/2025,06/17/2025,Standard Class,CB-12415
US-2025-104633,06/12/2025,06/16/2025,Standard Class,EA-14035
US-2025-147375,06/12/2025,06/14/2025,Second Class,PO-19180
US-2025-164035,06/12/2025,06/17/2025,Standard Class,CR-12730
US-2025-104633,06/12/2025,06/16/2025,Standard Class,EA-14035
US-2025-103730,06/12/2025,06/15/2025,First Class,SC-20725
US-2025-120824,06/12/2025,06/16/2025,Second Class,AW-10930
US-2025-147375,06/12/2025,06/14/2025,Second Class,PO-19180
US-2025-103730,06/12/2025,06/15/2025,First Class,SC-20725
CA-2025-121465,06/12/2025,06/17/2025,Standard Class,HO-15234
CA-2025-121465,06/12/2025,06/17/2025,Standard Class,HO-15233
CA-2025-121465,06/12/2025,06/17/2025,Standard Class,HO-15232
CA-2025-121465,06/12/2025,06/17/2025,Standard Class,HO-15231
US-2025-126795,06/13/2025,06/16/2025,Second Class,GT-14710
US-2025-136287,06/13/2025,06/17/2025,Standard Class,SS-20590
US-2025-155005,06/13/2025,06/15/2025,Second Class,SC-20050
US-2025-108497,06/14/2025,06/14/2025,Same Day,MH-17290
US-2025-107216,06/14/2025,06/17/2025,First Class,PV-18985
US-2025-128223,06/14/2025,06/14/2025,Same Day,EB-13705
US-2025-155747,06/14/2025,06/21/2025,Standard Class,JS-15685
US-2025-132304,06/14/2025,06/18/2025,Standard Class,AR-10825
US-2025-107216,06/14/2025,06/17/2025,First Class,PV-18985
US-2025-107216,06/14/2025,06/17/2025,First Class,PV-18985
US-2025-133872,06/14/2025,06/17/2025,First Class,VM-21835
US-2025-133872,06/14/2025,06/17/2025,First Class,VM-21835
US-2025-107216,06/14/2025,06/17/2025,First Class,PV-18985
US-2025-152765,06/15/2025,06/18/2025,First Class,LS-17245
US-2025-137127,06/16/2025,06/22/2025,Standard Class,JJ-15445
US-2025-148593,06/16/2025,06/18/2025,Second Class,BD-11320
US-2025-140977,06/16/2025,06/19/2025,Second Class,JL-15175
US-2025-123512,06/17/2025,06/19/2025,First Class,MV-18190
US-2025-111682,06/17/2025,06/18/2025,First Class,TB-21055
US-2025-107146,06/17/2025,06/19/2025,First Class,LC-16885
US-2025-107146,06/17/2025,06/19/2025,First Class,LC-16885
US-2025-129861,06/17/2025,06/23/2025,Standard Class,DM-13345
US-2025-111682,06/17/2025,06/18/2025,First Class,TB-21055
US-2025-133613,06/17/2025,06/22/2025,Standard Class,CP-12340
US-2025-111682,06/17/2025,06/18/2025,First Class,TB-21055
US-2025-133613,06/17/2025,06/22/2025,Standard Class,CP-12340
US-2025-123512,06/17/2025,06/19/2025,First Class,MV-18190
US-2025-111682,06/17/2025,06/18/2025,First Class,TB-21055
US-2025-159345,06/17/2025,06/22/2025,Standard Class,IG-15085
US-2025-123512,06/17/2025,06/19/2025,First Class,MV-18190
US-2025-111682,06/17/2025,06/18/2025,First Class,TB-21055
US-2025-145842,06/17/2025,06/20/2025,Second Class,FM-14380
US-2025-111682,06/17/2025,06/18/2025,First Class,TB-21055
US-2025-111682,06/17/2025,06/18/2025,First Class,TB-21055
US-2025-133613,06/17/2025,06/22/2025,Standard Class,CP-12340
US-2025-131744,06/18/2025,06/20/2025,Second Class,SC-20770
US-2025-131744,06/18/2025,06/20/2025,Second Class,SC-20770
US-2025-163461,06/18/2025,06/21/2025,First Class,BT-11440
US-2025-131744,06/18/2025,06/20/2025,Second Class,SC-20770
CA-2025-136547,06/18/2025,06/22/2025,Standard Class,FG-14260
US-2025-105760,06/19/2025,06/20/2025,First Class,KC-16255
US-2025-141397,06/20/2025,06/21/2025,First Class,RC-19825
US-2025-149965,06/20/2025,06/25/2025,Standard Class,BS-11365
US-2025-140081,06/20/2025,06/24/2025,Standard Class,CG-12040
US-2025-141397,06/20/2025,06/21/2025,First Class,RC-19825
US-2025-152534,06/20/2025,06/25/2025,Second Class,DP-13105
US-2025-141397,06/20/2025,06/21/2025,First Class,RC-19825
US-2025-140081,06/20/2025,06/24/2025,Standard Class,CG-12040
US-2025-108581,06/20/2025,06/26/2025,Standard Class,EA-14035
US-2025-140081,06/20/2025,06/24/2025,Standard Class,CG-12040
US-2025-152534,06/20/2025,06/25/2025,Second Class,DP-13105
US-2025-140081,06/20/2025,06/24/2025,Standard Class,CG-12040
US-2025-141397,06/20/2025,06/21/2025,First Class,RC-19825
US-2025-141397,06/20/2025,06/21/2025,First Class,RC-19825
US-2025-108581,06/20/2025,06/26/2025,Standard Class,EA-14035
US-2025-169194,06/20/2025,06/25/2025,Standard Class,LH-16900
US-2025-149965,06/20/2025,06/25/2025,Standard Class,BS-11365
US-2025-169194,06/20/2025,06/25/2025,Standard Class,LH-16900
US-2025-119865,06/21/2025,06/26/2025,Standard Class,AS-10090
US-2025-119865,06/21/2025,06/26/2025,Standard Class,AS-10090
US-2025-119865,06/21/2025,06/26/2025,Standard Class,AS-10090
US-2025-168361,06/21/2025,06/25/2025,Standard Class,KB-16600
US-2025-140501,06/23/2025,06/28/2025,Standard Class,IM-15070
US-2025-140501,06/23/2025,06/28/2025,Standard Class,IM-15070
US-2025-140382,06/23/2025,06/25/2025,Second Class,RD-19900
US-2025-140501,06/23/2025,06/28/2025,Standard Class,IM-15070
US-2025-154256,06/23/2025,06/27/2025,Second Class,SM-20005
US-2025-140382,06/23/2025,06/25/2025,Second Class,RD-19900
US-2025-140501,06/23/2025,06/28/2025,Standard Class,IM-15070
US-2025-140501,06/23/2025,06/28/2025,Standard Class,IM-15070
US-2025-140382,06/23/2025,06/25/2025,Second Class,RD-19900
US-2025-142685,06/23/2025,06/30/2025,Standard Class,MG-17695
US-2025-140382,06/23/2025,06/25/2025,Second Class,RD-19900
US-2025-100300,06/24/2025,06/26/2025,Second Class,MJ-17740
US-2025-166240,06/24/2025,06/28/2025,Standard Class,DH-13075
US-2025-100300,06/24/2025,06/26/2025,Second Class,MJ-17740
US-2025-100300,06/24/2025,06/26/2025,Second Class,MJ-17740
US-2025-101987,06/24/2025,06/30/2025,Standard Class,HL-15040
US-2025-130680,06/24/2025,06/29/2025,Standard Class,BD-11320
US-2025-101693,06/25/2025,06/27/2025,Second Class,LC-17140
US-2025-152051,06/25/2025,06/29/2025,Standard Class,TS-21160
US-2025-101693,06/25/2025,06/27/2025,Second Class,LC-17140
US-2025-118913,06/25/2025,06/29/2025,Standard Class,AS-10240
US-2025-152051,06/25/2025,06/29/2025,Standard Class,TS-21160
US-2025-152051,06/25/2025,06/29/2025,Standard Class,TS-21160
US-2025-114951,06/26/2025,07/03/2025,Standard Class,DN-13690
US-2025-102127,06/26/2025,07/02/2025,Standard Class,VP-21760
US-2025-152331,06/26/2025,06/30/2025,Standard Class,LD-16855
US-2025-100790,06/26/2025,07/02/2025,Standard Class,JG-15805
US-2025-118101,06/26/2025,06/26/2025,Same Day,SN-20560
US-2025-144015,06/26/2025,06/26/2025,Same Day,AH-10075
US-2025-118101,06/26/2025,06/26/2025,Same Day,SN-20560
US-2025-144015,06/26/2025,06/26/2025,Same Day,AH-10075
US-2025-119445,06/26/2025,07/03/2025,Standard Class,GM-14500
US-2025-100790,06/26/2025,07/02/2025,Standard Class,JG-15805
US-2025-118101,06/26/2025,06/26/2025,Same Day,SN-20560
US-2025-144015,06/26/2025,06/26/2025,Same Day,AH-10075
US-2025-102127,06/26/2025,07/02/2025,Standard Class,VP-21760
US-2025-102127,06/26/2025,07/02/2025,Standard Class,VP-21760
US-2025-158708,06/26/2025,06/29/2025,Second Class,AB-10255
US-2025-160234,06/26/2025,07/03/2025,Standard Class,PF-19225
US-2025-153577,06/27/2025,07/01/2025,Standard Class,KH-16330
US-2025-153577,06/27/2025,07/01/2025,Standard Class,KH-16330
US-2025-161928,06/27/2025,06/29/2025,Second Class,AC-10660
US-2025-154767,06/28/2025,06/30/2025,Second Class,BP-11155
US-2025-154767,06/28/2025,06/30/2025,Second Class,BP-11155
US-2025-154767,06/28/2025,06/30/2025,Second Class,BP-11155
US-2025-161095,06/28/2025,06/28/2025,Same Day,CS-12250
US-2025-154767,06/28/2025,06/30/2025,Second Class,BP-11155
US-2025-161095,06/28/2025,06/28/2025,Same Day,CS-12250
US-2025-154767,06/28/2025,06/30/2025,Second Class,BP-11155
US-2025-110044,06/28/2025,07/02/2025,Second Class,RF-19735
CA-2025-187423,06/28/2025,07/03/2025,Standard Class,GZ-14545
US-2025-140543,06/29/2025,07/03/2025,Second Class,Co-12640
US-2025-162355,06/30/2025,07/02/2025,Second Class,PF-19165
US-2025-162355,06/30/2025,07/02/2025,Second Class,PF-19165
US-2025-135594,06/30/2025,07/03/2025,Second Class,AH-10120
US-2025-158680,07/01/2025,07/02/2025,First Class,NZ-18565
US-2025-152163,07/01/2025,07/01/2025,Same Day,JF-15355
US-2025-152163,07/01/2025,07/01/2025,Same Day,JF-15355
US-2025-126431,07/01/2025,07/01/2025,Same Day,SU-20665
US-2025-152163,07/01/2025,07/01/2025,Same Day,JF-15355
US-2025-126431,07/01/2025,07/01/2025,Same Day,SU-20665
US-2025-126431,07/01/2025,07/01/2025,Same Day,SU-20665
US-2025-139997,07/01/2025,07/03/2025,First Class,EM-14140
US-2025-102813,07/02/2025,07/03/2025,First Class,EA-14035
US-2025-149314,07/02/2025,07/07/2025,Second Class,GB-14530
US-2025-101469,07/02/2025,07/08/2025,Standard Class,KH-16360
US-2025-102813,07/02/2025,07/03/2025,First Class,EA-14035
US-2025-168543,07/03/2025,07/07/2025,Standard Class,DK-13225
US-2025-130029,07/03/2025,07/06/2025,First Class,GT-14755
US-2025-104983,07/03/2025,07/03/2025,Same Day,FM-14215
US-2025-130029,07/03/2025,07/06/2025,First Class,GT-14755
US-2025-147137,07/04/2025,07/06/2025,First Class,AA-10645
US-2025-147137,07/04/2025,07/06/2025,First Class,AA-10645
US-2025-103107,07/04/2025,07/04/2025,Same Day,RB-19465
US-2025-147137,07/04/2025,07/06/2025,First Class,AA-10645
US-2025-147137,07/04/2025,07/06/2025,First Class,AA-10645
US-2025-103107,07/04/2025,07/04/2025,Same Day,RB-19465
US-2025-103107,07/04/2025,07/04/2025,Same Day,RB-19465
US-2025-159940,07/07/2025,07/11/2025,Second Class,BF-11020
US-2025-135265,07/07/2025,07/09/2025,Second Class,CC-12370
US-2025-100965,07/07/2025,07/11/2025,Standard Class,RM-19375
US-2025-159940,07/07/2025,07/11/2025,Second Class,BF-11020
US-2025-106397,07/07/2025,07/13/2025,Standard Class,MJ-17740
US-2025-129308,07/07/2025,07/13/2025,Standard Class,CC-12100
US-2025-129308,07/07/2025,07/13/2025,Standard Class,CC-12100
US-2025-159940,07/07/2025,07/11/2025,Second Class,BF-11020
US-2025-129308,07/07/2025,07/13/2025,Standard Class,CC-12100
US-2025-159940,07/07/2025,07/11/2025,Second Class,BF-11020
US-2025-135265,07/07/2025,07/09/2025,Second Class,CC-12370
US-2025-106397,07/07/2025,07/13/2025,Standard Class,MJ-17740
US-2025-114713,07/07/2025,07/12/2025,Standard Class,SC-20695
US-2025-135265,07/07/2025,07/09/2025,Second Class,CC-12370
US-2025-129308,07/07/2025,07/13/2025,Standard Class,CC-12100
US-2025-112109,07/08/2025,07/12/2025,Standard Class,JE-15715
US-2025-156685,07/08/2025,07/10/2025,Second Class,SC-20230
US-2025-112109,07/08/2025,07/12/2025,Standard Class,JE-15715
US-2025-112109,07/08/2025,07/12/2025,Standard Class,JE-15715
US-2025-155474,07/08/2025,07/14/2025,Standard Class,CC-12220
US-2025-152520,07/08/2025,07/12/2025,Standard Class,TH-21115
US-2025-152471,07/08/2025,07/08/2025,Same Day,ZD-21925
US-2025-112109,07/08/2025,07/12/2025,Standard Class,JE-15715
US-2025-155474,07/08/2025,07/14/2025,Standard Class,CC-12220
US-2025-152471,07/08/2025,07/08/2025,Same Day,ZD-21925
US-2025-156685,07/08/2025,07/10/2025,Second Class,SC-20230
CA-2025-112109,07/08/2025,07/12/2025,Standard Class,JE-15715
CA-2025-112109,07/08/2025,07/12/2025,Standard Class,JE-15715
CA-2025-112109,07/08/2025,07/12/2025,Standard Class,JE-15715
CA-2025-112109,07/08/2025,07/12/2025,Standard Class,JE-15715
US-2025-136329,07/09/2025,07/13/2025,Standard Class,JD-15895
US-2025-136329,07/09/2025,07/13/2025,Standard Class,JD-15895
US-2025-131149,07/10/2025,07/14/2025,Standard Class,LH-17155
US-2025-134222,07/10/2025,07/11/2025,Same Day,NZ-18565
US-2025-131149,07/10/2025,07/14/2025,Standard Class,LH-17155
US-2025-126613,07/10/2025,07/16/2025,Standard Class,AA-10375
US-2025-164924,07/10/2025,07/10/2025,Same Day,EA-14035
US-2025-103891,07/12/2025,07/19/2025,Standard Class,KH-16690
US-2025-137050,07/14/2025,07/18/2025,Second Class,SW-20755
US-2025-109953,07/14/2025,07/18/2025,Standard Class,RB-19360
US-2025-157588,07/14/2025,07/19/2025,Standard Class,AR-10570
US-2025-109953,07/14/2025,07/18/2025,Standard Class,RB-19360
US-2025-137050,07/14/2025,07/18/2025,Second Class,SW-20755
US-2025-137050,07/14/2025,07/18/2025,Second Class,SW-20755
US-2025-137050,07/14/2025,07/18/2025,Second Class,SW-20755
US-2025-157588,07/14/2025,07/19/2025,Standard Class,AR-10570
US-2025-117282,07/14/2025,07/18/2025,Standard Class,DR-12880
US-2025-169215,07/14/2025,07/18/2025,Second Class,RE-19450
US-2025-137050,07/14/2025,07/18/2025,Second Class,SW-20755
US-2025-115483,07/14/2025,07/18/2025,Second Class,JS-15880
US-2025-137050,07/14/2025,07/18/2025,Second Class,SW-20755
US-2025-120180,07/14/2025,07/16/2025,First Class,TP-21130
US-2025-101378,07/14/2025,07/14/2025,Same Day,RH-19600
US-2025-136924,07/14/2025,07/17/2025,First Class,ES-14080
US-2025-101966,07/14/2025,07/16/2025,Second Class,BM-11785
US-2025-109953,07/14/2025,07/18/2025,Standard Class,RB-19360
US-2025-168095,07/15/2025,07/20/2025,Standard Class,MC-17425
US-2025-168095,07/15/2025,07/20/2025,Standard Class,MC-17425
US-2025-122322,07/15/2025,07/21/2025,Standard Class,RH-19510
US-2025-130050,07/16/2025,07/18/2025,Second Class,MC-17425
US-2025-157161,07/16/2025,07/20/2025,Second Class,JD-15895
US-2025-157161,07/16/2025,07/20/2025,Second Class,JD-15895
US-2025-157161,07/16/2025,07/20/2025,Second Class,JD-15895
US-2025-157161,07/16/2025,07/20/2025,Second Class,JD-15895
US-2025-157161,07/16/2025,07/20/2025,Second Class,JD-15895
US-2025-157000,07/16/2025,07/22/2025,Standard Class,AM-10360
US-2025-157000,07/16/2025,07/22/2025,Standard Class,AM-10360
US-2025-100720,07/16/2025,07/21/2025,Standard Class,CK-12205
US-2025-157161,07/16/2025,07/20/2025,Second Class,JD-15895
US-2025-100720,07/16/2025,07/21/2025,Standard Class,CK-12205
US-2025-100720,07/16/2025,07/21/2025,Standard Class,CK-12205
US-2025-139087,07/17/2025,07/22/2025,Second Class,DK-13375
US-2025-139087,07/17/2025,07/22/2025,Second Class,DK-13375
US-2025-116603,07/17/2025,07/22/2025,Standard Class,AT-10735
US-2025-131835,07/17/2025,07/21/2025,Standard Class,MC-17590
US-2025-139087,07/17/2025,07/22/2025,Second Class,DK-13375
US-2025-139087,07/17/2025,07/22/2025,Second Class,DK-13375
US-2025-121671,07/17/2025,07/22/2025,Standard Class,AA-10480
US-2025-121671,07/17/2025,07/22/2025,Standard Class,AA-10480
US-2025-121671,07/17/2025,07/22/2025,Standard Class,AA-10480
US-2025-131835,07/17/2025,07/21/2025,Standard Class,MC-17590
US-2025-121671,07/17/2025,07/22/2025,Standard Class,AA-10480
US-2025-139087,07/17/2025,07/22/2025,Second Class,DK-13375
US-2025-121671,07/17/2025,07/22/2025,Standard Class,AA-10480
US-2025-101343,07/17/2025,07/22/2025,Standard Class,RA-19885
US-2025-139087,07/17/2025,07/22/2025,Second Class,DK-13375
US-2025-139087,07/17/2025,07/22/2025,Second Class,DK-13375
US-2025-131835,07/17/2025,07/21/2025,Standard Class,MC-17590
US-2025-157763,07/18/2025,07/23/2025,Standard Class,KH-16330
US-2025-114727,07/18/2025,07/24/2025,Standard Class,LS-16945
US-2025-114727,07/18/2025,07/24/2025,Standard Class,LS-16945
US-2025-102561,07/18/2025,07/22/2025,Standard Class,NK-18490
US-2025-114727,07/18/2025,07/24/2025,Standard Class,LS-16945
US-2025-102561,07/18/2025,07/22/2025,Standard Class,NK-18490
US-2025-114727,07/18/2025,07/24/2025,Standard Class,LS-16945
US-2025-102561,07/18/2025,07/22/2025,Standard Class,NK-18490
US-2025-114727,07/18/2025,07/24/2025,Standard Class,LS-16945
US-2025-161676,07/18/2025,07/23/2025,Standard Class,JP-15460
US-2025-124681,07/18/2025,07/23/2025,Second Class,SV-20935
US-2025-162110,07/18/2025,07/22/2025,Standard Class,NP-18670
US-2025-163776,07/19/2025,07/25/2025,Standard Class,JS-16030
US-2025-163776,07/19/2025,07/25/2025,Standard Class,JS-16030
US-2025-163776,07/19/2025,07/25/2025,Standard Class,JS-16030
US-2025-163776,07/19/2025,07/25/2025,Standard Class,JS-16030
US-2025-163776,07/19/2025,07/25/2025,Standard Class,JS-16030
US-2025-163776,07/19/2025,07/25/2025,Standard Class,JS-16030
US-2025-157217,07/19/2025,07/21/2025,First Class,TC-21535
US-2025-157217,07/19/2025,07/21/2025,First Class,TC-21535
US-2025-137939,07/20/2025,07/23/2025,Second Class,PJ-19015
US-2025-142895,07/21/2025,07/26/2025,Standard Class,BP-11290
US-2025-141957,07/21/2025,07/21/2025,Same Day,JG-15310
US-2025-146521,07/21/2025,07/23/2025,Second Class,CC-12610
US-2025-141957,07/21/2025,07/21/2025,Same Day,JG-15310
US-2025-160941,07/21/2025,07/26/2025,Standard Class,DK-12835
US-2025-142895,07/21/2025,07/26/2025,Standard Class,BP-11290
US-2025-160941,07/21/2025,07/26/2025,Standard Class,DK-12835
US-2025-141957,07/21/2025,07/21/2025,Same Day,JG-15310
US-2025-141957,07/21/2025,07/21/2025,Same Day,JG-15310
US-2025-114307,07/22/2025,07/26/2025,Standard Class,MF-17665
US-2025-122392,07/22/2025,07/27/2025,Standard Class,CJ-12010
US-2025-114307,07/22/2025,07/26/2025,Standard Class,MF-17665
US-2025-111290,07/22/2025,07/26/2025,Standard Class,DK-13375
US-2025-122392,07/22/2025,07/27/2025,Standard Class,CJ-12010
US-2025-114307,07/22/2025,07/26/2025,Standard Class,MF-17665
US-2025-144855,07/22/2025,07/24/2025,Second Class,DL-13495
US-2025-111290,07/22/2025,07/26/2025,Standard Class,DK-13375
US-2025-114307,07/22/2025,07/26/2025,Standard Class,MF-17665
US-2025-111290,07/22/2025,07/26/2025,Standard Class,DK-13375
US-2025-140613,07/22/2025,07/29/2025,Standard Class,KN-16705
US-2025-111290,07/22/2025,07/26/2025,Standard Class,DK-13375
US-2025-165316,07/23/2025,07/27/2025,Standard Class,JB-15400
US-2025-112256,07/23/2025,07/28/2025,Standard Class,CK-12205
US-2025-112256,07/23/2025,07/28/2025,Standard Class,CK-12205
US-2025-165316,07/23/2025,07/27/2025,Standard Class,JB-15400
US-2025-162404,07/23/2025,07/27/2025,Standard Class,NF-18475
US-2025-112256,07/23/2025,07/28/2025,Standard Class,CK-12205
US-2025-112256,07/23/2025,07/28/2025,Standard Class,CK-12205
US-2025-112256,07/23/2025,07/28/2025,Standard Class,CK-12205
US-2025-165316,07/23/2025,07/27/2025,Standard Class,JB-15400
US-2025-111318,07/23/2025,07/26/2025,First Class,IL-15100
US-2025-162943,07/24/2025,07/26/2025,Second Class,DB-12970
US-2025-102498,07/24/2025,07/25/2025,First Class,JG-15160
US-2025-126158,07/25/2025,07/31/2025,Standard Class,SC-20095
US-2025-115441,07/25/2025,07/28/2025,Second Class,SH-19975
US-2025-126158,07/25/2025,07/31/2025,Standard Class,SC-20095
US-2025-115441,07/25/2025,07/28/2025,Second Class,SH-19975
US-2025-126158,07/25/2025,07/31/2025,Standard Class,SC-20095
US-2025-104157,07/25/2025,07/29/2025,Standard Class,MT-17815
US-2025-115525,07/25/2025,07/29/2025,Standard Class,RR-19525
US-2025-149335,07/25/2025,07/25/2025,Same Day,BC-11125
US-2025-126158,07/25/2025,07/31/2025,Standard Class,SC-20095
US-2025-149454,07/25/2025,07/26/2025,First Class,KM-16375
US-2025-128307,07/25/2025,07/29/2025,Standard Class,BE-11335
US-2025-111115,07/25/2025,07/27/2025,Second Class,LB-16735
US-2025-103037,07/25/2025,07/29/2025,Standard Class,KH-16630
US-2025-104157,07/25/2025,07/29/2025,Standard Class,MT-17815
US-2025-115441,07/25/2025,07/28/2025,Second Class,SH-19975
US-2025-104157,07/25/2025,07/29/2025,Standard Class,MT-17815
US-2025-115441,07/25/2025,07/28/2025,Second Class,SH-19975
US-2025-147417,07/25/2025,07/27/2025,First Class,CB-12415
US-2025-115441,07/25/2025,07/28/2025,Second Class,SH-19975
US-2025-107783,07/28/2025,07/29/2025,First Class,OT-18730
US-2025-105452,07/28/2025,08/01/2025,Standard Class,BF-11005
US-2025-105452,07/28/2025,08/01/2025,Standard Class,BF-11005
US-2025-107783,07/28/2025,07/29/2025,First Class,OT-18730
US-2025-107783,07/28/2025,07/29/2025,First Class,OT-18730
US-2025-143924,07/28/2025,08/03/2025,Standard Class,SC-20680
US-2025-140046,07/28/2025,08/03/2025,Standard Class,KM-16660
US-2025-143924,07/28/2025,08/03/2025,Standard Class,SC-20680
US-2025-131891,07/29/2025,07/31/2025,First Class,PW-19240
US-2025-164574,07/29/2025,08/03/2025,Standard Class,RH-19555
US-2025-116344,07/29/2025,08/02/2025,Standard Class,JO-15145
US-2025-164574,07/29/2025,08/03/2025,Standard Class,RH-19555
US-2025-112585,07/30/2025,08/02/2025,First Class,RW-19630
US-2025-112025,07/30/2025,08/04/2025,Standard Class,LS-16975
US-2025-137743,07/30/2025,08/04/2025,Standard Class,KH-16360
US-2025-137743,07/30/2025,08/04/2025,Standard Class,KH-16360
US-2025-133550,07/31/2025,08/06/2025,Standard Class,KL-16645
US-2025-144148,07/31/2025,08/05/2025,Standard Class,AH-10690
US-2025-133550,07/31/2025,08/06/2025,Standard Class,KL-16645
US-2025-133550,07/31/2025,08/06/2025,Standard Class,KL-16645
US-2025-133550,07/31/2025,08/06/2025,Standard Class,KL-16645
US-2025-132990,08/01/2025,08/03/2025,Second Class,KM-16660
US-2025-155978,08/01/2025,08/01/2025,Same Day,TS-21205
US-2025-144337,08/01/2025,08/05/2025,Second Class,SG-20890
US-2025-155978,08/01/2025,08/01/2025,Same Day,TS-21205
US-2025-156265,08/02/2025,08/04/2025,Second Class,BF-11020
US-2025-156265,08/02/2025,08/04/2025,Second Class,BF-11020
US-2025-156265,08/02/2025,08/04/2025,Second Class,BF-11020
US-2025-104150,08/03/2025,08/05/2025,Second Class,AG-10330
US-2025-104150,08/03/2025,08/05/2025,Second Class,AG-10330
US-2025-110254,08/04/2025,08/08/2025,Standard Class,ML-17755
US-2025-111913,08/04/2025,08/06/2025,Second Class,LC-16930
US-2025-128195,08/04/2025,08/05/2025,First Class,RA-19285
US-2025-111913,08/04/2025,08/06/2025,Second Class,LC-16930
US-2025-110254,08/04/2025,08/08/2025,Standard Class,ML-17755
US-2025-110254,08/04/2025,08/08/2025,Standard Class,ML-17755
US-2025-110254,08/04/2025,08/08/2025,Standard Class,ML-17755
US-2025-111913,08/04/2025,08/06/2025,Second Class,LC-16930
US-2025-102232,08/05/2025,08/11/2025,Standard Class,MF-17665
US-2025-105263,08/06/2025,08/11/2025,Standard Class,LM-17065
US-2025-158869,08/06/2025,08/07/2025,First Class,AH-10690
US-2025-151092,08/06/2025,08/13/2025,Standard Class,VG-21790
US-2025-148516,08/07/2025,08/11/2025,Standard Class,DW-13585
US-2025-107328,08/08/2025,08/15/2025,Standard Class,CA-12055
US-2025-107328,08/08/2025,08/15/2025,Standard Class,CA-12055
US-2025-107328,08/08/2025,08/15/2025,Standard Class,CA-12055
US-2025-121034,08/08/2025,08/10/2025,Second Class,JF-15565
US-2025-169026,08/08/2025,08/13/2025,Standard Class,CM-12655
US-2025-121034,08/08/2025,08/10/2025,Second Class,JF-15565
US-2025-130078,08/08/2025,08/14/2025,Standard Class,CC-12145
CA-2025-129322,08/08/2025,08/10/2025,Second Class,DB-13405
CA-2025-129322,08/08/2025,08/10/2025,Second Class,DB-13405
CA-2025-129322,08/08/2025,08/10/2025,Second Class,DB-13405
US-2025-113649,08/09/2025,08/12/2025,First Class,HA-14920
US-2025-118934,08/09/2025,08/14/2025,Standard Class,GH-14410
US-2025-118934,08/09/2025,08/14/2025,Standard Class,GH-14410
US-2025-113649,08/09/2025,08/12/2025,First Class,HA-14920
US-2025-113649,08/09/2025,08/12/2025,First Class,HA-14920
US-2025-128671,08/11/2025,08/16/2025,Standard Class,MT-18070
US-2025-128671,08/11/2025,08/16/2025,Standard Class,MT-18070
US-2025-128671,08/11/2025,08/16/2025,Standard Class,MT-18070
US-2025-143910,08/12/2025,08/16/2025,Standard Class,BC-11125
US-2025-105459,08/12/2025,08/17/2025,Second Class,NP-18700
US-2025-118073,08/12/2025,08/16/2025,Standard Class,CS-12490
US-2025-144477,08/12/2025,08/14/2025,Second Class,DB-13270
US-2025-167584,08/12/2025,08/12/2025,Same Day,LC-16870
US-2025-105459,08/12/2025,08/17/2025,Second Class,NP-18700
US-2025-155845,08/12/2025,08/15/2025,Second Class,CM-12235
US-2025-156251,08/13/2025,08/18/2025,Second Class,TS-21160
US-2025-156692,08/13/2025,08/13/2025,Same Day,HG-15025
US-2025-141264,08/13/2025,08/19/2025,Standard Class,CT-11995
US-2025-155670,08/13/2025,08/17/2025,Second Class,EM-14065
US-2025-125843,08/13/2025,08/16/2025,First Class,RF-19840
US-2025-156251,08/13/2025,08/18/2025,Second Class,TS-21160
US-2025-125843,08/13/2025,08/16/2025,First Class,RF-19840
US-2025-155670,08/13/2025,08/17/2025,Second Class,EM-14065
US-2025-141264,08/13/2025,08/19/2025,Standard Class,CT-11995
US-2025-156692,08/13/2025,08/13/2025,Same Day,HG-15025
US-2025-136021,08/14/2025,08/18/2025,Standard Class,JM-15580
US-2025-119515,08/14/2025,08/16/2025,First Class,TR-21325
US-2025-136770,08/14/2025,08/18/2025,Standard Class,SP-20650
US-2025-136021,08/14/2025,08/18/2025,Standard Class,JM-15580
US-2025-136770,08/14/2025,08/18/2025,Standard Class,SP-20650
US-2025-136770,08/14/2025,08/18/2025,Standard Class,SP-20650
US-2025-154690,08/15/2025,08/17/2025,Second Class,CC-12370
US-2025-167241,08/15/2025,08/22/2025,Standard Class,BD-11320
US-2025-123470,08/15/2025,08/21/2025,Standard Class,ME-17725
US-2025-123470,08/15/2025,08/21/2025,Standard Class,ME-17725
US-2025-166163,08/15/2025,08/20/2025,Second Class,CY-12745
US-2025-167241,08/15/2025,08/22/2025,Standard Class,BD-11320
US-2025-167241,08/15/2025,08/22/2025,Standard Class,BD-11320
US-2025-118626,08/15/2025,08/20/2025,Standard Class,JC-15775
US-2025-167241,08/15/2025,08/22/2025,Standard Class,BD-11320
US-2025-166163,08/15/2025,08/20/2025,Second Class,CY-12745
US-2025-148096,08/16/2025,08/19/2025,First Class,AO-10810
US-2025-150343,08/16/2025,08/20/2025,Standard Class,PK-19075
US-2025-113117,08/16/2025,08/22/2025,Standard Class,JP-15520
US-2025-157308,08/17/2025,08/21/2025,Standard Class,NM-18520
US-2025-128916,08/18/2025,08/20/2025,Second Class,MA-17560
US-2025-128916,08/18/2025,08/20/2025,Second Class,MA-17560
US-2025-136133,08/18/2025,08/23/2025,Second Class,HW-14935
US-2025-113551,08/18/2025,08/20/2025,First Class,NF-18385
US-2025-113551,08/18/2025,08/20/2025,First Class,NF-18385
US-2025-153353,08/18/2025,08/24/2025,Standard Class,GG-14650
US-2025-101980,08/19/2025,08/20/2025,First Class,RP-19390
US-2025-101980,08/19/2025,08/20/2025,First Class,RP-19390
US-2025-101980,08/19/2025,08/20/2025,First Class,RP-19390
US-2025-151141,08/20/2025,08/23/2025,First Class,DW-13480
US-2025-122581,08/21/2025,08/25/2025,Standard Class,JK-15370
US-2025-146066,08/21/2025,08/23/2025,Second Class,RB-19465
US-2025-126452,08/21/2025,08/28/2025,Standard Class,SC-20230
US-2025-167983,08/21/2025,08/24/2025,Second Class,RP-19270
US-2025-126452,08/21/2025,08/28/2025,Standard Class,SC-20230
US-2025-123414,08/21/2025,08/27/2025,Standard Class,SU-20665
US-2025-126452,08/21/2025,08/28/2025,Standard Class,SC-20230
US-2025-126452,08/21/2025,08/28/2025,Standard Class,SC-20230
US-2025-123414,08/21/2025,08/27/2025,Standard Class,SU-20665
US-2025-126452,08/21/2025,08/28/2025,Standard Class,SC-20230
US-2025-126452,08/21/2025,08/28/2025,Standard Class,SC-20230
US-2025-126452,08/21/2025,08/28/2025,Standard Class,SC-20230
US-2025-141880,08/22/2025,08/23/2025,First Class,TC-21475
US-2025-137239,08/22/2025,08/28/2025,Standard Class,CR-12730
US-2025-140256,08/22/2025,08/29/2025,Standard Class,PW-19030
US-2025-130484,08/22/2025,08/27/2025,Standard Class,SG-20470
US-2025-137239,08/22/2025,08/28/2025,Standard Class,CR-12730
US-2025-148334,08/22/2025,08/26/2025,Standard Class,DD-13570
US-2025-137239,08/22/2025,08/28/2025,Standard Class,CR-12730
US-2025-106313,08/22/2025,08/26/2025,Standard Class,DG-13300
US-2025-150350,08/23/2025,08/30/2025,Standard Class,MS-17770
US-2025-160528,08/23/2025,08/30/2025,Standard Class,MH-18115
US-2025-150350,08/23/2025,08/30/2025,Standard Class,MS-17770
US-2025-158001,08/23/2025,08/27/2025,Standard Class,JP-15460
US-2025-158001,08/23/2025,08/27/2025,Standard Class,JP-15460
US-2025-158001,08/23/2025,08/27/2025,Standard Class,JP-15460
US-2025-150350,08/23/2025,08/30/2025,Standard Class,MS-17770
US-2025-117793,08/23/2025,08/29/2025,Standard Class,MA-17560
US-2025-117793,08/23/2025,08/29/2025,Standard Class,MA-17560
US-2025-150350,08/23/2025,08/30/2025,Standard Class,MS-17770
US-2025-117793,08/23/2025,08/29/2025,Standard Class,MA-17560
US-2025-160528,08/23/2025,08/30/2025,Standard Class,MH-18115
US-2025-150350,08/23/2025,08/30/2025,Standard Class,MS-17770
US-2025-160528,08/23/2025,08/30/2025,Standard Class,MH-18115
US-2025-117793,08/23/2025,08/29/2025,Standard Class,MA-17560
US-2025-150350,08/23/2025,08/30/2025,Standard Class,MS-17770
US-2025-128594,08/26/2025,08/29/2025,First Class,DJ-13510
US-2025-152289,08/26/2025,08/28/2025,First Class,LC-16930
US-2025-163174,08/26/2025,08/30/2025,Standard Class,XP-21865
US-2025-114601,08/26/2025,09/02/2025,Standard Class,AA-10480
US-2025-100405,08/26/2025,08/28/2025,Second Class,TS-21430
US-2025-114601,08/26/2025,09/02/2025,Standard Class,AA-10480
US-2025-132094,08/26/2025,09/02/2025,Standard Class,VG-21805
US-2025-102141,08/26/2025,08/31/2025,Standard Class,KD-16615
US-2025-105585,08/26/2025,08/27/2025,First Class,RF-19735
US-2025-148201,08/26/2025,08/29/2025,Second Class,CC-12145
US-2025-114601,08/26/2025,09/02/2025,Standard Class,AA-10480
US-2025-160598,08/26/2025,08/28/2025,First Class,SV-20815
US-2025-105585,08/26/2025,08/27/2025,First Class,RF-19735
US-2025-132094,08/26/2025,09/02/2025,Standard Class,VG-21805
US-2025-163538,08/26/2025,08/30/2025,Standard Class,SS-20515
US-2025-127425,08/26/2025,08/31/2025,Standard Class,DR-12880
US-2025-114601,08/26/2025,09/02/2025,Standard Class,AA-10480
US-2025-152289,08/26/2025,08/28/2025,First Class,LC-16930
US-2025-114601,08/26/2025,09/02/2025,Standard Class,AA-10480
US-2025-127425,08/26/2025,08/31/2025,Standard Class,DR-12880
US-2025-145982,08/27/2025,09/01/2025,Second Class,TB-21055
US-2025-145982,08/27/2025,09/01/2025,Second Class,TB-21055
US-2025-145982,08/27/2025,09/01/2025,Second Class,TB-21055
US-2025-116764,08/27/2025,09/02/2025,Standard Class,EM-13825
US-2025-145982,08/27/2025,09/01/2025,Second Class,TB-21055
US-2025-146710,08/27/2025,09/01/2025,Standard Class,SS-20875
US-2025-145982,08/27/2025,09/01/2025,Second Class,TB-21055
US-2025-117919,08/27/2025,08/29/2025,Second Class,TB-21355
US-2025-146710,08/27/2025,09/01/2025,Standard Class,SS-20875
US-2025-117919,08/27/2025,08/29/2025,Second Class,TB-21355
US-2025-146710,08/27/2025,09/01/2025,Standard Class,SS-20875
US-2025-146710,08/27/2025,09/01/2025,Standard Class,SS-20875
US-2025-145982,08/27/2025,09/01/2025,Second Class,TB-21055
US-2025-145303,08/28/2025,08/31/2025,First Class,TP-21415
US-2025-145303,08/28/2025,08/31/2025,First Class,TP-21415
US-2025-145303,08/28/2025,08/31/2025,First Class,TP-21415
US-2025-137652,08/28/2025,08/30/2025,First Class,EB-13750
US-2025-144211,08/28/2025,09/02/2025,Standard Class,CS-12130
US-2025-144211,08/28/2025,09/02/2025,Standard Class,CS-12130
US-2025-159912,08/29/2025,09/03/2025,Standard Class,GB-14530
US-2025-159912,08/29/2025,09/03/2025,Standard Class,GB-14530
US-2025-159912,08/29/2025,09/03/2025,Standard Class,GB-14530
US-2025-158568,08/29/2025,09/02/2025,Standard Class,RB-19465
US-2025-159912,08/29/2025,09/03/2025,Standard Class,GB-14530
US-2025-158568,08/29/2025,09/02/2025,Standard Class,RB-19465
US-2025-161207,08/29/2025,09/03/2025,Standard Class,AB-10060
US-2025-158568,08/29/2025,09/02/2025,Standard Class,RB-19465
US-2025-128727,08/29/2025,09/04/2025,Standard Class,MO-17800
US-2025-141544,08/30/2025,09/01/2025,First Class,PO-18850
US-2025-165995,08/30/2025,09/06/2025,Standard Class,BG-11740
US-2025-141544,08/30/2025,09/01/2025,First Class,PO-18850
US-2025-141544,08/30/2025,09/01/2025,First Class,PO-18850
US-2025-141544,08/30/2025,09/01/2025,First Class,PO-18850
US-2025-141544,08/30/2025,09/01/2025,First Class,PO-18850
US-2025-165995,08/30/2025,09/06/2025,Standard Class,BG-11740
US-2025-117408,08/31/2025,09/06/2025,Standard Class,TP-21130
US-2025-151561,09/01/2025,09/07/2025,Standard Class,PG-18820
US-2025-116526,09/01/2025,09/05/2025,Standard Class,JA-15970
US-2025-116526,09/01/2025,09/05/2025,Standard Class,JA-15970
US-2025-116526,09/01/2025,09/05/2025,Standard Class,JA-15970
US-2025-116526,09/01/2025,09/05/2025,Standard Class,JA-15970
US-2025-129714,09/01/2025,09/03/2025,First Class,AB-10060
US-2025-116526,09/01/2025,09/05/2025,Standard Class,JA-15970
US-2025-129714,09/01/2025,09/03/2025,First Class,AB-10060
US-2025-120859,09/01/2025,09/04/2025,First Class,CV-12805
US-2025-124583,09/01/2025,09/03/2025,Second Class,LB-16795
US-2025-155481,09/01/2025,09/05/2025,Standard Class,DK-13225
US-2025-129714,09/01/2025,09/03/2025,First Class,AB-10060
US-2025-129714,09/01/2025,09/03/2025,First Class,AB-10060
US-2025-155481,09/01/2025,09/05/2025,Standard Class,DK-13225
US-2025-151561,09/01/2025,09/07/2025,Standard Class,PG-18820
US-2025-129714,09/01/2025,09/03/2025,First Class,AB-10060
US-2025-151561,09/01/2025,09/07/2025,Standard Class,PG-18820
US-2025-151561,09/01/2025,09/07/2025,Standard Class,PG-18820
US-2025-155481,09/01/2025,09/05/2025,Standard Class,DK-13225
US-2025-116526,09/01/2025,09/05/2025,Standard Class,JA-15970
US-2025-106278,09/02/2025,09/05/2025,Second Class,BM-11140
US-2025-129847,09/02/2025,09/04/2025,First Class,TA-21385
US-2025-126732,09/02/2025,09/06/2025,Standard Class,LR-16915
US-2025-130407,09/02/2025,09/06/2025,Standard Class,KD-16270
US-2025-126732,09/02/2025,09/06/2025,Standard Class,LR-16915
US-2025-106950,09/02/2025,09/06/2025,Standard Class,JE-15715
US-2025-106950,09/02/2025,09/06/2025,Standard Class,JE-15715
US-2025-130407,09/02/2025,09/06/2025,Standard Class,KD-16270
US-2025-106950,09/02/2025,09/06/2025,Standard Class,JE-15715
US-2025-126732,09/02/2025,09/06/2025,Standard Class,LR-16915
US-2025-106950,09/02/2025,09/06/2025,Standard Class,JE-15715
US-2025-112739,09/02/2025,09/07/2025,Second Class,RD-19810
US-2025-126732,09/02/2025,09/06/2025,Standard Class,LR-16915
US-2025-106950,09/02/2025,09/06/2025,Standard Class,JE-15715
US-2025-116540,09/02/2025,09/02/2025,Same Day,SS-20590
US-2025-106278,09/02/2025,09/05/2025,Second Class,BM-11140
US-2025-116540,09/02/2025,09/02/2025,Same Day,SS-20590
US-2025-144764,09/02/2025,09/08/2025,Standard Class,RL-19615
US-2025-126732,09/02/2025,09/06/2025,Standard Class,LR-16915
US-2025-144764,09/02/2025,09/08/2025,Standard Class,RL-19615
US-2025-113096,09/02/2025,09/04/2025,First Class,SZ-20035
US-2025-112739,09/02/2025,09/07/2025,Second Class,RD-19810
US-2025-106950,09/02/2025,09/06/2025,Standard Class,JE-15715
US-2025-166429,09/02/2025,09/08/2025,Standard Class,TG-21310
US-2025-144764,09/02/2025,09/08/2025,Standard Class,RL-19615
US-2025-126732,09/02/2025,09/06/2025,Standard Class,LR-16915
US-2025-147711,09/03/2025,09/08/2025,Second Class,HF-14995
US-2025-104815,09/03/2025,09/07/2025,Standard Class,RB-19570
US-2025-147711,09/03/2025,09/08/2025,Second Class,HF-14995
US-2025-100566,09/03/2025,09/09/2025,Standard Class,JK-16120
US-2025-101616,09/03/2025,09/06/2025,First Class,CY-12745
US-2025-158099,09/03/2025,09/05/2025,First Class,PK-18910
US-2025-147711,09/03/2025,09/08/2025,Second Class,HF-14995
US-2025-159737,09/03/2025,09/09/2025,Standard Class,CS-11950
US-2025-147711,09/03/2025,09/08/2025,Second Class,HF-14995
US-2025-153185,09/03/2025,09/08/2025,Standard Class,MH-17620
US-2025-132143,09/03/2025,09/05/2025,First Class,FM-14215
US-2025-163986,09/03/2025,09/10/2025,Standard Class,JJ-15445
US-2025-158099,09/03/2025,09/05/2025,First Class,PK-18910
US-2025-129630,09/04/2025,09/04/2025,Same Day,IM-15055
US-2025-131205,09/04/2025,09/08/2025,Standard Class,AA-10645
US-2025-123120,09/04/2025,09/08/2025,Standard Class,CV-12295
US-2025-149783,09/04/2025,09/07/2025,Second Class,DL-13315
US-2025-169971,09/04/2025,09/09/2025,Standard Class,IL-15100
US-2025-169971,09/04/2025,09/09/2025,Standard Class,IL-15100
US-2025-149783,09/04/2025,09/07/2025,Second Class,DL-13315
US-2025-131205,09/04/2025,09/08/2025,Standard Class,AA-10645
US-2025-131205,09/04/2025,09/08/2025,Standard Class,AA-10645
US-2025-123120,09/04/2025,09/08/2025,Standard Class,CV-12295
US-2025-142524,09/04/2025,09/08/2025,Standard Class,MB-18085
US-2025-117604,09/04/2025,09/09/2025,Standard Class,JP-15520
US-2025-149783,09/04/2025,09/07/2025,Second Class,DL-13315
US-2025-168774,09/04/2025,09/09/2025,Standard Class,RP-19855
US-2025-131205,09/04/2025,09/08/2025,Standard Class,AA-10645
US-2025-123120,09/04/2025,09/08/2025,Standard Class,CV-12295
US-2025-142524,09/04/2025,09/08/2025,Standard Class,MB-18085
US-2025-129630,09/04/2025,09/04/2025,Same Day,IM-15055
US-2025-158778,09/05/2025,09/09/2025,Standard Class,DB-13210
US-2025-158778,09/05/2025,09/09/2025,Standard Class,DB-13210
US-2025-115756,09/05/2025,09/07/2025,Second Class,PK-19075
US-2025-148110,09/05/2025,09/11/2025,Standard Class,AR-10825
US-2025-162383,09/05/2025,09/11/2025,Standard Class,MD-17350
US-2025-115756,09/05/2025,09/07/2025,Second Class,PK-19075
US-2025-158778,09/05/2025,09/09/2025,Standard Class,DB-13210
US-2025-136595,09/05/2025,09/07/2025,First Class,EM-13825
US-2025-110366,09/05/2025,09/07/2025,Second Class,JD-15895
US-2025-121013,09/05/2025,09/10/2025,Standard Class,MM-17920
US-2025-144540,09/05/2025,09/10/2025,Standard Class,GH-14410
US-2025-158778,09/05/2025,09/09/2025,Standard Class,DB-13210
US-2025-140774,09/05/2025,09/10/2025,Standard Class,BE-11455
US-2025-151372,09/05/2025,09/06/2025,First Class,JH-15985
US-2025-136231,09/05/2025,09/07/2025,Second Class,DM-13015
US-2025-162383,09/05/2025,09/11/2025,Standard Class,MD-17350
US-2025-162383,09/05/2025,09/11/2025,Standard Class,MD-17350
US-2025-154536,09/05/2025,09/09/2025,Standard Class,JC-15340
US-2025-136231,09/05/2025,09/07/2025,Second Class,DM-13015
US-2025-151372,09/05/2025,09/06/2025,First Class,JH-15985
US-2025-149195,09/05/2025,09/07/2025,Second Class,DM-13525
US-2025-144540,09/05/2025,09/10/2025,Standard Class,GH-14410
US-2025-115756,09/05/2025,09/07/2025,Second Class,PK-19075
US-2025-121013,09/05/2025,09/10/2025,Standard Class,MM-17920
US-2025-136231,09/05/2025,09/07/2025,Second Class,DM-13015
US-2025-133319,09/05/2025,09/11/2025,Standard Class,MV-17485
US-2025-149195,09/05/2025,09/07/2025,Second Class,DM-13525
US-2025-149195,09/05/2025,09/07/2025,Second Class,DM-13525
US-2025-115756,09/05/2025,09/07/2025,Second Class,PK-19075
US-2025-151372,09/05/2025,09/06/2025,First Class,JH-15985
US-2025-164490,09/05/2025,09/10/2025,Second Class,SU-20665
US-2025-115756,09/05/2025,09/07/2025,Second Class,PK-19075
US-2025-115756,09/05/2025,09/07/2025,Second Class,PK-19075
US-2025-152373,09/05/2025,09/11/2025,Standard Class,PT-19090
US-2025-137673,09/05/2025,09/10/2025,Standard Class,ML-17395
US-2025-136231,09/05/2025,09/07/2025,Second Class,DM-13015
US-2025-160815,09/05/2025,09/06/2025,First Class,TR-21325
US-2025-139409,09/05/2025,09/07/2025,First Class,FW-14395
US-2025-102981,09/06/2025,09/09/2025,Second Class,MO-17500
US-2025-149223,09/06/2025,09/11/2025,Standard Class,ER-13855
US-2025-133123,09/06/2025,09/11/2025,Standard Class,KB-16315
US-2025-133123,09/06/2025,09/11/2025,Standard Class,KB-16315
US-2025-123932,09/06/2025,09/12/2025,Standard Class,YC-21895
US-2025-145240,09/06/2025,09/08/2025,First Class,BG-11740
US-2025-102981,09/06/2025,09/09/2025,Second Class,MO-17500
US-2025-123932,09/06/2025,09/12/2025,Standard Class,YC-21895
US-2025-114174,09/08/2025,09/14/2025,Standard Class,AP-10720
US-2025-108987,09/08/2025,09/10/2025,Second Class,AG-10675
US-2025-110009,09/08/2025,09/13/2025,Standard Class,TR-21325
US-2025-115455,09/08/2025,09/14/2025,Standard Class,SE-20110
US-2025-153101,09/08/2025,09/08/2025,Same Day,PJ-19015
US-2025-115455,09/08/2025,09/14/2025,Standard Class,SE-20110
US-2025-131499,09/08/2025,09/10/2025,First Class,MG-17875
US-2025-108868,09/08/2025,09/12/2025,Standard Class,KB-16585
US-2025-103709,09/08/2025,09/15/2025,Standard Class,LP-17095
US-2025-113516,09/08/2025,09/10/2025,Second Class,VM-21685
US-2025-113516,09/08/2025,09/10/2025,Second Class,VM-21685
US-2025-114174,09/08/2025,09/14/2025,Standard Class,AP-10720
US-2025-155138,09/08/2025,09/12/2025,Standard Class,JM-15580
US-2025-110009,09/08/2025,09/13/2025,Standard Class,TR-21325
US-2025-103709,09/08/2025,09/15/2025,Standard Class,LP-17095
US-2025-108987,09/08/2025,09/10/2025,Second Class,AG-10675
US-2025-103709,09/08/2025,09/15/2025,Standard Class,LP-17095
US-2025-108987,09/08/2025,09/10/2025,Second Class,AG-10675
US-2025-108987,09/08/2025,09/10/2025,Second Class,AG-10675
US-2025-155138,09/08/2025,09/12/2025,Standard Class,JM-15580
US-2025-108868,09/08/2025,09/12/2025,Standard Class,KB-16585
US-2025-137176,09/09/2025,09/14/2025,Second Class,DB-12910
US-2025-110023,09/09/2025,09/11/2025,First Class,TS-21610
US-2025-112893,09/09/2025,09/13/2025,Second Class,AT-10735
US-2025-146206,09/10/2025,09/14/2025,Second Class,KT-16480
US-2025-164350,09/10/2025,09/12/2025,Second Class,CG-12040
US-2025-126102,09/10/2025,09/12/2025,Second Class,DV-13465
US-2025-165918,09/10/2025,09/14/2025,Standard Class,BD-11770
US-2025-165918,09/10/2025,09/14/2025,Standard Class,BD-11770
US-2025-165918,09/10/2025,09/14/2025,Standard Class,BD-11770
US-2025-165918,09/10/2025,09/14/2025,Standard Class,BD-11770
US-2025-118780,09/10/2025,09/14/2025,Second Class,PN-18775
US-2025-118780,09/10/2025,09/14/2025,Second Class,PN-18775
US-2025-146206,09/10/2025,09/14/2025,Second Class,KT-16480
US-2025-112277,09/10/2025,09/15/2025,Standard Class,SC-20695
US-2025-143476,09/11/2025,09/13/2025,First Class,LC-16930
US-2025-164154,09/11/2025,09/17/2025,Standard Class,NZ-18565
US-2025-116561,09/11/2025,09/17/2025,Standard Class,EB-14110
US-2025-150007,09/11/2025,09/16/2025,Standard Class,AS-10090
US-2025-130225,09/11/2025,09/17/2025,Standard Class,RC-19960
US-2025-102162,09/11/2025,09/16/2025,Standard Class,JF-15565
US-2025-150007,09/11/2025,09/16/2025,Standard Class,AS-10090
US-2025-121223,09/11/2025,09/13/2025,Second Class,GD-14590
US-2025-143476,09/11/2025,09/13/2025,First Class,LC-16930
US-2025-143476,09/11/2025,09/13/2025,First Class,LC-16930
US-2025-145625,09/11/2025,09/17/2025,Standard Class,KC-16540
US-2025-164154,09/11/2025,09/17/2025,Standard Class,NZ-18565
US-2025-116561,09/11/2025,09/17/2025,Standard Class,EB-14110
US-2025-145625,09/11/2025,09/17/2025,Standard Class,KC-16540
US-2025-102162,09/11/2025,09/16/2025,Standard Class,JF-15565
US-2025-153157,09/11/2025,09/14/2025,First Class,TB-21625
US-2025-121223,09/11/2025,09/13/2025,Second Class,GD-14590
US-2025-123946,09/12/2025,09/17/2025,Standard Class,AJ-10795
US-2025-151148,09/12/2025,09/13/2025,Same Day,PO-19180
US-2025-142902,09/12/2025,09/14/2025,Second Class,BP-11185
US-2025-142902,09/12/2025,09/14/2025,Second Class,BP-11185
US-2025-142902,09/12/2025,09/14/2025,Second Class,BP-11185
US-2025-113082,09/12/2025,09/16/2025,Standard Class,MC-17590
US-2025-128811,09/12/2025,09/16/2025,Standard Class,SF-20200
US-2025-128811,09/12/2025,09/16/2025,Standard Class,SF-20200
US-2025-123946,09/12/2025,09/17/2025,Standard Class,AJ-10795
US-2025-142902,09/12/2025,09/14/2025,Second Class,BP-11185
US-2025-128811,09/12/2025,09/16/2025,Standard Class,SF-20200
US-2025-152457,09/12/2025,09/18/2025,Standard Class,SC-20695
US-2025-123946,09/12/2025,09/17/2025,Standard Class,AJ-10795
US-2025-123946,09/12/2025,09/17/2025,Standard Class,AJ-10795
US-2025-151148,09/12/2025,09/13/2025,Same Day,PO-19180
US-2025-105732,09/13/2025,09/18/2025,Standard Class,AG-10270
US-2025-105732,09/13/2025,09/18/2025,Standard Class,AG-10270
US-2025-105732,09/13/2025,09/18/2025,Standard Class,AG-10270
US-2025-105732,09/13/2025,09/18/2025,Standard Class,AG-10270
US-2025-105732,09/13/2025,09/18/2025,Standard Class,AG-10270
US-2025-105732,09/13/2025,09/18/2025,Standard Class,AG-10270
US-2025-105732,09/13/2025,09/18/2025,Standard Class,AG-10270
US-2025-105732,09/13/2025,09/18/2025,Standard Class,AG-10270
US-2025-105732,09/13/2025,09/18/2025,Standard Class,AG-10270
US-2025-105732,09/13/2025,09/18/2025,Standard Class,AG-10270
US-2025-153178,09/14/2025,09/18/2025,Standard Class,CL-12565
US-2025-155439,09/14/2025,09/18/2025,Standard Class,PN-18775
US-2025-153178,09/14/2025,09/18/2025,Standard Class,CL-12565
US-2025-116911,09/15/2025,09/20/2025,Standard Class,JD-16150
US-2025-160479,09/15/2025,09/20/2025,Standard Class,AH-10585
US-2025-116911,09/15/2025,09/20/2025,Standard Class,JD-16150
US-2025-128678,09/15/2025,09/20/2025,Standard Class,RB-19570
US-2025-149797,09/15/2025,09/20/2025,Standard Class,AH-10075
US-2025-128678,09/15/2025,09/20/2025,Standard Class,RB-19570
US-2025-149370,09/15/2025,09/19/2025,Standard Class,DB-13210
US-2025-123337,09/16/2025,09/22/2025,Standard Class,KD-16495
US-2025-162159,09/16/2025,09/18/2025,First Class,CR-12625
US-2025-123337,09/16/2025,09/22/2025,Standard Class,KD-16495
US-2025-134369,09/16/2025,09/22/2025,Standard Class,BC-11125
US-2025-159730,09/17/2025,09/21/2025,Standard Class,SJ-20125
US-2025-152415,09/17/2025,09/22/2025,Standard Class,PO-18865
US-2025-152415,09/17/2025,09/22/2025,Standard Class,PO-18865
US-2025-164091,09/17/2025,09/22/2025,Standard Class,LA-16780
US-2025-105900,09/17/2025,09/23/2025,Standard Class,BS-11590
US-2025-109806,09/17/2025,09/22/2025,Standard Class,JS-15685
US-2025-111416,09/17/2025,09/22/2025,Standard Class,LW-17215
US-2025-148957,09/17/2025,09/23/2025,Standard Class,CC-12430
US-2025-109806,09/17/2025,09/22/2025,Standard Class,JS-15685
US-2025-131093,09/17/2025,09/20/2025,Second Class,TS-21610
US-2025-134208,09/17/2025,09/23/2025,Standard Class,CS-12505
US-2025-164091,09/17/2025,09/22/2025,Standard Class,LA-16780
US-2025-159730,09/17/2025,09/21/2025,Standard Class,SJ-20125
US-2025-109806,09/17/2025,09/22/2025,Standard Class,JS-15685
US-2025-133935,09/18/2025,09/22/2025,Standard Class,JW-15220
US-2025-120355,09/18/2025,09/25/2025,Standard Class,MM-17260
US-2025-145905,09/18/2025,09/23/2025,Standard Class,AM-10705
US-2025-157511,09/18/2025,09/20/2025,First Class,SV-20365
US-2025-133935,09/18/2025,09/22/2025,Standard Class,JW-15220
US-2025-157511,09/18/2025,09/20/2025,First Class,SV-20365
US-2025-120355,09/18/2025,09/25/2025,Standard Class,MM-17260
US-2025-140928,09/18/2025,09/22/2025,Standard Class,NB-18655
US-2025-157511,09/18/2025,09/20/2025,First Class,SV-20365
US-2025-106075,09/18/2025,09/23/2025,Standard Class,HM-14980
US-2025-111409,09/18/2025,09/22/2025,Standard Class,PO-18850
US-2025-133935,09/18/2025,09/22/2025,Standard Class,JW-15220
US-2025-145905,09/18/2025,09/23/2025,Standard Class,AM-10705
US-2025-145905,09/18/2025,09/23/2025,Standard Class,AM-10705
US-2025-110086,09/18/2025,09/22/2025,Standard Class,BD-11320
US-2025-156097,09/19/2025,09/19/2025,Same Day,EH-14125
US-2025-168354,09/19/2025,09/21/2025,First Class,RH-19510
US-2025-120250,09/19/2025,09/22/2025,First Class,AP-10720
US-2025-102932,09/19/2025,09/23/2025,Second Class,SD-20485
US-2025-168557,09/19/2025,09/23/2025,Standard Class,FH-14275
US-2025-114888,09/19/2025,09/24/2025,Second Class,CC-12430
US-2025-156097,09/19/2025,09/19/2025,Same Day,EH-14125
US-2025-168354,09/19/2025,09/21/2025,First Class,RH-19510
US-2025-130267,09/19/2025,09/23/2025,Standard Class,SW-20245
US-2025-168354,09/19/2025,09/21/2025,First Class,RH-19510
US-2025-158610,09/19/2025,09/22/2025,First Class,CK-12595
US-2025-168354,09/19/2025,09/21/2025,First Class,RH-19510
US-2025-102932,09/19/2025,09/23/2025,Second Class,SD-20485
US-2025-114888,09/19/2025,09/24/2025,Second Class,CC-12430
US-2025-142370,09/19/2025,09/23/2025,Standard Class,TP-21130
US-2025-142370,09/19/2025,09/23/2025,Standard Class,TP-21130
US-2025-166772,09/20/2025,09/24/2025,Standard Class,HJ-14875
US-2025-134516,09/20/2025,09/25/2025,Standard Class,FM-14215
US-2025-134516,09/20/2025,09/25/2025,Standard Class,FM-14215
US-2025-145611,09/20/2025,09/24/2025,Standard Class,HA-14905
US-2025-100244,09/20/2025,09/24/2025,Standard Class,GM-14695
US-2025-100244,09/20/2025,09/24/2025,Standard Class,GM-14695
US-2025-100244,09/20/2025,09/24/2025,Standard Class,GM-14695
US-2025-126284,09/20/2025,09/24/2025,Standard Class,EN-13780
US-2025-100244,09/20/2025,09/24/2025,Standard Class,GM-14695
US-2025-100244,09/20/2025,09/24/2025,Standard Class,GM-14695
CA-2025-153738,09/20/2025,09/22/2025,First Class,AG-10270
US-2025-125724,09/22/2025,09/27/2025,Standard Class,SM-20950
US-2025-119641,09/22/2025,09/26/2025,Standard Class,CS-12250
US-2025-155404,09/22/2025,09/28/2025,Standard Class,AS-10630
US-2025-120257,09/22/2025,09/28/2025,Standard Class,PW-19240
US-2025-109743,09/22/2025,09/29/2025,Standard Class,SH-19975
US-2025-116232,09/22/2025,09/26/2025,Standard Class,AC-10450
US-2025-166653,09/22/2025,09/24/2025,Second Class,NP-18685
US-2025-116232,09/22/2025,09/26/2025,Standard Class,AC-10450
US-2025-151974,09/22/2025,09/29/2025,Standard Class,RD-19660
US-2025-157728,09/22/2025,09/28/2025,Standard Class,RC-19960
US-2025-158617,09/22/2025,09/28/2025,Standard Class,AC-10660
US-2025-135965,09/22/2025,09/25/2025,First Class,SZ-20035
US-2025-157728,09/22/2025,09/28/2025,Standard Class,RC-19960
US-2025-109743,09/22/2025,09/29/2025,Standard Class,SH-19975
CA-2025-125724,09/22/2025,09/27/2025,Standard Class,SM-20950
US-2025-149979,09/23/2025,09/28/2025,Second Class,RA-19915
US-2025-159009,09/23/2025,09/27/2025,Standard Class,DP-13105
US-2025-129469,09/23/2025,09/27/2025,Standard Class,KL-16555
US-2025-124016,09/23/2025,09/26/2025,Second Class,JS-15940
US-2025-129469,09/23/2025,09/27/2025,Standard Class,KL-16555
US-2025-124016,09/23/2025,09/26/2025,Second Class,JS-15940
US-2025-101742,09/23/2025,09/28/2025,Second Class,CR-12580
US-2025-159009,09/23/2025,09/27/2025,Standard Class,DP-13105
US-2025-106656,09/23/2025,09/26/2025,First Class,DV-13045
US-2025-106656,09/23/2025,09/26/2025,First Class,DV-13045
US-2025-124016,09/23/2025,09/26/2025,Second Class,JS-15940
US-2025-149979,09/23/2025,09/28/2025,Second Class,RA-19915
US-2025-110730,09/23/2025,09/26/2025,Second Class,CM-11815
US-2025-100944,09/24/2025,09/28/2025,Standard Class,EH-13765
US-2025-134488,09/24/2025,10/01/2025,Standard Class,PK-19075
US-2025-147340,09/24/2025,09/24/2025,Same Day,EB-13750
US-2025-108875,09/24/2025,10/01/2025,Standard Class,CL-12700
US-2025-154235,09/24/2025,09/28/2025,Standard Class,RD-19900
US-2025-141551,09/24/2025,09/30/2025,Standard Class,BP-11230
US-2025-132479,09/24/2025,09/26/2025,First Class,MK-17905
US-2025-100944,09/24/2025,09/28/2025,Standard Class,EH-13765
US-2025-155187,09/24/2025,09/26/2025,Second Class,LA-16780
US-2025-141551,09/24/2025,09/30/2025,Standard Class,BP-11230
US-2025-155187,09/24/2025,09/26/2025,Second Class,LA-16780
US-2025-108875,09/24/2025,10/01/2025,Standard Class,CL-12700
US-2025-148747,09/25/2025,09/27/2025,First Class,AS-10045
US-2025-125402,09/25/2025,10/01/2025,Standard Class,DL-12865
US-2025-124163,09/25/2025,09/30/2025,Standard Class,SC-20695
US-2025-124163,09/25/2025,09/30/2025,Standard Class,SC-20695
US-2025-122245,09/25/2025,09/30/2025,Standard Class,AB-10105
US-2025-113978,09/25/2025,09/29/2025,Standard Class,TS-21505
US-2025-124163,09/25/2025,09/30/2025,Standard Class,SC-20695
US-2025-125402,09/25/2025,10/01/2025,Standard Class,DL-12865
US-2025-101385,09/25/2025,10/01/2025,Standard Class,JW-16075
US-2025-140417,09/25/2025,09/29/2025,Standard Class,KE-16420
US-2025-123722,09/25/2025,10/01/2025,Standard Class,NH-18610
US-2025-125402,09/25/2025,10/01/2025,Standard Class,DL-12865
US-2025-125402,09/25/2025,10/01/2025,Standard Class,DL-12865
US-2025-125402,09/25/2025,10/01/2025,Standard Class,DL-12865
US-2025-140417,09/25/2025,09/29/2025,Standard Class,KE-16420
US-2025-113978,09/25/2025,09/29/2025,Standard Class,TS-21505
US-2025-113978,09/25/2025,09/29/2025,Standard Class,TS-21505
US-2025-124163,09/25/2025,09/30/2025,Standard Class,SC-20695
US-2025-125402,09/25/2025,10/01/2025,Standard Class,DL-12865
US-2025-125402,09/25/2025,10/01/2025,Standard Class,DL-12865
US-2025-146794,09/26/2025,10/01/2025,Standard Class,SH-19975
US-2025-143406,09/26/2025,09/30/2025,Standard Class,LR-17035
US-2025-157945,09/26/2025,10/01/2025,Standard Class,NF-18385
US-2025-169957,09/26/2025,09/30/2025,Standard Class,SN-20710
US-2025-143406,09/26/2025,09/30/2025,Standard Class,LR-17035
US-2025-145898,09/26/2025,09/26/2025,Same Day,CM-12445
US-2025-149790,09/26/2025,10/01/2025,Standard Class,SC-20380
US-2025-132017,09/26/2025,09/27/2025,First Class,MH-17620
US-2025-157945,09/26/2025,10/01/2025,Standard Class,NF-18385
US-2025-145898,09/26/2025,09/26/2025,Same Day,CM-12445
US-2025-145898,09/26/2025,09/26/2025,Same Day,CM-12445
US-2025-157714,09/26/2025,10/01/2025,Second Class,CS-12175
US-2025-169957,09/26/2025,09/30/2025,Standard Class,SN-20710
US-2025-165820,09/26/2025,09/30/2025,Standard Class,DW-13585
US-2025-145898,09/26/2025,09/26/2025,Same Day,CM-12445
US-2025-109260,09/26/2025,10/01/2025,Standard Class,TN-21040
US-2025-169957,09/26/2025,09/30/2025,Standard Class,SN-20710
CA-2025-192314,09/26/2025,10/01/2025,Second Class,JS-13215
US-2025-110170,09/27/2025,10/03/2025,Standard Class,HM-14860
US-2025-123176,09/27/2025,09/29/2025,Second Class,JG-15160
US-2025-163202,09/27/2025,10/02/2025,Standard Class,BM-11650
US-2025-123176,09/27/2025,09/29/2025,Second Class,JG-15160
US-2025-140249,09/27/2025,10/03/2025,Standard Class,SW-20455
US-2025-134656,09/28/2025,10/01/2025,First Class,MM-18280
US-2025-161781,09/29/2025,09/30/2025,First Class,CC-12100
US-2025-108616,09/29/2025,10/03/2025,Standard Class,JK-15730
US-2025-106621,09/29/2025,10/01/2025,Second Class,DM-12955
US-2025-108616,09/29/2025,10/03/2025,Standard Class,JK-15730
US-2025-138037,09/29/2025,10/03/2025,Standard Class,AR-10540
US-2025-134362,09/29/2025,10/02/2025,First Class,LS-16945
US-2025-101497,09/29/2025,10/01/2025,Second Class,PS-18760
US-2025-108616,09/29/2025,10/03/2025,Standard Class,JK-15730
US-2025-125794,09/29/2025,10/03/2025,Standard Class,ML-17410
US-2025-108056,09/29/2025,10/03/2025,Standard Class,ES-14080
US-2025-106243,09/30/2025,10/04/2025,Standard Class,GM-14680
US-2025-108644,09/30/2025,10/03/2025,First Class,SJ-20215
US-2025-157686,10/01/2025,10/02/2025,First Class,BD-11620
US-2025-155992,10/01/2025,10/02/2025,First Class,CC-12220
US-2025-139157,10/01/2025,10/05/2025,Standard Class,GM-14680
US-2025-116918,10/01/2025,10/06/2025,Second Class,JK-15205
US-2025-116918,10/01/2025,10/06/2025,Second Class,JK-15205
US-2025-111794,10/01/2025,10/01/2025,Same Day,HG-15025
US-2025-111794,10/01/2025,10/01/2025,Same Day,HG-15025
US-2025-155992,10/01/2025,10/02/2025,First Class,CC-12220
US-2025-134376,10/02/2025,10/06/2025,Standard Class,TT-21265
US-2025-118689,10/02/2025,10/09/2025,Standard Class,TC-20980
US-2025-118969,10/02/2025,10/03/2025,First Class,LP-17095
US-2025-118689,10/02/2025,10/09/2025,Standard Class,TC-20980
US-2025-118689,10/02/2025,10/09/2025,Standard Class,TC-20980
US-2025-118689,10/02/2025,10/09/2025,Standard Class,TC-20980
US-2025-118689,10/02/2025,10/09/2025,Standard Class,TC-20980
US-2025-144939,10/03/2025,10/08/2025,Standard Class,EB-13870
US-2025-101672,10/03/2025,10/07/2025,Standard Class,DB-12910
US-2025-103919,10/03/2025,10/07/2025,Standard Class,TP-21565
US-2025-140634,10/03/2025,10/06/2025,Second Class,HL-15040
US-2025-101672,10/03/2025,10/07/2025,Standard Class,DB-12910
US-2025-101672,10/03/2025,10/07/2025,Standard Class,DB-12910
US-2025-101672,10/03/2025,10/07/2025,Standard Class,DB-12910
US-2025-145709,10/04/2025,10/08/2025,Standard Class,AH-10690
US-2025-131296,10/04/2025,10/09/2025,Standard Class,MS-17830
US-2025-140158,10/04/2025,10/08/2025,Standard Class,DR-12940
US-2025-121601,10/04/2025,10/04/2025,Same Day,MO-17500
US-2025-140158,10/04/2025,10/08/2025,Standard Class,DR-12940
US-2025-140158,10/04/2025,10/08/2025,Standard Class,DR-12940
US-2025-145709,10/04/2025,10/08/2025,Standard Class,AH-10690
US-2025-157490,10/06/2025,10/07/2025,First Class,LB-16795
US-2025-157490,10/06/2025,10/07/2025,First Class,LB-16795
US-2025-115952,10/06/2025,10/06/2025,Same Day,JH-15910
US-2025-157490,10/06/2025,10/07/2025,First Class,LB-16795
US-2025-157490,10/06/2025,10/07/2025,First Class,LB-16795
US-2025-162614,10/07/2025,10/13/2025,Standard Class,TB-21250
US-2025-139808,10/07/2025,10/11/2025,Standard Class,MC-18100
US-2025-163216,10/07/2025,10/10/2025,First Class,AW-10930
US-2025-155033,10/07/2025,10/12/2025,Standard Class,CC-12475
US-2025-127649,10/07/2025,10/09/2025,First Class,DL-13495
US-2025-126844,10/08/2025,10/14/2025,Standard Class,BW-11110
US-2025-149685,10/08/2025,10/15/2025,Standard Class,PM-19135
US-2025-162026,10/08/2025,10/08/2025,Same Day,JE-15745
US-2025-135636,10/08/2025,10/13/2025,Standard Class,DB-13615
US-2025-114748,10/09/2025,10/14/2025,Standard Class,MZ-17335
US-2025-128909,10/09/2025,10/11/2025,Second Class,SP-20545
US-2025-114748,10/09/2025,10/14/2025,Standard Class,MZ-17335
US-2025-128909,10/09/2025,10/11/2025,Second Class,SP-20545
US-2025-116974,10/09/2025,10/15/2025,Standard Class,MP-17965
US-2025-157707,10/10/2025,10/12/2025,First Class,CC-12610
US-2025-157707,10/10/2025,10/12/2025,First Class,CC-12610
US-2025-126627,10/10/2025,10/12/2025,First Class,WB-21850
US-2025-126627,10/10/2025,10/12/2025,First Class,WB-21850
US-2025-150357,10/10/2025,10/14/2025,Standard Class,EB-13975
US-2025-150357,10/10/2025,10/14/2025,Standard Class,EB-13975
US-2025-157707,10/10/2025,10/12/2025,First Class,CC-12610
CA-2025-126627,10/10/2025,10/12/2025,First Class,WB-21850
CA-2025-126627,10/10/2025,10/12/2025,First Class,WB-21850
US-2025-113390,10/11/2025,10/15/2025,Standard Class,EP-13915
US-2025-113390,10/11/2025,10/15/2025,Standard Class,EP-13915
US-2025-100839,10/13/2025,10/17/2025,Standard Class,NC-18625
US-2025-145583,10/13/2025,10/19/2025,Standard Class,LC-16885
US-2025-154018,10/13/2025,10/19/2025,Standard Class,HA-14920
US-2025-101161,10/13/2025,10/20/2025,Standard Class,BW-11110
US-2025-100839,10/13/2025,10/17/2025,Standard Class,NC-18625
US-2025-145583,10/13/2025,10/19/2025,Standard Class,LC-16885
US-2025-101161,10/13/2025,10/20/2025,Standard Class,BW-11110
US-2025-154018,10/13/2025,10/19/2025,Standard Class,HA-14920
US-2025-154018,10/13/2025,10/19/2025,Standard Class,HA-14920
US-2025-145583,10/13/2025,10/19/2025,Standard Class,LC-16885
US-2025-145583,10/13/2025,10/19/2025,Standard Class,LC-16885
US-2025-101161,10/13/2025,10/20/2025,Standard Class,BW-11110
US-2025-154018,10/13/2025,10/19/2025,Standard Class,HA-14920
US-2025-101161,10/13/2025,10/20/2025,Standard Class,BW-11110
US-2025-145583,10/13/2025,10/19/2025,Standard Class,LC-16885
US-2025-145583,10/13/2025,10/19/2025,Standard Class,LC-16885
US-2025-101161,10/13/2025,10/20/2025,Standard Class,BW-11110
US-2025-145583,10/13/2025,10/19/2025,Standard Class,LC-16885
US-2025-154018,10/13/2025,10/19/2025,Standard Class,HA-14920
US-2025-156503,10/14/2025,10/20/2025,Standard Class,NC-18415
US-2025-156503,10/14/2025,10/20/2025,Standard Class,NC-18415
US-2025-113607,10/14/2025,10/18/2025,Standard Class,PW-19030
US-2025-156503,10/14/2025,10/20/2025,Standard Class,NC-18415
US-2025-156503,10/14/2025,10/20/2025,Standard Class,NC-18415
US-2025-156503,10/14/2025,10/20/2025,Standard Class,NC-18415
US-2025-108098,10/14/2025,10/18/2025,Standard Class,CP-12340
US-2025-156503,10/14/2025,10/20/2025,Standard Class,NC-18415
US-2025-125220,10/14/2025,10/19/2025,Standard Class,BE-11410
US-2025-113607,10/14/2025,10/18/2025,Standard Class,PW-19030
US-2025-142097,10/15/2025,10/20/2025,Standard Class,QJ-19255
US-2025-124352,10/15/2025,10/21/2025,Standard Class,CD-12790
US-2025-124352,10/15/2025,10/21/2025,Standard Class,CD-12790
US-2025-125738,10/15/2025,10/21/2025,Standard Class,PB-18805
US-2025-142097,10/15/2025,10/20/2025,Standard Class,QJ-19255
US-2025-142097,10/15/2025,10/20/2025,Standard Class,QJ-19255
US-2025-124352,10/15/2025,10/21/2025,Standard Class,CD-12790
US-2025-124352,10/15/2025,10/21/2025,Standard Class,CD-12790
US-2025-125738,10/15/2025,10/21/2025,Standard Class,PB-18805
US-2025-125738,10/15/2025,10/21/2025,Standard Class,PB-18805
US-2025-125738,10/15/2025,10/21/2025,Standard Class,PB-18805
US-2025-124352,10/15/2025,10/21/2025,Standard Class,CD-12790
US-2025-124352,10/15/2025,10/21/2025,Standard Class,CD-12790
US-2025-132066,10/16/2025,10/20/2025,Standard Class,NB-18655
US-2025-152688,10/17/2025,10/20/2025,First Class,NR-18550
US-2025-163972,10/17/2025,10/21/2025,Standard Class,MG-17890
US-2025-147256,10/17/2025,10/21/2025,Second Class,FC-14245
US-2025-141586,10/17/2025,10/20/2025,First Class,NK-18490
US-2025-152688,10/17/2025,10/20/2025,First Class,NR-18550
US-2025-147256,10/17/2025,10/21/2025,Second Class,FC-14245
US-2025-159856,10/18/2025,10/22/2025,Standard Class,EP-13915
CA-2025-174514,10/19/2025,10/24/2025,Standard Class,EH-14125
US-2025-139549,10/20/2025,10/25/2025,Standard Class,MY-18295
US-2025-133697,10/20/2025,10/24/2025,Second Class,CM-12445
US-2025-105753,10/20/2025,10/26/2025,Standard Class,LC-16960
US-2025-106341,10/20/2025,10/23/2025,First Class,LF-17185
US-2025-168921,10/20/2025,10/22/2025,First Class,AG-10495
US-2025-133697,10/20/2025,10/24/2025,Second Class,CM-12445
US-2025-133697,10/20/2025,10/24/2025,Second Class,CM-12445
US-2025-160220,10/20/2025,10/26/2025,Standard Class,JS-16030
US-2025-160220,10/20/2025,10/26/2025,Standard Class,JS-16030
US-2025-160220,10/20/2025,10/26/2025,Standard Class,JS-16030
US-2025-155516,10/21/2025,10/21/2025,Same Day,MK-17905
US-2025-161746,10/21/2025,10/27/2025,Standard Class,CS-11950
US-2025-136322,10/21/2025,10/26/2025,Standard Class,AP-10720
US-2025-161746,10/21/2025,10/27/2025,Standard Class,CS-11950
US-2025-125080,10/21/2025,10/26/2025,Standard Class,VW-21775
US-2025-161746,10/21/2025,10/27/2025,Standard Class,CS-11950
US-2025-138478,10/21/2025,10/26/2025,Second Class,DP-13390
US-2025-138478,10/21/2025,10/26/2025,Second Class,DP-13390
US-2025-155516,10/21/2025,10/21/2025,Same Day,MK-17905
US-2025-151169,10/21/2025,10/26/2025,Standard Class,MY-18295
US-2025-136322,10/21/2025,10/26/2025,Standard Class,AP-10720
US-2025-138478,10/21/2025,10/26/2025,Second Class,DP-13390
US-2025-112340,10/21/2025,10/27/2025,Standard Class,NM-18520
US-2025-155516,10/21/2025,10/21/2025,Same Day,MK-17905
US-2025-161746,10/21/2025,10/27/2025,Standard Class,CS-11950
US-2025-144729,10/21/2025,10/25/2025,Standard Class,JE-15745
US-2025-169334,10/21/2025,10/24/2025,Second Class,GW-14605
US-2025-155516,10/21/2025,10/21/2025,Same Day,MK-17905
US-2025-166373,10/21/2025,10/25/2025,Standard Class,JF-15565
US-2025-111493,10/21/2025,10/22/2025,First Class,CM-12160
US-2025-133669,10/21/2025,10/27/2025,Standard Class,SV-20935
US-2025-165148,10/22/2025,10/24/2025,First Class,PM-19135
US-2025-169887,10/22/2025,10/22/2025,Same Day,MS-17530
US-2025-116400,10/22/2025,10/24/2025,First Class,EB-13930
US-2025-169887,10/22/2025,10/22/2025,Same Day,MS-17530
US-2025-169887,10/22/2025,10/22/2025,Same Day,MS-17530
US-2025-165484,10/23/2025,10/29/2025,Standard Class,HK-14890
US-2025-151323,10/23/2025,10/28/2025,Standard Class,AB-10255
US-2025-132661,10/23/2025,10/29/2025,Standard Class,SR-20740
US-2025-165484,10/23/2025,10/29/2025,Standard Class,HK-14890
US-2025-158925,10/24/2025,10/28/2025,Standard Class,JP-15460
US-2025-118311,10/24/2025,10/28/2025,Standard Class,ED-13885
US-2025-166275,10/24/2025,10/24/2025,Same Day,SS-20590
US-2025-121748,10/24/2025,10/28/2025,Second Class,VW-21775
US-2025-121748,10/24/2025,10/28/2025,Second Class,VW-21775
US-2025-121020,10/24/2025,10/31/2025,Standard Class,CG-12040
US-2025-153318,10/25/2025,10/28/2025,First Class,JS-15595
US-2025-116596,10/27/2025,10/31/2025,Standard Class,BW-11200
US-2025-120873,10/27/2025,11/01/2025,Second Class,BW-11200
US-2025-152632,10/27/2025,11/02/2025,Standard Class,JE-15475
US-2025-156811,10/27/2025,11/02/2025,Standard Class,BP-11095
US-2025-156811,10/27/2025,11/02/2025,Standard Class,BP-11095
US-2025-116596,10/27/2025,10/31/2025,Standard Class,BW-11200
US-2025-117387,10/27/2025,10/31/2025,Standard Class,PA-19060
US-2025-116596,10/27/2025,10/31/2025,Standard Class,BW-11200
US-2025-116596,10/27/2025,10/31/2025,Standard Class,BW-11200
US-2025-144344,10/28/2025,10/28/2025,Same Day,PG-18820
US-2025-142545,10/28/2025,11/03/2025,Standard Class,JD-15895
US-2025-144344,10/28/2025,10/28/2025,Same Day,PG-18820
US-2025-144344,10/28/2025,10/28/2025,Same Day,PG-18820
US-2025-120369,10/28/2025,10/28/2025,Same Day,VB-21745
US-2025-125815,10/28/2025,11/01/2025,Second Class,DL-13330
US-2025-140641,10/28/2025,11/02/2025,Standard Class,EP-13915
US-2025-134775,10/28/2025,10/29/2025,First Class,AS-10285
US-2025-142545,10/28/2025,11/03/2025,Standard Class,JD-15895
US-2025-144344,10/28/2025,10/28/2025,Same Day,PG-18820
US-2025-144393,10/28/2025,11/04/2025,Standard Class,SM-20950
US-2025-142545,10/28/2025,11/03/2025,Standard Class,JD-15895
US-2025-142545,10/28/2025,11/03/2025,Standard Class,JD-15895
US-2025-134775,10/28/2025,10/29/2025,First Class,AS-10285
US-2025-130162,10/28/2025,11/01/2025,Standard Class,JH-15910
US-2025-142545,10/28/2025,11/03/2025,Standard Class,JD-15895
US-2025-130162,10/28/2025,11/01/2025,Standard Class,JH-15910
US-2025-146682,10/29/2025,10/31/2025,First Class,KW-16435
US-2025-112389,10/29/2025,11/02/2025,Standard Class,JM-15655
US-2025-131912,10/29/2025,11/01/2025,Second Class,LH-17155
US-2025-112389,10/29/2025,11/02/2025,Standard Class,JM-15655
US-2025-167290,10/30/2025,11/04/2025,Standard Class,JF-15295
US-2025-153836,10/30/2025,11/03/2025,Standard Class,EH-13765
US-2025-153836,10/30/2025,11/03/2025,Standard Class,EH-13765
US-2025-105291,10/30/2025,11/04/2025,Standard Class,SP-20920
US-2025-119165,10/31/2025,11/06/2025,Standard Class,BD-11320
US-2025-146913,10/31/2025,11/05/2025,Standard Class,SF-20965
US-2025-140130,10/31/2025,11/05/2025,Standard Class,HW-14935
US-2025-140130,10/31/2025,11/05/2025,Standard Class,HW-14935
US-2025-142251,10/31/2025,11/04/2025,Second Class,FO-14305
US-2025-140130,10/31/2025,11/05/2025,Standard Class,HW-14935
US-2025-144218,10/31/2025,11/04/2025,Standard Class,JD-15895
US-2025-140130,10/31/2025,11/05/2025,Standard Class,HW-14935
US-2025-159212,11/01/2025,11/05/2025,Standard Class,KM-16375
US-2025-100671,11/01/2025,11/04/2025,First Class,CS-12490
US-2025-129196,11/01/2025,11/07/2025,Standard Class,XP-21865
US-2025-159212,11/01/2025,11/05/2025,Standard Class,KM-16375
US-2025-114972,11/03/2025,11/06/2025,First Class,PF-19225
US-2025-134180,11/03/2025,11/07/2025,Standard Class,JP-16135
US-2025-168893,11/03/2025,11/08/2025,Second Class,AP-10915
US-2025-168893,11/03/2025,11/08/2025,Second Class,AP-10915
US-2025-109365,11/03/2025,11/08/2025,Standard Class,XP-21865
US-2025-114972,11/03/2025,11/06/2025,First Class,PF-19225
US-2025-128867,11/03/2025,11/10/2025,Standard Class,CL-12565
US-2025-168893,11/03/2025,11/08/2025,Second Class,AP-10915
US-2025-127250,11/03/2025,11/07/2025,Standard Class,SF-20200
US-2025-168893,11/03/2025,11/08/2025,Second Class,AP-10915
US-2025-109365,11/03/2025,11/08/2025,Standard Class,XP-21865
US-2025-159023,11/03/2025,11/05/2025,First Class,NW-18400
US-2025-128867,11/03/2025,11/10/2025,Standard Class,CL-12565
US-2025-109365,11/03/2025,11/08/2025,Standard Class,XP-21865
US-2025-109365,11/03/2025,11/08/2025,Standard Class,XP-21865
US-2025-168893,11/03/2025,11/08/2025,Second Class,AP-10915
US-2025-114972,11/03/2025,11/06/2025,First Class,PF-19225
US-2025-109365,11/03/2025,11/08/2025,Standard Class,XP-21865
US-2025-109365,11/03/2025,11/08/2025,Standard Class,XP-21865
US-2025-160136,11/03/2025,11/09/2025,Standard Class,PJ-18835
US-2025-109365,11/03/2025,11/08/2025,Standard Class,XP-21865
US-2025-114972,11/03/2025,11/06/2025,First Class,PF-19225
US-2025-134180,11/03/2025,11/07/2025,Standard Class,JP-16135
US-2025-159023,11/03/2025,11/05/2025,First Class,NW-18400
US-2025-163328,11/04/2025,11/06/2025,Second Class,TP-21565
US-2025-163328,11/04/2025,11/06/2025,Second Class,TP-21565
US-2025-111563,11/04/2025,11/08/2025,Standard Class,SM-20005
US-2025-165827,11/04/2025,11/09/2025,Standard Class,MF-17665
US-2025-111563,11/04/2025,11/08/2025,Standard Class,SM-20005
US-2025-163755,11/04/2025,11/08/2025,Second Class,AS-10285
US-2025-166443,11/04/2025,11/05/2025,First Class,LH-17020
US-2025-162236,11/04/2025,11/06/2025,Second Class,ER-13855
US-2025-146766,11/04/2025,11/04/2025,Same Day,TT-21220
US-2025-119018,11/04/2025,11/08/2025,Standard Class,CW-11905
US-2025-119018,11/04/2025,11/08/2025,Standard Class,CW-11905
US-2025-143308,11/04/2025,11/04/2025,Same Day,RC-19825
US-2025-163328,11/04/2025,11/06/2025,Second Class,TP-21565
US-2025-163328,11/04/2025,11/06/2025,Second Class,TP-21565
US-2025-119018,11/04/2025,11/08/2025,Standard Class,CW-11905
US-2025-163328,11/04/2025,11/06/2025,Second Class,TP-21565
US-2025-162236,11/04/2025,11/06/2025,Second Class,ER-13855
US-2025-163328,11/04/2025,11/06/2025,Second Class,TP-21565
US-2025-162236,11/04/2025,11/06/2025,Second Class,ER-13855
US-2025-158260,11/04/2025,11/08/2025,Standard Class,CC-12475
US-2025-131611,11/05/2025,11/09/2025,Standard Class,EP-13915
US-2025-144092,11/05/2025,11/07/2025,Second Class,LH-17155
US-2025-157280,11/05/2025,11/07/2025,First Class,LW-17125
US-2025-157280,11/05/2025,11/07/2025,First Class,LW-17125
US-2025-131611,11/05/2025,11/09/2025,Standard Class,EP-13915
US-2025-165078,11/05/2025,11/10/2025,Standard Class,MA-17995
US-2025-131611,11/05/2025,11/09/2025,Standard Class,EP-13915
US-2025-165078,11/05/2025,11/10/2025,Standard Class,MA-17995
US-2025-148908,11/05/2025,11/08/2025,First Class,JH-15985
US-2025-140207,11/05/2025,11/10/2025,Standard Class,CS-12400
US-2025-131611,11/05/2025,11/09/2025,Standard Class,EP-13915
US-2025-144092,11/05/2025,11/07/2025,Second Class,LH-17155
US-2025-165078,11/05/2025,11/10/2025,Standard Class,MA-17995
US-2025-143441,11/05/2025,11/05/2025,Same Day,EB-14170
US-2025-157280,11/05/2025,11/07/2025,First Class,LW-17125
US-2025-144092,11/05/2025,11/07/2025,Second Class,LH-17155
US-2025-131611,11/05/2025,11/09/2025,Standard Class,EP-13915
US-2025-125094,11/05/2025,11/09/2025,Standard Class,NP-18700
US-2025-106677,11/05/2025,11/10/2025,Standard Class,AS-10285
US-2025-153815,11/06/2025,11/09/2025,First Class,KL-16555
US-2025-125969,11/06/2025,11/10/2025,Second Class,LS-16975
US-2025-125969,11/06/2025,11/10/2025,Second Class,LS-16975
US-2025-153815,11/06/2025,11/09/2025,First Class,KL-16555
US-2025-153815,11/06/2025,11/09/2025,First Class,KL-16555
US-2025-153815,11/06/2025,11/09/2025,First Class,KL-16555
US-2025-109925,11/06/2025,11/10/2025,Second Class,IM-15070
US-2025-152247,11/07/2025,11/12/2025,Standard Class,MA-17995
US-2025-116337,11/07/2025,11/12/2025,Standard Class,MC-17845
US-2025-147585,11/07/2025,11/12/2025,Standard Class,CB-12535
US-2025-161669,11/07/2025,11/09/2025,First Class,EM-14095
US-2025-116379,11/07/2025,11/12/2025,Standard Class,LD-17005
US-2025-161669,11/07/2025,11/09/2025,First Class,EM-14095
US-2025-113817,11/07/2025,11/11/2025,Standard Class,MJ-17740
US-2025-132997,11/07/2025,11/09/2025,First Class,LW-17215
US-2025-139388,11/07/2025,11/09/2025,First Class,CC-12475
US-2025-161669,11/07/2025,11/09/2025,First Class,EM-14095
US-2025-164896,11/07/2025,11/12/2025,Standard Class,PS-19045
US-2025-132997,11/07/2025,11/09/2025,First Class,LW-17215
US-2025-116337,11/07/2025,11/12/2025,Standard Class,MC-17845
US-2025-132997,11/07/2025,11/09/2025,First Class,LW-17215
US-2025-161669,11/07/2025,11/09/2025,First Class,EM-14095
US-2025-144554,11/07/2025,11/12/2025,Standard Class,DM-13345
US-2025-168830,11/07/2025,11/13/2025,Standard Class,ML-17395
US-2025-132997,11/07/2025,11/09/2025,First Class,LW-17215
US-2025-132997,11/07/2025,11/09/2025,First Class,LW-17215
US-2025-152156,11/08/2025,11/11/2025,Second Class,CG-12520
US-2025-152156,11/08/2025,11/11/2025,Second Class,CG-12520
US-2025-138233,11/09/2025,11/14/2025,Standard Class,PF-19165
US-2025-140935,11/10/2025,11/12/2025,First Class,AB-10015
US-2025-145177,11/10/2025,11/14/2025,Standard Class,PP-18955
US-2025-158694,11/10/2025,11/13/2025,Second Class,AI-10855
US-2025-119935,11/10/2025,11/14/2025,Standard Class,KM-16225
US-2025-162348,11/10/2025,11/15/2025,Standard Class,BF-11170
US-2025-158694,11/10/2025,11/13/2025,Second Class,AI-10855
US-2025-145177,11/10/2025,11/14/2025,Standard Class,PP-18955
US-2025-158694,11/10/2025,11/13/2025,Second Class,AI-10855
US-2025-137736,11/10/2025,11/15/2025,Standard Class,DC-13285
US-2025-125164,11/10/2025,11/14/2025,Standard Class,SH-19975
US-2025-119935,11/10/2025,11/14/2025,Standard Class,KM-16225
US-2025-145177,11/10/2025,11/14/2025,Standard Class,PP-18955
US-2025-127761,11/10/2025,11/14/2025,Standard Class,SW-20275
US-2025-105494,11/10/2025,11/12/2025,First Class,PC-18745
US-2025-125164,11/10/2025,11/14/2025,Standard Class,SH-19975
US-2025-158694,11/10/2025,11/13/2025,Second Class,AI-10855
US-2025-163384,11/10/2025,11/12/2025,First Class,CC-12430
US-2025-145177,11/10/2025,11/14/2025,Standard Class,PP-18955
US-2025-145177,11/10/2025,11/14/2025,Standard Class,PP-18955
US-2025-158694,11/10/2025,11/13/2025,Second Class,AI-10855
US-2025-145177,11/10/2025,11/14/2025,Standard Class,PP-18955
US-2025-158694,11/10/2025,11/13/2025,Second Class,AI-10855
US-2025-136581,11/10/2025,11/12/2025,First Class,SV-20365
US-2025-163384,11/10/2025,11/12/2025,First Class,CC-12430
US-2025-145177,11/10/2025,11/14/2025,Standard Class,PP-18955
US-2025-152940,11/10/2025,11/13/2025,First Class,RO-19780
US-2025-158694,11/10/2025,11/13/2025,Second Class,AI-10855
US-2025-115588,11/10/2025,11/12/2025,Second Class,AF-10885
US-2025-105494,11/10/2025,11/12/2025,First Class,PC-18745
US-2025-115588,11/10/2025,11/12/2025,Second Class,AF-10885
US-2025-145177,11/10/2025,11/14/2025,Standard Class,PP-18955
US-2025-144547,11/10/2025,11/14/2025,Standard Class,MS-17770
US-2025-145177,11/10/2025,11/14/2025,Standard Class,PP-18955
US-2025-140935,11/10/2025,11/12/2025,First Class,AB-10015
US-2025-127761,11/10/2025,11/14/2025,Standard Class,SW-20275
US-2025-145548,11/11/2025,11/16/2025,Standard Class,EB-13750
US-2025-124506,11/11/2025,11/17/2025,Standard Class,BB-11545
US-2025-116722,11/11/2025,11/16/2025,Standard Class,LP-17080
US-2025-130799,11/11/2025,11/16/2025,Second Class,BK-11260
US-2025-116722,11/11/2025,11/16/2025,Standard Class,LP-17080
US-2025-164196,11/11/2025,11/17/2025,Standard Class,AS-10285
US-2025-131968,11/11/2025,11/15/2025,Standard Class,LB-16795
US-2025-145548,11/11/2025,11/16/2025,Standard Class,EB-13750
US-2025-103128,11/11/2025,11/15/2025,Standard Class,SC-20845
US-2025-145548,11/11/2025,11/16/2025,Standard Class,EB-13750
US-2025-116722,11/11/2025,11/16/2025,Standard Class,LP-17080
US-2025-131968,11/11/2025,11/15/2025,Standard Class,LB-16795
US-2025-145548,11/11/2025,11/16/2025,Standard Class,EB-13750
US-2025-124667,11/11/2025,11/16/2025,Standard Class,BD-11770
US-2025-145548,11/11/2025,11/16/2025,Standard Class,EB-13750
US-2025-145548,11/11/2025,11/16/2025,Standard Class,EB-13750
US-2025-124506,11/11/2025,11/17/2025,Standard Class,BB-11545
US-2025-124667,11/11/2025,11/16/2025,Standard Class,BD-11770
US-2025-139878,11/11/2025,11/16/2025,Standard Class,LD-17005
US-2025-124590,11/12/2025,11/16/2025,Standard Class,SP-20920
US-2025-124590,11/12/2025,11/16/2025,Standard Class,SP-20920
US-2025-124590,11/12/2025,11/16/2025,Standard Class,SP-20920
US-2025-149349,11/12/2025,11/13/2025,First Class,SP-20650
US-2025-164399,11/12/2025,11/15/2025,First Class,DW-13480
US-2025-124590,11/12/2025,11/16/2025,Standard Class,SP-20920
US-2025-152170,11/12/2025,11/15/2025,Second Class,FH-14275
US-2025-152170,11/12/2025,11/15/2025,Second Class,FH-14275
US-2025-152170,11/12/2025,11/15/2025,Second Class,FH-14275
US-2025-134348,11/12/2025,11/19/2025,Standard Class,MS-17710
US-2025-134348,11/12/2025,11/19/2025,Standard Class,MS-17710
US-2025-152170,11/12/2025,11/15/2025,Second Class,FH-14275
US-2025-124590,11/12/2025,11/16/2025,Standard Class,SP-20920
US-2025-152170,11/12/2025,11/15/2025,Second Class,FH-14275
US-2025-134348,11/12/2025,11/19/2025,Standard Class,MS-17710
US-2025-164399,11/12/2025,11/15/2025,First Class,DW-13480
US-2025-128972,11/13/2025,11/17/2025,Standard Class,TS-21430
US-2025-149461,11/13/2025,11/19/2025,Standard Class,AS-10135
US-2025-147683,11/13/2025,11/17/2025,Standard Class,PO-19180
US-2025-155488,11/13/2025,11/17/2025,Standard Class,FM-14290
US-2025-101336,11/13/2025,11/18/2025,Standard Class,CK-12760
US-2025-162103,11/13/2025,11/17/2025,Standard Class,LB-16795
US-2025-113677,11/13/2025,11/19/2025,Standard Class,CM-12655
US-2025-118570,11/13/2025,11/17/2025,Standard Class,CC-12430
US-2025-101336,11/13/2025,11/18/2025,Standard Class,CK-12760
US-2025-101336,11/13/2025,11/18/2025,Standard Class,CK-12760
US-2025-101336,11/13/2025,11/18/2025,Standard Class,CK-12760
US-2025-121958,11/13/2025,11/17/2025,Standard Class,CS-12505
US-2025-113677,11/13/2025,11/19/2025,Standard Class,CM-12655
US-2025-121370,11/14/2025,11/19/2025,Second Class,EB-14110
US-2025-118759,11/14/2025,11/17/2025,First Class,MB-17305
US-2025-117541,11/14/2025,11/20/2025,Standard Class,JM-16195
US-2025-121370,11/14/2025,11/19/2025,Second Class,EB-14110
US-2025-166618,11/14/2025,11/18/2025,Standard Class,DP-13000
US-2025-112970,11/14/2025,11/15/2025,First Class,TB-21250
US-2025-134691,11/14/2025,11/18/2025,Standard Class,KC-16540
US-2025-131065,11/14/2025,11/16/2025,Second Class,AA-10375
US-2025-149482,11/14/2025,11/19/2025,Standard Class,RR-19315
US-2025-117541,11/14/2025,11/20/2025,Standard Class,JM-16195
US-2025-131065,11/14/2025,11/16/2025,Second Class,AA-10375
US-2025-118759,11/14/2025,11/17/2025,First Class,MB-17305
US-2025-131065,11/14/2025,11/16/2025,Second Class,AA-10375
US-2025-121370,11/14/2025,11/19/2025,Second Class,EB-14110
US-2025-144351,11/14/2025,11/18/2025,Standard Class,RC-19960
US-2025-166618,11/14/2025,11/18/2025,Standard Class,DP-13000
US-2025-130820,11/15/2025,11/15/2025,Same Day,ON-18715
US-2025-146633,11/15/2025,11/17/2025,Second Class,TG-21310
US-2025-146633,11/15/2025,11/17/2025,Second Class,TG-21310
US-2025-105963,11/15/2025,11/22/2025,Standard Class,SC-20770
US-2025-148740,11/15/2025,11/19/2025,Standard Class,AH-10690
US-2025-124527,11/16/2025,11/17/2025,First Class,IM-15055
US-2025-154508,11/16/2025,11/20/2025,Standard Class,RD-19900
US-2025-150658,11/17/2025,11/22/2025,Standard Class,MS-17365
US-2025-134110,11/17/2025,11/18/2025,First Class,BG-11035
US-2025-118500,11/17/2025,11/18/2025,First Class,HJ-14875
US-2025-134110,11/17/2025,11/18/2025,First Class,BG-11035
US-2025-115378,11/18/2025,11/23/2025,Second Class,AJ-10945
US-2025-119963,11/18/2025,11/22/2025,Standard Class,SN-20710
US-2025-166226,11/18/2025,11/22/2025,Standard Class,TC-21535
US-2025-158575,11/18/2025,11/24/2025,Standard Class,SB-20290
US-2025-119963,11/18/2025,11/22/2025,Standard Class,SN-20710
US-2025-108630,11/18/2025,11/18/2025,Same Day,BE-11410
US-2025-119963,11/18/2025,11/22/2025,Standard Class,SN-20710
US-2025-119963,11/18/2025,11/22/2025,Standard Class,SN-20710
US-2025-136812,11/18/2025,11/23/2025,Standard Class,AW-10930
US-2025-103464,11/18/2025,11/22/2025,Standard Class,PG-18820
US-2025-138408,11/18/2025,11/21/2025,Second Class,KC-16255
US-2025-166226,11/18/2025,11/22/2025,Standard Class,TC-21535
US-2025-110156,11/19/2025,11/24/2025,Standard Class,EH-13945
US-2025-126858,11/19/2025,11/23/2025,Standard Class,JM-15265
US-2025-130778,11/19/2025,11/25/2025,Standard Class,ND-18370
US-2025-111143,11/19/2025,11/22/2025,First Class,TT-21265
US-2025-157364,11/19/2025,11/21/2025,First Class,LT-17110
US-2025-113138,11/19/2025,11/25/2025,Standard Class,NP-18685
US-2025-113138,11/19/2025,11/25/2025,Standard Class,NP-18685
US-2025-110156,11/19/2025,11/24/2025,Standard Class,EH-13945
US-2025-164511,11/19/2025,11/24/2025,Standard Class,DJ-13630
US-2025-110156,11/19/2025,11/24/2025,Standard Class,EH-13945
US-2025-110156,11/19/2025,11/24/2025,Standard Class,EH-13945
US-2025-110156,11/19/2025,11/24/2025,Standard Class,EH-13945
US-2025-130778,11/19/2025,11/25/2025,Standard Class,ND-18370
US-2025-110156,11/19/2025,11/24/2025,Standard Class,EH-13945
US-2025-110156,11/19/2025,11/24/2025,Standard Class,EH-13945
US-2025-164511,11/19/2025,11/24/2025,Standard Class,DJ-13630
US-2025-164511,11/19/2025,11/24/2025,Standard Class,DJ-13630
US-2025-110156,11/19/2025,11/24/2025,Standard Class,EH-13945
US-2025-113845,11/20/2025,11/25/2025,Standard Class,FA-14230
US-2025-110772,11/20/2025,11/24/2025,Second Class,NZ-18565
US-2025-127971,11/20/2025,11/27/2025,Standard Class,DW-13195
US-2025-127971,11/20/2025,11/27/2025,Standard Class,DW-13195
US-2025-145492,11/20/2025,11/27/2025,Standard Class,MC-17605
US-2025-100041,11/20/2025,11/25/2025,Standard Class,BF-10975
US-2025-109820,11/20/2025,11/22/2025,First Class,AG-10390
US-2025-121356,11/20/2025,11/24/2025,Standard Class,SJ-20500
US-2025-109820,11/20/2025,11/22/2025,First Class,AG-10390
US-2025-110772,11/20/2025,11/24/2025,Second Class,NZ-18565
US-2025-114104,11/20/2025,11/24/2025,Standard Class,NP-18670
US-2025-110772,11/20/2025,11/24/2025,Second Class,NZ-18565
US-2025-100041,11/20/2025,11/25/2025,Standard Class,BF-10975
US-2025-109820,11/20/2025,11/22/2025,First Class,AG-10390
US-2025-100041,11/20/2025,11/25/2025,Standard Class,BF-10975
US-2025-113845,11/20/2025,11/25/2025,Standard Class,FA-14230
US-2025-110772,11/20/2025,11/24/2025,Second Class,NZ-18565
US-2025-142615,11/20/2025,11/24/2025,Standard Class,BM-11575
US-2025-127971,11/20/2025,11/27/2025,Standard Class,DW-13195
US-2025-113845,11/20/2025,11/25/2025,Standard Class,FA-14230
US-2025-114104,11/20/2025,11/24/2025,Standard Class,NP-18670
US-2025-107790,11/20/2025,11/24/2025,Standard Class,EH-13990
US-2025-113425,11/21/2025,11/21/2025,Same Day,JK-16120
US-2025-140018,11/21/2025,11/26/2025,Standard Class,CK-12205
US-2025-114293,11/21/2025,11/26/2025,Standard Class,JH-16180
US-2025-140018,11/21/2025,11/26/2025,Standard Class,CK-12205
US-2025-114895,11/21/2025,11/28/2025,Standard Class,MV-18190
US-2025-146157,11/21/2025,11/26/2025,Standard Class,RD-19720
US-2025-114482,11/21/2025,11/25/2025,Second Class,DM-13345
US-2025-152646,11/21/2025,11/26/2025,Standard Class,TH-21235
US-2025-146157,11/21/2025,11/26/2025,Standard Class,RD-19720
US-2025-146157,11/21/2025,11/26/2025,Standard Class,RD-19720
US-2025-140018,11/21/2025,11/26/2025,Standard Class,CK-12205
US-2025-114482,11/21/2025,11/25/2025,Second Class,DM-13345
US-2025-154711,11/22/2025,11/26/2025,Standard Class,TB-21355
US-2025-154711,11/22/2025,11/26/2025,Standard Class,TB-21355
US-2025-132577,11/22/2025,11/27/2025,Standard Class,JE-15475
US-2025-154711,11/22/2025,11/26/2025,Standard Class,TB-21355
US-2025-164945,11/22/2025,11/27/2025,Standard Class,CA-12055
US-2025-131576,11/22/2025,11/26/2025,Standard Class,RD-19585
US-2025-132577,11/22/2025,11/27/2025,Standard Class,JE-15475
US-2025-132577,11/22/2025,11/27/2025,Standard Class,JE-15475
US-2025-132577,11/22/2025,11/27/2025,Standard Class,JE-15475
US-2025-132577,11/22/2025,11/27/2025,Standard Class,JE-15475
US-2025-160129,11/23/2025,11/23/2025,Same Day,LS-17200
US-2025-160129,11/23/2025,11/23/2025,Same Day,LS-17200
US-2025-160129,11/23/2025,11/23/2025,Same Day,LS-17200
US-2025-123533,11/24/2025,11/30/2025,Standard Class,SC-20050
US-2025-163881,11/24/2025,11/30/2025,Standard Class,SP-20860
US-2025-100468,11/24/2025,12/01/2025,Standard Class,AT-10435
US-2025-123806,11/24/2025,11/27/2025,Second Class,LA-16780
US-2025-113726,11/24/2025,12/01/2025,Standard Class,SC-20680
US-2025-123533,11/24/2025,11/30/2025,Standard Class,SC-20050
US-2025-128531,11/24/2025,11/26/2025,Second Class,NS-18505
US-2025-124485,11/24/2025,11/26/2025,First Class,NC-18340
US-2025-163573,11/24/2025,11/27/2025,First Class,AC-10450
US-2025-125661,11/24/2025,11/26/2025,First Class,CA-12055
US-2025-105284,11/24/2025,12/01/2025,Standard Class,MG-17650
US-2025-128531,11/24/2025,11/26/2025,Second Class,NS-18505
US-2025-128531,11/24/2025,11/26/2025,Second Class,NS-18505
US-2025-100083,11/24/2025,11/29/2025,Standard Class,CD-11980
US-2025-123533,11/24/2025,11/30/2025,Standard Class,SC-20050
US-2025-124485,11/24/2025,11/26/2025,First Class,NC-18340
US-2025-124485,11/24/2025,11/26/2025,First Class,NC-18340
US-2025-128531,11/24/2025,11/26/2025,Second Class,NS-18505
US-2025-165561,11/24/2025,11/28/2025,Standard Class,CR-12580
US-2025-163881,11/24/2025,11/30/2025,Standard Class,SP-20860
US-2025-128531,11/24/2025,11/26/2025,Second Class,NS-18505
US-2025-124485,11/24/2025,11/26/2025,First Class,NC-18340
US-2025-128531,11/24/2025,11/26/2025,Second Class,NS-18505
US-2025-163881,11/24/2025,11/30/2025,Standard Class,SP-20860
US-2025-125661,11/24/2025,11/26/2025,First Class,CA-12055
US-2025-100468,11/24/2025,12/01/2025,Standard Class,AT-10435
US-2025-132731,11/24/2025,11/28/2025,Standard Class,GA-14515
US-2025-113341,11/25/2025,11/29/2025,Standard Class,MH-17455
US-2025-169838,11/25/2025,11/29/2025,Standard Class,BB-11545
US-2025-108196,11/25/2025,12/02/2025,Standard Class,CS-12505
US-2025-169838,11/25/2025,11/29/2025,Standard Class,BB-11545
US-2025-165470,11/25/2025,11/30/2025,Standard Class,HJ-14875
US-2025-160535,11/25/2025,11/30/2025,Standard Class,BP-11050
US-2025-132549,11/25/2025,11/30/2025,Standard Class,JK-15370
US-2025-108196,11/25/2025,12/02/2025,Standard Class,CS-12505
US-2025-169838,11/25/2025,11/29/2025,Standard Class,BB-11545
US-2025-108196,11/25/2025,12/02/2025,Standard Class,CS-12505
US-2025-160535,11/25/2025,11/30/2025,Standard Class,BP-11050
US-2025-119298,11/25/2025,11/28/2025,First Class,EP-13915
US-2025-107104,11/26/2025,11/30/2025,Standard Class,MS-17365
US-2025-107104,11/26/2025,11/30/2025,Standard Class,MS-17365
US-2025-130288,11/26/2025,11/30/2025,Second Class,DK-13225
US-2025-107104,11/26/2025,11/30/2025,Standard Class,MS-17365
US-2025-106915,11/26/2025,12/02/2025,Standard Class,GA-14515
US-2025-107104,11/26/2025,11/30/2025,Standard Class,MS-17365
US-2025-158309,11/26/2025,11/29/2025,First Class,PA-19060
US-2025-133711,11/26/2025,11/29/2025,First Class,MC-17425
US-2025-129693,11/26/2025,12/02/2025,Standard Class,TC-20980
US-2025-158288,11/26/2025,11/28/2025,Second Class,EH-13945
US-2025-133711,11/26/2025,11/29/2025,First Class,MC-17425
US-2025-133711,11/26/2025,11/29/2025,First Class,MC-17425
US-2025-145135,11/26/2025,11/28/2025,First Class,CD-12790
US-2025-145135,11/26/2025,11/28/2025,First Class,CD-12790
US-2025-133711,11/26/2025,11/29/2025,First Class,MC-17425
US-2025-126893,11/26/2025,12/01/2025,Standard Class,CT-11995
US-2025-159639,11/27/2025,12/02/2025,Standard Class,PC-18745
US-2025-104276,11/27/2025,12/03/2025,Standard Class,HF-14995
US-2025-162313,11/27/2025,11/30/2025,First Class,VB-21745
US-2025-117583,11/27/2025,11/30/2025,First Class,CB-12025
US-2025-144911,11/27/2025,11/30/2025,First Class,RW-19630
US-2025-117583,11/27/2025,11/30/2025,First Class,CB-12025
US-2025-117583,11/27/2025,11/30/2025,First Class,CB-12025
US-2025-117583,11/27/2025,11/30/2025,First Class,CB-12025
US-2025-114230,11/27/2025,12/01/2025,Standard Class,CM-12235
US-2025-129686,11/27/2025,11/29/2025,Second Class,GG-14650
US-2025-129686,11/27/2025,11/29/2025,Second Class,GG-14650
US-2025-144911,11/27/2025,11/30/2025,First Class,RW-19630
US-2025-104276,11/27/2025,12/03/2025,Standard Class,HF-14995
US-2025-152121,11/27/2025,11/29/2025,Second Class,CC-12670
US-2025-127243,11/28/2025,12/04/2025,Standard Class,DS-13180
US-2025-163167,11/28/2025,12/01/2025,Second Class,RF-19345
US-2025-105018,11/28/2025,12/02/2025,Standard Class,SK-19990
US-2025-123617,11/28/2025,12/03/2025,Standard Class,AJ-10780
US-2025-127243,11/28/2025,12/04/2025,Standard Class,DS-13180
US-2025-127243,11/28/2025,12/04/2025,Standard Class,DS-13180
US-2025-127243,11/28/2025,12/04/2025,Standard Class,DS-13180
US-2025-163167,11/28/2025,12/01/2025,Second Class,RF-19345
US-2025-163167,11/28/2025,12/01/2025,Second Class,RF-19345
US-2025-163167,11/28/2025,12/01/2025,Second Class,RF-19345
US-2025-127243,11/28/2025,12/04/2025,Standard Class,DS-13180
US-2025-160241,11/29/2025,12/04/2025,Second Class,DR-12940
US-2025-131674,11/29/2025,12/01/2025,Second Class,NC-18535
US-2025-156748,11/30/2025,12/06/2025,Standard Class,BS-11755
US-2025-156748,11/30/2025,12/06/2025,Standard Class,BS-11755
US-2025-156748,11/30/2025,12/06/2025,Standard Class,BS-11755
US-2025-156748,11/30/2025,12/06/2025,Standard Class,BS-11755
US-2025-134761,11/30/2025,11/30/2025,Same Day,DB-13210
US-2025-113621,12/01/2025,12/05/2025,Standard Class,JE-15745
US-2025-130393,12/01/2025,12/03/2025,Second Class,JM-15865
US-2025-130393,12/01/2025,12/03/2025,Second Class,JM-15865
US-2025-157336,12/01/2025,12/05/2025,Second Class,SJ-20500
US-2025-155768,12/01/2025,12/01/2025,Same Day,LB-16795
US-2025-136434,12/01/2025,12/07/2025,Standard Class,RD-19480
US-2025-142594,12/01/2025,12/06/2025,Second Class,EJ-14155
US-2025-150035,12/01/2025,12/05/2025,Standard Class,CL-11890
US-2025-142594,12/01/2025,12/06/2025,Second Class,EJ-14155
US-2025-142594,12/01/2025,12/06/2025,Second Class,EJ-14155
US-2025-143805,12/01/2025,12/03/2025,Second Class,JD-15895
US-2025-130393,12/01/2025,12/03/2025,Second Class,JM-15865
US-2025-136483,12/01/2025,12/06/2025,Standard Class,AG-10390
US-2025-104689,12/01/2025,12/05/2025,Standard Class,FH-14365
US-2025-157336,12/01/2025,12/05/2025,Second Class,SJ-20500
US-2025-155768,12/01/2025,12/01/2025,Same Day,LB-16795
US-2025-155768,12/01/2025,12/01/2025,Same Day,LB-16795
US-2025-129903,12/01/2025,12/04/2025,Second Class,GZ-14470
US-2025-155768,12/01/2025,12/01/2025,Same Day,LB-16795
US-2025-143805,12/01/2025,12/03/2025,Second Class,JD-15895
US-2025-142594,12/01/2025,12/06/2025,Second Class,EJ-14155
US-2025-127698,12/01/2025,12/01/2025,Same Day,MV-18190
US-2025-113621,12/01/2025,12/05/2025,Standard Class,JE-15745
US-2025-164770,12/02/2025,12/04/2025,Second Class,MY-18295
US-2025-113985,12/02/2025,12/07/2025,Standard Class,KD-16495
US-2025-163804,12/02/2025,12/08/2025,Standard Class,DB-13270
US-2025-113985,12/02/2025,12/07/2025,Standard Class,KD-16495
US-2025-113985,12/02/2025,12/07/2025,Standard Class,KD-16495
US-2025-105354,12/02/2025,12/06/2025,Standard Class,PW-19030
US-2025-113985,12/02/2025,12/07/2025,Standard Class,KD-16495
US-2025-155103,12/02/2025,12/07/2025,Standard Class,JF-15190
US-2025-155103,12/02/2025,12/07/2025,Standard Class,JF-15190
US-2025-155103,12/02/2025,12/07/2025,Standard Class,JF-15190
US-2025-108455,12/02/2025,12/08/2025,Standard Class,MK-18160
US-2025-108455,12/02/2025,12/08/2025,Standard Class,MK-18160
US-2025-164770,12/02/2025,12/04/2025,Second Class,MY-18295
US-2025-163804,12/02/2025,12/08/2025,Standard Class,DB-13270
US-2025-108455,12/02/2025,12/08/2025,Standard Class,MK-18160
US-2025-143154,12/02/2025,12/08/2025,Standard Class,AS-10225
US-2025-163804,12/02/2025,12/08/2025,Standard Class,DB-13270
CA-2025-133541,12/02/2025,12/06/2025,Standard Class,NC-19470
CA-2025-124574,12/02/2025,12/06/2025,Standard Class,MK-19560
CA-2025-111254,12/02/2025,12/06/2025,Standard Class,MK-19560
US-2025-149762,12/03/2025,12/07/2025,Standard Class,RD-19720
US-2025-150861,12/03/2025,12/06/2025,First Class,EG-13900
US-2025-122063,12/03/2025,12/07/2025,Standard Class,MM-17920
US-2025-153598,12/03/2025,12/06/2025,First Class,NM-18520
US-2025-150861,12/03/2025,12/06/2025,First Class,EG-13900
US-2025-149762,12/03/2025,12/07/2025,Standard Class,RD-19720
US-2025-122063,12/03/2025,12/07/2025,Standard Class,MM-17920
US-2025-161683,12/03/2025,12/08/2025,Standard Class,CJ-12010
US-2025-149762,12/03/2025,12/07/2025,Standard Class,RD-19720
US-2025-161683,12/03/2025,12/08/2025,Standard Class,CJ-12010
US-2025-150861,12/03/2025,12/06/2025,First Class,EG-13900
US-2025-150861,12/03/2025,12/06/2025,First Class,EG-13900
US-2025-149762,12/03/2025,12/07/2025,Standard Class,RD-19720
US-2025-161025,12/03/2025,12/09/2025,Standard Class,GM-14440
US-2025-150861,12/03/2025,12/06/2025,First Class,EG-13900
US-2025-153598,12/03/2025,12/06/2025,First Class,NM-18520
US-2025-126004,12/04/2025,12/05/2025,First Class,BM-11140
US-2025-105277,12/04/2025,12/08/2025,Standard Class,LM-17065
US-2025-126004,12/04/2025,12/05/2025,First Class,BM-11140
US-2025-112060,12/04/2025,12/09/2025,Standard Class,KT-16465
US-2025-126004,12/04/2025,12/05/2025,First Class,BM-11140
US-2025-126004,12/04/2025,12/05/2025,First Class,BM-11140
US-2025-126004,12/04/2025,12/05/2025,First Class,BM-11140
US-2025-139885,12/04/2025,12/08/2025,Standard Class,EB-13840
US-2025-126004,12/04/2025,12/05/2025,First Class,BM-11140
CA-2025-119508,12/04/2025,12/09/2025,Standard Class,TZ-21580
CA-2025-119508,12/04/2025,12/09/2025,Standard Class,TZ-21580
US-2025-143749,12/05/2025,12/07/2025,First Class,AG-10300
US-2025-114489,12/05/2025,12/09/2025,Standard Class,JE-16165
US-2025-146374,12/05/2025,12/10/2025,Second Class,HE-14800
US-2025-124772,12/05/2025,12/06/2025,First Class,JG-15160
US-2025-140564,12/05/2025,12/10/2025,Second Class,TC-21475
US-2025-163636,12/05/2025,12/09/2025,Second Class,MP-18175
US-2025-114489,12/05/2025,12/09/2025,Standard Class,JE-16165
US-2025-161389,12/05/2025,12/10/2025,Standard Class,IM-15070
US-2025-146374,12/05/2025,12/10/2025,Second Class,HE-14800
US-2025-145009,12/05/2025,12/08/2025,Second Class,RF-19345
US-2025-146374,12/05/2025,12/10/2025,Second Class,HE-14800
US-2025-109722,12/05/2025,12/07/2025,Second Class,TP-21130
US-2025-108434,12/05/2025,12/07/2025,Second Class,JG-15160
US-2025-114489,12/05/2025,12/09/2025,Standard Class,JE-16165
US-2025-109722,12/05/2025,12/07/2025,Second Class,TP-21130
US-2025-114489,12/05/2025,12/09/2025,Standard Class,JE-16165
US-2025-103674,12/06/2025,12/10/2025,Standard Class,AP-10720
US-2025-169040,12/06/2025,12/12/2025,Standard Class,GT-14710
US-2025-169040,12/06/2025,12/12/2025,Standard Class,GT-14710
US-2025-162390,12/06/2025,12/12/2025,Standard Class,DP-13105
US-2025-103674,12/06/2025,12/10/2025,Standard Class,AP-10720
US-2025-103674,12/06/2025,12/10/2025,Standard Class,AP-10720
US-2025-162390,12/06/2025,12/12/2025,Standard Class,DP-13105
US-2025-169040,12/06/2025,12/12/2025,Standard Class,GT-14710
US-2025-103674,12/06/2025,12/10/2025,Standard Class,AP-10720
US-2025-169040,12/06/2025,12/12/2025,Standard Class,GT-14710
US-2025-103674,12/06/2025,12/10/2025,Standard Class,AP-10720
US-2025-169040,12/06/2025,12/12/2025,Standard Class,GT-14710
US-2025-114776,12/06/2025,12/07/2025,First Class,GG-14650
US-2025-162390,12/06/2025,12/12/2025,Standard Class,DP-13105
US-2025-169040,12/06/2025,12/12/2025,Standard Class,GT-14710
US-2025-103674,12/06/2025,12/10/2025,Standard Class,AP-10720
US-2025-169040,12/06/2025,12/12/2025,Standard Class,GT-14710
US-2025-103674,12/06/2025,12/10/2025,Standard Class,AP-10720
US-2025-160108,12/08/2025,12/12/2025,Standard Class,AG-10900
US-2025-160108,12/08/2025,12/12/2025,Standard Class,AG-10900
US-2025-117590,12/08/2025,12/10/2025,First Class,GH-14485
US-2025-131289,12/08/2025,12/14/2025,Standard Class,SP-20620
US-2025-131289,12/08/2025,12/14/2025,Standard Class,SP-20620
US-2025-124562,12/08/2025,12/12/2025,Standard Class,JP-16135
US-2025-158302,12/08/2025,12/12/2025,Second Class,JB-16045
US-2025-131289,12/08/2025,12/14/2025,Standard Class,SP-20620
US-2025-115224,12/08/2025,12/11/2025,Second Class,DB-13615
US-2025-115224,12/08/2025,12/11/2025,Second Class,DB-13615
US-2025-113733,12/08/2025,12/12/2025,Standard Class,LH-16900
US-2025-113733,12/08/2025,12/12/2025,Standard Class,LH-16900
US-2025-113733,12/08/2025,12/12/2025,Standard Class,LH-16900
US-2025-134425,12/08/2025,12/12/2025,Second Class,QJ-19255
US-2025-117590,12/08/2025,12/10/2025,First Class,GH-14485
US-2025-161844,12/09/2025,12/14/2025,Second Class,DK-12835
US-2025-102092,12/09/2025,12/11/2025,First Class,PM-18940
US-2025-137330,12/09/2025,12/13/2025,Standard Class,KB-16585
US-2025-133340,12/09/2025,12/13/2025,Standard Class,LH-17155
US-2025-131114,12/09/2025,12/13/2025,Second Class,RW-19630
US-2025-137330,12/09/2025,12/13/2025,Standard Class,KB-16585
US-2025-128923,12/09/2025,12/13/2025,Standard Class,GB-14530
US-2025-149503,12/09/2025,12/12/2025,First Class,SP-20650
US-2025-161844,12/09/2025,12/14/2025,Second Class,DK-12835
US-2025-141082,12/09/2025,12/13/2025,Standard Class,FM-14380
US-2025-141082,12/09/2025,12/13/2025,Standard Class,FM-14380
US-2025-128923,12/09/2025,12/13/2025,Standard Class,GB-14530
US-2025-131114,12/09/2025,12/13/2025,Second Class,RW-19630
US-2025-131114,12/09/2025,12/13/2025,Second Class,RW-19630
US-2025-133340,12/09/2025,12/13/2025,Standard Class,LH-17155
US-2025-159989,12/09/2025,12/13/2025,Standard Class,EB-13870
US-2025-133340,12/09/2025,12/13/2025,Standard Class,LH-17155
CA-2025-141082,12/09/2025,12/13/2025,Standard Class,FM-14380
CA-2025-141082,12/09/2025,12/13/2025,Standard Class,FM-14380
US-2025-154739,12/10/2025,12/15/2025,Second Class,LH-17155
US-2025-143448,12/10/2025,12/10/2025,Same Day,MH-17455
US-2025-128412,12/10/2025,12/17/2025,Standard Class,AP-10915
US-2025-128412,12/10/2025,12/17/2025,Standard Class,AP-10915
US-2025-128412,12/10/2025,12/17/2025,Standard Class,AP-10915
US-2025-144309,12/10/2025,12/16/2025,Standard Class,CM-12235
US-2025-146941,12/10/2025,12/13/2025,First Class,DL-13315
US-2025-147123,12/10/2025,12/12/2025,First Class,SJ-20125
US-2025-127194,12/10/2025,12/16/2025,Standard Class,BW-11110
US-2025-128412,12/10/2025,12/17/2025,Standard Class,AP-10915
US-2025-144309,12/10/2025,12/16/2025,Standard Class,CM-12235
US-2025-100587,12/10/2025,12/14/2025,Standard Class,SL-20155
US-2025-146941,12/10/2025,12/13/2025,First Class,DL-13315
US-2025-128412,12/10/2025,12/17/2025,Standard Class,AP-10915
CA-2025-124626,12/10/2025,12/15/2025,Standard Class,JP-11135
US-2025-162187,12/11/2025,12/11/2025,Same Day,NS-18640
US-2025-165330,12/11/2025,12/11/2025,Same Day,WB-21850
US-2025-143609,12/11/2025,12/13/2025,First Class,DB-13270
US-2025-160745,12/11/2025,12/16/2025,Second Class,AR-10825
US-2025-162187,12/11/2025,12/11/2025,Same Day,NS-18640
US-2025-165330,12/11/2025,12/11/2025,Same Day,WB-21850
US-2025-162187,12/11/2025,12/11/2025,Same Day,NS-18640
US-2025-165330,12/11/2025,12/11/2025,Same Day,WB-21850
US-2025-151260,12/11/2025,12/14/2025,First Class,SC-20695
US-2025-165330,12/11/2025,12/11/2025,Same Day,WB-21850
US-2025-132857,12/11/2025,12/17/2025,Standard Class,CA-12775
US-2025-165330,12/11/2025,12/11/2025,Same Day,WB-21850
US-2025-165330,12/11/2025,12/11/2025,Same Day,WB-21850
US-2025-165330,12/11/2025,12/11/2025,Same Day,WB-21850
US-2025-165330,12/11/2025,12/11/2025,Same Day,WB-21850
US-2025-105816,12/11/2025,12/17/2025,Standard Class,JM-15265
US-2025-165330,12/11/2025,12/11/2025,Same Day,WB-21850
US-2025-165330,12/11/2025,12/11/2025,Same Day,WB-21850
US-2025-148803,12/11/2025,12/11/2025,Same Day,LR-16915
US-2025-162187,12/11/2025,12/11/2025,Same Day,NS-18640
US-2025-135720,12/11/2025,12/13/2025,Second Class,FM-14380
US-2025-162187,12/11/2025,12/11/2025,Same Day,NS-18640
US-2025-165330,12/11/2025,12/11/2025,Same Day,WB-21850
US-2025-160745,12/11/2025,12/16/2025,Second Class,AR-10825
US-2025-135720,12/11/2025,12/13/2025,Second Class,FM-14380
US-2025-135720,12/11/2025,12/13/2025,Second Class,FM-14380
US-2025-105816,12/11/2025,12/17/2025,Standard Class,JM-15265
US-2025-160745,12/11/2025,12/16/2025,Second Class,AR-10825
US-2025-139395,12/12/2025,12/18/2025,Standard Class,MG-17650
US-2025-136686,12/12/2025,12/16/2025,Standard Class,RF-19840
US-2025-169824,12/12/2025,12/17/2025,Standard Class,NS-18640
US-2025-136686,12/12/2025,12/16/2025,Standard Class,RF-19840
US-2025-169824,12/12/2025,12/17/2025,Standard Class,NS-18640
US-2025-139395,12/12/2025,12/18/2025,Standard Class,MG-17650
US-2025-108777,12/12/2025,12/12/2025,Same Day,JM-15655
US-2025-169369,12/12/2025,12/18/2025,Standard Class,EC-14050
US-2025-139395,12/12/2025,12/18/2025,Standard Class,MG-17650
US-2025-169824,12/12/2025,12/17/2025,Standard Class,NS-18640
US-2025-169369,12/12/2025,12/18/2025,Standard Class,EC-14050
US-2025-108777,12/12/2025,12/12/2025,Same Day,JM-15655
US-2025-139395,12/12/2025,12/18/2025,Standard Class,MG-17650
CA-2025-155586,12/12/2025,12/16/2025,Second Class,XP-21865
CA-2025-155586,12/12/2025,12/16/2025,Second Class,XP-21865
CA-2025-155586,12/12/2025,12/16/2025,Second Class,XP-21865
US-2025-142958,12/13/2025,12/20/2025,Standard Class,RW-19630
US-2025-102792,12/13/2025,12/19/2025,Standard Class,JC-15340
US-2025-142958,12/13/2025,12/20/2025,Standard Class,RW-19630
US-2025-100153,12/13/2025,12/17/2025,Standard Class,KH-16630
US-2025-146325,12/14/2025,12/17/2025,First Class,DS-13180
US-2025-146143,12/14/2025,12/19/2025,Standard Class,MC-17845
US-2025-129126,12/14/2025,12/19/2025,Standard Class,PK-19075
US-2025-129126,12/14/2025,12/19/2025,Standard Class,PK-19075
US-2025-129126,12/14/2025,12/19/2025,Standard Class,PK-19075
US-2025-129126,12/14/2025,12/19/2025,Standard Class,PK-19075
US-2025-129126,12/14/2025,12/19/2025,Standard Class,PK-19075
US-2025-146325,12/14/2025,12/17/2025,First Class,DS-13180
US-2025-129126,12/14/2025,12/19/2025,Standard Class,PK-19075
US-2025-116442,12/15/2025,12/22/2025,Standard Class,BP-11230
US-2025-142335,12/15/2025,12/19/2025,Standard Class,MP-17965
US-2025-127334,12/15/2025,12/21/2025,Standard Class,MP-18175
US-2025-127334,12/15/2025,12/21/2025,Standard Class,MP-18175
US-2025-113600,12/15/2025,12/17/2025,Second Class,SH-20395
US-2025-100307,12/15/2025,12/19/2025,Standard Class,TC-21475
US-2025-142335,12/15/2025,12/19/2025,Standard Class,MP-17965
CA-2025-135480,12/15/2025,12/22/2025,Standard Class,BG-18435
CA-2025-135480,12/15/2025,12/22/2025,Standard Class,BG-18435
US-2025-118332,12/16/2025,12/23/2025,Standard Class,PK-19075
US-2025-130442,12/16/2025,12/19/2025,First Class,SF-20065
US-2025-100419,12/16/2025,12/20/2025,Second Class,CC-12670
US-2025-104794,12/16/2025,12/19/2025,First Class,KD-16495
US-2025-155446,12/16/2025,12/23/2025,Standard Class,TN-21040
US-2025-155530,12/17/2025,12/21/2025,Standard Class,CM-12160
US-2025-117121,12/17/2025,12/21/2025,Standard Class,AB-10105
US-2025-131639,12/17/2025,12/23/2025,Standard Class,NS-18640
US-2025-131639,12/17/2025,12/23/2025,Standard Class,NS-18640
US-2025-147109,12/17/2025,12/21/2025,Standard Class,AH-10075
US-2025-155383,12/17/2025,12/22/2025,Standard Class,SC-20680
US-2025-147109,12/17/2025,12/21/2025,Standard Class,AH-10075
US-2025-138597,12/18/2025,12/21/2025,First Class,PN-18775
US-2025-147067,12/18/2025,12/22/2025,Standard Class,JD-16150
US-2025-133795,12/18/2025,12/24/2025,Standard Class,JE-15475
US-2025-145919,12/18/2025,12/23/2025,Standard Class,HG-14965
US-2025-145261,12/18/2025,12/21/2025,First Class,AH-10120
US-2025-112697,12/18/2025,12/20/2025,Second Class,AH-10195
US-2025-145261,12/18/2025,12/21/2025,First Class,AH-10120
US-2025-112697,12/18/2025,12/20/2025,Second Class,AH-10195
US-2025-101546,12/18/2025,12/24/2025,Standard Class,GK-14620
US-2025-145261,12/18/2025,12/21/2025,First Class,AH-10120
US-2025-145261,12/18/2025,12/21/2025,First Class,AH-10120
US-2025-145261,12/18/2025,12/21/2025,First Class,AH-10120
US-2025-145919,12/18/2025,12/23/2025,Standard Class,HG-14965
US-2025-150945,12/18/2025,12/20/2025,Second Class,JK-16120
US-2025-112697,12/18/2025,12/20/2025,Second Class,AH-10195
US-2025-145919,12/18/2025,12/23/2025,Standard Class,HG-14965
US-2025-145261,12/18/2025,12/21/2025,First Class,AH-10120
US-2025-133795,12/18/2025,12/24/2025,Standard Class,JE-15475
US-2025-133795,12/18/2025,12/24/2025,Standard Class,JE-15475
US-2025-139934,12/18/2025,12/20/2025,First Class,AY-10555
US-2025-145261,12/18/2025,12/21/2025,First Class,AH-10120
US-2025-118129,12/19/2025,12/21/2025,Second Class,CL-12565
US-2025-134936,12/19/2025,12/25/2025,Standard Class,ES-14080
US-2025-141523,12/19/2025,12/24/2025,Second Class,MH-17440
US-2025-134936,12/19/2025,12/25/2025,Standard Class,ES-14080
US-2025-141523,12/19/2025,12/24/2025,Second Class,MH-17440
US-2025-108364,12/19/2025,12/24/2025,Standard Class,BP-11050
US-2025-134936,12/19/2025,12/25/2025,Standard Class,ES-14080
US-2025-151155,12/20/2025,12/24/2025,Standard Class,AB-10255
US-2025-151155,12/20/2025,12/24/2025,Standard Class,AB-10255
US-2025-157840,12/20/2025,12/23/2025,Second Class,MC-17575
US-2025-168536,12/20/2025,12/24/2025,Standard Class,SC-20800
US-2025-114860,12/22/2025,12/28/2025,Standard Class,DN-13690
US-2025-114860,12/22/2025,12/28/2025,Standard Class,DN-13690
US-2025-167507,12/22/2025,12/28/2025,Standard Class,SA-20830
US-2025-167507,12/22/2025,12/28/2025,Standard Class,SA-20830
US-2025-167507,12/22/2025,12/28/2025,Standard Class,SA-20830
US-2025-149916,12/22/2025,12/24/2025,Second Class,ED-13885
US-2025-103359,12/22/2025,12/26/2025,Standard Class,LC-16885
US-2025-149916,12/22/2025,12/24/2025,Second Class,ED-13885
US-2025-115574,12/23/2025,12/24/2025,First Class,BP-11185
US-2025-132829,12/23/2025,12/26/2025,Second Class,LA-16780
US-2025-137043,12/23/2025,12/25/2025,Second Class,LC-17140
US-2025-137043,12/23/2025,12/25/2025,Second Class,LC-17140
US-2025-135776,12/23/2025,12/30/2025,Standard Class,EH-13765
US-2025-135776,12/23/2025,12/30/2025,Standard Class,EH-13765
US-2025-136049,12/23/2025,12/28/2025,Standard Class,NM-18520
US-2025-135776,12/23/2025,12/30/2025,Standard Class,EH-13765
US-2025-157868,12/23/2025,12/29/2025,Standard Class,MC-17590
US-2025-132829,12/23/2025,12/26/2025,Second Class,LA-16780
US-2025-114867,12/23/2025,12/28/2025,Standard Class,FM-14290
US-2025-135776,12/23/2025,12/30/2025,Standard Class,EH-13765
US-2025-135776,12/23/2025,12/30/2025,Standard Class,EH-13765
US-2025-135776,12/23/2025,12/30/2025,Standard Class,EH-13765
US-2025-135776,12/23/2025,12/30/2025,Standard Class,EH-13765
US-2025-157791,12/23/2025,12/28/2025,Second Class,CA-11965
US-2025-114867,12/23/2025,12/28/2025,Standard Class,FM-14290
US-2025-132829,12/23/2025,12/26/2025,Second Class,LA-16780
US-2025-132829,12/23/2025,12/26/2025,Second Class,LA-16780
US-2025-132829,12/23/2025,12/26/2025,Second Class,LA-16780
US-2025-101651,12/24/2025,12/30/2025,Standard Class,SC-20305
US-2025-157259,12/24/2025,12/28/2025,Standard Class,JM-15535
US-2025-168620,12/24/2025,12/28/2025,Second Class,RB-19795
US-2025-101651,12/24/2025,12/30/2025,Standard Class,SC-20305
US-2025-123526,12/24/2025,12/25/2025,First Class,BV-11245
US-2025-168620,12/24/2025,12/28/2025,Second Class,RB-19795
US-2025-168620,12/24/2025,12/28/2025,Second Class,RB-19795
US-2025-140438,12/24/2025,12/27/2025,Second Class,PW-19030
US-2025-105081,12/25/2025,12/30/2025,Standard Class,JE-15715
US-2025-169670,12/25/2025,12/31/2025,Standard Class,JE-15715
US-2025-110975,12/25/2025,12/30/2025,Standard Class,DB-12970
US-2025-109827,12/25/2025,01/01/2026,Standard Class,LW-16825
US-2025-101168,12/25/2025,01/01/2026,Standard Class,SS-20140
US-2025-148684,12/25/2025,12/29/2025,Standard Class,TS-21655
US-2025-105081,12/25/2025,12/30/2025,Standard Class,JE-15715
US-2025-109827,12/25/2025,01/01/2026,Standard Class,LW-16825
US-2025-110975,12/25/2025,12/30/2025,Standard Class,DB-12970
US-2025-148684,12/25/2025,12/29/2025,Standard Class,TS-21655
US-2025-111941,12/25/2025,12/28/2025,Second Class,BD-11620
US-2025-116729,12/25/2025,12/28/2025,First Class,GK-14620
US-2025-148684,12/25/2025,12/29/2025,Standard Class,TS-21655
US-2025-116729,12/25/2025,12/28/2025,First Class,GK-14620
US-2025-148684,12/25/2025,12/29/2025,Standard Class,TS-21655
US-2025-109827,12/25/2025,01/01/2026,Standard Class,LW-16825
US-2025-109827,12/25/2025,01/01/2026,Standard Class,LW-16825
US-2025-109827,12/25/2025,01/01/2026,Standard Class,LW-16825
US-2025-116729,12/25/2025,12/28/2025,First Class,GK-14620
US-2025-129868,12/26/2025,12/31/2025,Standard Class,MC-18130
US-2025-155166,12/26/2025,01/02/2026,Standard Class,BB-11545
US-2025-129868,12/26/2025,12/31/2025,Standard Class,MC-18130
US-2025-151512,12/26/2025,01/02/2026,Standard Class,SH-19975
US-2025-155166,12/26/2025,01/02/2026,Standard Class,BB-11545
US-2025-129868,12/26/2025,12/31/2025,Standard Class,MC-18130
US-2025-129868,12/26/2025,12/31/2025,Standard Class,MC-18130
US-2025-114538,12/26/2025,12/27/2025,First Class,RC-19825
US-2025-123015,12/26/2025,12/30/2025,Standard Class,AJ-10795
US-2025-153129,12/26/2025,12/30/2025,Standard Class,FP-14320
US-2025-129868,12/26/2025,12/31/2025,Standard Class,MC-18130
US-2025-147536,12/26/2025,12/31/2025,Standard Class,AR-10510
US-2025-129868,12/26/2025,12/31/2025,Standard Class,MC-18130
CA-2025-158792,12/26/2025,01/02/2026,Standard Class,BD-11605
US-2025-162852,12/27/2025,12/31/2025,Standard Class,BG-11695
US-2025-102596,12/27/2025,12/30/2025,First Class,RD-19810
US-2025-131058,12/27/2025,12/31/2025,Standard Class,EM-14140
US-2025-111605,12/27/2025,01/02/2026,Standard Class,JW-15955
US-2025-162726,12/27/2025,01/02/2026,Standard Class,MT-17815
US-2025-162726,12/27/2025,01/02/2026,Standard Class,MT-17815
US-2025-138667,12/27/2025,12/30/2025,Second Class,MW-18220
US-2025-156300,12/29/2025,01/02/2026,Standard Class,TB-21595
US-2025-122017,12/29/2025,01/02/2026,Standard Class,CD-11920
US-2025-122017,12/29/2025,01/02/2026,Standard Class,CD-11920
US-2025-163258,12/29/2025,01/02/2026,Standard Class,PF-19225
US-2025-139689,12/29/2025,01/03/2026,Standard Class,MP-17965
US-2025-139689,12/29/2025,01/03/2026,Standard Class,MP-17965
US-2025-157742,12/29/2025,12/31/2025,Second Class,KL-16645
US-2025-135209,12/29/2025,12/31/2025,Second Class,MH-17290
US-2025-124051,12/29/2025,12/30/2025,First Class,KA-16525
US-2025-135209,12/29/2025,12/31/2025,Second Class,MH-17290
US-2025-112578,12/29/2025,01/02/2026,Standard Class,FO-14305
US-2025-112578,12/29/2025,01/02/2026,Standard Class,FO-14305
US-2025-105746,12/30/2025,01/01/2026,First Class,BD-11605
US-2025-163951,12/30/2025,01/02/2026,First Class,CJ-11875
US-2025-111528,12/30/2025,12/30/2025,Same Day,JP-16135
US-2025-117226,12/30/2025,01/01/2026,First Class,KD-16495
US-2025-117660,12/30/2025,01/04/2026,Standard Class,BM-11785
US-2025-160486,12/30/2025,01/04/2026,Standard Class,EH-14185
US-2025-111528,12/30/2025,12/30/2025,Same Day,JP-16135
US-2025-117660,12/30/2025,01/04/2026,Standard Class,BM-11785
US-2025-165953,12/31/2025,01/06/2026,Standard Class,EP-13915
US-2025-160395,12/31/2025,01/06/2026,Standard Class,KL-16555
US-2025-160395,12/31/2025,01/06/2026,Standard Class,KL-16555
US-2025-156139,12/31/2025,01/06/2026,Standard Class,BP-11155
US-2025-165953,12/31/2025,01/06/2026,Standard Class,EP-13915
US-2025-105830,12/31/2025,01/02/2026,First Class,DB-13660
US-2025-100202,12/31/2025,01/05/2026,Standard Class,BD-11620
US-2026-151750,01/01/2026,01/05/2026,Standard Class,JM-15250
US-2026-144463,01/01/2026,01/05/2026,Standard Class,SC-20725
US-2026-151750,01/01/2026,01/05/2026,Standard Class,JM-15250
US-2026-107503,01/01/2026,01/06/2026,Standard Class,GA-14725
US-2026-151750,01/01/2026,01/05/2026,Standard Class,JM-15250
US-2026-151750,01/01/2026,01/05/2026,Standard Class,JM-15250
US-2026-151750,01/01/2026,01/05/2026,Standard Class,JM-15250
US-2026-151750,01/01/2026,01/05/2026,Standard Class,JM-15250
US-2026-154466,01/01/2026,01/02/2026,First Class,DP-13390
US-2026-151750,01/01/2026,01/05/2026,Standard Class,JM-15250
US-2026-147207,01/02/2026,01/04/2026,Second Class,TS-21655
US-2026-147207,01/02/2026,01/04/2026,Second Class,TS-21655
US-2026-147207,01/02/2026,01/04/2026,Second Class,TS-21655
US-2026-113481,01/02/2026,01/04/2026,First Class,AS-10045
US-2026-113481,01/02/2026,01/04/2026,First Class,AS-10045
US-2026-147207,01/02/2026,01/04/2026,Second Class,TS-21655
US-2026-118668,01/02/2026,01/04/2026,Second Class,FW-14395
US-2026-113481,01/02/2026,01/04/2026,First Class,AS-10045
US-2026-111738,01/03/2026,01/07/2026,Standard Class,CM-12385
US-2026-111738,01/03/2026,01/07/2026,Standard Class,CM-12385
US-2026-114034,01/03/2026,01/08/2026,Standard Class,DL-13315
US-2026-150931,01/06/2026,01/13/2026,Standard Class,DP-13390
US-2026-168690,01/07/2026,01/13/2026,Standard Class,TS-21085
US-2026-123862,01/07/2026,01/09/2026,Second Class,JF-15190
US-2026-123862,01/07/2026,01/09/2026,Second Class,JF-15190
US-2026-123862,01/07/2026,01/09/2026,Second Class,JF-15190
US-2026-123862,01/07/2026,01/09/2026,Second Class,JF-15190
US-2026-159366,01/07/2026,01/10/2026,First Class,BW-11110
US-2026-115154,01/08/2026,01/11/2026,First Class,RS-19420
US-2026-154760,01/09/2026,01/13/2026,Standard Class,BP-11290
US-2026-158512,01/12/2026,01/17/2026,Second Class,DA-13450
US-2026-148551,01/12/2026,01/16/2026,Standard Class,DB-13120
US-2026-108000,01/12/2026,01/16/2026,Standard Class,LS-16945
US-2026-158512,01/12/2026,01/17/2026,Second Class,DA-13450
US-2026-167402,01/13/2026,01/18/2026,Second Class,CP-12085
US-2026-167402,01/13/2026,01/18/2026,Second Class,CP-12085
US-2026-167402,01/13/2026,01/18/2026,Second Class,CP-12085
US-2026-167402,01/13/2026,01/18/2026,Second Class,CP-12085
US-2026-113278,01/14/2026,01/20/2026,Standard Class,HR-14770
US-2026-127306,01/14/2026,01/18/2026,Standard Class,BH-11710
US-2026-127306,01/14/2026,01/18/2026,Standard Class,BH-11710
US-2026-127306,01/14/2026,01/18/2026,Standard Class,BH-11710
US-2026-138779,01/14/2026,01/15/2026,First Class,RB-19570
US-2026-113278,01/14/2026,01/20/2026,Standard Class,HR-14770
US-2026-127306,01/14/2026,01/18/2026,Standard Class,BH-11710
US-2026-149076,01/14/2026,01/19/2026,Standard Class,SO-20335
US-2026-113278,01/14/2026,01/20/2026,Standard Class,HR-14770
US-2026-113278,01/14/2026,01/20/2026,Standard Class,HR-14770
US-2026-113278,01/14/2026,01/20/2026,Standard Class,HR-14770
US-2026-106131,01/14/2026,01/16/2026,First Class,TP-21565
US-2026-113278,01/14/2026,01/20/2026,Standard Class,HR-14770
US-2026-106131,01/14/2026,01/16/2026,First Class,TP-21565
US-2026-113278,01/14/2026,01/20/2026,Standard Class,HR-14770
US-2026-113278,01/14/2026,01/20/2026,Standard Class,HR-14770
US-2026-127306,01/14/2026,01/18/2026,Standard Class,BH-11710
US-2026-138779,01/14/2026,01/15/2026,First Class,RB-19570
US-2026-167752,01/15/2026,01/18/2026,First Class,RW-19690
US-2026-167752,01/15/2026,01/18/2026,First Class,RW-19690
US-2026-160934,01/15/2026,01/19/2026,Standard Class,TT-21460
US-2026-104661,01/15/2026,01/18/2026,First Class,TB-21250
US-2026-104661,01/15/2026,01/18/2026,First Class,TB-21250
US-2026-152961,01/15/2026,01/19/2026,Standard Class,SC-20095
US-2026-104661,01/15/2026,01/18/2026,First Class,TB-21250
US-2026-104661,01/15/2026,01/18/2026,First Class,TB-21250
US-2026-138289,01/16/2026,01/18/2026,Second Class,AR-10540
US-2026-125913,01/16/2026,01/16/2026,Same Day,JO-15145
US-2026-125913,01/16/2026,01/16/2026,Same Day,JO-15145
US-2026-138289,01/16/2026,01/18/2026,Second Class,AR-10540
US-2026-138289,01/16/2026,01/18/2026,Second Class,AR-10540
CA-2026-121451,01/17/2026,01/22/2026,Standard Class,SC-20260
US-2026-153045,01/19/2026,01/24/2026,Second Class,NS-18505
US-2026-153045,01/19/2026,01/24/2026,Second Class,NS-18505
US-2026-127292,01/19/2026,01/23/2026,Standard Class,RM-19375
US-2026-127292,01/19/2026,01/23/2026,Standard Class,RM-19375
US-2026-154718,01/19/2026,01/23/2026,Second Class,DL-12865
US-2026-127292,01/19/2026,01/23/2026,Standard Class,RM-19375
US-2026-127292,01/19/2026,01/23/2026,Standard Class,RM-19375
US-2026-153045,01/19/2026,01/24/2026,Second Class,NS-18505
US-2026-153045,01/19/2026,01/24/2026,Second Class,NS-18505
US-2026-157252,01/20/2026,01/23/2026,Second Class,CV-12805
US-2026-120649,01/20/2026,01/26/2026,Standard Class,JF-15490
US-2026-144589,01/20/2026,01/25/2026,Standard Class,TM-21010
US-2026-152079,01/20/2026,01/21/2026,First Class,ML-17410
US-2026-144589,01/20/2026,01/25/2026,Standard Class,TM-21010
US-2026-161809,01/20/2026,01/26/2026,Standard Class,TH-21100
US-2026-131954,01/21/2026,01/25/2026,Standard Class,DS-13030
US-2026-131954,01/21/2026,01/25/2026,Standard Class,DS-13030
US-2026-127026,01/21/2026,01/27/2026,Standard Class,MH-18115
US-2026-127026,01/21/2026,01/27/2026,Standard Class,MH-18115
US-2026-131954,01/21/2026,01/25/2026,Standard Class,DS-13030
US-2026-131954,01/21/2026,01/25/2026,Standard Class,DS-13030
US-2026-160423,01/21/2026,01/26/2026,Standard Class,PS-19045
US-2026-141782,01/21/2026,01/25/2026,Standard Class,BE-11410
US-2026-131954,01/21/2026,01/25/2026,Standard Class,DS-13030
US-2026-160423,01/21/2026,01/26/2026,Standard Class,PS-19045
US-2026-127026,01/21/2026,01/27/2026,Standard Class,MH-18115
US-2026-131954,01/21/2026,01/25/2026,Standard Class,DS-13030
US-2026-127026,01/21/2026,01/27/2026,Standard Class,MH-18115
US-2026-127026,01/21/2026,01/27/2026,Standard Class,MH-18115
CA-2026-115238,01/21/2026,01/24/2026,Standard Class,JW-15220
CA-2026-115238,01/21/2026,01/24/2026,Standard Class,JW-15220
CA-2026-115238,01/21/2026,01/24/2026,Standard Class,JW-15220
CA-2026-115238,01/21/2026,01/24/2026,Standard Class,JW-15220
CA-2026-115238,01/21/2026,01/24/2026,Standard Class,JW-15220
US-2026-152499,01/22/2026,01/25/2026,Second Class,EH-13765
US-2026-152499,01/22/2026,01/25/2026,Second Class,EH-13765
US-2026-127432,01/22/2026,01/27/2026,Standard Class,AD-10180
US-2026-127432,01/22/2026,01/27/2026,Standard Class,AD-10180
US-2026-127432,01/22/2026,01/27/2026,Standard Class,AD-10180
US-2026-127432,01/22/2026,01/27/2026,Standard Class,AD-10180
US-2026-145142,01/23/2026,01/25/2026,First Class,MC-17605
US-2026-139080,01/23/2026,01/28/2026,Standard Class,CS-12250
US-2026-161893,01/23/2026,01/27/2026,Standard Class,HP-14815
US-2026-139080,01/23/2026,01/28/2026,Standard Class,CS-12250
US-2026-139080,01/23/2026,01/28/2026,Standard Class,CS-12250
US-2026-161893,01/23/2026,01/27/2026,Standard Class,HP-14815
US-2026-139080,01/23/2026,01/28/2026,Standard Class,CS-12250
US-2026-104619,01/24/2026,01/29/2026,Standard Class,KD-16495
US-2026-104619,01/24/2026,01/29/2026,Standard Class,KD-16495
US-2026-119669,01/24/2026,01/30/2026,Standard Class,TP-21130
US-2026-104619,01/24/2026,01/29/2026,Standard Class,KD-16495
US-2026-105935,01/26/2026,01/31/2026,Standard Class,BD-11500
US-2026-134649,01/26/2026,01/31/2026,Second Class,CA-11965
US-2026-134649,01/26/2026,01/31/2026,Second Class,CA-11965
US-2026-150469,01/26/2026,01/30/2026,Standard Class,CJ-12010
US-2026-164098,01/26/2026,01/27/2026,First Class,CG-12520
US-2026-105935,01/26/2026,01/31/2026,Standard Class,BD-11500
US-2026-117870,01/27/2026,01/30/2026,Second Class,JH-15820
US-2026-117870,01/27/2026,01/30/2026,Second Class,JH-15820
US-2026-104437,01/27/2026,01/31/2026,Standard Class,TG-21310
US-2026-117870,01/27/2026,01/30/2026,Second Class,JH-15820
US-2026-115994,01/28/2026,01/31/2026,Second Class,BT-11305
US-2026-147984,01/28/2026,02/01/2026,Standard Class,GB-14575
US-2026-115994,01/28/2026,01/31/2026,Second Class,BT-11305
US-2026-166037,01/28/2026,02/01/2026,Standard Class,CL-12700
US-2026-160927,01/29/2026,01/31/2026,Second Class,TM-21010
US-2026-139304,01/29/2026,02/02/2026,Standard Class,VG-21790
US-2026-145338,01/29/2026,02/01/2026,First Class,BD-11770
US-2026-127341,01/29/2026,02/02/2026,Standard Class,CK-12595
US-2026-139304,01/29/2026,02/02/2026,Standard Class,VG-21790
US-2026-131653,01/29/2026,02/05/2026,Standard Class,RD-19585
US-2026-160927,01/29/2026,01/31/2026,Second Class,TM-21010
US-2026-160927,01/29/2026,01/31/2026,Second Class,TM-21010
US-2026-160927,01/29/2026,01/31/2026,Second Class,TM-21010
US-2026-139304,01/29/2026,02/02/2026,Standard Class,VG-21790
US-2026-112725,01/30/2026,02/06/2026,Standard Class,EH-14125
US-2026-148999,01/30/2026,02/04/2026,Standard Class,EB-13870
US-2026-104220,01/30/2026,02/05/2026,Standard Class,BV-11245
US-2026-121790,01/30/2026,02/06/2026,Standard Class,LP-17095
US-2026-112725,01/30/2026,02/06/2026,Standard Class,EH-14125
US-2026-121790,01/30/2026,02/06/2026,Standard Class,LP-17095
US-2026-112725,01/30/2026,02/06/2026,Standard Class,EH-14125
US-2026-104220,01/30/2026,02/05/2026,Standard Class,BV-11245
US-2026-104220,01/30/2026,02/05/2026,Standard Class,BV-11245
US-2026-104220,01/30/2026,02/05/2026,Standard Class,BV-11245
US-2026-104220,01/30/2026,02/05/2026,Standard Class,BV-11245
US-2026-164329,01/30/2026,01/30/2026,Same Day,MM-17920
US-2026-121790,01/30/2026,02/06/2026,Standard Class,LP-17095
US-2026-157273,01/30/2026,02/02/2026,First Class,SZ-20035
US-2026-121790,01/30/2026,02/06/2026,Standard Class,LP-17095
US-2026-104220,01/30/2026,02/05/2026,Standard Class,BV-11245
US-2026-128076,02/02/2026,02/07/2026,Standard Class,BO-11350
US-2026-161333,02/02/2026,02/07/2026,Standard Class,JL-15835
US-2026-161333,02/02/2026,02/07/2026,Standard Class,JL-15835
US-2026-128076,02/02/2026,02/07/2026,Standard Class,BO-11350
US-2026-164147,02/02/2026,02/05/2026,First Class,DW-13585
US-2026-164147,02/02/2026,02/05/2026,First Class,DW-13585
US-2026-161333,02/02/2026,02/07/2026,Standard Class,JL-15835
US-2026-128076,02/02/2026,02/07/2026,Standard Class,BO-11350
US-2026-164147,02/02/2026,02/05/2026,First Class,DW-13585
US-2026-127474,02/03/2026,02/07/2026,Second Class,RD-19810
US-2026-126354,02/03/2026,02/08/2026,Standard Class,SC-20380
US-2026-167703,02/03/2026,02/08/2026,Standard Class,MC-17575
US-2026-127474,02/03/2026,02/07/2026,Second Class,RD-19810
US-2026-127474,02/03/2026,02/07/2026,Second Class,RD-19810
US-2026-127474,02/03/2026,02/07/2026,Second Class,RD-19810
US-2026-126354,02/03/2026,02/08/2026,Standard Class,SC-20380
US-2026-167703,02/03/2026,02/08/2026,Standard Class,MC-17575
US-2026-169474,02/04/2026,02/09/2026,Standard Class,JF-15355
US-2026-107517,02/05/2026,02/09/2026,Standard Class,FC-14335
US-2026-131282,02/05/2026,02/08/2026,Second Class,CB-12025
US-2026-131282,02/05/2026,02/08/2026,Second Class,CB-12025
US-2026-107517,02/05/2026,02/09/2026,Standard Class,FC-14335
US-2026-115105,02/06/2026,02/11/2026,Standard Class,BD-11770
US-2026-122994,02/06/2026,02/09/2026,First Class,MV-17485
US-2026-101840,02/06/2026,02/12/2026,Standard Class,SP-20545
US-2026-154102,02/06/2026,02/13/2026,Standard Class,SN-20560
US-2026-101840,02/06/2026,02/12/2026,Standard Class,SP-20545
US-2026-118773,02/09/2026,02/14/2026,Standard Class,TP-21415
US-2026-150602,02/09/2026,02/14/2026,Second Class,ML-17395
US-2026-118773,02/09/2026,02/14/2026,Standard Class,TP-21415
US-2026-118773,02/09/2026,02/14/2026,Standard Class,TP-21415
US-2026-145807,02/09/2026,02/13/2026,Standard Class,SB-20170
US-2026-118773,02/09/2026,02/14/2026,Standard Class,TP-21415
US-2026-124086,02/10/2026,02/14/2026,Standard Class,MP-18175
US-2026-123659,02/10/2026,02/13/2026,First Class,MN-17935
US-2026-131828,02/11/2026,02/13/2026,Second Class,CS-11845
US-2026-138156,02/11/2026,02/14/2026,First Class,MM-17260
US-2026-116204,02/11/2026,02/14/2026,Second Class,VW-21775
US-2026-118535,02/11/2026,02/15/2026,Standard Class,DJ-13510
US-2026-131828,02/11/2026,02/13/2026,Second Class,CS-11845
US-2026-104801,02/13/2026,02/19/2026,Standard Class,FH-14350
US-2026-154809,02/13/2026,02/17/2026,Standard Class,MH-17455
US-2026-151176,02/13/2026,02/20/2026,Standard Class,SV-20785
US-2026-104801,02/13/2026,02/19/2026,Standard Class,FH-14350
US-2026-104906,02/13/2026,02/17/2026,Standard Class,JP-15460
US-2026-151176,02/13/2026,02/20/2026,Standard Class,SV-20785
US-2026-104801,02/13/2026,02/19/2026,Standard Class,FH-14350
US-2026-163265,02/16/2026,02/21/2026,Standard Class,JS-16030
US-2026-163265,02/16/2026,02/21/2026,Standard Class,JS-16030
US-2026-163265,02/16/2026,02/21/2026,Standard Class,JS-16030
US-2026-163265,02/16/2026,02/21/2026,Standard Class,JS-16030
US-2026-118521,02/16/2026,02/20/2026,Standard Class,LF-17185
US-2026-163265,02/16/2026,02/21/2026,Standard Class,JS-16030
US-2026-120019,02/16/2026,02/21/2026,Standard Class,NG-18355
US-2026-120019,02/16/2026,02/21/2026,Standard Class,NG-18355
US-2026-159149,02/17/2026,02/19/2026,First Class,CR-12820
US-2026-109085,02/17/2026,02/20/2026,First Class,CK-12325
US-2026-109085,02/17/2026,02/20/2026,First Class,CK-12325
US-2026-109085,02/17/2026,02/20/2026,First Class,CK-12325
US-2026-154039,02/17/2026,02/22/2026,Standard Class,JK-16120
US-2026-159149,02/17/2026,02/19/2026,First Class,CR-12820
US-2026-109085,02/17/2026,02/20/2026,First Class,CK-12325
US-2026-132647,02/17/2026,02/23/2026,Standard Class,GH-14410
US-2026-132647,02/17/2026,02/23/2026,Standard Class,GH-14410
US-2026-159149,02/17/2026,02/19/2026,First Class,CR-12820
US-2026-109085,02/17/2026,02/20/2026,First Class,CK-12325
US-2026-154039,02/17/2026,02/22/2026,Standard Class,JK-16120
US-2026-163195,02/17/2026,02/21/2026,Second Class,LL-16840
US-2026-164707,02/18/2026,02/21/2026,Second Class,CV-12805
US-2026-164707,02/18/2026,02/21/2026,Second Class,CV-12805
US-2026-164707,02/18/2026,02/21/2026,Second Class,CV-12805
US-2026-134838,02/19/2026,02/20/2026,First Class,ED-13885
US-2026-122693,02/19/2026,02/21/2026,Second Class,NH-18610
US-2026-134838,02/19/2026,02/20/2026,First Class,ED-13885
US-2026-166415,02/19/2026,02/23/2026,Standard Class,ME-17725
US-2026-135937,02/20/2026,02/27/2026,Standard Class,KM-16375
US-2026-105809,02/20/2026,02/23/2026,First Class,HW-14935
US-2026-135937,02/20/2026,02/27/2026,Standard Class,KM-16375
US-2026-150525,02/20/2026,02/25/2026,Standard Class,JP-16135
US-2026-150525,02/20/2026,02/25/2026,Standard Class,JP-16135
US-2026-135937,02/20/2026,02/27/2026,Standard Class,KM-16375
US-2026-105445,02/20/2026,02/25/2026,Second Class,BP-11095
US-2026-135937,02/20/2026,02/27/2026,Standard Class,KM-16375
US-2026-135937,02/20/2026,02/27/2026,Standard Class,KM-16375
US-2026-105809,02/20/2026,02/23/2026,First Class,HW-14935
US-2026-135937,02/20/2026,02/27/2026,Standard Class,KM-16375
US-2026-124940,02/21/2026,02/26/2026,Standard Class,DK-13090
US-2026-136007,02/23/2026,03/02/2026,Standard Class,AC-10615
US-2026-104647,02/23/2026,03/01/2026,Standard Class,CK-12595
US-2026-136007,02/23/2026,03/02/2026,Standard Class,AC-10615
US-2026-111374,02/24/2026,02/28/2026,Standard Class,CB-12415
US-2026-127397,02/24/2026,02/28/2026,Standard Class,ES-14080
US-2026-127397,02/24/2026,02/28/2026,Standard Class,ES-14080
US-2026-134642,02/25/2026,03/01/2026,Standard Class,SW-20245
US-2026-134642,02/25/2026,03/01/2026,Standard Class,SW-20245
US-2026-125878,02/25/2026,03/02/2026,Standard Class,MH-18025
US-2026-117212,02/26/2026,02/28/2026,Second Class,BT-11530
US-2026-121258,02/26/2026,03/03/2026,Standard Class,DB-13060
US-2026-121706,02/26/2026,03/02/2026,Standard Class,BM-11140
US-2026-117212,02/26/2026,02/28/2026,Second Class,BT-11530
US-2026-117212,02/26/2026,02/28/2026,Second Class,BT-11530
US-2026-117212,02/26/2026,02/28/2026,Second Class,BT-11530
US-2026-121258,02/26/2026,03/03/2026,Standard Class,DB-13060
US-2026-121258,02/26/2026,03/03/2026,Standard Class,DB-13060
US-2026-117212,02/26/2026,02/28/2026,Second Class,BT-11530
US-2026-101959,02/28/2026,03/06/2026,Standard Class,DB-13660
US-2026-101959,02/28/2026,03/06/2026,Standard Class,DB-13660
US-2026-104885,03/02/2026,03/08/2026,Standard Class,DB-13555
US-2026-104885,03/02/2026,03/08/2026,Standard Class,DB-13555
US-2026-152261,03/02/2026,03/06/2026,Standard Class,JA-15970
US-2026-146024,03/02/2026,03/08/2026,Standard Class,SC-20770
US-2026-124114,03/02/2026,03/02/2026,Same Day,RS-19765
US-2026-155712,03/02/2026,03/08/2026,Standard Class,KD-16615
US-2026-104885,03/02/2026,03/08/2026,Standard Class,DB-13555
US-2026-104885,03/02/2026,03/08/2026,Standard Class,DB-13555
US-2026-146024,03/02/2026,03/08/2026,Standard Class,SC-20770
US-2026-163902,03/02/2026,03/08/2026,Standard Class,MY-17380
US-2026-163902,03/02/2026,03/08/2026,Standard Class,MY-17380
US-2026-111815,03/03/2026,03/10/2026,Standard Class,EP-13915
US-2026-123085,03/03/2026,03/08/2026,Standard Class,EJ-13720
US-2026-117513,03/03/2026,03/08/2026,Standard Class,BT-11395
US-2026-121804,03/03/2026,03/08/2026,Standard Class,LP-17095
US-2026-127621,03/03/2026,03/07/2026,Standard Class,RE-19450
US-2026-123085,03/03/2026,03/08/2026,Standard Class,EJ-13720
US-2026-111815,03/03/2026,03/10/2026,Standard Class,EP-13915
US-2026-119816,03/04/2026,03/06/2026,Second Class,TT-21460
US-2026-110478,03/04/2026,03/09/2026,Standard Class,SP-20860
US-2026-110478,03/04/2026,03/09/2026,Standard Class,SP-20860
US-2026-119816,03/04/2026,03/06/2026,Second Class,TT-21460
US-2026-142174,03/04/2026,03/09/2026,Standard Class,DP-13000
US-2026-119816,03/04/2026,03/06/2026,Second Class,TT-21460
US-2026-161046,03/05/2026,03/05/2026,Same Day,CB-12535
US-2026-168123,03/05/2026,03/05/2026,Same Day,JD-16060
US-2026-168123,03/05/2026,03/05/2026,Same Day,JD-16060
US-2026-161046,03/05/2026,03/05/2026,Same Day,CB-12535
US-2026-161046,03/05/2026,03/05/2026,Same Day,CB-12535
US-2026-168123,03/05/2026,03/05/2026,Same Day,JD-16060
US-2026-147753,03/05/2026,03/05/2026,Same Day,PK-19075
US-2026-168123,03/05/2026,03/05/2026,Same Day,JD-16060
US-2026-161046,03/05/2026,03/05/2026,Same Day,CB-12535
US-2026-168193,03/06/2026,03/11/2026,Second Class,RM-19750
US-2026-148642,03/06/2026,03/12/2026,Standard Class,DW-13540
US-2026-167640,03/06/2026,03/10/2026,Standard Class,FC-14245
US-2026-119039,03/06/2026,03/10/2026,Standard Class,BF-11170
US-2026-148642,03/06/2026,03/12/2026,Standard Class,DW-13540
US-2026-167640,03/06/2026,03/10/2026,Standard Class,FC-14245
US-2026-167640,03/06/2026,03/10/2026,Standard Class,FC-14245
US-2026-168193,03/06/2026,03/11/2026,Second Class,RM-19750
US-2026-125101,03/06/2026,03/10/2026,Second Class,SH-19975
US-2026-167640,03/06/2026,03/10/2026,Standard Class,FC-14245
US-2026-110884,03/07/2026,03/12/2026,Standard Class,SH-20395
US-2026-110884,03/07/2026,03/12/2026,Standard Class,SH-20395
US-2026-136672,03/07/2026,03/12/2026,Standard Class,MG-17890
US-2026-155698,03/08/2026,03/11/2026,First Class,VB-21745
US-2026-104080,03/08/2026,03/15/2026,Standard Class,AH-10210
US-2026-104080,03/08/2026,03/15/2026,Standard Class,AH-10210
US-2026-155698,03/08/2026,03/11/2026,First Class,VB-21745
US-2026-147354,03/09/2026,03/13/2026,Standard Class,KB-16315
US-2026-102834,03/09/2026,03/13/2026,Standard Class,LW-16990
US-2026-147354,03/09/2026,03/13/2026,Standard Class,KB-16315
US-2026-144638,03/10/2026,03/14/2026,Standard Class,MH-18115
US-2026-144638,03/10/2026,03/14/2026,Standard Class,MH-18115
US-2026-132290,03/10/2026,03/14/2026,Standard Class,MD-17350
US-2026-155824,03/10/2026,03/15/2026,Standard Class,KS-16300
US-2026-144638,03/10/2026,03/14/2026,Standard Class,MH-18115
US-2026-155824,03/10/2026,03/15/2026,Standard Class,KS-16300
US-2026-140494,03/10/2026,03/15/2026,Second Class,CM-11815
US-2026-144638,03/10/2026,03/14/2026,Standard Class,MH-18115
US-2026-130967,03/10/2026,03/16/2026,Standard Class,EB-13870
US-2026-133081,03/11/2026,03/15/2026,Standard Class,PV-18985
US-2026-141558,03/11/2026,03/16/2026,Standard Class,MH-17290
US-2026-141558,03/11/2026,03/16/2026,Standard Class,MH-17290
US-2026-147291,03/11/2026,03/17/2026,Standard Class,MJ-17740
US-2026-141558,03/11/2026,03/16/2026,Standard Class,MH-17290
US-2026-133081,03/11/2026,03/15/2026,Standard Class,PV-18985
US-2026-141558,03/11/2026,03/16/2026,Standard Class,MH-17290
US-2026-152786,03/12/2026,03/17/2026,Standard Class,GA-14725
US-2026-116288,03/12/2026,03/17/2026,Standard Class,BS-11380
US-2026-159352,03/12/2026,03/17/2026,Standard Class,KB-16585
US-2026-157966,03/13/2026,03/13/2026,Same Day,SU-20665
US-2026-153843,03/13/2026,03/15/2026,First Class,SC-20380
US-2026-157966,03/13/2026,03/13/2026,Same Day,SU-20665
US-2026-157966,03/13/2026,03/13/2026,Same Day,SU-20665
US-2026-107713,03/13/2026,03/17/2026,Standard Class,JB-16000
US-2026-153843,03/13/2026,03/15/2026,First Class,SC-20380
US-2026-106859,03/13/2026,03/18/2026,Second Class,BF-11215
US-2026-106859,03/13/2026,03/18/2026,Second Class,BF-11215
US-2026-157966,03/13/2026,03/13/2026,Same Day,SU-20665
US-2026-153843,03/13/2026,03/15/2026,First Class,SC-20380
US-2026-166296,03/13/2026,03/19/2026,Standard Class,KF-16285
US-2026-106859,03/13/2026,03/18/2026,Second Class,BF-11215
US-2026-105851,03/13/2026,03/20/2026,Standard Class,SE-20110
US-2026-106859,03/13/2026,03/18/2026,Second Class,BF-11215
US-2026-157966,03/13/2026,03/13/2026,Same Day,SU-20665
US-2026-157966,03/13/2026,03/13/2026,Same Day,SU-20665
US-2026-157966,03/13/2026,03/13/2026,Same Day,SU-20665
US-2026-146906,03/13/2026,03/17/2026,Standard Class,MT-17815
US-2026-106859,03/13/2026,03/18/2026,Second Class,BF-11215
US-2026-162474,03/13/2026,03/16/2026,First Class,FH-14275
CA-2026-139675,03/13/2026,03/18/2026,Second Class,NF-18595
CA-2026-139675,03/13/2026,03/18/2026,Second Class,NF-18595
US-2026-114370,03/14/2026,03/17/2026,Second Class,BN-11470
US-2026-161172,03/16/2026,03/16/2026,Same Day,SP-20920
US-2026-129294,03/16/2026,03/21/2026,Standard Class,KD-16615
US-2026-129294,03/16/2026,03/21/2026,Standard Class,KD-16615
US-2026-129294,03/16/2026,03/21/2026,Standard Class,KD-16615
US-2026-161172,03/16/2026,03/16/2026,Same Day,SP-20920
US-2026-101539,03/16/2026,03/18/2026,Second Class,VM-21685
US-2026-161172,03/16/2026,03/16/2026,Same Day,SP-20920
US-2026-129294,03/16/2026,03/21/2026,Standard Class,KD-16615
US-2026-101539,03/16/2026,03/18/2026,Second Class,VM-21685
US-2026-161172,03/16/2026,03/16/2026,Same Day,SP-20920
US-2026-152135,03/16/2026,03/18/2026,Second Class,MG-17650
US-2026-101539,03/16/2026,03/18/2026,Second Class,VM-21685
US-2026-161172,03/16/2026,03/16/2026,Same Day,SP-20920
CA-2026-130494,03/16/2026,03/21/2026,Standard Class,HO-15234
CA-2026-130494,03/16/2026,03/21/2026,Standard Class,HO-15233
CA-2026-130494,03/16/2026,03/21/2026,Standard Class,HO-15232
CA-2026-130494,03/16/2026,03/21/2026,Standard Class,HO-15231
US-2026-140949,03/17/2026,03/22/2026,Second Class,DB-13405
US-2026-129567,03/17/2026,03/21/2026,Second Class,CL-12565
US-2026-140949,03/17/2026,03/22/2026,Second Class,DB-13405
US-2026-142867,03/17/2026,03/21/2026,Standard Class,PO-19180
US-2026-140949,03/17/2026,03/22/2026,Second Class,DB-13405
US-2026-129224,03/17/2026,03/23/2026,Standard Class,AS-10630
US-2026-140949,03/17/2026,03/22/2026,Second Class,DB-13405
US-2026-142867,03/17/2026,03/21/2026,Standard Class,PO-19180
US-2026-140949,03/17/2026,03/22/2026,Second Class,DB-13405
US-2026-140949,03/17/2026,03/22/2026,Second Class,DB-13405
US-2026-140949,03/17/2026,03/22/2026,Second Class,DB-13405
US-2026-140949,03/17/2026,03/22/2026,Second Class,DB-13405
US-2026-140949,03/17/2026,03/22/2026,Second Class,DB-13405
US-2026-119438,03/18/2026,03/23/2026,Standard Class,CD-11980
US-2026-122007,03/18/2026,03/20/2026,Second Class,JK-15325
US-2026-119438,03/18/2026,03/23/2026,Standard Class,CD-11980
US-2026-160087,03/18/2026,03/22/2026,Standard Class,EN-13780
US-2026-143084,03/18/2026,03/22/2026,Standard Class,BP-11050
US-2026-148145,03/18/2026,03/23/2026,Standard Class,SW-20275
US-2026-119438,03/18/2026,03/23/2026,Standard Class,CD-11980
US-2026-143084,03/18/2026,03/22/2026,Standard Class,BP-11050
US-2026-119438,03/18/2026,03/23/2026,Standard Class,CD-11980
US-2026-162075,03/18/2026,03/24/2026,Standard Class,TT-21220
US-2026-124436,03/19/2026,03/22/2026,Second Class,SA-20830
US-2026-124436,03/19/2026,03/22/2026,Second Class,SA-20830
US-2026-140515,03/19/2026,03/24/2026,Standard Class,GZ-14545
US-2026-166499,03/19/2026,03/20/2026,First Class,VG-21805
US-2026-124436,03/19/2026,03/22/2026,Second Class,SA-20830
US-2026-124436,03/19/2026,03/22/2026,Second Class,SA-20830
US-2026-105410,03/19/2026,03/22/2026,First Class,ND-18370
US-2026-104955,03/19/2026,03/24/2026,Standard Class,CG-12040
US-2026-105410,03/19/2026,03/22/2026,First Class,ND-18370
US-2026-105410,03/19/2026,03/22/2026,First Class,ND-18370
US-2026-105410,03/19/2026,03/22/2026,First Class,ND-18370
CA-2026-115483,03/19/2026,03/21/2026,Second Class,JT-12540
US-2026-154214,03/20/2026,03/25/2026,Second Class,TB-21595
US-2026-122763,03/20/2026,03/20/2026,Same Day,HG-14845
US-2026-143770,03/20/2026,03/24/2026,Standard Class,RD-19720
US-2026-122763,03/20/2026,03/20/2026,Same Day,HG-14845
US-2026-165491,03/20/2026,03/24/2026,Standard Class,HW-14935
US-2026-143770,03/20/2026,03/24/2026,Standard Class,RD-19720
US-2026-119452,03/21/2026,03/27/2026,Standard Class,CL-12565
US-2026-111591,03/21/2026,03/25/2026,Standard Class,PS-18970
US-2026-156272,03/21/2026,03/27/2026,Standard Class,PW-19030
US-2026-108539,03/21/2026,03/23/2026,Second Class,SC-20725
US-2026-108539,03/21/2026,03/23/2026,Second Class,SC-20725
US-2026-111591,03/21/2026,03/25/2026,Standard Class,PS-18970
US-2026-117156,03/21/2026,03/23/2026,Second Class,TB-21055
US-2026-111591,03/21/2026,03/25/2026,Standard Class,PS-18970
US-2026-169285,03/21/2026,03/25/2026,Standard Class,RW-19690
US-2026-169285,03/21/2026,03/25/2026,Standard Class,RW-19690
US-2026-111591,03/21/2026,03/25/2026,Standard Class,PS-18970
US-2026-108539,03/21/2026,03/23/2026,Second Class,SC-20725
US-2026-155985,03/23/2026,03/25/2026,First Class,BE-11335
US-2026-120719,03/23/2026,03/26/2026,First Class,SJ-20125
US-2026-140074,03/23/2026,03/29/2026,Standard Class,EC-14050
US-2026-140151,03/23/2026,03/25/2026,First Class,RB-19360
US-2026-140151,03/23/2026,03/25/2026,First Class,RB-19360
US-2026-135650,03/23/2026,03/27/2026,Standard Class,AC-10660
US-2026-136511,03/23/2026,03/25/2026,Second Class,MZ-17515
US-2026-140151,03/23/2026,03/25/2026,First Class,RB-19360
US-2026-122308,03/24/2026,03/28/2026,Standard Class,MV-17485
US-2026-166184,03/24/2026,03/27/2026,First Class,HR-14830
US-2026-166184,03/24/2026,03/27/2026,First Class,HR-14830
US-2026-167101,03/24/2026,03/28/2026,Second Class,BM-11650
US-2026-101637,03/24/2026,03/25/2026,Same Day,AC-10615
US-2026-167101,03/24/2026,03/28/2026,Second Class,BM-11650
US-2026-166184,03/24/2026,03/27/2026,First Class,HR-14830
US-2026-155880,03/25/2026,03/31/2026,Standard Class,JD-16150
US-2026-155880,03/25/2026,03/31/2026,Standard Class,JD-16150
US-2026-155880,03/25/2026,03/31/2026,Standard Class,JD-16150
US-2026-117534,03/25/2026,03/26/2026,First Class,CV-12295
US-2026-143651,03/25/2026,03/30/2026,Standard Class,FM-14215
US-2026-105193,03/25/2026,03/31/2026,Standard Class,JL-15835
US-2026-117534,03/25/2026,03/26/2026,First Class,CV-12295
US-2026-117534,03/25/2026,03/26/2026,First Class,CV-12295
US-2026-101077,03/25/2026,03/30/2026,Second Class,DB-13660
US-2026-117534,03/25/2026,03/26/2026,First Class,CV-12295
US-2026-117534,03/25/2026,03/26/2026,First Class,CV-12295
US-2026-112039,03/25/2026,03/29/2026,Standard Class,JC-15775
US-2026-121251,03/26/2026,03/27/2026,First Class,GM-14440
US-2026-113208,03/26/2026,04/02/2026,Standard Class,ML-18040
US-2026-141677,03/26/2026,03/30/2026,Standard Class,HK-14890
US-2026-147144,03/26/2026,03/28/2026,First Class,MZ-17335
US-2026-162033,03/26/2026,04/02/2026,Standard Class,EM-14200
US-2026-141677,03/26/2026,03/30/2026,Standard Class,HK-14890
US-2026-141677,03/26/2026,03/30/2026,Standard Class,HK-14890
US-2026-141677,03/26/2026,03/30/2026,Standard Class,HK-14890
US-2026-162033,03/26/2026,04/02/2026,Standard Class,EM-14200
US-2026-141677,03/26/2026,03/30/2026,Standard Class,HK-14890
US-2026-121251,03/26/2026,03/27/2026,First Class,GM-14440
US-2026-144491,03/27/2026,04/01/2026,Standard Class,CJ-12010
US-2026-144491,03/27/2026,04/01/2026,Standard Class,CJ-12010
US-2026-144491,03/27/2026,04/01/2026,Standard Class,CJ-12010
US-2026-139416,03/27/2026,03/29/2026,Second Class,AG-10270
US-2026-113705,03/27/2026,03/29/2026,Second Class,LC-16870
US-2026-113705,03/27/2026,03/29/2026,Second Class,LC-16870
US-2026-113705,03/27/2026,03/29/2026,Second Class,LC-16870
US-2026-124716,03/27/2026,03/31/2026,Standard Class,BD-11560
US-2026-124716,03/27/2026,03/31/2026,Standard Class,BD-11560
US-2026-124716,03/27/2026,03/31/2026,Standard Class,BD-11560
US-2026-113705,03/27/2026,03/29/2026,Second Class,LC-16870
US-2026-113705,03/27/2026,03/29/2026,Second Class,LC-16870
US-2026-144491,03/27/2026,04/01/2026,Standard Class,CJ-12010
US-2026-113705,03/27/2026,03/29/2026,Second Class,LC-16870
US-2026-147886,03/28/2026,03/31/2026,First Class,DH-13075
US-2026-147886,03/28/2026,03/31/2026,First Class,DH-13075
US-2026-166611,03/28/2026,04/02/2026,Standard Class,CK-12760
US-2026-147886,03/28/2026,03/31/2026,First Class,DH-13075
US-2026-147886,03/28/2026,03/31/2026,First Class,DH-13075
US-2026-147886,03/28/2026,03/31/2026,First Class,DH-13075
US-2026-147886,03/28/2026,03/31/2026,First Class,DH-13075
US-2026-147886,03/28/2026,03/31/2026,First Class,DH-13075
US-2026-126550,03/29/2026,04/02/2026,Second Class,RD-19720
US-2026-126634,03/30/2026,04/01/2026,Second Class,AB-10165
US-2026-120147,03/30/2026,03/30/2026,Same Day,TB-21400
US-2026-154851,03/30/2026,04/03/2026,Standard Class,BP-11155
US-2026-113474,03/30/2026,03/31/2026,First Class,TM-21490
US-2026-129910,03/30/2026,04/03/2026,Standard Class,ME-17320
US-2026-120147,03/30/2026,03/30/2026,Same Day,TB-21400
US-2026-154907,03/31/2026,04/04/2026,Standard Class,DS-13180
US-2026-159205,03/31/2026,04/02/2026,Second Class,DB-12910
US-2026-100524,03/31/2026,04/02/2026,Second Class,CM-12115
US-2026-144680,03/31/2026,04/02/2026,First Class,SC-20260
US-2026-133263,03/31/2026,04/02/2026,Second Class,JE-15610
US-2026-133263,03/31/2026,04/02/2026,Second Class,JE-15610
US-2026-114524,03/31/2026,04/05/2026,Second Class,EG-13900
US-2026-100524,03/31/2026,04/02/2026,Second Class,CM-12115
US-2026-160143,03/31/2026,04/07/2026,Standard Class,HG-14965
US-2026-133263,03/31/2026,04/02/2026,Second Class,JE-15610
US-2026-159205,03/31/2026,04/02/2026,Second Class,DB-12910
US-2026-102771,03/31/2026,04/05/2026,Standard Class,DO-13435
US-2026-100524,03/31/2026,04/02/2026,Second Class,CM-12115
US-2026-149881,04/01/2026,04/03/2026,First Class,NC-18535
US-2026-134495,04/01/2026,04/04/2026,Second Class,BF-11020
US-2026-129028,04/01/2026,04/03/2026,First Class,GB-14530
US-2026-134495,04/01/2026,04/04/2026,Second Class,BF-11020
US-2026-147942,04/01/2026,04/05/2026,Standard Class,MS-17365
US-2026-145877,04/01/2026,04/04/2026,Second Class,AS-10090
US-2026-134495,04/01/2026,04/04/2026,Second Class,BF-11020
US-2026-147942,04/01/2026,04/05/2026,Standard Class,MS-17365
US-2026-118360,04/01/2026,04/07/2026,Standard Class,JC-15775
US-2026-145877,04/01/2026,04/04/2026,Second Class,AS-10090
US-2026-149881,04/01/2026,04/03/2026,First Class,NC-18535
US-2026-134495,04/01/2026,04/04/2026,Second Class,BF-11020
US-2026-123281,04/02/2026,04/07/2026,Standard Class,JF-15190
US-2026-121419,04/02/2026,04/04/2026,First Class,TC-21475
US-2026-106355,04/02/2026,04/05/2026,First Class,AT-10435
US-2026-145275,04/02/2026,04/06/2026,Standard Class,AH-10465
US-2026-121419,04/02/2026,04/04/2026,First Class,TC-21475
US-2026-131156,04/03/2026,04/07/2026,Standard Class,KH-16360
US-2026-127264,04/03/2026,04/05/2026,First Class,SA-20830
US-2026-140536,04/04/2026,04/05/2026,First Class,TA-21385
US-2026-109211,04/04/2026,04/10/2026,Standard Class,PS-19045
US-2026-144848,04/04/2026,04/05/2026,First Class,DS-13030
US-2026-144848,04/04/2026,04/05/2026,First Class,DS-13030
US-2026-144848,04/04/2026,04/05/2026,First Class,DS-13030
US-2026-157903,04/04/2026,04/08/2026,Standard Class,AM-10705
US-2026-161592,04/06/2026,04/10/2026,Standard Class,CS-12175
US-2026-107265,04/06/2026,04/12/2026,Standard Class,ML-17755
US-2026-100930,04/07/2026,04/12/2026,Standard Class,CS-12400
US-2026-100930,04/07/2026,04/12/2026,Standard Class,CS-12400
US-2026-100930,04/07/2026,04/12/2026,Standard Class,CS-12400
US-2026-165904,04/07/2026,04/11/2026,Standard Class,HR-14770
US-2026-100930,04/07/2026,04/12/2026,Standard Class,CS-12400
US-2026-100930,04/07/2026,04/12/2026,Standard Class,CS-12400
US-2026-165904,04/07/2026,04/11/2026,Standard Class,HR-14770
US-2026-157854,04/08/2026,04/15/2026,Standard Class,DM-13345
US-2026-136721,04/08/2026,04/12/2026,Standard Class,NH-18610
US-2026-136721,04/08/2026,04/12/2026,Standard Class,NH-18610
US-2026-112333,04/08/2026,04/14/2026,Standard Class,KF-16285
US-2026-157854,04/08/2026,04/15/2026,Standard Class,DM-13345
US-2026-150987,04/08/2026,04/12/2026,Standard Class,AH-10120
US-2026-150987,04/08/2026,04/12/2026,Standard Class,AH-10120
US-2026-112333,04/08/2026,04/14/2026,Standard Class,KF-16285
US-2026-135279,04/09/2026,04/11/2026,First Class,BS-11800
US-2026-122154,04/09/2026,04/11/2026,First Class,SA-20830
US-2026-112900,04/09/2026,04/12/2026,Second Class,KL-16645
US-2026-169404,04/09/2026,04/14/2026,Standard Class,NC-18625
US-2026-122154,04/09/2026,04/11/2026,First Class,SA-20830
US-2026-135279,04/09/2026,04/11/2026,First Class,BS-11800
US-2026-135279,04/09/2026,04/11/2026,First Class,BS-11800
US-2026-122154,04/09/2026,04/11/2026,First Class,SA-20830
US-2026-169404,04/09/2026,04/14/2026,Standard Class,NC-18625
US-2026-135279,04/09/2026,04/11/2026,First Class,BS-11800
US-2026-135279,04/09/2026,04/11/2026,First Class,BS-11800
US-2026-135279,04/09/2026,04/11/2026,First Class,BS-11800
US-2026-115070,04/10/2026,04/14/2026,Second Class,MG-18205
US-2026-135069,04/10/2026,04/14/2026,Standard Class,BS-11755
US-2026-135069,04/10/2026,04/14/2026,Standard Class,BS-11755
US-2026-115070,04/10/2026,04/14/2026,Second Class,MG-18205
US-2026-161984,04/10/2026,04/15/2026,Standard Class,SJ-20125
US-2026-125115,04/10/2026,04/10/2026,Same Day,RD-19930
US-2026-161984,04/10/2026,04/15/2026,Standard Class,SJ-20125
US-2026-150623,04/10/2026,04/14/2026,Standard Class,DB-13360
US-2026-125115,04/10/2026,04/10/2026,Same Day,RD-19930
US-2026-150623,04/10/2026,04/14/2026,Standard Class,DB-13360
US-2026-130904,04/11/2026,04/16/2026,Standard Class,HM-14980
US-2026-130904,04/11/2026,04/16/2026,Standard Class,HM-14980
US-2026-166128,04/11/2026,04/18/2026,Standard Class,LW-17215
US-2026-143028,04/11/2026,04/18/2026,Standard Class,SC-20050
US-2026-100482,04/11/2026,04/15/2026,Standard Class,JL-15130
US-2026-166128,04/11/2026,04/18/2026,Standard Class,LW-17215
US-2026-100482,04/11/2026,04/15/2026,Standard Class,JL-15130
US-2026-122735,04/12/2026,04/15/2026,Second Class,BD-11320
US-2026-122735,04/12/2026,04/15/2026,Second Class,BD-11320
US-2026-135076,04/13/2026,04/17/2026,Standard Class,YS-21880
US-2026-155460,04/13/2026,04/15/2026,First Class,RW-19630
US-2026-141663,04/13/2026,04/17/2026,Standard Class,DP-13105
US-2026-155460,04/13/2026,04/15/2026,First Class,RW-19630
US-2026-126060,04/14/2026,04/18/2026,Standard Class,DW-13585
US-2026-131233,04/14/2026,04/19/2026,Standard Class,CS-12355
US-2026-127117,04/14/2026,04/19/2026,Standard Class,HM-14860
US-2026-144932,04/14/2026,04/17/2026,First Class,AB-10165
US-2026-144932,04/14/2026,04/17/2026,First Class,AB-10165
US-2026-131233,04/14/2026,04/19/2026,Standard Class,CS-12355
US-2026-159604,04/14/2026,04/15/2026,First Class,CL-12700
US-2026-144932,04/14/2026,04/17/2026,First Class,AB-10165
US-2026-118857,04/15/2026,04/18/2026,First Class,AH-10075
US-2026-126774,04/15/2026,04/17/2026,First Class,SH-20395
US-2026-161851,04/15/2026,04/17/2026,First Class,BP-11095
US-2026-141698,04/15/2026,04/21/2026,Standard Class,SD-20485
US-2026-134635,04/15/2026,04/17/2026,Second Class,NS-18640
US-2026-114412,04/15/2026,04/20/2026,Standard Class,AA-10480
US-2026-108070,04/16/2026,04/20/2026,Standard Class,JE-15745
US-2026-138086,04/16/2026,04/20/2026,Standard Class,JO-15550
US-2026-109946,04/16/2026,04/21/2026,Standard Class,PL-18925
US-2026-156356,04/16/2026,04/22/2026,Standard Class,ND-18370
US-2026-156356,04/16/2026,04/22/2026,Standard Class,ND-18370
US-2026-136497,04/16/2026,04/20/2026,Standard Class,RF-19840
US-2026-156356,04/16/2026,04/22/2026,Standard Class,ND-18370
US-2026-108070,04/16/2026,04/20/2026,Standard Class,JE-15745
US-2026-122707,04/16/2026,04/18/2026,First Class,EB-13750
US-2026-122707,04/16/2026,04/18/2026,First Class,EB-13750
US-2026-128965,04/17/2026,04/22/2026,Standard Class,PS-18760
US-2026-119389,04/17/2026,04/19/2026,First Class,BG-11740
US-2026-134845,04/17/2026,04/23/2026,Standard Class,SR-20425
US-2026-134845,04/17/2026,04/23/2026,Standard Class,SR-20425
US-2026-134845,04/17/2026,04/23/2026,Standard Class,SR-20425
US-2026-128965,04/17/2026,04/22/2026,Standard Class,PS-18760
US-2026-128965,04/17/2026,04/22/2026,Standard Class,PS-18760
US-2026-128965,04/17/2026,04/22/2026,Standard Class,PS-18760
US-2026-134845,04/17/2026,04/23/2026,Standard Class,SR-20425
US-2026-128965,04/17/2026,04/22/2026,Standard Class,PS-18760
US-2026-129203,04/17/2026,04/22/2026,Standard Class,BM-11575
US-2026-128965,04/17/2026,04/22/2026,Standard Class,PS-18760
US-2026-134845,04/17/2026,04/23/2026,Standard Class,SR-20425
CA-2026-108735,04/17/2026,04/21/2026,Standard Class,JM-15535
US-2026-100615,04/20/2026,04/24/2026,Standard Class,SJ-20215
US-2026-151484,04/20/2026,04/23/2026,First Class,CV-12805
US-2026-100615,04/20/2026,04/24/2026,Standard Class,SJ-20215
US-2026-166849,04/20/2026,04/26/2026,Standard Class,SJ-20125
US-2026-151484,04/20/2026,04/23/2026,First Class,CV-12805
US-2026-100615,04/20/2026,04/24/2026,Standard Class,SJ-20215
US-2026-166324,04/20/2026,04/21/2026,First Class,BE-11455
US-2026-119655,04/20/2026,04/24/2026,Standard Class,CV-12295
US-2026-119655,04/20/2026,04/24/2026,Standard Class,CV-12295
US-2026-166324,04/20/2026,04/21/2026,First Class,BE-11455
US-2026-151484,04/20/2026,04/23/2026,First Class,CV-12805
US-2026-151484,04/20/2026,04/23/2026,First Class,CV-12805
US-2026-166324,04/20/2026,04/21/2026,First Class,BE-11455
US-2026-128853,04/21/2026,04/23/2026,First Class,JM-15250
US-2026-166198,04/21/2026,04/24/2026,First Class,JW-15955
US-2026-152366,04/21/2026,04/25/2026,Second Class,SJ-20500
US-2026-145863,04/21/2026,04/27/2026,Standard Class,RP-19390
US-2026-145863,04/21/2026,04/27/2026,Standard Class,RP-19390
US-2026-140802,04/21/2026,04/23/2026,First Class,KN-16390
US-2026-166198,04/21/2026,04/24/2026,First Class,JW-15955
US-2026-140802,04/21/2026,04/23/2026,First Class,KN-16390
US-2026-135783,04/22/2026,04/24/2026,First Class,GM-14440
US-2026-169054,04/22/2026,04/26/2026,Standard Class,MO-17800
US-2026-146192,04/22/2026,04/26/2026,Standard Class,BD-11725
US-2026-132031,04/23/2026,04/27/2026,Standard Class,PN-18775
US-2026-132031,04/23/2026,04/27/2026,Standard Class,PN-18775
US-2026-101700,04/23/2026,04/26/2026,First Class,SO-20335
US-2026-136651,04/23/2026,04/25/2026,Second Class,JF-15355
US-2026-136651,04/23/2026,04/25/2026,Second Class,JF-15355
US-2026-108553,04/23/2026,04/29/2026,Standard Class,SK-19990
US-2026-157112,04/23/2026,04/26/2026,First Class,GG-14650
US-2026-136651,04/23/2026,04/25/2026,Second Class,JF-15355
US-2026-101700,04/23/2026,04/26/2026,First Class,SO-20335
US-2026-132031,04/23/2026,04/27/2026,Standard Class,PN-18775
US-2026-157112,04/23/2026,04/26/2026,First Class,GG-14650
US-2026-104010,04/23/2026,04/25/2026,First Class,TD-20995
US-2026-108553,04/23/2026,04/29/2026,Standard Class,SK-19990
US-2026-132031,04/23/2026,04/27/2026,Standard Class,PN-18775
US-2026-146360,04/23/2026,04/25/2026,Second Class,SC-20305
US-2026-149489,04/24/2026,04/27/2026,First Class,DK-12835
US-2026-125269,04/24/2026,04/30/2026,Standard Class,AF-10870
US-2026-149489,04/24/2026,04/27/2026,First Class,DK-12835
US-2026-149489,04/24/2026,04/27/2026,First Class,DK-12835
US-2026-166933,04/24/2026,04/28/2026,Standard Class,MG-17890
US-2026-168102,04/24/2026,04/30/2026,Standard Class,CP-12340
US-2026-125269,04/24/2026,04/30/2026,Standard Class,AF-10870
US-2026-128832,04/24/2026,04/27/2026,First Class,LS-16945
US-2026-116953,04/24/2026,04/25/2026,First Class,SV-20935
US-2026-159226,04/25/2026,04/27/2026,Second Class,RL-19615
US-2026-129707,04/25/2026,04/29/2026,Standard Class,LH-16750
US-2026-132213,04/25/2026,04/26/2026,First Class,PN-18775
US-2026-132213,04/25/2026,04/26/2026,First Class,PN-18775
US-2026-120222,04/25/2026,05/02/2026,Standard Class,LL-16840
US-2026-151071,04/25/2026,04/29/2026,Second Class,MB-18085
US-2026-120222,04/25/2026,05/02/2026,Standard Class,LL-16840
US-2026-125381,04/25/2026,04/27/2026,Second Class,SG-20605
US-2026-160045,04/26/2026,04/27/2026,First Class,LB-16735
US-2026-143665,04/26/2026,05/01/2026,Standard Class,PO-19180
US-2026-143665,04/26/2026,05/01/2026,Standard Class,PO-19180
US-2026-135692,04/27/2026,05/01/2026,Standard Class,CV-12805
US-2026-151281,04/27/2026,05/02/2026,Standard Class,HM-14980
US-2026-168228,04/27/2026,04/29/2026,First Class,AP-10915
US-2026-168228,04/27/2026,04/29/2026,First Class,AP-10915
US-2026-168228,04/27/2026,04/29/2026,First Class,AP-10915
US-2026-135692,04/27/2026,05/01/2026,Standard Class,CV-12805
US-2026-120894,04/28/2026,05/02/2026,Standard Class,JL-15130
US-2026-160962,04/28/2026,05/02/2026,Standard Class,MC-17605
US-2026-160962,04/28/2026,05/02/2026,Standard Class,MC-17605
US-2026-137631,04/28/2026,05/02/2026,Standard Class,JL-15235
US-2026-164056,04/29/2026,05/04/2026,Second Class,FM-14215
US-2026-126718,04/29/2026,05/04/2026,Standard Class,KT-16480
US-2026-137876,04/30/2026,05/05/2026,Standard Class,DJ-13510
US-2026-108315,04/30/2026,05/04/2026,Standard Class,MH-18115
US-2026-108322,04/30/2026,05/05/2026,Standard Class,SS-20140
US-2026-124597,04/30/2026,05/05/2026,Standard Class,AS-10630
US-2026-154501,04/30/2026,05/05/2026,Standard Class,EA-14035
US-2026-108315,04/30/2026,05/04/2026,Standard Class,MH-18115
US-2026-144582,04/30/2026,05/05/2026,Standard Class,TC-21475
US-2026-150609,04/30/2026,05/04/2026,Standard Class,NZ-18565
US-2026-144526,04/30/2026,05/06/2026,Standard Class,QJ-19255
US-2026-137876,04/30/2026,05/05/2026,Standard Class,DJ-13510
US-2026-151911,04/30/2026,05/05/2026,Second Class,DL-13495
US-2026-124597,04/30/2026,05/05/2026,Standard Class,AS-10630
US-2026-124597,04/30/2026,05/05/2026,Standard Class,AS-10630
US-2026-107636,04/30/2026,05/02/2026,First Class,NM-18520
US-2026-136784,04/30/2026,05/05/2026,Standard Class,AD-10180
US-2026-150847,04/30/2026,05/06/2026,Standard Class,JF-15490
US-2026-108322,04/30/2026,05/05/2026,Standard Class,SS-20140
US-2026-144526,04/30/2026,05/06/2026,Standard Class,QJ-19255
US-2026-110198,05/01/2026,05/02/2026,First Class,AG-10900
US-2026-102204,05/01/2026,05/06/2026,Standard Class,CJ-12010
US-2026-102204,05/01/2026,05/06/2026,Standard Class,CJ-12010
US-2026-110198,05/01/2026,05/02/2026,First Class,AG-10900
US-2026-102204,05/01/2026,05/06/2026,Standard Class,CJ-12010
US-2026-110212,05/01/2026,05/05/2026,Standard Class,SJ-20125
US-2026-123134,05/02/2026,05/07/2026,Standard Class,DW-13585
US-2026-147844,05/02/2026,05/06/2026,Standard Class,DD-13570
US-2026-147844,05/02/2026,05/06/2026,Standard Class,DD-13570
US-2026-147844,05/02/2026,05/06/2026,Standard Class,DD-13570
US-2026-128398,05/02/2026,05/05/2026,Second Class,EM-13825
US-2026-132199,05/03/2026,05/08/2026,Standard Class,BO-11350
US-2026-132199,05/03/2026,05/08/2026,Standard Class,BO-11350
US-2026-163209,05/03/2026,05/07/2026,Standard Class,MK-18160
US-2026-132199,05/03/2026,05/08/2026,Standard Class,BO-11350
US-2026-132199,05/03/2026,05/08/2026,Standard Class,BO-11350
US-2026-132199,05/03/2026,05/08/2026,Standard Class,BO-11350
US-2026-163209,05/03/2026,05/07/2026,Standard Class,MK-18160
US-2026-132178,05/03/2026,05/08/2026,Second Class,DB-12970
US-2026-132178,05/03/2026,05/08/2026,Second Class,DB-12970
US-2026-162978,05/04/2026,05/09/2026,Standard Class,LW-16990
US-2026-119914,05/04/2026,05/09/2026,Second Class,CC-12220
US-2026-133067,05/04/2026,05/10/2026,Standard Class,MY-18295
US-2026-133067,05/04/2026,05/10/2026,Standard Class,MY-18295
US-2026-168900,05/04/2026,05/09/2026,Standard Class,SH-20395
US-2026-128755,05/04/2026,05/08/2026,Standard Class,MK-18160
US-2026-162978,05/04/2026,05/09/2026,Standard Class,LW-16990
US-2026-128755,05/04/2026,05/08/2026,Standard Class,MK-18160
US-2026-128755,05/04/2026,05/08/2026,Standard Class,MK-18160
US-2026-128755,05/04/2026,05/08/2026,Standard Class,MK-18160
US-2026-162978,05/04/2026,05/09/2026,Standard Class,LW-16990
US-2026-105991,05/05/2026,05/06/2026,First Class,LH-17020
US-2026-105991,05/05/2026,05/06/2026,First Class,LH-17020
US-2026-160724,05/05/2026,05/10/2026,Standard Class,YS-21880
US-2026-105991,05/05/2026,05/06/2026,First Class,LH-17020
US-2026-141943,05/05/2026,05/09/2026,Standard Class,DK-12985
US-2026-107552,05/05/2026,05/05/2026,Same Day,AI-10855
CA-2026-158740,05/05/2026,05/10/2026,Standard Class,FG-14260
US-2026-133200,05/06/2026,05/11/2026,Standard Class,DB-13555
US-2026-133487,05/06/2026,05/09/2026,Second Class,TS-21655
US-2026-156769,05/06/2026,05/09/2026,First Class,GZ-14470
US-2026-140242,05/06/2026,05/11/2026,Standard Class,ML-17755
US-2026-133200,05/06/2026,05/11/2026,Standard Class,DB-13555
US-2026-144498,05/06/2026,05/06/2026,Same Day,MB-18085
US-2026-144498,05/06/2026,05/06/2026,Same Day,MB-18085
US-2026-167668,05/06/2026,05/08/2026,First Class,TC-21295
US-2026-145779,05/06/2026,05/10/2026,Standard Class,DB-13615
US-2026-133200,05/06/2026,05/11/2026,Standard Class,DB-13555
US-2026-162124,05/06/2026,05/10/2026,Standard Class,JF-15490
US-2026-140242,05/06/2026,05/11/2026,Standard Class,ML-17755
US-2026-144498,05/06/2026,05/06/2026,Same Day,MB-18085
US-2026-141733,05/07/2026,05/11/2026,Standard Class,RW-19540
US-2026-141733,05/07/2026,05/11/2026,Standard Class,RW-19540
US-2026-141733,05/07/2026,05/11/2026,Standard Class,RW-19540
US-2026-141733,05/07/2026,05/11/2026,Standard Class,RW-19540
US-2026-159688,05/07/2026,05/12/2026,Standard Class,AB-10060
US-2026-102820,05/07/2026,05/11/2026,Standard Class,CS-11950
US-2026-156895,05/08/2026,05/12/2026,Standard Class,DJ-13510
US-2026-149181,05/08/2026,05/12/2026,Standard Class,MD-17350
US-2026-104451,05/08/2026,05/12/2026,Second Class,MM-18055
US-2026-107797,05/08/2026,05/11/2026,Second Class,EB-13705
US-2026-133865,05/08/2026,05/12/2026,Standard Class,PS-19045
US-2026-134810,05/09/2026,05/10/2026,First Class,MC-17605
US-2026-118199,05/09/2026,05/11/2026,First Class,LB-16795
US-2026-118199,05/09/2026,05/11/2026,First Class,LB-16795
US-2026-134810,05/09/2026,05/10/2026,First Class,MC-17605
US-2026-118199,05/09/2026,05/11/2026,First Class,LB-16795
US-2026-118199,05/09/2026,05/11/2026,First Class,LB-16795
US-2026-118199,05/09/2026,05/11/2026,First Class,LB-16795
US-2026-139647,05/11/2026,05/13/2026,First Class,TS-21370
US-2026-140298,05/11/2026,05/17/2026,Standard Class,JK-16120
US-2026-140298,05/11/2026,05/17/2026,Standard Class,JK-16120
US-2026-115322,05/11/2026,05/16/2026,Second Class,ZC-21910
US-2026-133823,05/11/2026,05/12/2026,Same Day,LP-17080
US-2026-133823,05/11/2026,05/12/2026,Same Day,LP-17080
US-2026-133823,05/11/2026,05/12/2026,Same Day,LP-17080
US-2026-140298,05/11/2026,05/17/2026,Standard Class,JK-16120
US-2026-140298,05/11/2026,05/17/2026,Standard Class,JK-16120
US-2026-122175,05/12/2026,05/14/2026,Second Class,CA-12775
US-2026-117632,05/12/2026,05/18/2026,Standard Class,CS-12175
US-2026-117632,05/12/2026,05/18/2026,Standard Class,CS-12175
US-2026-106796,05/12/2026,05/19/2026,Standard Class,JP-16135
US-2026-117632,05/12/2026,05/18/2026,Standard Class,CS-12175
US-2026-158218,05/12/2026,05/15/2026,Second Class,AC-10420
US-2026-152226,05/12/2026,05/16/2026,Standard Class,JH-15910
US-2026-122175,05/12/2026,05/14/2026,Second Class,CA-12775
US-2026-104577,05/12/2026,05/17/2026,Standard Class,CK-12205
US-2026-158218,05/12/2026,05/15/2026,Second Class,AC-10420
US-2026-117632,05/12/2026,05/18/2026,Standard Class,CS-12175
US-2026-122175,05/12/2026,05/14/2026,Second Class,CA-12775
US-2026-122175,05/12/2026,05/14/2026,Second Class,CA-12775
US-2026-137785,05/13/2026,05/17/2026,Standard Class,MH-18115
US-2026-104318,05/13/2026,05/18/2026,Standard Class,FH-14275
US-2026-161655,05/13/2026,05/18/2026,Second Class,CW-11905
US-2026-149048,05/13/2026,05/17/2026,Standard Class,BM-11650
US-2026-149048,05/13/2026,05/17/2026,Standard Class,BM-11650
US-2026-100748,05/13/2026,05/20/2026,Standard Class,RB-19795
US-2026-149048,05/13/2026,05/17/2026,Standard Class,BM-11650
US-2026-149048,05/13/2026,05/17/2026,Standard Class,BM-11650
US-2026-149048,05/13/2026,05/17/2026,Standard Class,BM-11650
US-2026-133361,05/14/2026,05/17/2026,First Class,AJ-10780
US-2026-161774,05/14/2026,05/15/2026,First Class,GT-14710
US-2026-143686,05/14/2026,05/14/2026,Same Day,PJ-19015
US-2026-161774,05/14/2026,05/15/2026,First Class,GT-14710
US-2026-133361,05/14/2026,05/17/2026,First Class,AJ-10780
US-2026-133361,05/14/2026,05/17/2026,First Class,AJ-10780
US-2026-133361,05/14/2026,05/17/2026,First Class,AJ-10780
US-2026-154872,05/14/2026,05/18/2026,Standard Class,DP-13000
US-2026-133641,05/14/2026,05/21/2026,Standard Class,EJ-14155
US-2026-154872,05/14/2026,05/18/2026,Standard Class,DP-13000
US-2026-133361,05/14/2026,05/17/2026,First Class,AJ-10780
US-2026-161774,05/14/2026,05/15/2026,First Class,GT-14710
US-2026-154872,05/14/2026,05/18/2026,Standard Class,DP-13000
US-2026-161774,05/14/2026,05/15/2026,First Class,GT-14710
US-2026-129357,05/14/2026,05/19/2026,Standard Class,KB-16585
US-2026-115546,05/14/2026,05/18/2026,Standard Class,AH-10465
US-2026-129357,05/14/2026,05/19/2026,Standard Class,KB-16585
US-2026-143686,05/14/2026,05/14/2026,Same Day,PJ-19015
US-2026-133361,05/14/2026,05/17/2026,First Class,AJ-10780
US-2026-115546,05/14/2026,05/18/2026,Standard Class,AH-10465
US-2026-161774,05/14/2026,05/15/2026,First Class,GT-14710
US-2026-110604,05/15/2026,05/20/2026,Standard Class,JF-15295
US-2026-110604,05/15/2026,05/20/2026,Standard Class,JF-15295
US-2026-110604,05/15/2026,05/20/2026,Standard Class,JF-15295
US-2026-102414,05/15/2026,05/18/2026,Second Class,JA-15970
US-2026-152569,05/15/2026,05/20/2026,Standard Class,JD-16015
US-2026-102414,05/15/2026,05/18/2026,Second Class,JA-15970
US-2026-152569,05/15/2026,05/20/2026,Standard Class,JD-16015
US-2026-102414,05/15/2026,05/18/2026,Second Class,JA-15970
US-2026-166576,05/16/2026,05/18/2026,First Class,JM-15865
US-2026-159464,05/18/2026,05/19/2026,First Class,TB-21355
US-2026-155642,05/18/2026,05/22/2026,Standard Class,BM-11575
US-2026-117863,05/18/2026,05/23/2026,Standard Class,TS-21340
US-2026-155642,05/18/2026,05/22/2026,Standard Class,BM-11575
US-2026-117401,05/18/2026,05/22/2026,Second Class,PP-18955
US-2026-159464,05/18/2026,05/19/2026,First Class,TB-21355
US-2026-159464,05/18/2026,05/19/2026,First Class,TB-21355
US-2026-117863,05/18/2026,05/23/2026,Standard Class,TS-21340
US-2026-117401,05/18/2026,05/22/2026,Second Class,PP-18955
US-2026-112536,05/18/2026,05/23/2026,Standard Class,SG-20890
US-2026-112536,05/18/2026,05/23/2026,Standard Class,SG-20890
US-2026-112536,05/18/2026,05/23/2026,Standard Class,SG-20890
US-2026-112865,05/18/2026,05/22/2026,Standard Class,BH-11710
US-2026-159464,05/18/2026,05/19/2026,First Class,TB-21355
US-2026-121643,05/18/2026,05/20/2026,First Class,AB-10105
US-2026-159464,05/18/2026,05/19/2026,First Class,TB-21355
US-2026-117401,05/18/2026,05/22/2026,Second Class,PP-18955
CA-2026-135471,05/18/2026,05/25/2026,Standard Class,GZ-14545
US-2026-138975,05/19/2026,05/23/2026,Standard Class,SC-20380
US-2026-145702,05/19/2026,05/24/2026,Second Class,AH-10075
US-2026-113530,05/19/2026,05/21/2026,Second Class,BC-11125
US-2026-100048,05/19/2026,05/24/2026,Standard Class,RS-19765
US-2026-153787,05/19/2026,05/23/2026,Standard Class,AT-10735
US-2026-113530,05/19/2026,05/21/2026,Second Class,BC-11125
US-2026-113530,05/19/2026,05/21/2026,Second Class,BC-11125
US-2026-127803,05/19/2026,05/23/2026,Standard Class,ND-18460
US-2026-147998,05/19/2026,05/24/2026,Standard Class,SA-20830
US-2026-122077,05/19/2026,05/25/2026,Standard Class,JF-15295
US-2026-138975,05/19/2026,05/23/2026,Standard Class,SC-20380
US-2026-145702,05/19/2026,05/24/2026,Second Class,AH-10075
US-2026-120607,05/19/2026,05/19/2026,Same Day,JC-15775
US-2026-108700,05/19/2026,05/23/2026,Standard Class,PJ-18835
US-2026-113530,05/19/2026,05/21/2026,Second Class,BC-11125
US-2026-100048,05/19/2026,05/24/2026,Standard Class,RS-19765
US-2026-138975,05/19/2026,05/23/2026,Standard Class,SC-20380
US-2026-100048,05/19/2026,05/24/2026,Standard Class,RS-19765
US-2026-122077,05/19/2026,05/25/2026,Standard Class,JF-15295
US-2026-138975,05/19/2026,05/23/2026,Standard Class,SC-20380
US-2026-166695,05/20/2026,05/24/2026,Standard Class,CC-12430
US-2026-166695,05/20/2026,05/24/2026,Standard Class,CC-12430
US-2026-166688,05/20/2026,05/26/2026,Standard Class,RD-19480
US-2026-111332,05/20/2026,05/22/2026,Second Class,NC-18340
US-2026-111332,05/20/2026,05/22/2026,Second Class,NC-18340
US-2026-111332,05/20/2026,05/22/2026,Second Class,NC-18340
US-2026-149468,05/20/2026,05/20/2026,Same Day,AR-10405
US-2026-166688,05/20/2026,05/26/2026,Standard Class,RD-19480
US-2026-111332,05/20/2026,05/22/2026,Second Class,NC-18340
US-2026-111332,05/20/2026,05/22/2026,Second Class,NC-18340
US-2026-166695,05/20/2026,05/24/2026,Standard Class,CC-12430
US-2026-166688,05/20/2026,05/26/2026,Standard Class,RD-19480
CA-2026-166695,05/20/2026,05/24/2026,Standard Class,CC-12430
CA-2026-166695,05/20/2026,05/24/2026,Standard Class,CC-12430
CA-2026-166695,05/20/2026,05/24/2026,Standard Class,CC-12430
US-2026-167899,05/21/2026,05/26/2026,Standard Class,JG-15805
US-2026-167899,05/21/2026,05/26/2026,Standard Class,JG-15805
US-2026-150595,05/22/2026,05/26/2026,Standard Class,LE-16810
US-2026-151127,05/22/2026,05/25/2026,First Class,RL-19615
US-2026-130106,05/22/2026,05/26/2026,Standard Class,VF-21715
US-2026-130106,05/22/2026,05/26/2026,Standard Class,VF-21715
US-2026-150595,05/22/2026,05/26/2026,Standard Class,LE-16810
US-2026-150595,05/22/2026,05/26/2026,Standard Class,LE-16810
US-2026-153080,05/22/2026,05/25/2026,Second Class,EH-13945
US-2026-167003,05/23/2026,05/29/2026,Standard Class,VS-21820
US-2026-164042,05/23/2026,05/27/2026,Standard Class,KL-16645
US-2026-164042,05/23/2026,05/27/2026,Standard Class,KL-16645
US-2026-164042,05/23/2026,05/27/2026,Standard Class,KL-16645
US-2026-164042,05/23/2026,05/27/2026,Standard Class,KL-16645
US-2026-120168,05/25/2026,05/25/2026,Same Day,TB-21625
US-2026-161088,05/25/2026,05/29/2026,Standard Class,MH-18115
US-2026-120168,05/25/2026,05/25/2026,Same Day,TB-21625
US-2026-120168,05/25/2026,05/25/2026,Same Day,TB-21625
US-2026-112473,05/25/2026,06/01/2026,Standard Class,JL-15505
US-2026-120168,05/25/2026,05/25/2026,Same Day,TB-21625
US-2026-123687,05/26/2026,05/29/2026,First Class,KC-16675
US-2026-107853,05/26/2026,05/31/2026,Standard Class,CD-11920
US-2026-123687,05/26/2026,05/29/2026,First Class,KC-16675
US-2026-152968,05/26/2026,05/30/2026,Standard Class,BM-11785
US-2026-136882,05/27/2026,06/03/2026,Standard Class,DN-13690
US-2026-116897,05/27/2026,05/29/2026,First Class,JG-15160
US-2026-134152,05/27/2026,05/31/2026,Standard Class,RP-19855
US-2026-132297,05/27/2026,06/02/2026,Standard Class,DW-13480
US-2026-151855,05/27/2026,06/03/2026,Standard Class,BW-11110
US-2026-160458,05/27/2026,05/29/2026,Second Class,EH-13945
US-2026-116897,05/27/2026,05/29/2026,First Class,JG-15160
US-2026-151855,05/27/2026,06/03/2026,Standard Class,BW-11110
US-2026-134152,05/27/2026,05/31/2026,Standard Class,RP-19855
US-2026-132297,05/27/2026,06/02/2026,Standard Class,DW-13480
US-2026-116897,05/27/2026,05/29/2026,First Class,JG-15160
US-2026-161340,05/28/2026,06/01/2026,Standard Class,AM-10360
US-2026-140088,05/28/2026,05/30/2026,Second Class,PO-18865
US-2026-118556,05/28/2026,06/02/2026,Second Class,TH-21235
US-2026-141572,05/28/2026,05/31/2026,Second Class,LO-17170
US-2026-100055,05/28/2026,06/01/2026,Standard Class,MD-17860
US-2026-100055,05/28/2026,06/01/2026,Standard Class,MD-17860
US-2026-118556,05/28/2026,06/02/2026,Second Class,TH-21235
US-2026-145765,05/28/2026,06/02/2026,Standard Class,CM-11815
US-2026-161340,05/28/2026,06/01/2026,Standard Class,AM-10360
US-2026-145765,05/28/2026,06/02/2026,Standard Class,CM-11815
US-2026-145765,05/28/2026,06/02/2026,Standard Class,CM-11815
US-2026-112613,05/28/2026,06/01/2026,Standard Class,JH-15910
US-2026-168739,05/29/2026,06/05/2026,Standard Class,HZ-14950
US-2026-121580,05/29/2026,06/04/2026,Standard Class,ML-17410
US-2026-121580,05/29/2026,06/04/2026,Standard Class,ML-17410
US-2026-121580,05/29/2026,06/04/2026,Standard Class,ML-17410
US-2026-144568,05/29/2026,06/02/2026,Standard Class,JO-15550
US-2026-104745,05/29/2026,06/04/2026,Standard Class,GT-14755
US-2026-121580,05/29/2026,06/04/2026,Standard Class,ML-17410
US-2026-104745,05/29/2026,06/04/2026,Standard Class,GT-14755
US-2026-125472,05/30/2026,05/31/2026,First Class,BD-11725
US-2026-142461,05/30/2026,06/03/2026,Second Class,KT-16480
US-2026-121125,05/30/2026,06/03/2026,Standard Class,MG-17890
US-2026-125472,05/30/2026,05/31/2026,First Class,BD-11725
US-2026-116498,05/30/2026,06/03/2026,Standard Class,KA-16525
US-2026-125472,05/30/2026,05/31/2026,First Class,BD-11725
US-2026-120614,05/30/2026,06/04/2026,Standard Class,SM-20950
US-2026-121125,05/30/2026,06/03/2026,Standard Class,MG-17890
US-2026-121125,05/30/2026,06/03/2026,Standard Class,MG-17890
US-2026-121559,06/01/2026,06/03/2026,Second Class,HW-14935
US-2026-112928,06/01/2026,06/05/2026,Second Class,BB-10990
US-2026-121559,06/01/2026,06/03/2026,Second Class,HW-14935
US-2026-121559,06/01/2026,06/03/2026,Second Class,HW-14935
US-2026-106831,06/01/2026,06/03/2026,First Class,FH-14350
US-2026-146493,06/01/2026,06/05/2026,Standard Class,CV-12805
US-2026-106831,06/01/2026,06/03/2026,First Class,FH-14350
US-2026-157413,06/01/2026,06/06/2026,Standard Class,BW-11065
US-2026-121559,06/01/2026,06/03/2026,Second Class,HW-14935
US-2026-121559,06/01/2026,06/03/2026,Second Class,HW-14935
US-2026-106831,06/01/2026,06/03/2026,First Class,FH-14350
US-2026-140760,06/02/2026,06/05/2026,Second Class,DO-13435
US-2026-143294,06/02/2026,06/08/2026,Standard Class,JD-15790
US-2026-140760,06/02/2026,06/05/2026,Second Class,DO-13435
US-2026-158883,06/02/2026,06/03/2026,Same Day,CS-11860
US-2026-127705,06/02/2026,06/06/2026,Standard Class,AB-10255
US-2026-127705,06/02/2026,06/06/2026,Standard Class,AB-10255
US-2026-140872,06/03/2026,06/10/2026,Standard Class,NR-18550
US-2026-126382,06/03/2026,06/07/2026,Standard Class,HK-14890
US-2026-113908,06/03/2026,06/09/2026,Standard Class,KN-16390
US-2026-140872,06/03/2026,06/10/2026,Standard Class,NR-18550
US-2026-140872,06/03/2026,06/10/2026,Standard Class,NR-18550
US-2026-145772,06/03/2026,06/07/2026,Standard Class,SS-20140
US-2026-140872,06/03/2026,06/10/2026,Standard Class,NR-18550
US-2026-140872,06/03/2026,06/10/2026,Standard Class,NR-18550
US-2026-145772,06/03/2026,06/07/2026,Standard Class,SS-20140
US-2026-113908,06/03/2026,06/09/2026,Standard Class,KN-16390
US-2026-145506,06/03/2026,06/07/2026,Standard Class,MO-17800
US-2026-140872,06/03/2026,06/10/2026,Standard Class,NR-18550
US-2026-145772,06/03/2026,06/07/2026,Standard Class,SS-20140
US-2026-140872,06/03/2026,06/10/2026,Standard Class,NR-18550
US-2026-150420,06/03/2026,06/08/2026,Standard Class,GD-14590
US-2026-113908,06/03/2026,06/09/2026,Standard Class,KN-16390
US-2026-140872,06/03/2026,06/10/2026,Standard Class,NR-18550
US-2026-158407,06/04/2026,06/10/2026,Standard Class,LW-16990
US-2026-149720,06/04/2026,06/07/2026,Second Class,EM-14065
US-2026-158106,06/04/2026,06/10/2026,Standard Class,CT-11995
US-2026-133095,06/04/2026,06/04/2026,Same Day,EH-14005
US-2026-158953,06/04/2026,06/08/2026,Standard Class,ML-18040
US-2026-133095,06/04/2026,06/04/2026,Same Day,EH-14005
US-2026-100426,06/04/2026,06/08/2026,Standard Class,DC-12850
US-2026-158407,06/04/2026,06/10/2026,Standard Class,LW-16990
US-2026-141614,06/05/2026,06/09/2026,Standard Class,NS-18640
US-2026-126788,06/05/2026,06/06/2026,First Class,AB-10105
US-2026-131849,06/06/2026,06/10/2026,Standard Class,GH-14410
US-2026-131849,06/06/2026,06/10/2026,Standard Class,GH-14410
US-2026-109316,06/08/2026,06/10/2026,First Class,MG-17680
US-2026-155299,06/08/2026,06/12/2026,Standard Class,Dl-13600
US-2026-106579,06/08/2026,06/13/2026,Standard Class,BW-11200
US-2026-107979,06/08/2026,06/13/2026,Standard Class,FO-14305
US-2026-117436,06/08/2026,06/14/2026,Standard Class,LW-17125
US-2026-132682,06/08/2026,06/10/2026,Second Class,TH-21235
US-2026-107979,06/08/2026,06/13/2026,Standard Class,FO-14305
US-2026-132682,06/08/2026,06/10/2026,Second Class,TH-21235
US-2026-107979,06/08/2026,06/13/2026,Standard Class,FO-14305
US-2026-109316,06/08/2026,06/10/2026,First Class,MG-17680
US-2026-132682,06/08/2026,06/10/2026,Second Class,TH-21235
US-2026-106663,06/09/2026,06/13/2026,Standard Class,MO-17800
US-2026-106663,06/09/2026,06/13/2026,Standard Class,MO-17800
US-2026-146822,06/09/2026,06/14/2026,Standard Class,AG-10675
US-2026-106663,06/09/2026,06/13/2026,Standard Class,MO-17800
US-2026-100951,06/09/2026,06/10/2026,First Class,NC-18625
US-2026-140963,06/10/2026,06/13/2026,First Class,MT-18070
US-2026-137001,06/10/2026,06/13/2026,Second Class,GZ-14545
US-2026-167080,06/10/2026,06/14/2026,Standard Class,LC-16930
US-2026-143343,06/10/2026,06/13/2026,First Class,BW-11200
US-2026-112172,06/10/2026,06/14/2026,Second Class,MM-18280
US-2026-140963,06/10/2026,06/13/2026,First Class,MT-18070
US-2026-158071,06/10/2026,06/15/2026,Standard Class,BD-11320
US-2026-131583,06/10/2026,06/10/2026,Same Day,CL-11890
US-2026-158071,06/10/2026,06/15/2026,Standard Class,BD-11320
US-2026-107167,06/10/2026,06/14/2026,Standard Class,ND-18460
US-2026-106103,06/10/2026,06/15/2026,Standard Class,SC-20305
US-2026-140963,06/10/2026,06/13/2026,First Class,MT-18070
US-2026-158071,06/10/2026,06/15/2026,Standard Class,BD-11320
US-2026-134565,06/11/2026,06/13/2026,Second Class,TB-21400
US-2026-120418,06/11/2026,06/12/2026,First Class,BC-11125
US-2026-141481,06/11/2026,06/14/2026,First Class,ZD-21925
US-2026-102554,06/11/2026,06/15/2026,Standard Class,KN-16705
US-2026-120418,06/11/2026,06/12/2026,First Class,BC-11125
US-2026-120418,06/11/2026,06/12/2026,First Class,BC-11125
US-2026-133928,06/11/2026,06/17/2026,Standard Class,ZC-21910
US-2026-134565,06/11/2026,06/13/2026,Second Class,TB-21400
US-2026-152002,06/11/2026,06/11/2026,Same Day,DV-13465
US-2026-134565,06/11/2026,06/13/2026,Second Class,TB-21400
US-2026-120418,06/11/2026,06/12/2026,First Class,BC-11125
US-2026-120418,06/11/2026,06/12/2026,First Class,BC-11125
US-2026-134565,06/11/2026,06/13/2026,Second Class,TB-21400
US-2026-134565,06/11/2026,06/13/2026,Second Class,TB-21400
US-2026-108441,06/12/2026,06/18/2026,Standard Class,SB-20170
US-2026-143861,06/12/2026,06/19/2026,Standard Class,LC-16885
US-2026-124191,06/12/2026,06/14/2026,Second Class,TS-21610
US-2026-148474,06/12/2026,06/19/2026,Standard Class,ME-17320
US-2026-108441,06/12/2026,06/18/2026,Standard Class,SB-20170
US-2026-108441,06/12/2026,06/18/2026,Standard Class,SB-20170
US-2026-148474,06/12/2026,06/19/2026,Standard Class,ME-17320
US-2026-108441,06/12/2026,06/18/2026,Standard Class,SB-20170
US-2026-119424,06/12/2026,06/14/2026,Second Class,SB-20185
US-2026-117821,06/12/2026,06/16/2026,Standard Class,HG-15025
US-2026-119424,06/12/2026,06/14/2026,Second Class,SB-20185
US-2026-104850,06/13/2026,06/19/2026,Standard Class,TW-21025
US-2026-102337,06/13/2026,06/16/2026,First Class,SD-20485
US-2026-122056,06/13/2026,06/17/2026,Standard Class,PG-18895
US-2026-102337,06/13/2026,06/16/2026,First Class,SD-20485
US-2026-102337,06/13/2026,06/16/2026,First Class,SD-20485
US-2026-126914,06/15/2026,06/19/2026,Standard Class,JE-15715
US-2026-126914,06/15/2026,06/19/2026,Standard Class,JE-15715
US-2026-119284,06/15/2026,06/20/2026,Standard Class,TS-21205
US-2026-119284,06/15/2026,06/20/2026,Standard Class,TS-21205
US-2026-119284,06/15/2026,06/20/2026,Standard Class,TS-21205
US-2026-111178,06/15/2026,06/22/2026,Standard Class,TD-20995
US-2026-135167,06/15/2026,06/20/2026,Standard Class,SC-20800
US-2026-169691,06/15/2026,06/18/2026,First Class,Dp-13240
US-2026-119284,06/15/2026,06/20/2026,Standard Class,TS-21205
US-2026-169691,06/15/2026,06/18/2026,First Class,Dp-13240
US-2026-169691,06/15/2026,06/18/2026,First Class,Dp-13240
US-2026-119284,06/15/2026,06/20/2026,Standard Class,TS-21205
US-2026-119284,06/15/2026,06/20/2026,Standard Class,TS-21205
US-2026-119284,06/15/2026,06/20/2026,Standard Class,TS-21205
US-2026-118864,06/15/2026,06/19/2026,Second Class,KH-16690
US-2026-169901,06/15/2026,06/19/2026,Standard Class,CC-12550
US-2026-105214,06/16/2026,06/19/2026,First Class,TS-21610
US-2026-129462,06/16/2026,06/21/2026,Second Class,JE-15745
US-2026-129462,06/16/2026,06/21/2026,Second Class,JE-15745
US-2026-111269,06/16/2026,06/18/2026,Second Class,CS-12355
US-2026-136826,06/16/2026,06/20/2026,Standard Class,CB-12535
US-2026-132206,06/16/2026,06/21/2026,Standard Class,MK-17905
US-2026-155873,06/16/2026,06/21/2026,Standard Class,AB-10255
US-2026-105214,06/16/2026,06/19/2026,First Class,TS-21610
US-2026-155873,06/16/2026,06/21/2026,Standard Class,AB-10255
US-2026-155873,06/16/2026,06/21/2026,Standard Class,AB-10255
US-2026-111269,06/16/2026,06/18/2026,Second Class,CS-12355
US-2026-129462,06/16/2026,06/21/2026,Second Class,JE-15745
US-2026-129462,06/16/2026,06/21/2026,Second Class,JE-15745
US-2026-118437,06/17/2026,06/21/2026,Second Class,PF-19165
US-2026-131618,06/17/2026,06/20/2026,First Class,LS-17200
US-2026-131618,06/17/2026,06/20/2026,First Class,LS-17200
US-2026-157833,06/17/2026,06/20/2026,First Class,KD-16345
US-2026-131618,06/17/2026,06/20/2026,First Class,LS-17200
US-2026-146346,06/17/2026,06/20/2026,First Class,RA-19945
US-2026-118437,06/17/2026,06/21/2026,Second Class,PF-19165
US-2026-165323,06/17/2026,06/21/2026,Standard Class,SR-20740
US-2026-165323,06/17/2026,06/21/2026,Standard Class,SR-20740
US-2026-112753,06/18/2026,06/23/2026,Standard Class,CC-12670
US-2026-162712,06/18/2026,06/20/2026,Second Class,NK-18490
US-2026-112753,06/18/2026,06/23/2026,Standard Class,CC-12670
CA-2026-184712,06/18/2026,06/20/2026,Second Class,NC-19470
US-2026-128944,06/19/2026,06/21/2026,Second Class,KH-16330
US-2026-138870,06/19/2026,06/23/2026,Standard Class,GA-14515
US-2026-128944,06/19/2026,06/21/2026,Second Class,KH-16330
US-2026-154011,06/19/2026,06/26/2026,Standard Class,DB-13270
US-2026-102288,06/19/2026,06/23/2026,Standard Class,ZC-21910
US-2026-102288,06/19/2026,06/23/2026,Standard Class,ZC-21910
US-2026-154011,06/19/2026,06/26/2026,Standard Class,DB-13270
US-2026-169999,06/19/2026,06/26/2026,Standard Class,JS-15685
US-2026-102288,06/19/2026,06/23/2026,Standard Class,ZC-21910
US-2026-140844,06/19/2026,06/23/2026,Standard Class,AR-10405
US-2026-138870,06/19/2026,06/23/2026,Standard Class,GA-14515
US-2026-169999,06/19/2026,06/26/2026,Standard Class,JS-15685
US-2026-141992,06/19/2026,06/25/2026,Standard Class,FO-14305
US-2026-141992,06/19/2026,06/25/2026,Standard Class,FO-14305
US-2026-140844,06/19/2026,06/23/2026,Standard Class,AR-10405
US-2026-128944,06/19/2026,06/21/2026,Second Class,KH-16330
US-2026-106852,06/20/2026,06/27/2026,Standard Class,ST-20530
US-2026-132934,06/20/2026,06/26/2026,Standard Class,JE-15475
US-2026-101434,06/20/2026,06/27/2026,Standard Class,TR-21325
US-2026-135986,06/20/2026,06/27/2026,Standard Class,PG-18895
US-2026-106852,06/20/2026,06/27/2026,Standard Class,ST-20530
US-2026-151218,06/20/2026,06/23/2026,First Class,PJ-19015
US-2026-132934,06/20/2026,06/26/2026,Standard Class,JE-15475
US-2026-101434,06/20/2026,06/27/2026,Standard Class,TR-21325
US-2026-135986,06/20/2026,06/27/2026,Standard Class,PG-18895
US-2026-101049,06/21/2026,06/25/2026,Second Class,AS-10240
US-2026-124744,06/21/2026,06/25/2026,Standard Class,EH-14125
US-2026-101049,06/21/2026,06/25/2026,Second Class,AS-10240
US-2026-124744,06/21/2026,06/25/2026,Standard Class,EH-14125
US-2026-124744,06/21/2026,06/25/2026,Standard Class,EH-14125
US-2026-105823,06/22/2026,06/26/2026,Standard Class,RB-19465
US-2026-155936,06/22/2026,06/29/2026,Standard Class,JK-15730
US-2026-165757,06/22/2026,06/28/2026,Standard Class,PL-18925
US-2026-165757,06/22/2026,06/28/2026,Standard Class,PL-18925
US-2026-133781,06/22/2026,06/23/2026,First Class,DC-12850
US-2026-165757,06/22/2026,06/28/2026,Standard Class,PL-18925
US-2026-136350,06/24/2026,06/26/2026,Second Class,GA-14515
US-2026-136350,06/24/2026,06/26/2026,Second Class,GA-14515
US-2026-100384,06/24/2026,07/01/2026,Standard Class,NH-18610
US-2026-100384,06/24/2026,07/01/2026,Standard Class,NH-18610
US-2026-122105,06/24/2026,06/28/2026,Standard Class,CJ-12010
US-2026-132955,06/24/2026,06/28/2026,Standard Class,SC-20575
US-2026-151316,06/24/2026,06/30/2026,Standard Class,MC-17635
US-2026-159107,06/24/2026,06/26/2026,Second Class,KT-16480
US-2026-151316,06/24/2026,06/30/2026,Standard Class,MC-17635
US-2026-105074,06/24/2026,06/29/2026,Standard Class,MB-17305
US-2026-116127,06/25/2026,06/27/2026,Second Class,SB-20185
US-2026-124821,06/25/2026,06/29/2026,Second Class,AM-10705
US-2026-133648,06/25/2026,07/02/2026,Standard Class,ML-17755
US-2026-133648,06/25/2026,07/02/2026,Standard Class,ML-17755
US-2026-133648,06/25/2026,07/02/2026,Standard Class,ML-17755
US-2026-134796,06/25/2026,07/01/2026,Standard Class,FM-14380
US-2026-148810,06/26/2026,07/01/2026,Standard Class,DR-12880
US-2026-157091,06/26/2026,07/01/2026,Standard Class,DB-13405
US-2026-133256,06/26/2026,06/27/2026,First Class,TH-21550
US-2026-107132,06/26/2026,06/30/2026,Standard Class,SC-20260
US-2026-148810,06/26/2026,07/01/2026,Standard Class,DR-12880
US-2026-133256,06/26/2026,06/27/2026,First Class,TH-21550
US-2026-107132,06/26/2026,06/30/2026,Standard Class,SC-20260
US-2026-107132,06/26/2026,06/30/2026,Standard Class,SC-20260
US-2026-115364,06/26/2026,07/02/2026,Standard Class,OT-18730
US-2026-100636,06/26/2026,06/30/2026,Standard Class,DO-13435
US-2026-107132,06/26/2026,06/30/2026,Standard Class,SC-20260
US-2026-138310,06/26/2026,06/30/2026,Standard Class,NP-18700
US-2026-161410,06/26/2026,07/03/2026,Standard Class,CC-12220
US-2026-163531,06/26/2026,06/30/2026,Standard Class,SC-20725
US-2026-161410,06/26/2026,07/03/2026,Standard Class,CC-12220
US-2026-133256,06/26/2026,06/27/2026,First Class,TH-21550
US-2026-123638,06/27/2026,07/04/2026,Standard Class,MA-17995
US-2026-116988,06/27/2026,06/29/2026,Second Class,PW-19030
US-2026-151190,06/27/2026,07/01/2026,Standard Class,GT-14710
US-2026-116988,06/27/2026,06/29/2026,Second Class,PW-19030
US-2026-116988,06/27/2026,06/29/2026,Second Class,PW-19030
US-2026-137449,06/29/2026,06/30/2026,First Class,ME-17725
US-2026-143574,06/29/2026,07/02/2026,First Class,DR-12880
US-2026-143574,06/29/2026,07/02/2026,First Class,DR-12880
US-2026-137449,06/29/2026,06/30/2026,First Class,ME-17725
US-2026-137449,06/29/2026,06/30/2026,First Class,ME-17725
US-2026-147039,06/29/2026,07/04/2026,Standard Class,AA-10315
US-2026-138149,06/29/2026,06/30/2026,First Class,WB-21850
US-2026-137085,06/29/2026,07/06/2026,Standard Class,CT-11995
US-2026-138149,06/29/2026,06/30/2026,First Class,WB-21850
US-2026-147039,06/29/2026,07/04/2026,Standard Class,AA-10315
US-2026-126081,06/29/2026,07/04/2026,Standard Class,FC-14335
US-2026-100650,06/29/2026,07/03/2026,Second Class,DK-13225
US-2026-138149,06/29/2026,06/30/2026,First Class,WB-21850
US-2026-143574,06/29/2026,07/02/2026,First Class,DR-12880
US-2026-138149,06/29/2026,06/30/2026,First Class,WB-21850
US-2026-109393,06/30/2026,07/02/2026,Second Class,JC-15775
US-2026-163006,06/30/2026,07/04/2026,Second Class,GH-14410
US-2026-125745,06/30/2026,07/04/2026,Standard Class,DV-13045
US-2026-131695,06/30/2026,07/06/2026,Standard Class,RA-19285
US-2026-163006,06/30/2026,07/04/2026,Second Class,GH-14410
US-2026-102890,06/30/2026,06/30/2026,Same Day,SG-20470
US-2026-102946,06/30/2026,07/05/2026,Standard Class,VP-21730
US-2026-113201,06/30/2026,07/05/2026,Standard Class,TT-21220
US-2026-131695,06/30/2026,07/06/2026,Standard Class,RA-19285
US-2026-164112,06/30/2026,07/04/2026,Standard Class,ND-18460
US-2026-163006,06/30/2026,07/04/2026,Second Class,GH-14410
US-2026-148362,07/01/2026,07/08/2026,Standard Class,KF-16285
US-2026-148362,07/01/2026,07/08/2026,Standard Class,KF-16285
US-2026-148362,07/01/2026,07/08/2026,Standard Class,KF-16285
US-2026-107958,07/02/2026,07/05/2026,First Class,AH-10120
US-2026-107958,07/02/2026,07/05/2026,First Class,AH-10120
US-2026-169124,07/03/2026,07/10/2026,Standard Class,MB-17305
US-2026-126179,07/03/2026,07/07/2026,Standard Class,CS-12460
US-2026-140053,07/03/2026,07/10/2026,Standard Class,CA-12265
US-2026-106747,07/03/2026,07/04/2026,First Class,TS-21505
US-2026-111024,07/03/2026,07/06/2026,Second Class,SZ-20035
US-2026-124828,07/03/2026,07/04/2026,First Class,YS-21880
US-2026-111024,07/03/2026,07/06/2026,Second Class,SZ-20035
US-2026-121503,07/03/2026,07/06/2026,Second Class,FH-14275
US-2026-129777,07/03/2026,07/09/2026,Standard Class,FM-14290
US-2026-111024,07/03/2026,07/06/2026,Second Class,SZ-20035
US-2026-139437,07/03/2026,07/08/2026,Standard Class,RD-19585
US-2026-168109,07/03/2026,07/03/2026,Same Day,JK-15640
US-2026-166233,07/03/2026,07/09/2026,Standard Class,MO-17950
US-2026-129777,07/03/2026,07/09/2026,Standard Class,FM-14290
US-2026-168109,07/03/2026,07/03/2026,Same Day,JK-15640
US-2026-168109,07/03/2026,07/03/2026,Same Day,JK-15640
US-2026-121503,07/03/2026,07/06/2026,Second Class,FH-14275
US-2026-168109,07/03/2026,07/03/2026,Same Day,JK-15640
US-2026-126179,07/03/2026,07/07/2026,Standard Class,CS-12460
US-2026-111647,07/03/2026,07/07/2026,Standard Class,RD-19585
US-2026-100223,07/05/2026,07/10/2026,Standard Class,LS-16945
US-2026-100223,07/05/2026,07/10/2026,Standard Class,LS-16945
US-2026-100223,07/05/2026,07/10/2026,Standard Class,LS-16945
US-2026-100223,07/05/2026,07/10/2026,Standard Class,LS-16945
US-2026-100223,07/05/2026,07/10/2026,Standard Class,LS-16945
US-2026-104388,07/05/2026,07/07/2026,First Class,DK-12835
US-2026-152492,07/06/2026,07/06/2026,Same Day,AH-10585
US-2026-101784,07/06/2026,07/11/2026,Standard Class,PO-18850
US-2026-124303,07/06/2026,07/13/2026,Standard Class,FH-14365
US-2026-124303,07/06/2026,07/13/2026,Standard Class,FH-14365
US-2026-169551,07/07/2026,07/09/2026,First Class,RL-19615
US-2026-105053,07/07/2026,07/09/2026,Second Class,CS-12355
US-2026-106824,07/07/2026,07/11/2026,Standard Class,AT-10735
US-2026-169551,07/07/2026,07/09/2026,First Class,RL-19615
US-2026-169551,07/07/2026,07/09/2026,First Class,RL-19615
US-2026-169551,07/07/2026,07/09/2026,First Class,RL-19615
US-2026-169551,07/07/2026,07/09/2026,First Class,RL-19615
US-2026-155152,07/07/2026,07/09/2026,Second Class,MP-17965
US-2026-169551,07/07/2026,07/09/2026,First Class,RL-19615
US-2026-140480,07/08/2026,07/12/2026,Standard Class,HE-14800
US-2026-133249,07/08/2026,07/11/2026,First Class,SZ-20035
US-2026-108560,07/08/2026,07/15/2026,Standard Class,JC-15385
US-2026-138464,07/08/2026,07/12/2026,Standard Class,VF-21715
US-2026-140480,07/08/2026,07/12/2026,Standard Class,HE-14800
US-2026-134306,07/08/2026,07/12/2026,Standard Class,TD-20995
US-2026-140480,07/08/2026,07/12/2026,Standard Class,HE-14800
US-2026-138464,07/08/2026,07/12/2026,Standard Class,VF-21715
US-2026-140480,07/08/2026,07/12/2026,Standard Class,HE-14800
US-2026-134306,07/08/2026,07/12/2026,Standard Class,TD-20995
US-2026-138464,07/08/2026,07/12/2026,Standard Class,VF-21715
US-2026-108560,07/08/2026,07/15/2026,Standard Class,JC-15385
US-2026-138464,07/08/2026,07/12/2026,Standard Class,VF-21715
US-2026-150189,07/08/2026,07/10/2026,First Class,VG-21790
US-2026-108560,07/08/2026,07/15/2026,Standard Class,JC-15385
US-2026-134306,07/08/2026,07/12/2026,Standard Class,TD-20995
US-2026-111759,07/08/2026,07/12/2026,Standard Class,MR-17545
US-2026-140480,07/08/2026,07/12/2026,Standard Class,HE-14800
US-2026-108560,07/08/2026,07/15/2026,Standard Class,JC-15385
CA-2026-112109,07/08/2026,07/12/2026,Standard Class,JE-15715
CA-2026-112109,07/08/2026,07/12/2026,Standard Class,JE-15715
CA-2026-112109,07/08/2026,07/12/2026,Standard Class,JE-15715
CA-2026-112109,07/08/2026,07/12/2026,Standard Class,JE-15715
US-2026-145128,07/09/2026,07/14/2026,Standard Class,SM-20320
US-2026-115651,07/09/2026,07/12/2026,First Class,NS-18640
US-2026-115651,07/09/2026,07/12/2026,First Class,NS-18640
US-2026-121083,07/09/2026,07/15/2026,Standard Class,JF-15190
US-2026-100209,07/09/2026,07/15/2026,Standard Class,TD-20995
US-2026-121083,07/09/2026,07/15/2026,Standard Class,JF-15190
US-2026-121083,07/09/2026,07/15/2026,Standard Class,JF-15190
US-2026-132122,07/09/2026,07/14/2026,Standard Class,JH-15820
US-2026-121083,07/09/2026,07/15/2026,Standard Class,JF-15190
US-2026-128629,07/10/2026,07/14/2026,Second Class,BP-11155
US-2026-169012,07/10/2026,07/14/2026,Standard Class,BF-11275
US-2026-127460,07/10/2026,07/14/2026,Standard Class,FG-14260
US-2026-162015,07/11/2026,07/18/2026,Standard Class,KB-16240
US-2026-127656,07/11/2026,07/17/2026,Standard Class,NW-18400
US-2026-136623,07/11/2026,07/16/2026,Standard Class,TS-21430
US-2026-164959,07/11/2026,07/15/2026,Standard Class,KN-16390
US-2026-156818,07/11/2026,07/13/2026,Second Class,JD-16015
US-2026-162015,07/11/2026,07/18/2026,Standard Class,KB-16240
US-2026-136623,07/11/2026,07/16/2026,Standard Class,TS-21430
US-2026-106047,07/12/2026,07/18/2026,Standard Class,CS-11860
US-2026-136364,07/13/2026,07/17/2026,Second Class,MH-17455
US-2026-102155,07/13/2026,07/17/2026,Standard Class,RR-19525
US-2026-102155,07/13/2026,07/17/2026,Standard Class,RR-19525
US-2026-136364,07/13/2026,07/17/2026,Second Class,MH-17455
US-2026-161935,07/14/2026,07/18/2026,Standard Class,JL-15835
US-2026-121048,07/14/2026,07/18/2026,Standard Class,TC-21295
US-2026-121048,07/14/2026,07/18/2026,Standard Class,TC-21295
US-2026-121048,07/14/2026,07/18/2026,Standard Class,TC-21295
US-2026-161935,07/14/2026,07/18/2026,Standard Class,JL-15835
US-2026-121048,07/14/2026,07/18/2026,Standard Class,TC-21295
US-2026-121048,07/14/2026,07/18/2026,Standard Class,TC-21295
US-2026-161935,07/14/2026,07/18/2026,Standard Class,JL-15835
US-2026-161935,07/14/2026,07/18/2026,Standard Class,JL-15835
US-2026-161935,07/14/2026,07/18/2026,Standard Class,JL-15835
US-2026-121048,07/14/2026,07/18/2026,Standard Class,TC-21295
US-2026-161935,07/14/2026,07/18/2026,Standard Class,JL-15835
US-2026-121048,07/14/2026,07/18/2026,Standard Class,TC-21295
US-2026-164378,07/15/2026,07/18/2026,Second Class,MM-18055
US-2026-128951,07/15/2026,07/17/2026,First Class,RS-19420
US-2026-166142,07/15/2026,07/19/2026,Standard Class,MM-17260
US-2026-128951,07/15/2026,07/17/2026,First Class,RS-19420
US-2026-164378,07/15/2026,07/18/2026,Second Class,MM-18055
US-2026-166142,07/15/2026,07/19/2026,Standard Class,MM-17260
US-2026-164378,07/15/2026,07/18/2026,Second Class,MM-18055
US-2026-128951,07/15/2026,07/17/2026,First Class,RS-19420
US-2026-164378,07/15/2026,07/18/2026,Second Class,MM-18055
US-2026-164378,07/15/2026,07/18/2026,Second Class,MM-18055
US-2026-156909,07/16/2026,07/18/2026,Second Class,SF-20065
US-2026-152842,07/16/2026,07/23/2026,Standard Class,NF-18385
US-2026-109778,07/16/2026,07/21/2026,Standard Class,VM-21685
US-2026-142342,07/17/2026,07/19/2026,Second Class,AJ-10795
US-2026-139948,07/17/2026,07/22/2026,Standard Class,SW-20455
US-2026-105046,07/17/2026,07/23/2026,Standard Class,BE-11335
US-2026-142342,07/17/2026,07/19/2026,Second Class,AJ-10795
US-2026-105046,07/17/2026,07/23/2026,Standard Class,BE-11335
US-2026-142342,07/17/2026,07/19/2026,Second Class,AJ-10795
US-2026-142342,07/17/2026,07/19/2026,Second Class,AJ-10795
US-2026-126662,07/17/2026,07/21/2026,Standard Class,AB-10255
US-2026-105046,07/17/2026,07/23/2026,Standard Class,BE-11335
US-2026-142573,07/18/2026,07/23/2026,Standard Class,ML-17410
US-2026-165358,07/18/2026,07/23/2026,Standard Class,SV-20365
US-2026-142573,07/18/2026,07/23/2026,Standard Class,ML-17410
US-2026-142573,07/18/2026,07/23/2026,Standard Class,ML-17410
US-2026-142573,07/18/2026,07/23/2026,Standard Class,ML-17410
US-2026-142573,07/18/2026,07/23/2026,Standard Class,ML-17410
US-2026-165358,07/18/2026,07/23/2026,Standard Class,SV-20365
US-2026-165358,07/18/2026,07/23/2026,Standard Class,SV-20365
US-2026-108343,07/20/2026,07/25/2026,Standard Class,AR-10825
US-2026-122035,07/20/2026,07/25/2026,Standard Class,EM-13825
US-2026-108343,07/20/2026,07/25/2026,Standard Class,AR-10825
US-2026-118640,07/20/2026,07/26/2026,Standard Class,CS-11950
US-2026-122035,07/20/2026,07/25/2026,Standard Class,EM-13825
US-2026-122035,07/20/2026,07/25/2026,Standard Class,EM-13825
US-2026-122035,07/20/2026,07/25/2026,Standard Class,EM-13825
US-2026-150497,07/20/2026,07/24/2026,Standard Class,SM-20950
US-2026-122035,07/20/2026,07/25/2026,Standard Class,EM-13825
US-2026-108343,07/20/2026,07/25/2026,Standard Class,AR-10825
US-2026-118640,07/20/2026,07/26/2026,Standard Class,CS-11950
US-2026-122035,07/20/2026,07/25/2026,Standard Class,EM-13825
US-2026-104731,07/21/2026,07/27/2026,Standard Class,AM-10705
US-2026-145429,07/21/2026,07/25/2026,Standard Class,SW-20455
US-2026-104731,07/21/2026,07/27/2026,Standard Class,AM-10705
US-2026-123834,07/21/2026,07/25/2026,Standard Class,GM-14500
US-2026-123204,07/21/2026,07/27/2026,Standard Class,CS-11860
US-2026-158505,07/21/2026,07/21/2026,Same Day,SF-20200
US-2026-118724,07/21/2026,07/25/2026,Second Class,AR-10825
US-2026-104731,07/21/2026,07/27/2026,Standard Class,AM-10705
US-2026-104731,07/21/2026,07/27/2026,Standard Class,AM-10705
US-2026-145093,07/21/2026,07/26/2026,Standard Class,PT-19090
US-2026-145429,07/21/2026,07/25/2026,Standard Class,SW-20455
US-2026-160465,07/21/2026,07/26/2026,Standard Class,SW-20350
US-2026-103478,07/21/2026,07/24/2026,Second Class,KL-16555
US-2026-104731,07/21/2026,07/27/2026,Standard Class,AM-10705
US-2026-103478,07/21/2026,07/24/2026,Second Class,KL-16555
US-2026-127719,07/21/2026,07/25/2026,Standard Class,TW-21025
US-2026-145429,07/21/2026,07/25/2026,Standard Class,SW-20455
US-2026-160465,07/21/2026,07/26/2026,Standard Class,SW-20350
US-2026-104731,07/21/2026,07/27/2026,Standard Class,AM-10705
US-2026-118724,07/21/2026,07/25/2026,Second Class,AR-10825
US-2026-104731,07/21/2026,07/27/2026,Standard Class,AM-10705
US-2026-158505,07/21/2026,07/21/2026,Same Day,SF-20200
US-2026-160465,07/21/2026,07/26/2026,Standard Class,SW-20350
US-2026-106551,07/22/2026,07/27/2026,Standard Class,EB-13930
US-2026-109750,07/22/2026,07/28/2026,Standard Class,FH-14365
US-2026-110940,07/23/2026,07/28/2026,Standard Class,AZ-10750
US-2026-169320,07/23/2026,07/25/2026,Second Class,LH-16900
US-2026-117240,07/23/2026,07/28/2026,Standard Class,CP-12340
US-2026-125367,07/23/2026,07/30/2026,Standard Class,NM-18445
US-2026-133718,07/23/2026,07/26/2026,First Class,TB-21520
US-2026-103506,07/23/2026,07/27/2026,Standard Class,LR-17035
US-2026-133718,07/23/2026,07/26/2026,First Class,TB-21520
US-2026-101721,07/23/2026,07/27/2026,Standard Class,MY-17380
US-2026-118346,07/23/2026,07/24/2026,First Class,PO-19180
US-2026-169320,07/23/2026,07/25/2026,Second Class,LH-16900
US-2026-135013,07/24/2026,07/24/2026,Same Day,HR-14830
US-2026-121293,07/25/2026,07/28/2026,Second Class,JC-15775
US-2026-121293,07/25/2026,07/28/2026,Second Class,JC-15775
US-2026-167549,07/25/2026,07/27/2026,First Class,EM-14200
US-2026-169810,07/25/2026,07/31/2026,Standard Class,RB-19360
US-2026-125640,07/25/2026,07/29/2026,Standard Class,DD-13570
US-2026-121293,07/25/2026,07/28/2026,Second Class,JC-15775
US-2026-121293,07/25/2026,07/28/2026,Second Class,JC-15775
US-2026-121293,07/25/2026,07/28/2026,Second Class,JC-15775
US-2026-167318,07/26/2026,08/01/2026,Standard Class,GZ-14545
US-2026-167318,07/26/2026,08/01/2026,Standard Class,GZ-14545
US-2026-107209,07/27/2026,08/01/2026,Second Class,JW-15955
US-2026-123239,07/27/2026,07/31/2026,Second Class,MG-18145
US-2026-133046,07/27/2026,08/01/2026,Second Class,DK-13375
US-2026-108791,07/27/2026,07/31/2026,Standard Class,TM-21490
US-2026-133046,07/27/2026,08/01/2026,Second Class,DK-13375
US-2026-133046,07/27/2026,08/01/2026,Second Class,DK-13375
US-2026-133046,07/27/2026,08/01/2026,Second Class,DK-13375
US-2026-108791,07/27/2026,07/31/2026,Standard Class,TM-21490
US-2026-130841,07/28/2026,08/01/2026,Standard Class,MH-17620
US-2026-130841,07/28/2026,08/01/2026,Standard Class,MH-17620
US-2026-130841,07/28/2026,08/01/2026,Standard Class,MH-17620
US-2026-115301,07/29/2026,08/02/2026,Standard Class,VG-21790
US-2026-130953,07/29/2026,08/03/2026,Standard Class,RF-19735
US-2026-101483,07/29/2026,08/01/2026,Second Class,AG-10675
US-2026-130953,07/29/2026,08/03/2026,Standard Class,RF-19735
US-2026-146031,07/29/2026,08/01/2026,Second Class,GM-14440
US-2026-101483,07/29/2026,08/01/2026,Second Class,AG-10675
US-2026-130953,07/29/2026,08/03/2026,Standard Class,RF-19735
US-2026-130771,07/29/2026,08/03/2026,Standard Class,LA-16780
US-2026-113852,07/29/2026,08/02/2026,Standard Class,GW-14605
US-2026-130771,07/29/2026,08/03/2026,Standard Class,LA-16780
US-2026-130953,07/29/2026,08/03/2026,Standard Class,RF-19735
US-2026-101483,07/29/2026,08/01/2026,Second Class,AG-10675
US-2026-155740,07/30/2026,08/02/2026,First Class,TC-21475
US-2026-167913,07/30/2026,08/03/2026,Second Class,JL-15835
US-2026-167913,07/30/2026,08/03/2026,Second Class,JL-15835
US-2026-141103,07/30/2026,08/06/2026,Standard Class,JF-15355
US-2026-161102,07/31/2026,08/03/2026,First Class,EC-14050
US-2026-165869,07/31/2026,08/05/2026,Standard Class,LS-17200
US-2026-147032,07/31/2026,08/04/2026,Standard Class,LB-16795
US-2026-165869,07/31/2026,08/05/2026,Standard Class,LS-17200
US-2026-147032,07/31/2026,08/04/2026,Standard Class,LB-16795
US-2026-147032,07/31/2026,08/04/2026,Standard Class,LB-16795
US-2026-121909,07/31/2026,08/05/2026,Standard Class,EA-14035
US-2026-161102,07/31/2026,08/03/2026,First Class,EC-14050
US-2026-125752,07/31/2026,08/04/2026,Standard Class,EH-14125
US-2026-126144,07/31/2026,08/05/2026,Standard Class,GM-14680
US-2026-115805,07/31/2026,07/31/2026,Same Day,KW-16435
US-2026-124576,08/01/2026,08/04/2026,Second Class,HK-14890
US-2026-162691,08/01/2026,08/07/2026,Standard Class,AS-10045
US-2026-168942,08/01/2026,08/05/2026,Second Class,EM-13960
US-2026-162691,08/01/2026,08/07/2026,Standard Class,AS-10045
US-2026-133235,08/01/2026,08/04/2026,First Class,LH-16750
US-2026-135034,08/01/2026,08/03/2026,First Class,AT-10735
US-2026-165386,08/03/2026,08/04/2026,First Class,CM-12190
US-2026-168396,08/03/2026,08/08/2026,Second Class,BD-11725
US-2026-168396,08/03/2026,08/08/2026,Second Class,BD-11725
US-2026-163566,08/03/2026,08/06/2026,First Class,TB-21055
US-2026-143175,08/03/2026,08/06/2026,Second Class,GA-14515
US-2026-141747,08/03/2026,08/08/2026,Second Class,SC-20230
US-2026-140781,08/03/2026,08/07/2026,Standard Class,AB-10105
US-2026-146367,08/04/2026,08/08/2026,Standard Class,HM-14860
US-2026-132738,08/04/2026,08/07/2026,First Class,HM-14860
US-2026-132738,08/04/2026,08/07/2026,First Class,HM-14860
US-2026-128328,08/05/2026,08/09/2026,Standard Class,PO-18865
US-2026-128328,08/05/2026,08/09/2026,Standard Class,PO-18865
US-2026-117695,08/05/2026,08/08/2026,First Class,PW-19030
US-2026-154676,08/05/2026,08/08/2026,First Class,NZ-18565
US-2026-128328,08/05/2026,08/09/2026,Standard Class,PO-18865
US-2026-161200,08/06/2026,08/10/2026,Second Class,SV-20365
US-2026-161200,08/06/2026,08/10/2026,Second Class,SV-20365
US-2026-151981,08/06/2026,08/12/2026,Standard Class,GM-14455
US-2026-151981,08/06/2026,08/12/2026,Standard Class,GM-14455
US-2026-136609,08/06/2026,08/11/2026,Standard Class,TB-21355
US-2026-168172,08/06/2026,08/10/2026,Standard Class,SH-20395
US-2026-151981,08/06/2026,08/12/2026,Standard Class,GM-14455
US-2026-156776,08/07/2026,08/11/2026,Standard Class,JL-15505
US-2026-156776,08/07/2026,08/11/2026,Standard Class,JL-15505
US-2026-156776,08/07/2026,08/11/2026,Standard Class,JL-15505
US-2026-117023,08/07/2026,08/12/2026,Standard Class,JW-15955
US-2026-117023,08/07/2026,08/12/2026,Standard Class,JW-15955
US-2026-156776,08/07/2026,08/11/2026,Standard Class,JL-15505
US-2026-155999,08/07/2026,08/13/2026,Standard Class,JK-15370
US-2026-156776,08/07/2026,08/11/2026,Standard Class,JL-15505
US-2026-115175,08/07/2026,08/12/2026,Standard Class,MC-17575
US-2026-156776,08/07/2026,08/11/2026,Standard Class,JL-15505
US-2026-110821,08/07/2026,08/08/2026,First Class,CK-12205
US-2026-110821,08/07/2026,08/08/2026,First Class,CK-12205
US-2026-158344,08/07/2026,08/11/2026,Standard Class,CC-12475
US-2026-163321,08/07/2026,08/11/2026,Second Class,FM-14380
US-2026-156776,08/07/2026,08/11/2026,Standard Class,JL-15505
US-2026-155999,08/07/2026,08/13/2026,Standard Class,JK-15370
US-2026-156776,08/07/2026,08/11/2026,Standard Class,JL-15505
CA-2026-129322,08/08/2026,08/10/2026,Second Class,DB-13405
CA-2026-129322,08/08/2026,08/10/2026,Second Class,DB-13405
CA-2026-129322,08/08/2026,08/10/2026,Second Class,DB-13405
US-2026-143063,08/10/2026,08/15/2026,Standard Class,IL-15100
US-2026-143063,08/10/2026,08/15/2026,Standard Class,IL-15100
US-2026-145443,08/10/2026,08/15/2026,Second Class,SC-20695
US-2026-143063,08/10/2026,08/15/2026,Standard Class,IL-15100
US-2026-139311,08/11/2026,08/13/2026,First Class,SF-20965
US-2026-160899,08/11/2026,08/13/2026,Second Class,DR-12940
US-2026-139311,08/11/2026,08/13/2026,First Class,SF-20965
US-2026-139311,08/11/2026,08/13/2026,First Class,SF-20965
US-2026-100433,08/11/2026,08/16/2026,Standard Class,SJ-20125
US-2026-139311,08/11/2026,08/13/2026,First Class,SF-20965
US-2026-118941,08/12/2026,08/12/2026,Same Day,BB-11545
US-2026-158169,08/12/2026,08/15/2026,First Class,JM-16195
US-2026-158169,08/12/2026,08/15/2026,First Class,JM-16195
US-2026-118941,08/12/2026,08/12/2026,Same Day,BB-11545
US-2026-118941,08/12/2026,08/12/2026,Same Day,BB-11545
US-2026-152310,08/12/2026,08/19/2026,Standard Class,DK-12895
US-2026-106537,08/12/2026,08/17/2026,Standard Class,RH-19495
US-2026-152310,08/12/2026,08/19/2026,Standard Class,DK-12895
US-2026-152310,08/12/2026,08/19/2026,Standard Class,DK-12895
US-2026-152310,08/12/2026,08/19/2026,Standard Class,DK-12895
US-2026-152310,08/12/2026,08/19/2026,Standard Class,DK-12895
US-2026-152310,08/12/2026,08/19/2026,Standard Class,DK-12895
US-2026-128363,08/13/2026,08/18/2026,Standard Class,DC-12850
US-2026-128363,08/13/2026,08/18/2026,Standard Class,DC-12850
US-2026-128363,08/13/2026,08/18/2026,Standard Class,DC-12850
US-2026-103828,08/13/2026,08/13/2026,Same Day,JK-15370
US-2026-103828,08/13/2026,08/13/2026,Same Day,JK-15370
US-2026-100580,08/13/2026,08/20/2026,Standard Class,MK-17905
US-2026-128363,08/13/2026,08/18/2026,Standard Class,DC-12850
US-2026-128363,08/13/2026,08/18/2026,Standard Class,DC-12850
US-2026-128363,08/13/2026,08/18/2026,Standard Class,DC-12850
US-2026-167542,08/13/2026,08/20/2026,Standard Class,KD-16495
US-2026-103828,08/13/2026,08/13/2026,Same Day,JK-15370
US-2026-103828,08/13/2026,08/13/2026,Same Day,JK-15370
US-2026-128363,08/13/2026,08/18/2026,Standard Class,DC-12850
US-2026-105921,08/14/2026,08/21/2026,Standard Class,JM-15250
US-2026-169264,08/14/2026,08/16/2026,Second Class,NP-18700
US-2026-169264,08/14/2026,08/16/2026,Second Class,NP-18700
US-2026-138548,08/15/2026,08/21/2026,Standard Class,JG-15160
US-2026-144883,08/15/2026,08/19/2026,Standard Class,BO-11350
US-2026-117723,08/15/2026,08/18/2026,Second Class,DL-13495
US-2026-122987,08/16/2026,08/16/2026,Same Day,SJ-20215
US-2026-122987,08/16/2026,08/16/2026,Same Day,SJ-20215
US-2026-133102,08/17/2026,08/24/2026,Standard Class,ED-13885
US-2026-118892,08/17/2026,08/22/2026,Second Class,TP-21415
US-2026-111423,08/17/2026,08/19/2026,First Class,EH-13765
US-2026-133102,08/17/2026,08/24/2026,Standard Class,ED-13885
US-2026-166093,08/17/2026,08/24/2026,Standard Class,RW-19540
US-2026-133102,08/17/2026,08/24/2026,Standard Class,ED-13885
US-2026-133102,08/17/2026,08/24/2026,Standard Class,ED-13885
US-2026-166093,08/17/2026,08/24/2026,Standard Class,RW-19540
US-2026-151211,08/17/2026,08/23/2026,Standard Class,AH-10120
US-2026-111423,08/17/2026,08/19/2026,First Class,EH-13765
US-2026-166093,08/17/2026,08/24/2026,Standard Class,RW-19540
US-2026-166093,08/17/2026,08/24/2026,Standard Class,RW-19540
US-2026-166093,08/17/2026,08/24/2026,Standard Class,RW-19540
US-2026-166093,08/17/2026,08/24/2026,Standard Class,RW-19540
US-2026-133102,08/17/2026,08/24/2026,Standard Class,ED-13885
US-2026-151211,08/17/2026,08/23/2026,Standard Class,AH-10120
US-2026-166093,08/17/2026,08/24/2026,Standard Class,RW-19540
US-2026-117947,08/18/2026,08/23/2026,Second Class,NG-18355
US-2026-117947,08/18/2026,08/23/2026,Second Class,NG-18355
US-2026-119809,08/18/2026,08/25/2026,Standard Class,YS-21880
US-2026-117947,08/18/2026,08/23/2026,Second Class,NG-18355
US-2026-163069,08/18/2026,08/21/2026,Second Class,PJ-19015
US-2026-112809,08/18/2026,08/22/2026,Standard Class,RA-19915
US-2026-112809,08/18/2026,08/22/2026,Standard Class,RA-19915
US-2026-117947,08/18/2026,08/23/2026,Second Class,NG-18355
US-2026-119809,08/18/2026,08/25/2026,Standard Class,YS-21880
US-2026-122028,08/18/2026,08/25/2026,Standard Class,CK-12205
US-2026-151358,08/18/2026,08/22/2026,Standard Class,NF-18595
US-2026-112809,08/18/2026,08/22/2026,Standard Class,RA-19915
US-2026-119809,08/18/2026,08/25/2026,Standard Class,YS-21880
US-2026-121027,08/18/2026,08/22/2026,Standard Class,HW-14935
US-2026-121027,08/18/2026,08/22/2026,Standard Class,HW-14935
US-2026-162936,08/18/2026,08/22/2026,Standard Class,CM-12160
US-2026-117947,08/18/2026,08/23/2026,Second Class,NG-18355
US-2026-100398,08/19/2026,08/23/2026,Standard Class,DO-13435
US-2026-101728,08/19/2026,08/23/2026,Standard Class,SC-20575
US-2026-132339,08/19/2026,08/23/2026,Standard Class,JB-15400
US-2026-115777,08/19/2026,08/24/2026,Standard Class,DO-13645
CA-2026-132339,08/19/2026,08/23/2026,Standard Class,JB-15400
CA-2026-115777,08/19/2026,08/24/2026,Standard Class,DO-13645
US-2026-111241,08/20/2026,08/22/2026,Second Class,GM-14500
US-2026-105326,08/20/2026,08/27/2026,Standard Class,KT-16480
US-2026-137344,08/20/2026,08/20/2026,Same Day,EM-13810
US-2026-119011,08/20/2026,08/25/2026,Standard Class,LR-17035
US-2026-119011,08/20/2026,08/25/2026,Standard Class,LR-17035
US-2026-119011,08/20/2026,08/25/2026,Standard Class,LR-17035
US-2026-114356,08/20/2026,08/26/2026,Standard Class,TT-21460
US-2026-155705,08/21/2026,08/23/2026,Second Class,NF-18385
US-2026-121489,08/21/2026,08/25/2026,Second Class,CM-11815
US-2026-109253,08/21/2026,08/22/2026,First Class,PR-18880
US-2026-117646,08/21/2026,08/25/2026,Standard Class,SC-20845
US-2026-112956,08/21/2026,08/27/2026,Standard Class,TH-21550
US-2026-112956,08/21/2026,08/27/2026,Standard Class,TH-21550
US-2026-109253,08/21/2026,08/22/2026,First Class,PR-18880
US-2026-109253,08/21/2026,08/22/2026,First Class,PR-18880
US-2026-109253,08/21/2026,08/22/2026,First Class,PR-18880
US-2026-109253,08/21/2026,08/22/2026,First Class,PR-18880
US-2026-102183,08/21/2026,08/28/2026,Standard Class,PK-19075
US-2026-102183,08/21/2026,08/28/2026,Standard Class,PK-19075
US-2026-126956,08/21/2026,08/28/2026,Standard Class,GT-14710
US-2026-126956,08/21/2026,08/28/2026,Standard Class,GT-14710
US-2026-109253,08/21/2026,08/22/2026,First Class,PR-18880
US-2026-112956,08/21/2026,08/27/2026,Standard Class,TH-21550
US-2026-117646,08/21/2026,08/25/2026,Standard Class,SC-20845
US-2026-144750,08/21/2026,08/21/2026,Same Day,DL-13495
US-2026-121489,08/21/2026,08/25/2026,Second Class,CM-11815
US-2026-117646,08/21/2026,08/25/2026,Standard Class,SC-20845
US-2026-126956,08/21/2026,08/28/2026,Standard Class,GT-14710
US-2026-121489,08/21/2026,08/25/2026,Second Class,CM-11815
US-2026-109253,08/21/2026,08/22/2026,First Class,PR-18880
US-2026-131037,08/22/2026,08/23/2026,First Class,TM-21490
US-2026-132381,08/22/2026,08/24/2026,First Class,Dp-13240
US-2026-129021,08/23/2026,08/26/2026,Second Class,PO-18850
US-2026-129021,08/23/2026,08/26/2026,Second Class,PO-18850
US-2026-129021,08/23/2026,08/26/2026,Second Class,PO-18850
US-2026-129021,08/23/2026,08/26/2026,Second Class,PO-18850
US-2026-129021,08/23/2026,08/26/2026,Second Class,PO-18850
US-2026-139717,08/24/2026,08/26/2026,Second Class,DM-13015
US-2026-123043,08/24/2026,08/29/2026,Standard Class,AH-10195
US-2026-123043,08/24/2026,08/29/2026,Standard Class,AH-10195
US-2026-139717,08/24/2026,08/26/2026,Second Class,DM-13015
US-2026-159793,08/25/2026,08/29/2026,Standard Class,SV-20365
US-2026-101210,08/25/2026,08/28/2026,Second Class,DW-13540
US-2026-101210,08/25/2026,08/28/2026,Second Class,DW-13540
US-2026-114636,08/25/2026,08/29/2026,Standard Class,GA-14725
US-2026-105697,08/25/2026,08/27/2026,First Class,JE-15715
US-2026-157350,08/26/2026,09/01/2026,Standard Class,DP-13000
US-2026-132584,08/26/2026,08/27/2026,First Class,HJ-14875
US-2026-128475,08/26/2026,09/01/2026,Standard Class,SC-20680
US-2026-161956,08/27/2026,08/29/2026,Second Class,DR-12880
US-2026-161956,08/27/2026,08/29/2026,Second Class,DR-12880
US-2026-163097,08/27/2026,08/31/2026,Standard Class,SF-20200
US-2026-134481,08/27/2026,09/01/2026,Standard Class,AR-10405
US-2026-101273,08/27/2026,08/30/2026,Second Class,ST-20530
US-2026-161956,08/27/2026,08/29/2026,Second Class,DR-12880
US-2026-155047,08/27/2026,08/30/2026,First Class,SE-20110
US-2026-161956,08/27/2026,08/29/2026,Second Class,DR-12880
US-2026-139465,08/27/2026,08/30/2026,First Class,MR-17545
US-2026-162208,08/27/2026,08/30/2026,First Class,SP-20620
US-2026-130036,08/27/2026,08/27/2026,Same Day,BP-11185
US-2026-161956,08/27/2026,08/29/2026,Second Class,DR-12880
US-2026-133501,08/27/2026,09/01/2026,Standard Class,DK-12895
US-2026-161956,08/27/2026,08/29/2026,Second Class,DR-12880
US-2026-139465,08/27/2026,08/30/2026,First Class,MR-17545
US-2026-161956,08/27/2026,08/29/2026,Second Class,DR-12880
US-2026-130036,08/27/2026,08/27/2026,Same Day,BP-11185
US-2026-161956,08/27/2026,08/29/2026,Second Class,DR-12880
US-2026-139465,08/27/2026,08/30/2026,First Class,MR-17545
US-2026-126067,08/28/2026,09/03/2026,Standard Class,KN-16705
US-2026-169502,08/28/2026,09/01/2026,Standard Class,MG-17650
US-2026-126067,08/28/2026,09/03/2026,Standard Class,KN-16705
US-2026-126067,08/28/2026,09/03/2026,Standard Class,KN-16705
US-2026-146920,08/28/2026,09/01/2026,Standard Class,SC-20305
US-2026-146920,08/28/2026,09/01/2026,Standard Class,SC-20305
US-2026-169502,08/28/2026,09/01/2026,Standard Class,MG-17650
US-2026-126067,08/28/2026,09/03/2026,Standard Class,KN-16705
US-2026-101014,08/29/2026,09/04/2026,Standard Class,RW-19540
US-2026-104024,08/29/2026,09/03/2026,Second Class,MD-17860
US-2026-144064,08/29/2026,09/01/2026,First Class,CP-12085
US-2026-144064,08/29/2026,09/01/2026,First Class,CP-12085
US-2026-144064,08/29/2026,09/01/2026,First Class,CP-12085
US-2026-154074,08/31/2026,09/02/2026,Second Class,BW-11110
US-2026-133004,08/31/2026,09/05/2026,Standard Class,AJ-10945
US-2026-107321,08/31/2026,09/04/2026,Standard Class,AW-10930
US-2026-159884,08/31/2026,09/05/2026,Standard Class,JF-15490
US-2026-135062,08/31/2026,09/04/2026,Second Class,RL-19615
US-2026-159884,08/31/2026,09/05/2026,Standard Class,JF-15490
US-2026-132619,08/31/2026,09/05/2026,Standard Class,MS-17770
US-2026-154074,08/31/2026,09/02/2026,Second Class,BW-11110
US-2026-127712,08/31/2026,09/05/2026,Standard Class,MG-17890
US-2026-117198,08/31/2026,09/05/2026,Standard Class,BG-11035
US-2026-107321,08/31/2026,09/04/2026,Standard Class,AW-10930
US-2026-145653,09/01/2026,09/01/2026,Same Day,CA-12775
US-2026-131625,09/01/2026,09/05/2026,Second Class,BN-11515
US-2026-128041,09/01/2026,09/01/2026,Same Day,RW-19540
US-2026-128041,09/01/2026,09/01/2026,Same Day,RW-19540
US-2026-135230,09/01/2026,09/07/2026,Standard Class,CK-12325
US-2026-107909,09/01/2026,09/06/2026,Standard Class,SS-20875
US-2026-107909,09/01/2026,09/06/2026,Standard Class,SS-20875
US-2026-111388,09/02/2026,09/02/2026,Same Day,SU-20665
US-2026-157987,09/02/2026,09/06/2026,Standard Class,AC-10615
US-2026-157987,09/02/2026,09/06/2026,Standard Class,AC-10615
US-2026-114552,09/02/2026,09/08/2026,Standard Class,Dl-13600
US-2026-169327,09/02/2026,09/04/2026,Second Class,MH-17290
US-2026-157987,09/02/2026,09/06/2026,Standard Class,AC-10615
US-2026-163657,09/02/2026,09/06/2026,Standard Class,JL-15235
US-2026-157987,09/02/2026,09/06/2026,Standard Class,AC-10615
US-2026-169327,09/02/2026,09/04/2026,Second Class,MH-17290
US-2026-111220,09/02/2026,09/08/2026,Standard Class,JS-15595
US-2026-110380,09/02/2026,09/07/2026,Standard Class,PF-19225
US-2026-157987,09/02/2026,09/06/2026,Standard Class,AC-10615
US-2026-123001,09/02/2026,09/08/2026,Standard Class,AW-10840
US-2026-157987,09/02/2026,09/06/2026,Standard Class,AC-10615
US-2026-163657,09/02/2026,09/06/2026,Standard Class,JL-15235
US-2026-146983,09/02/2026,09/06/2026,Standard Class,AH-10210
US-2026-169327,09/02/2026,09/04/2026,Second Class,MH-17290
US-2026-157987,09/02/2026,09/06/2026,Standard Class,AC-10615
US-2026-111220,09/02/2026,09/08/2026,Standard Class,JS-15595
US-2026-157987,09/02/2026,09/06/2026,Standard Class,AC-10615
US-2026-102218,09/02/2026,09/04/2026,Second Class,LW-17215
US-2026-123001,09/02/2026,09/08/2026,Standard Class,AW-10840
US-2026-145037,09/02/2026,09/07/2026,Second Class,TB-21055
US-2026-114216,09/02/2026,09/06/2026,Standard Class,RK-19300
US-2026-145037,09/02/2026,09/07/2026,Second Class,TB-21055
US-2026-157987,09/02/2026,09/06/2026,Standard Class,AC-10615
US-2026-145037,09/02/2026,09/07/2026,Second Class,TB-21055
US-2026-137596,09/02/2026,09/07/2026,Standard Class,BE-11335
US-2026-111220,09/02/2026,09/08/2026,Standard Class,JS-15595
US-2026-157987,09/02/2026,09/06/2026,Standard Class,AC-10615
US-2026-157987,09/02/2026,09/06/2026,Standard Class,AC-10615
US-2026-113075,09/02/2026,09/06/2026,Standard Class,MC-18100
US-2026-137596,09/02/2026,09/07/2026,Standard Class,BE-11335
US-2026-137596,09/02/2026,09/07/2026,Standard Class,BE-11335
US-2026-123001,09/02/2026,09/08/2026,Standard Class,AW-10840
US-2026-157987,09/02/2026,09/06/2026,Standard Class,AC-10615
US-2026-153255,09/03/2026,09/07/2026,Second Class,JK-15730
US-2026-161067,09/03/2026,09/06/2026,Second Class,KB-16405
US-2026-161067,09/03/2026,09/06/2026,Second Class,KB-16405
US-2026-161557,09/03/2026,09/08/2026,Standard Class,AG-10900
US-2026-161823,09/03/2026,09/08/2026,Standard Class,AG-10300
US-2026-161067,09/03/2026,09/06/2026,Second Class,KB-16405
US-2026-123022,09/03/2026,09/08/2026,Standard Class,SC-20050
US-2026-122637,09/03/2026,09/08/2026,Second Class,EP-13915
US-2026-146136,09/03/2026,09/07/2026,Standard Class,AP-10915
US-2026-161067,09/03/2026,09/06/2026,Second Class,KB-16405
US-2026-167626,09/03/2026,09/07/2026,Standard Class,MY-18295
US-2026-123022,09/03/2026,09/08/2026,Standard Class,SC-20050
US-2026-167626,09/03/2026,09/07/2026,Standard Class,MY-18295
US-2026-140326,09/04/2026,09/06/2026,First Class,HW-14935
US-2026-117450,09/04/2026,09/08/2026,Standard Class,DO-13645
US-2026-102750,09/04/2026,09/08/2026,Second Class,GM-14695
US-2026-116680,09/04/2026,09/06/2026,Second Class,PK-19075
US-2026-100783,09/04/2026,09/08/2026,Second Class,JK-16120
US-2026-140326,09/04/2026,09/06/2026,First Class,HW-14935
US-2026-152485,09/04/2026,09/08/2026,Standard Class,JD-15790
US-2026-109757,09/04/2026,09/09/2026,Second Class,MD-17350
US-2026-152485,09/04/2026,09/08/2026,Standard Class,JD-15790
US-2026-109757,09/04/2026,09/09/2026,Second Class,MD-17350
US-2026-137582,09/04/2026,09/08/2026,Standard Class,CV-12805
US-2026-147655,09/04/2026,09/05/2026,First Class,AS-10045
US-2026-109757,09/04/2026,09/09/2026,Second Class,MD-17350
US-2026-116680,09/04/2026,09/06/2026,Second Class,PK-19075
US-2026-141929,09/04/2026,09/08/2026,Standard Class,RA-19285
US-2026-166394,09/04/2026,09/06/2026,Second Class,VM-21835
US-2026-109757,09/04/2026,09/09/2026,Second Class,MD-17350
US-2026-117450,09/04/2026,09/08/2026,Standard Class,DO-13645
US-2026-101182,09/04/2026,09/05/2026,First Class,KB-16405
US-2026-140326,09/04/2026,09/06/2026,First Class,HW-14935
US-2026-117261,09/04/2026,09/10/2026,Standard Class,TH-21235
US-2026-141929,09/04/2026,09/08/2026,Standard Class,RA-19285
US-2026-147410,09/04/2026,09/08/2026,Standard Class,EJ-14155
US-2026-152485,09/04/2026,09/08/2026,Standard Class,JD-15790
US-2026-120761,09/04/2026,09/08/2026,Standard Class,AB-10150
US-2026-117394,09/04/2026,09/10/2026,Standard Class,MM-17920
US-2026-141929,09/04/2026,09/08/2026,Standard Class,RA-19285
US-2026-101182,09/04/2026,09/05/2026,First Class,KB-16405
US-2026-102736,09/05/2026,09/09/2026,Standard Class,LP-17095
US-2026-107293,09/05/2026,09/06/2026,First Class,CS-12400
US-2026-102736,09/05/2026,09/09/2026,Standard Class,LP-17095
US-2026-120705,09/05/2026,09/11/2026,Standard Class,MG-17875
US-2026-102736,09/05/2026,09/09/2026,Standard Class,LP-17095
US-2026-150070,09/07/2026,09/12/2026,Standard Class,JA-15970
US-2026-129441,09/07/2026,09/11/2026,Standard Class,JC-15340
US-2026-151008,09/07/2026,09/08/2026,First Class,JM-16195
US-2026-107244,09/07/2026,09/11/2026,Standard Class,AG-10390
US-2026-128783,09/07/2026,09/07/2026,Same Day,TG-21640
US-2026-130687,09/07/2026,09/10/2026,First Class,PF-19225
US-2026-128769,09/07/2026,09/12/2026,Standard Class,DM-12955
US-2026-130687,09/07/2026,09/10/2026,First Class,PF-19225
US-2026-163692,09/07/2026,09/09/2026,First Class,Dp-13240
US-2026-103877,09/07/2026,09/14/2026,Standard Class,RD-19660
US-2026-100160,09/07/2026,09/11/2026,Standard Class,CB-12025
US-2026-100160,09/07/2026,09/11/2026,Standard Class,CB-12025
US-2026-169488,09/07/2026,09/09/2026,First Class,AA-10375
US-2026-100335,09/07/2026,09/13/2026,Standard Class,NF-18595
US-2026-169488,09/07/2026,09/09/2026,First Class,AA-10375
US-2026-100160,09/07/2026,09/11/2026,Standard Class,CB-12025
US-2026-124401,09/07/2026,09/12/2026,Standard Class,RD-19900
US-2026-148929,09/07/2026,09/11/2026,Standard Class,SP-20620
US-2026-104094,09/07/2026,09/11/2026,Standard Class,AG-10675
US-2026-128783,09/07/2026,09/07/2026,Same Day,TG-21640
US-2026-124401,09/07/2026,09/12/2026,Standard Class,RD-19900
US-2026-130687,09/07/2026,09/10/2026,First Class,PF-19225
US-2026-151008,09/07/2026,09/08/2026,First Class,JM-16195
US-2026-124779,09/08/2026,09/11/2026,First Class,BF-11020
US-2026-124779,09/08/2026,09/11/2026,First Class,BF-11020
US-2026-124968,09/08/2026,09/13/2026,Second Class,MM-18055
US-2026-124779,09/08/2026,09/11/2026,First Class,BF-11020
US-2026-124779,09/08/2026,09/11/2026,First Class,BF-11020
US-2026-124779,09/08/2026,09/11/2026,First Class,BF-11020
US-2026-132437,09/08/2026,09/13/2026,Second Class,EM-14095
US-2026-144456,09/08/2026,09/09/2026,First Class,FC-14245
US-2026-158036,09/08/2026,09/14/2026,Standard Class,DB-13555
US-2026-126396,09/08/2026,09/12/2026,Second Class,AR-10345
US-2026-152856,09/08/2026,09/10/2026,Second Class,RS-19765
US-2026-124779,09/08/2026,09/11/2026,First Class,BF-11020
US-2026-144456,09/08/2026,09/09/2026,First Class,FC-14245
US-2026-149895,09/08/2026,09/12/2026,Standard Class,EB-14110
US-2026-137498,09/09/2026,09/14/2026,Second Class,LC-17050
US-2026-118087,09/09/2026,09/13/2026,Standard Class,SP-20620
US-2026-147228,09/09/2026,09/14/2026,Standard Class,SO-20335
US-2026-169439,09/09/2026,09/13/2026,Standard Class,LC-17140
US-2026-118087,09/09/2026,09/13/2026,Standard Class,SP-20620
US-2026-168403,09/09/2026,09/15/2026,Standard Class,DK-12835
US-2026-169439,09/09/2026,09/13/2026,Standard Class,LC-17140
US-2026-118087,09/09/2026,09/13/2026,Standard Class,SP-20620
US-2026-137498,09/09/2026,09/14/2026,Second Class,LC-17050
US-2026-118087,09/09/2026,09/13/2026,Standard Class,SP-20620
US-2026-152198,09/09/2026,09/10/2026,First Class,JD-16015
US-2026-118087,09/09/2026,09/13/2026,Standard Class,SP-20620
US-2026-152198,09/09/2026,09/10/2026,First Class,JD-16015
US-2026-159562,09/09/2026,09/15/2026,Standard Class,JB-16000
US-2026-139444,09/09/2026,09/15/2026,Standard Class,GK-14620
US-2026-152198,09/09/2026,09/10/2026,First Class,JD-16015
US-2026-137498,09/09/2026,09/14/2026,Second Class,LC-17050
US-2026-147228,09/09/2026,09/14/2026,Standard Class,SO-20335
US-2026-155929,09/09/2026,09/13/2026,Standard Class,AI-10855
US-2026-168403,09/09/2026,09/15/2026,Standard Class,DK-12835
US-2026-147228,09/09/2026,09/14/2026,Standard Class,SO-20335
US-2026-147361,09/09/2026,09/15/2026,Standard Class,SB-20290
US-2026-147361,09/09/2026,09/15/2026,Standard Class,SB-20290
US-2026-100825,09/09/2026,09/14/2026,Standard Class,KD-16495
US-2026-147228,09/09/2026,09/14/2026,Standard Class,SO-20335
US-2026-146213,09/09/2026,09/14/2026,Standard Class,MC-17605
US-2026-118087,09/09/2026,09/13/2026,Standard Class,SP-20620
US-2026-118087,09/09/2026,09/13/2026,Standard Class,SP-20620
US-2026-118087,09/09/2026,09/13/2026,Standard Class,SP-20620
US-2026-128370,09/10/2026,09/10/2026,Same Day,FH-14275
US-2026-110905,09/10/2026,09/15/2026,Second Class,RW-19690
US-2026-110905,09/10/2026,09/15/2026,Second Class,RW-19690
US-2026-126438,09/10/2026,09/13/2026,First Class,AR-10345
US-2026-110905,09/10/2026,09/15/2026,Second Class,RW-19690
US-2026-152093,09/10/2026,09/15/2026,Standard Class,SN-20560
US-2026-110905,09/10/2026,09/15/2026,Second Class,RW-19690
US-2026-128370,09/10/2026,09/10/2026,Same Day,FH-14275
US-2026-159954,09/10/2026,09/14/2026,Standard Class,SS-20410
US-2026-110905,09/10/2026,09/15/2026,Second Class,RW-19690
US-2026-147403,09/10/2026,09/13/2026,First Class,KH-16630
US-2026-122280,09/10/2026,09/10/2026,Same Day,SH-20395
US-2026-110905,09/10/2026,09/15/2026,Second Class,RW-19690
US-2026-110905,09/10/2026,09/15/2026,Second Class,RW-19690
US-2026-110905,09/10/2026,09/15/2026,Second Class,RW-19690
US-2026-123036,09/10/2026,09/17/2026,Standard Class,HA-14905
US-2026-123036,09/10/2026,09/17/2026,Standard Class,HA-14905
US-2026-120999,09/10/2026,09/15/2026,Standard Class,LC-16930
CA-2026-126438,09/10/2026,09/13/2026,First Class,AR-10345
US-2026-149559,09/11/2026,09/12/2026,Same Day,KF-16285
US-2026-142188,09/11/2026,09/11/2026,Same Day,JF-15415
US-2026-144484,09/11/2026,09/11/2026,Same Day,CB-12025
US-2026-112774,09/11/2026,09/12/2026,First Class,RC-19960
US-2026-160836,09/11/2026,09/16/2026,Standard Class,CC-12475
US-2026-152898,09/11/2026,09/15/2026,Standard Class,CB-12025
US-2026-160836,09/11/2026,09/16/2026,Standard Class,CC-12475
US-2026-127726,09/11/2026,09/13/2026,Second Class,SS-20410
US-2026-144484,09/11/2026,09/11/2026,Same Day,CB-12025
US-2026-142188,09/11/2026,09/11/2026,Same Day,JF-15415
US-2026-149559,09/11/2026,09/12/2026,Same Day,KF-16285
US-2026-117044,09/11/2026,09/13/2026,Second Class,HA-14920
US-2026-127726,09/11/2026,09/13/2026,Second Class,SS-20410
US-2026-142188,09/11/2026,09/11/2026,Same Day,JF-15415
US-2026-166898,09/11/2026,09/13/2026,Second Class,KH-16630
US-2026-149559,09/11/2026,09/12/2026,Same Day,KF-16285
US-2026-124898,09/11/2026,09/15/2026,Standard Class,DB-12910
US-2026-117044,09/11/2026,09/13/2026,Second Class,HA-14920
US-2026-142188,09/11/2026,09/11/2026,Same Day,JF-15415
US-2026-160836,09/11/2026,09/16/2026,Standard Class,CC-12475
US-2026-142188,09/11/2026,09/11/2026,Same Day,JF-15415
US-2026-166898,09/11/2026,09/13/2026,Second Class,KH-16630
US-2026-103611,09/12/2026,09/15/2026,First Class,JM-15535
US-2026-140676,09/12/2026,09/15/2026,First Class,BF-11080
US-2026-108749,09/12/2026,09/15/2026,First Class,DJ-13510
US-2026-108749,09/12/2026,09/15/2026,First Class,DJ-13510
US-2026-109582,09/12/2026,09/17/2026,Second Class,JM-15865
US-2026-140676,09/12/2026,09/15/2026,First Class,BF-11080
US-2026-140676,09/12/2026,09/15/2026,First Class,BF-11080
US-2026-139493,09/13/2026,09/19/2026,Standard Class,SG-20605
US-2026-156237,09/14/2026,09/15/2026,First Class,PS-18760
US-2026-152975,09/14/2026,09/16/2026,First Class,RB-19705
US-2026-156237,09/14/2026,09/15/2026,First Class,PS-18760
US-2026-115882,09/14/2026,09/17/2026,First Class,DB-13555
US-2026-147725,09/14/2026,09/14/2026,Same Day,LT-17110
US-2026-152975,09/14/2026,09/16/2026,First Class,RB-19705
US-2026-156237,09/14/2026,09/15/2026,First Class,PS-18760
US-2026-156237,09/14/2026,09/15/2026,First Class,PS-18760
US-2026-157224,09/14/2026,09/18/2026,Second Class,JB-16000
US-2026-115882,09/14/2026,09/17/2026,First Class,DB-13555
US-2026-108931,09/14/2026,09/19/2026,Standard Class,HZ-14950
US-2026-108931,09/14/2026,09/19/2026,Standard Class,HZ-14950
US-2026-114440,09/14/2026,09/17/2026,Second Class,TB-21520
US-2026-152975,09/14/2026,09/16/2026,First Class,RB-19705
US-2026-130302,09/14/2026,09/19/2026,Standard Class,CY-12745
US-2026-156237,09/14/2026,09/15/2026,First Class,PS-18760
US-2026-156237,09/14/2026,09/15/2026,First Class,PS-18760
US-2026-152975,09/14/2026,09/16/2026,First Class,RB-19705
US-2026-121888,09/15/2026,09/17/2026,Second Class,CL-11890
US-2026-116652,09/15/2026,09/19/2026,Standard Class,RD-19480
US-2026-163300,09/15/2026,09/21/2026,Standard Class,ES-14020
US-2026-124205,09/15/2026,09/19/2026,Standard Class,TC-21145
US-2026-163020,09/15/2026,09/19/2026,Standard Class,MO-17800
US-2026-116652,09/15/2026,09/19/2026,Standard Class,RD-19480
US-2026-124205,09/15/2026,09/19/2026,Standard Class,TC-21145
US-2026-127096,09/15/2026,09/17/2026,Second Class,CS-12400
US-2026-116652,09/15/2026,09/19/2026,Standard Class,RD-19480
US-2026-116652,09/15/2026,09/19/2026,Standard Class,RD-19480
US-2026-146185,09/15/2026,09/19/2026,Standard Class,CC-12145
US-2026-121888,09/15/2026,09/17/2026,Second Class,CL-11890
US-2026-134418,09/15/2026,09/20/2026,Standard Class,GM-14500
US-2026-121888,09/15/2026,09/17/2026,Second Class,CL-11890
US-2026-165008,09/15/2026,09/17/2026,Second Class,DO-13645
US-2026-163300,09/15/2026,09/21/2026,Standard Class,ES-14020
US-2026-116652,09/15/2026,09/19/2026,Standard Class,RD-19480
US-2026-145737,09/15/2026,09/20/2026,Standard Class,AB-10165
US-2026-130043,09/15/2026,09/19/2026,Standard Class,BB-11545
US-2026-124205,09/15/2026,09/19/2026,Standard Class,TC-21145
US-2026-139822,09/15/2026,09/21/2026,Standard Class,Dp-13240
US-2026-139822,09/15/2026,09/21/2026,Standard Class,Dp-13240
US-2026-121888,09/15/2026,09/17/2026,Second Class,CL-11890
US-2026-163300,09/15/2026,09/21/2026,Standard Class,ES-14020
US-2026-124205,09/15/2026,09/19/2026,Standard Class,TC-21145
US-2026-132353,09/15/2026,09/17/2026,First Class,DB-13060
US-2026-136448,09/16/2026,09/18/2026,First Class,AS-10090
US-2026-118136,09/16/2026,09/17/2026,First Class,BB-10990
US-2026-136448,09/16/2026,09/18/2026,First Class,AS-10090
US-2026-136448,09/16/2026,09/18/2026,First Class,AS-10090
US-2026-144113,09/16/2026,09/20/2026,Standard Class,JF-15355
US-2026-130715,09/16/2026,09/20/2026,Standard Class,CY-12745
US-2026-118136,09/16/2026,09/17/2026,First Class,BB-10990
US-2026-112984,09/16/2026,09/18/2026,Second Class,EH-14185
US-2026-134173,09/16/2026,09/21/2026,Standard Class,AB-10060
US-2026-136448,09/16/2026,09/18/2026,First Class,AS-10090
US-2026-141446,09/16/2026,09/18/2026,Second Class,CL-12700
US-2026-136448,09/16/2026,09/18/2026,First Class,AS-10090
US-2026-144113,09/16/2026,09/20/2026,Standard Class,JF-15355
US-2026-112515,09/17/2026,09/21/2026,Second Class,AS-10225
US-2026-157931,09/17/2026,09/22/2026,Second Class,MO-17800
US-2026-105669,09/17/2026,09/22/2026,Second Class,SJ-20125
US-2026-105669,09/17/2026,09/22/2026,Second Class,SJ-20125
US-2026-112515,09/17/2026,09/21/2026,Second Class,AS-10225
US-2026-105669,09/17/2026,09/22/2026,Second Class,SJ-20125
US-2026-112515,09/17/2026,09/21/2026,Second Class,AS-10225
US-2026-112515,09/17/2026,09/21/2026,Second Class,AS-10225
US-2026-112515,09/17/2026,09/21/2026,Second Class,AS-10225
US-2026-112515,09/17/2026,09/21/2026,Second Class,AS-10225
US-2026-157931,09/17/2026,09/22/2026,Second Class,MO-17800
US-2026-137470,09/17/2026,09/17/2026,Same Day,TP-21415
US-2026-126928,09/17/2026,09/23/2026,Standard Class,GZ-14470
US-2026-112515,09/17/2026,09/21/2026,Second Class,AS-10225
US-2026-142293,09/17/2026,09/20/2026,First Class,SC-20380
US-2026-126928,09/17/2026,09/23/2026,Standard Class,GZ-14470
US-2026-105669,09/17/2026,09/22/2026,Second Class,SJ-20125
US-2026-148068,09/18/2026,09/25/2026,Standard Class,MM-18280
US-2026-164756,09/18/2026,09/22/2026,Standard Class,SS-20140
US-2026-131016,09/18/2026,09/20/2026,First Class,DC-12850
US-2026-164756,09/18/2026,09/22/2026,Standard Class,SS-20140
US-2026-106180,09/18/2026,09/23/2026,Standard Class,SH-19975
US-2026-166856,09/18/2026,09/22/2026,Standard Class,TS-21505
US-2026-140508,09/18/2026,09/21/2026,First Class,PA-19060
US-2026-106180,09/18/2026,09/23/2026,Standard Class,SH-19975
US-2026-164756,09/18/2026,09/22/2026,Standard Class,SS-20140
US-2026-148068,09/18/2026,09/25/2026,Standard Class,MM-18280
US-2026-133333,09/18/2026,09/22/2026,Standard Class,BF-11020
US-2026-164756,09/18/2026,09/22/2026,Standard Class,SS-20140
US-2026-164756,09/18/2026,09/22/2026,Standard Class,SS-20140
US-2026-134439,09/18/2026,09/23/2026,Second Class,TM-21010
US-2026-106180,09/18/2026,09/23/2026,Standard Class,SH-19975
US-2026-131016,09/18/2026,09/20/2026,First Class,DC-12850
US-2026-164756,09/18/2026,09/22/2026,Standard Class,SS-20140
US-2026-166856,09/18/2026,09/22/2026,Standard Class,TS-21505
US-2026-164756,09/18/2026,09/22/2026,Standard Class,SS-20140
US-2026-164756,09/18/2026,09/22/2026,Standard Class,SS-20140
US-2026-143378,09/19/2026,09/25/2026,Standard Class,JR-16210
US-2026-143378,09/19/2026,09/25/2026,Standard Class,JR-16210
US-2026-102974,09/19/2026,09/24/2026,Standard Class,DP-13105
US-2026-143378,09/19/2026,09/25/2026,Standard Class,JR-16210
US-2026-139787,09/19/2026,09/23/2026,Standard Class,JP-16135
US-2026-102974,09/19/2026,09/24/2026,Standard Class,DP-13105
US-2026-160801,09/19/2026,09/19/2026,Same Day,FG-14260
US-2026-153822,09/19/2026,09/25/2026,Standard Class,AB-10105
US-2026-148866,09/19/2026,09/24/2026,Standard Class,JM-15535
US-2026-153822,09/19/2026,09/25/2026,Standard Class,AB-10105
US-2026-139619,09/19/2026,09/23/2026,Standard Class,ES-14080
US-2026-102974,09/19/2026,09/24/2026,Standard Class,DP-13105
US-2026-153822,09/19/2026,09/25/2026,Standard Class,AB-10105
US-2026-143378,09/19/2026,09/25/2026,Standard Class,JR-16210
US-2026-153822,09/19/2026,09/25/2026,Standard Class,AB-10105
US-2026-100111,09/20/2026,09/26/2026,Standard Class,SV-20365
US-2026-100111,09/20/2026,09/26/2026,Standard Class,SV-20365
US-2026-100111,09/20/2026,09/26/2026,Standard Class,SV-20365
US-2026-100111,09/20/2026,09/26/2026,Standard Class,SV-20365
US-2026-100111,09/20/2026,09/26/2026,Standard Class,SV-20365
US-2026-100111,09/20/2026,09/26/2026,Standard Class,SV-20365
US-2026-100111,09/20/2026,09/26/2026,Standard Class,SV-20365
US-2026-100111,09/20/2026,09/26/2026,Standard Class,SV-20365
US-2026-100111,09/20/2026,09/26/2026,Standard Class,SV-20365
US-2026-100111,09/20/2026,09/26/2026,Standard Class,SV-20365
US-2026-100111,09/20/2026,09/26/2026,Standard Class,SV-20365
US-2026-100111,09/20/2026,09/26/2026,Standard Class,SV-20365
US-2026-100111,09/20/2026,09/26/2026,Standard Class,SV-20365
US-2026-100111,09/20/2026,09/26/2026,Standard Class,SV-20365
CA-2026-153738,09/20/2026,09/22/2026,First Class,AG-10270
US-2026-123351,09/21/2026,09/25/2026,Standard Class,KT-16480
US-2026-151428,09/21/2026,09/26/2026,Standard Class,RH-19495
US-2026-146878,09/21/2026,09/27/2026,Standard Class,DL-12865
US-2026-169817,09/21/2026,09/25/2026,Standard Class,EB-13870
US-2026-133074,09/21/2026,09/25/2026,Standard Class,DB-13615
US-2026-165155,09/21/2026,09/23/2026,First Class,BM-11575
US-2026-132262,09/21/2026,09/23/2026,First Class,ML-18265
US-2026-132262,09/21/2026,09/23/2026,First Class,ML-18265
US-2026-167381,09/22/2026,09/24/2026,Second Class,EH-14005
US-2026-162789,09/22/2026,09/24/2026,Second Class,LC-17140
US-2026-161970,09/22/2026,09/27/2026,Standard Class,PB-19105
US-2026-108245,09/22/2026,09/27/2026,Standard Class,SH-19975
US-2026-158379,09/22/2026,09/26/2026,Second Class,JA-15970
US-2026-166317,09/22/2026,09/26/2026,Standard Class,JE-15610
US-2026-161053,09/22/2026,09/23/2026,First Class,JE-15745
US-2026-136000,09/22/2026,09/25/2026,Second Class,SC-20440
US-2026-108245,09/22/2026,09/27/2026,Standard Class,SH-19975
US-2026-167381,09/22/2026,09/24/2026,Second Class,EH-14005
US-2026-103226,09/22/2026,09/28/2026,Standard Class,DW-13195
US-2026-161970,09/22/2026,09/27/2026,Standard Class,PB-19105
US-2026-166317,09/22/2026,09/26/2026,Standard Class,JE-15610
US-2026-102967,09/22/2026,09/26/2026,Standard Class,MG-17890
US-2026-117009,09/22/2026,09/28/2026,Standard Class,BK-11260
US-2026-158379,09/22/2026,09/26/2026,Second Class,JA-15970
US-2026-162789,09/22/2026,09/24/2026,Second Class,LC-17140
US-2026-158379,09/22/2026,09/26/2026,Second Class,JA-15970
US-2026-166317,09/22/2026,09/26/2026,Standard Class,JE-15610
US-2026-161053,09/22/2026,09/23/2026,First Class,JE-15745
US-2026-166317,09/22/2026,09/26/2026,Standard Class,JE-15610
US-2026-122196,09/22/2026,09/24/2026,First Class,CA-12265
CA-2026-125724,09/22/2026,09/27/2026,Standard Class,SM-20950
US-2026-132059,09/23/2026,09/29/2026,Standard Class,AP-10915
US-2026-121853,09/23/2026,09/29/2026,Standard Class,DB-13660
US-2026-121412,09/23/2026,09/27/2026,Standard Class,BG-11695
US-2026-125647,09/23/2026,09/28/2026,Standard Class,LC-16870
US-2026-123778,09/23/2026,09/30/2026,Standard Class,BS-11755
US-2026-132521,09/23/2026,09/25/2026,Second Class,DW-13540
US-2026-132521,09/23/2026,09/25/2026,Second Class,DW-13540
US-2026-123778,09/23/2026,09/30/2026,Standard Class,BS-11755
US-2026-121853,09/23/2026,09/29/2026,Standard Class,DB-13660
US-2026-138422,09/23/2026,09/26/2026,First Class,KN-16705
US-2026-103520,09/23/2026,09/25/2026,First Class,MH-17785
US-2026-102309,09/23/2026,09/25/2026,Second Class,DO-13645
US-2026-121314,09/23/2026,09/26/2026,First Class,BE-11410
US-2026-121853,09/23/2026,09/29/2026,Standard Class,DB-13660
US-2026-125647,09/23/2026,09/28/2026,Standard Class,LC-16870
US-2026-132521,09/23/2026,09/25/2026,Second Class,DW-13540
US-2026-102309,09/23/2026,09/25/2026,Second Class,DO-13645
US-2026-132059,09/23/2026,09/29/2026,Standard Class,AP-10915
US-2026-117485,09/23/2026,09/29/2026,Standard Class,BD-11320
US-2026-125647,09/23/2026,09/28/2026,Standard Class,LC-16870
US-2026-142034,09/24/2026,09/28/2026,Standard Class,KB-16240
US-2026-148411,09/24/2026,09/26/2026,First Class,RO-19780
US-2026-108910,09/24/2026,09/29/2026,Standard Class,KC-16540
US-2026-142391,09/24/2026,09/24/2026,Same Day,PB-19150
US-2026-132675,09/24/2026,09/28/2026,Standard Class,KF-16285
US-2026-132675,09/24/2026,09/28/2026,Standard Class,KF-16285
US-2026-163335,09/24/2026,09/27/2026,First Class,AG-10675
US-2026-134096,09/24/2026,09/29/2026,Standard Class,PP-18955
US-2026-132675,09/24/2026,09/28/2026,Standard Class,KF-16285
US-2026-144694,09/24/2026,09/26/2026,Second Class,BD-11605
US-2026-130148,09/24/2026,09/28/2026,Second Class,NK-18490
US-2026-148411,09/24/2026,09/26/2026,First Class,RO-19780
US-2026-163335,09/24/2026,09/27/2026,First Class,AG-10675
US-2026-132675,09/24/2026,09/28/2026,Standard Class,KF-16285
US-2026-130148,09/24/2026,09/28/2026,Second Class,NK-18490
US-2026-142034,09/24/2026,09/28/2026,Standard Class,KB-16240
US-2026-142034,09/24/2026,09/28/2026,Standard Class,KB-16240
US-2026-144694,09/24/2026,09/26/2026,Second Class,BD-11605
US-2026-122364,09/24/2026,09/29/2026,Standard Class,FA-14230
US-2026-134096,09/24/2026,09/29/2026,Standard Class,PP-18955
US-2026-160325,09/24/2026,09/24/2026,Same Day,BP-11095
US-2026-122364,09/24/2026,09/29/2026,Standard Class,FA-14230
US-2026-160325,09/24/2026,09/24/2026,Same Day,BP-11095
US-2026-121839,09/24/2026,09/28/2026,Standard Class,MH-18115
US-2026-132675,09/24/2026,09/28/2026,Standard Class,KF-16285
CA-2026-160325,09/24/2026,09/24/2026,Same Day,BP-11095
CA-2026-160325,09/24/2026,09/24/2026,Same Day,BP-11095
US-2026-144904,09/25/2026,10/01/2026,Standard Class,KW-16435
US-2026-162481,09/25/2026,09/29/2026,Standard Class,CT-11995
US-2026-144904,09/25/2026,10/01/2026,Standard Class,KW-16435
US-2026-162572,09/25/2026,09/27/2026,Second Class,RB-19360
US-2026-144904,09/25/2026,10/01/2026,Standard Class,KW-16435
US-2026-162481,09/25/2026,09/29/2026,Standard Class,CT-11995
US-2026-112004,09/25/2026,09/28/2026,First Class,AH-10075
US-2026-122112,09/25/2026,09/29/2026,Standard Class,CA-11965
US-2026-144904,09/25/2026,10/01/2026,Standard Class,KW-16435
US-2026-116939,09/25/2026,09/29/2026,Standard Class,AG-10900
US-2026-169929,09/25/2026,09/28/2026,First Class,LS-17200
US-2026-112004,09/25/2026,09/28/2026,First Class,AH-10075
US-2026-162572,09/25/2026,09/27/2026,Second Class,RB-19360
US-2026-129490,09/26/2026,09/30/2026,Standard Class,SJ-20125
US-2026-106145,09/26/2026,09/26/2026,Same Day,RA-19885
US-2026-156391,09/26/2026,09/28/2026,First Class,SL-20155
US-2026-106145,09/26/2026,09/26/2026,Same Day,RA-19885
US-2026-106145,09/26/2026,09/26/2026,Same Day,RA-19885
US-2026-106145,09/26/2026,09/26/2026,Same Day,RA-19885
US-2026-106145,09/26/2026,09/26/2026,Same Day,RA-19885
CA-2026-192314,09/26/2026,10/01/2026,Second Class,JS-13215
US-2026-101574,09/28/2026,10/04/2026,Standard Class,BD-11725
US-2026-125717,09/28/2026,10/01/2026,First Class,DS-13030
US-2026-125717,09/28/2026,10/01/2026,First Class,DS-13030
US-2026-125717,09/28/2026,10/01/2026,First Class,DS-13030
US-2026-152205,09/28/2026,10/05/2026,Standard Class,SF-20965
US-2026-160017,09/28/2026,10/02/2026,Standard Class,SP-20860
US-2026-125717,09/28/2026,10/01/2026,First Class,DS-13030
US-2026-125717,09/28/2026,10/01/2026,First Class,DS-13030
US-2026-139955,09/28/2026,09/30/2026,Second Class,CM-12160
US-2026-125717,09/28/2026,10/01/2026,First Class,DS-13030
US-2026-140186,09/29/2026,10/02/2026,First Class,PG-18820
US-2026-121300,09/29/2026,09/29/2026,Same Day,MG-17680
US-2026-121300,09/29/2026,09/29/2026,Same Day,MG-17680
US-2026-140186,09/29/2026,10/02/2026,First Class,PG-18820
US-2026-121300,09/29/2026,09/29/2026,Same Day,MG-17680
US-2026-140186,09/29/2026,10/02/2026,First Class,PG-18820
US-2026-141509,09/29/2026,10/01/2026,First Class,SC-20575
US-2026-140186,09/29/2026,10/02/2026,First Class,PG-18820
US-2026-100314,09/29/2026,10/05/2026,Standard Class,AS-10630
US-2026-128335,09/29/2026,10/05/2026,Standard Class,JA-15970
US-2026-126676,09/29/2026,10/01/2026,First Class,FH-14365
US-2026-140186,09/29/2026,10/02/2026,First Class,PG-18820
US-2026-100314,09/29/2026,10/05/2026,Standard Class,AS-10630
US-2026-121300,09/29/2026,09/29/2026,Same Day,MG-17680
US-2026-121300,09/29/2026,09/29/2026,Same Day,MG-17680
US-2026-128335,09/29/2026,10/05/2026,Standard Class,JA-15970
US-2026-148138,09/29/2026,10/03/2026,Standard Class,ME-18010
US-2026-118402,09/29/2026,10/04/2026,Standard Class,JO-15280
US-2026-137918,09/29/2026,10/06/2026,Standard Class,JK-15730
US-2026-121300,09/29/2026,09/29/2026,Same Day,MG-17680
US-2026-100314,09/29/2026,10/05/2026,Standard Class,AS-10630
US-2026-147452,09/30/2026,10/03/2026,First Class,CS-11845
US-2026-130603,09/30/2026,10/06/2026,Standard Class,SC-20050
US-2026-120908,09/30/2026,10/02/2026,First Class,BF-10975
US-2026-144225,09/30/2026,10/02/2026,Second Class,CC-12475
US-2026-147452,09/30/2026,10/03/2026,First Class,CS-11845
US-2026-147452,09/30/2026,10/03/2026,First Class,CS-11845
US-2026-123029,09/30/2026,10/02/2026,Second Class,BT-11530
US-2026-129378,10/01/2026,10/02/2026,First Class,NS-18505
US-2026-156951,10/01/2026,10/08/2026,Standard Class,EB-13840
US-2026-129378,10/01/2026,10/02/2026,First Class,NS-18505
US-2026-152275,10/01/2026,10/08/2026,Standard Class,KH-16630
US-2026-156951,10/01/2026,10/08/2026,Standard Class,EB-13840
US-2026-129378,10/01/2026,10/02/2026,First Class,NS-18505
US-2026-129378,10/01/2026,10/02/2026,First Class,NS-18505
US-2026-117807,10/01/2026,10/07/2026,Standard Class,DK-13090
US-2026-156951,10/01/2026,10/08/2026,Standard Class,EB-13840
US-2026-156951,10/01/2026,10/08/2026,Standard Class,EB-13840
US-2026-139577,10/01/2026,10/06/2026,Standard Class,TN-21040
US-2026-113418,10/01/2026,10/03/2026,First Class,CM-12655
US-2026-141117,10/02/2026,10/08/2026,Standard Class,JK-16090
US-2026-137414,10/02/2026,10/06/2026,Standard Class,CM-12115
US-2026-162558,10/02/2026,10/05/2026,First Class,Dp-13240
US-2026-116113,10/02/2026,10/06/2026,Second Class,JW-15220
US-2026-126074,10/02/2026,10/06/2026,Standard Class,RF-19735
US-2026-162558,10/02/2026,10/05/2026,First Class,Dp-13240
US-2026-162558,10/02/2026,10/05/2026,First Class,Dp-13240
US-2026-162558,10/02/2026,10/05/2026,First Class,Dp-13240
US-2026-152926,10/02/2026,10/04/2026,Second Class,SC-20695
US-2026-152926,10/02/2026,10/04/2026,Second Class,SC-20695
US-2026-126074,10/02/2026,10/06/2026,Standard Class,RF-19735
US-2026-141117,10/02/2026,10/08/2026,Standard Class,JK-16090
US-2026-126074,10/02/2026,10/06/2026,Standard Class,RF-19735
US-2026-162558,10/02/2026,10/05/2026,First Class,Dp-13240
US-2026-105914,10/02/2026,10/08/2026,Standard Class,PV-18985
US-2026-126074,10/02/2026,10/06/2026,Standard Class,RF-19735
US-2026-141117,10/02/2026,10/08/2026,Standard Class,JK-16090
US-2026-162558,10/02/2026,10/05/2026,First Class,Dp-13240
US-2026-101308,10/02/2026,10/07/2026,Standard Class,FG-14260
US-2026-162558,10/02/2026,10/05/2026,First Class,Dp-13240
US-2026-147564,10/02/2026,10/06/2026,Standard Class,BP-11155
US-2026-105914,10/02/2026,10/08/2026,Standard Class,PV-18985
US-2026-141117,10/02/2026,10/08/2026,Standard Class,JK-16090
US-2026-137414,10/02/2026,10/06/2026,Standard Class,CM-12115
US-2026-123981,10/02/2026,10/08/2026,Standard Class,RW-19630
US-2026-101308,10/02/2026,10/07/2026,Standard Class,FG-14260
US-2026-143035,10/03/2026,10/05/2026,Second Class,CC-12430
US-2026-101749,10/03/2026,10/08/2026,Standard Class,AS-10045
US-2026-149853,10/03/2026,10/09/2026,Standard Class,PO-18850
US-2026-143035,10/03/2026,10/05/2026,Second Class,CC-12430
US-2026-144820,10/03/2026,10/07/2026,Second Class,LW-16825
US-2026-141789,10/03/2026,10/06/2026,First Class,AC-10450
US-2026-149853,10/03/2026,10/09/2026,Standard Class,PO-18850
US-2026-134607,10/03/2026,10/08/2026,Second Class,HL-15040
US-2026-143035,10/03/2026,10/05/2026,Second Class,CC-12430
US-2026-163818,10/04/2026,10/08/2026,Standard Class,PS-18970
US-2026-131807,10/05/2026,10/10/2026,Standard Class,GG-14650
US-2026-143112,10/05/2026,10/09/2026,Standard Class,TS-21370
US-2026-131807,10/05/2026,10/10/2026,Standard Class,GG-14650
US-2026-131807,10/05/2026,10/10/2026,Standard Class,GG-14650
US-2026-131807,10/05/2026,10/10/2026,Standard Class,GG-14650
US-2026-167661,10/05/2026,10/10/2026,Standard Class,MP-18175
US-2026-167661,10/05/2026,10/10/2026,Standard Class,MP-18175
US-2026-103247,10/05/2026,10/08/2026,Second Class,PO-19195
US-2026-131807,10/05/2026,10/10/2026,Standard Class,GG-14650
US-2026-167661,10/05/2026,10/10/2026,Standard Class,MP-18175
US-2026-157672,10/05/2026,10/07/2026,First Class,RB-19795
US-2026-143112,10/05/2026,10/09/2026,Standard Class,TS-21370
US-2026-131807,10/05/2026,10/10/2026,Standard Class,GG-14650
US-2026-143112,10/05/2026,10/09/2026,Standard Class,TS-21370
US-2026-103247,10/05/2026,10/08/2026,Second Class,PO-19195
CA-2026-131807,10/05/2026,10/10/2026,Standard Class,GG-14650
CA-2026-131807,10/05/2026,10/10/2026,Standard Class,GG-14650
CA-2026-131807,10/05/2026,10/10/2026,Standard Class,GG-14650
CA-2026-131807,10/05/2026,10/10/2026,Standard Class,GG-14650
CA-2026-131807,10/05/2026,10/10/2026,Standard Class,GG-14650
CA-2026-131807,10/05/2026,10/10/2026,Standard Class,GG-14650
US-2026-148054,10/06/2026,10/11/2026,Standard Class,NZ-18565
US-2026-148054,10/06/2026,10/11/2026,Standard Class,NZ-18565
US-2026-137421,10/06/2026,10/11/2026,Standard Class,AJ-10945
US-2026-146269,10/06/2026,10/06/2026,Same Day,MH-17455
US-2026-109099,10/06/2026,10/11/2026,Standard Class,MM-18280
US-2026-148054,10/06/2026,10/11/2026,Standard Class,NZ-18565
US-2026-118577,10/06/2026,10/11/2026,Standard Class,XP-21865
US-2026-136868,10/06/2026,10/12/2026,Standard Class,CR-12820
US-2026-118577,10/06/2026,10/11/2026,Standard Class,XP-21865
US-2026-136868,10/06/2026,10/12/2026,Standard Class,CR-12820
US-2026-146269,10/06/2026,10/06/2026,Same Day,MH-17455
US-2026-136868,10/06/2026,10/12/2026,Standard Class,CR-12820
US-2026-104003,10/07/2026,10/13/2026,Standard Class,DC-13285
US-2026-148404,10/07/2026,10/11/2026,Standard Class,Dp-13240
US-2026-128426,10/07/2026,10/11/2026,Standard Class,JK-15730
US-2026-148404,10/07/2026,10/11/2026,Standard Class,Dp-13240
US-2026-148404,10/07/2026,10/11/2026,Standard Class,Dp-13240
US-2026-152709,10/07/2026,10/12/2026,Standard Class,DB-13210
US-2026-148404,10/07/2026,10/11/2026,Standard Class,Dp-13240
US-2026-108574,10/07/2026,10/11/2026,Standard Class,MG-18145
US-2026-108574,10/07/2026,10/11/2026,Standard Class,MG-18145
US-2026-108574,10/07/2026,10/11/2026,Standard Class,MG-18145
US-2026-148404,10/07/2026,10/11/2026,Standard Class,Dp-13240
US-2026-168613,10/08/2026,10/14/2026,Standard Class,GM-14440
US-2026-151596,10/08/2026,10/11/2026,First Class,BP-11050
US-2026-105487,10/08/2026,10/14/2026,Standard Class,CS-12250
US-2026-105487,10/08/2026,10/14/2026,Standard Class,CS-12250
US-2026-105487,10/08/2026,10/14/2026,Standard Class,CS-12250
US-2026-105487,10/08/2026,10/14/2026,Standard Class,CS-12250
US-2026-141873,10/09/2026,10/14/2026,Standard Class,HG-14845
US-2026-163125,10/09/2026,10/11/2026,Second Class,MB-17305
US-2026-132430,10/09/2026,10/11/2026,First Class,CP-12085
US-2026-117247,10/09/2026,10/14/2026,Standard Class,CK-12760
US-2026-117247,10/09/2026,10/14/2026,Standard Class,CK-12760
US-2026-163125,10/09/2026,10/11/2026,Second Class,MB-17305
US-2026-141873,10/09/2026,10/14/2026,Standard Class,HG-14845
US-2026-141873,10/09/2026,10/14/2026,Standard Class,HG-14845
US-2026-141873,10/09/2026,10/14/2026,Standard Class,HG-14845
US-2026-115595,10/09/2026,10/11/2026,First Class,XP-21865
US-2026-162635,10/09/2026,10/10/2026,First Class,EB-14170
US-2026-111717,10/10/2026,10/16/2026,Standard Class,SW-20245
CA-2026-126627,10/10/2026,10/12/2026,First Class,WB-21850
CA-2026-126627,10/10/2026,10/12/2026,First Class,WB-21850
US-2026-150091,10/12/2026,10/16/2026,Standard Class,NP-18670
US-2026-152702,10/12/2026,10/16/2026,Standard Class,SN-20710
US-2026-150091,10/12/2026,10/16/2026,Standard Class,NP-18670
US-2026-130505,10/12/2026,10/12/2026,Same Day,NF-18385
US-2026-112431,10/12/2026,10/14/2026,Second Class,RW-19690
US-2026-126536,10/12/2026,10/14/2026,First Class,NK-18490
US-2026-168655,10/12/2026,10/18/2026,Standard Class,ML-18040
US-2026-150091,10/12/2026,10/16/2026,Standard Class,NP-18670
US-2026-169607,10/12/2026,10/15/2026,First Class,CA-12265
US-2026-152933,10/12/2026,10/16/2026,Standard Class,MG-17650
US-2026-149146,10/12/2026,10/12/2026,Same Day,SM-20320
US-2026-169362,10/12/2026,10/15/2026,First Class,SP-20860
US-2026-112431,10/12/2026,10/14/2026,Second Class,RW-19690
US-2026-150091,10/12/2026,10/16/2026,Standard Class,NP-18670
US-2026-168655,10/12/2026,10/18/2026,Standard Class,ML-18040
US-2026-152933,10/12/2026,10/16/2026,Standard Class,MG-17650
US-2026-126536,10/12/2026,10/14/2026,First Class,NK-18490
US-2026-152933,10/12/2026,10/16/2026,Standard Class,MG-17650
US-2026-163160,10/13/2026,10/16/2026,First Class,TS-21610
US-2026-103212,10/13/2026,10/14/2026,First Class,MH-18025
US-2026-116519,10/13/2026,10/15/2026,First Class,CR-12730
US-2026-163160,10/13/2026,10/16/2026,First Class,TS-21610
US-2026-135909,10/13/2026,10/20/2026,Standard Class,JW-15220
US-2026-103212,10/13/2026,10/14/2026,First Class,MH-18025
US-2026-132976,10/13/2026,10/17/2026,Standard Class,AG-10495
US-2026-132976,10/13/2026,10/17/2026,Standard Class,AG-10495
US-2026-163160,10/13/2026,10/16/2026,First Class,TS-21610
US-2026-103212,10/13/2026,10/14/2026,First Class,MH-18025
US-2026-132976,10/13/2026,10/17/2026,Standard Class,AG-10495
US-2026-132976,10/13/2026,10/17/2026,Standard Class,AG-10495
US-2026-148831,10/13/2026,10/15/2026,First Class,AH-10210
US-2026-135909,10/13/2026,10/20/2026,Standard Class,JW-15220
US-2026-135909,10/13/2026,10/20/2026,Standard Class,JW-15220
US-2026-168837,10/14/2026,10/17/2026,First Class,JW-15955
US-2026-126123,10/14/2026,10/18/2026,Standard Class,AG-10765
US-2026-150707,10/14/2026,10/19/2026,Standard Class,EL-13735
US-2026-126123,10/14/2026,10/18/2026,Standard Class,AG-10765
US-2026-151183,10/14/2026,10/19/2026,Standard Class,BK-11260
US-2026-142643,10/15/2026,10/20/2026,Standard Class,DL-13495
US-2026-113670,10/15/2026,10/17/2026,First Class,RS-19765
US-2026-100237,10/15/2026,10/19/2026,Standard Class,SV-20815
US-2026-106033,10/15/2026,10/18/2026,Second Class,FG-14260
US-2026-164819,10/15/2026,10/19/2026,Second Class,RS-19420
US-2026-154949,10/15/2026,10/19/2026,Standard Class,MC-17275
US-2026-142643,10/15/2026,10/20/2026,Standard Class,DL-13495
US-2026-113670,10/15/2026,10/17/2026,First Class,RS-19765
US-2026-132234,10/16/2026,10/18/2026,First Class,MY-17380
US-2026-159100,10/16/2026,10/21/2026,Standard Class,VP-21760
US-2026-158386,10/16/2026,10/21/2026,Standard Class,BO-11425
US-2026-111577,10/16/2026,10/21/2026,Standard Class,AJ-10780
US-2026-159100,10/16/2026,10/21/2026,Standard Class,VP-21760
US-2026-159282,10/16/2026,10/21/2026,Standard Class,GH-14410
US-2026-123246,10/17/2026,10/19/2026,Second Class,AJ-10960
US-2026-165603,10/17/2026,10/19/2026,Second Class,SS-20140
US-2026-165603,10/17/2026,10/19/2026,Second Class,SS-20140
US-2026-114804,10/17/2026,10/19/2026,Second Class,BF-11020
US-2026-106432,10/19/2026,10/24/2026,Standard Class,CA-12265
US-2026-131492,10/19/2026,10/24/2026,Second Class,HH-15010
US-2026-125388,10/19/2026,10/23/2026,Standard Class,MP-17965
US-2026-117653,10/19/2026,10/23/2026,Standard Class,MO-17500
US-2026-131492,10/19/2026,10/24/2026,Second Class,HH-15010
US-2026-125199,10/19/2026,10/25/2026,Standard Class,HM-14860
US-2026-106432,10/19/2026,10/24/2026,Standard Class,CA-12265
US-2026-125990,10/19/2026,10/23/2026,Standard Class,JS-16030
US-2026-120390,10/19/2026,10/26/2026,Standard Class,TH-21550
US-2026-131492,10/19/2026,10/24/2026,Second Class,HH-15010
US-2026-131492,10/19/2026,10/24/2026,Second Class,HH-15010
US-2026-107727,10/19/2026,10/23/2026,Second Class,MA-17560
US-2026-125199,10/19/2026,10/25/2026,Standard Class,HM-14860
US-2026-125388,10/19/2026,10/23/2026,Standard Class,MP-17965
US-2026-125199,10/19/2026,10/25/2026,Standard Class,HM-14860
US-2026-159457,10/19/2026,10/26/2026,Standard Class,RD-19480
CA-2026-125388,10/19/2026,10/23/2026,Standard Class,MP-17965
CA-2026-125388,10/19/2026,10/23/2026,Standard Class,MP-17965
CA-2026-107004,10/19/2026,10/24/2026,Standard Class,EH-14125
US-2026-103065,10/20/2026,10/20/2026,Same Day,PT-19090
US-2026-147277,10/20/2026,10/24/2026,Standard Class,EB-13705
US-2026-158743,10/20/2026,10/27/2026,Standard Class,IG-15085
US-2026-103065,10/20/2026,10/20/2026,Same Day,PT-19090
US-2026-146416,10/20/2026,10/22/2026,Second Class,JE-16165
US-2026-158743,10/20/2026,10/27/2026,Standard Class,IG-15085
US-2026-104822,10/20/2026,10/20/2026,Same Day,RB-19465
US-2026-146416,10/20/2026,10/22/2026,Second Class,JE-16165
US-2026-158722,10/20/2026,10/26/2026,Standard Class,MA-17560
US-2026-103065,10/20/2026,10/20/2026,Same Day,PT-19090
US-2026-158743,10/20/2026,10/27/2026,Standard Class,IG-15085
US-2026-115252,10/20/2026,10/25/2026,Standard Class,MY-18295
US-2026-147277,10/20/2026,10/24/2026,Standard Class,EB-13705
US-2026-103065,10/20/2026,10/20/2026,Same Day,PT-19090
US-2026-115252,10/20/2026,10/25/2026,Standard Class,MY-18295
US-2026-167094,10/21/2026,10/22/2026,First Class,DK-12835
US-2026-113558,10/21/2026,10/26/2026,Standard Class,PH-18790
US-2026-113558,10/21/2026,10/26/2026,Standard Class,PH-18790
US-2026-145884,10/21/2026,10/21/2026,Same Day,SL-20155
US-2026-117422,10/21/2026,10/25/2026,Standard Class,FC-14245
US-2026-100356,10/21/2026,10/25/2026,Standard Class,SP-20920
US-2026-148166,10/21/2026,10/26/2026,Standard Class,NK-18490
US-2026-142125,10/21/2026,10/27/2026,Standard Class,JB-15400
US-2026-117422,10/21/2026,10/25/2026,Standard Class,FC-14245
US-2026-142125,10/21/2026,10/27/2026,Standard Class,JB-15400
US-2026-117331,10/21/2026,10/28/2026,Standard Class,ND-18370
US-2026-117422,10/21/2026,10/25/2026,Standard Class,FC-14245
US-2026-167094,10/21/2026,10/22/2026,First Class,DK-12835
US-2026-113453,10/21/2026,10/28/2026,Standard Class,CM-12160
US-2026-154410,10/21/2026,10/24/2026,First Class,MD-17860
US-2026-167094,10/21/2026,10/22/2026,First Class,DK-12835
US-2026-145884,10/21/2026,10/21/2026,Same Day,SL-20155
US-2026-113453,10/21/2026,10/28/2026,Standard Class,CM-12160
US-2026-130141,10/22/2026,10/24/2026,Second Class,HA-14905
US-2026-101581,10/22/2026,10/27/2026,Standard Class,DW-13195
US-2026-130211,10/22/2026,10/22/2026,Same Day,BD-11620
US-2026-111920,10/22/2026,10/26/2026,Standard Class,PS-18970
US-2026-130141,10/22/2026,10/24/2026,Second Class,HA-14905
US-2026-127180,10/22/2026,10/24/2026,First Class,TA-21385
US-2026-156363,10/22/2026,10/28/2026,Standard Class,ML-17395
US-2026-130211,10/22/2026,10/22/2026,Same Day,BD-11620
US-2026-127180,10/22/2026,10/24/2026,First Class,TA-21385
US-2026-127180,10/22/2026,10/24/2026,First Class,TA-21385
US-2026-127180,10/22/2026,10/24/2026,First Class,TA-21385
US-2026-156363,10/22/2026,10/28/2026,Standard Class,ML-17395
US-2026-125451,10/23/2026,10/24/2026,First Class,AH-10075
US-2026-139913,10/23/2026,10/29/2026,Standard Class,JC-16105
US-2026-125451,10/23/2026,10/24/2026,First Class,AH-10075
US-2026-125451,10/23/2026,10/24/2026,First Class,AH-10075
US-2026-125451,10/23/2026,10/24/2026,First Class,AH-10075
US-2026-125451,10/23/2026,10/24/2026,First Class,AH-10075
US-2026-105389,10/23/2026,10/28/2026,Second Class,DM-13015
US-2026-106068,10/23/2026,10/28/2026,Standard Class,RB-19330
US-2026-105389,10/23/2026,10/28/2026,Second Class,DM-13015
US-2026-139913,10/23/2026,10/29/2026,Standard Class,JC-16105
US-2026-125451,10/23/2026,10/24/2026,First Class,AH-10075
US-2026-139913,10/23/2026,10/29/2026,Standard Class,JC-16105
US-2026-106068,10/23/2026,10/28/2026,Standard Class,RB-19330
US-2026-106068,10/23/2026,10/28/2026,Standard Class,RB-19330
US-2026-106068,10/23/2026,10/28/2026,Standard Class,RB-19330
US-2026-139913,10/23/2026,10/29/2026,Standard Class,JC-16105
US-2026-105389,10/23/2026,10/28/2026,Second Class,DM-13015
US-2026-117079,10/23/2026,10/27/2026,Standard Class,JR-15700
US-2026-141705,10/24/2026,10/26/2026,First Class,PO-18850
US-2026-144365,10/24/2026,10/30/2026,Standard Class,CS-11950
US-2026-162173,10/26/2026,11/01/2026,Standard Class,OT-18730
US-2026-115119,10/26/2026,10/30/2026,Standard Class,SC-20440
US-2026-110646,10/26/2026,10/31/2026,Standard Class,JF-15190
US-2026-162173,10/26/2026,11/01/2026,Standard Class,OT-18730
US-2026-155558,10/26/2026,11/02/2026,Standard Class,PG-18895
US-2026-110646,10/26/2026,10/31/2026,Standard Class,JF-15190
US-2026-102729,10/26/2026,10/31/2026,Standard Class,BF-11215
US-2026-155558,10/26/2026,11/02/2026,Standard Class,PG-18895
US-2026-115119,10/26/2026,10/30/2026,Standard Class,SC-20440
US-2026-110646,10/26/2026,10/31/2026,Standard Class,JF-15190
US-2026-130764,10/27/2026,10/28/2026,First Class,JO-15145
US-2026-151225,10/27/2026,10/29/2026,First Class,JM-15655
US-2026-110310,10/27/2026,11/02/2026,Standard Class,NB-18655
US-2026-110373,10/27/2026,10/30/2026,Second Class,MA-17560
US-2026-110310,10/27/2026,11/02/2026,Standard Class,NB-18655
US-2026-127922,10/27/2026,11/03/2026,Standard Class,SH-19975
US-2026-127922,10/27/2026,11/03/2026,Standard Class,SH-19975
US-2026-110310,10/27/2026,11/02/2026,Standard Class,NB-18655
US-2026-134880,10/27/2026,11/01/2026,Standard Class,TW-21025
US-2026-110373,10/27/2026,10/30/2026,Second Class,MA-17560
US-2026-130764,10/27/2026,10/28/2026,First Class,JO-15145
US-2026-151225,10/27/2026,10/29/2026,First Class,JM-15655
US-2026-139353,10/28/2026,10/30/2026,Second Class,JM-15250
US-2026-118367,10/28/2026,11/02/2026,Second Class,LO-17170
US-2026-160661,10/28/2026,11/01/2026,Standard Class,SA-20830
US-2026-139353,10/28/2026,10/30/2026,Second Class,JM-15250
US-2026-111262,10/28/2026,11/01/2026,Second Class,KH-16510
US-2026-139353,10/28/2026,10/30/2026,Second Class,JM-15250
US-2026-111262,10/28/2026,11/01/2026,Second Class,KH-16510
US-2026-111262,10/28/2026,11/01/2026,Second Class,KH-16510
US-2026-160983,10/29/2026,10/31/2026,Second Class,GB-14530
US-2026-142622,10/30/2026,11/02/2026,First Class,JK-15625
US-2026-155292,10/30/2026,11/01/2026,First Class,RD-19810
US-2026-123491,10/30/2026,11/05/2026,Standard Class,JK-15205
US-2026-142622,10/30/2026,11/02/2026,First Class,JK-15625
US-2026-142622,10/30/2026,11/02/2026,First Class,JK-15625
US-2026-139661,10/30/2026,11/03/2026,Standard Class,JW-15220
US-2026-152583,10/30/2026,10/30/2026,Same Day,RA-19945
US-2026-152807,10/30/2026,11/03/2026,Standard Class,MC-18100
US-2026-152583,10/30/2026,10/30/2026,Same Day,RA-19945
US-2026-123491,10/30/2026,11/05/2026,Standard Class,JK-15205
US-2026-123491,10/30/2026,11/05/2026,Standard Class,JK-15205
US-2026-127285,10/30/2026,11/06/2026,Standard Class,MM-18055
US-2026-127285,10/30/2026,11/06/2026,Standard Class,MM-18055
US-2026-155292,10/30/2026,11/01/2026,First Class,RD-19810
US-2026-123491,10/30/2026,11/05/2026,Standard Class,JK-15205
US-2026-123491,10/30/2026,11/05/2026,Standard Class,JK-15205
US-2026-152807,10/30/2026,11/03/2026,Standard Class,MC-18100
US-2026-152583,10/30/2026,10/30/2026,Same Day,RA-19945
US-2026-152807,10/30/2026,11/03/2026,Standard Class,MC-18100
US-2026-155292,10/30/2026,11/01/2026,First Class,RD-19810
US-2026-155292,10/30/2026,11/01/2026,First Class,RD-19810
US-2026-152807,10/30/2026,11/03/2026,Standard Class,MC-18100
US-2026-123491,10/30/2026,11/05/2026,Standard Class,JK-15205
US-2026-131632,10/31/2026,11/04/2026,Standard Class,AH-10120
US-2026-117114,10/31/2026,11/05/2026,Standard Class,CY-12745
US-2026-117114,10/31/2026,11/05/2026,Standard Class,CY-12745
US-2026-123967,11/01/2026,11/03/2026,Second Class,SF-20200
US-2026-123967,11/01/2026,11/03/2026,Second Class,SF-20200
US-2026-104136,11/01/2026,11/04/2026,Second Class,SF-20065
US-2026-104136,11/01/2026,11/04/2026,Second Class,SF-20065
US-2026-143567,11/02/2026,11/05/2026,Second Class,TB-21175
US-2026-120061,11/02/2026,11/07/2026,Second Class,SR-20425
US-2026-127782,11/02/2026,11/06/2026,Standard Class,TH-21115
US-2026-163790,11/02/2026,11/04/2026,Second Class,NL-18310
US-2026-127782,11/02/2026,11/06/2026,Standard Class,TH-21115
US-2026-167227,11/02/2026,11/05/2026,First Class,NP-18670
US-2026-115609,11/02/2026,11/07/2026,Standard Class,CS-12505
US-2026-169005,11/02/2026,11/06/2026,Standard Class,BG-11035
US-2026-145597,11/02/2026,11/05/2026,First Class,GG-14650
US-2026-163790,11/02/2026,11/04/2026,Second Class,NL-18310
US-2026-116358,11/02/2026,11/06/2026,Standard Class,KM-16225
US-2026-163790,11/02/2026,11/04/2026,Second Class,NL-18310
US-2026-163790,11/02/2026,11/04/2026,Second Class,NL-18310
US-2026-127782,11/02/2026,11/06/2026,Standard Class,TH-21115
US-2026-143567,11/02/2026,11/05/2026,Second Class,TB-21175
US-2026-116358,11/02/2026,11/06/2026,Standard Class,KM-16225
US-2026-163790,11/02/2026,11/04/2026,Second Class,NL-18310
US-2026-164049,11/02/2026,11/06/2026,Standard Class,KH-16630
US-2026-168179,11/02/2026,11/07/2026,Standard Class,JB-16000
US-2026-167227,11/02/2026,11/05/2026,First Class,NP-18670
US-2026-163790,11/02/2026,11/04/2026,Second Class,NL-18310
US-2026-143567,11/02/2026,11/05/2026,Second Class,TB-21175
US-2026-141425,11/02/2026,11/06/2026,Second Class,AR-10825
US-2026-143567,11/02/2026,11/05/2026,Second Class,TB-21175
US-2026-127782,11/02/2026,11/06/2026,Standard Class,TH-21115
US-2026-142636,11/03/2026,11/07/2026,Standard Class,KC-16675
US-2026-143329,11/03/2026,11/08/2026,Standard Class,DL-13330
US-2026-153339,11/03/2026,11/05/2026,Second Class,DJ-13510
US-2026-135419,11/03/2026,11/09/2026,Standard Class,BG-11740
US-2026-105998,11/03/2026,11/05/2026,First Class,CR-12580
US-2026-100622,11/03/2026,11/07/2026,Standard Class,DK-13090
US-2026-110429,11/03/2026,11/08/2026,Standard Class,DM-13015
US-2026-168802,11/03/2026,11/07/2026,Standard Class,JO-15145
US-2026-100622,11/03/2026,11/07/2026,Standard Class,DK-13090
US-2026-121615,11/03/2026,11/09/2026,Standard Class,DL-12925
US-2026-126046,11/03/2026,11/07/2026,Standard Class,JC-16105
US-2026-142636,11/03/2026,11/07/2026,Standard Class,KC-16675
US-2026-121615,11/03/2026,11/09/2026,Standard Class,DL-12925
US-2026-103009,11/03/2026,11/05/2026,Second Class,PJ-18835
US-2026-100622,11/03/2026,11/07/2026,Standard Class,DK-13090
US-2026-148320,11/03/2026,11/08/2026,Standard Class,PG-18895
US-2026-130834,11/03/2026,11/06/2026,Second Class,JM-16195
US-2026-121615,11/03/2026,11/09/2026,Standard Class,DL-12925
US-2026-101518,11/03/2026,11/08/2026,Standard Class,PB-19105
US-2026-110989,11/03/2026,11/05/2026,Second Class,EJ-14155
US-2026-105998,11/03/2026,11/05/2026,First Class,CR-12580
US-2026-100622,11/03/2026,11/07/2026,Standard Class,DK-13090
US-2026-161130,11/03/2026,11/08/2026,Standard Class,BF-11275
US-2026-147760,11/04/2026,11/05/2026,First Class,KL-16555
US-2026-168116,11/04/2026,11/04/2026,Same Day,GT-14635
US-2026-159135,11/04/2026,11/08/2026,Standard Class,KM-16375
US-2026-121160,11/04/2026,11/04/2026,Same Day,FM-14290
US-2026-121160,11/04/2026,11/04/2026,Same Day,FM-14290
US-2026-121160,11/04/2026,11/04/2026,Same Day,FM-14290
US-2026-102610,11/04/2026,11/08/2026,Standard Class,CA-12265
US-2026-102610,11/04/2026,11/08/2026,Standard Class,CA-12265
US-2026-105144,11/04/2026,11/11/2026,Standard Class,SZ-20035
US-2026-156083,11/04/2026,11/11/2026,Standard Class,JL-15175
US-2026-122672,11/04/2026,11/09/2026,Standard Class,HG-14965
US-2026-121160,11/04/2026,11/04/2026,Same Day,FM-14290
US-2026-102610,11/04/2026,11/08/2026,Standard Class,CA-12265
US-2026-122672,11/04/2026,11/09/2026,Standard Class,HG-14965
US-2026-168116,11/04/2026,11/04/2026,Same Day,GT-14635
US-2026-102610,11/04/2026,11/08/2026,Standard Class,CA-12265
US-2026-147760,11/04/2026,11/05/2026,First Class,KL-16555
US-2026-102925,11/05/2026,11/10/2026,Second Class,CD-12280
US-2026-102925,11/05/2026,11/10/2026,Second Class,CD-12280
US-2026-102925,11/05/2026,11/10/2026,Second Class,CD-12280
US-2026-154732,11/05/2026,11/07/2026,First Class,AH-10195
US-2026-102925,11/05/2026,11/10/2026,Second Class,CD-12280
US-2026-102925,11/05/2026,11/10/2026,Second Class,CD-12280
US-2026-107272,11/05/2026,11/12/2026,Standard Class,TS-21610
US-2026-118213,11/05/2026,11/07/2026,First Class,AB-10060
US-2026-102925,11/05/2026,11/10/2026,Second Class,CD-12280
US-2026-118213,11/05/2026,11/07/2026,First Class,AB-10060
US-2026-157196,11/05/2026,11/09/2026,Standard Class,AA-10645
US-2026-118213,11/05/2026,11/07/2026,First Class,AB-10060
US-2026-102925,11/05/2026,11/10/2026,Second Class,CD-12280
US-2026-107272,11/05/2026,11/12/2026,Standard Class,TS-21610
US-2026-116225,11/05/2026,11/09/2026,Standard Class,SV-20935
US-2026-111745,11/05/2026,11/06/2026,First Class,RA-19885
US-2026-102925,11/05/2026,11/10/2026,Second Class,CD-12280
US-2026-114258,11/05/2026,11/10/2026,Second Class,EM-13825
US-2026-107174,11/06/2026,11/13/2026,Standard Class,AB-10060
US-2026-154109,11/06/2026,11/11/2026,Standard Class,ML-17410
US-2026-100013,11/06/2026,11/11/2026,Standard Class,ZC-21910
US-2026-119319,11/06/2026,11/09/2026,Second Class,LC-17050
US-2026-167941,11/06/2026,11/09/2026,Second Class,JF-15565
US-2026-107174,11/06/2026,11/13/2026,Standard Class,AB-10060
US-2026-167941,11/06/2026,11/09/2026,Second Class,JF-15565
US-2026-100013,11/06/2026,11/11/2026,Standard Class,ZC-21910
US-2026-125290,11/06/2026,11/10/2026,Second Class,CC-12430
US-2026-106691,11/06/2026,11/12/2026,Standard Class,CC-12370
US-2026-167941,11/06/2026,11/09/2026,Second Class,JF-15565
US-2026-109484,11/06/2026,11/12/2026,Standard Class,RB-19705
US-2026-100013,11/06/2026,11/11/2026,Standard Class,ZC-21910
US-2026-153948,11/06/2026,11/06/2026,Same Day,FM-14290
US-2026-153948,11/06/2026,11/06/2026,Same Day,FM-14290
US-2026-154109,11/06/2026,11/11/2026,Standard Class,ML-17410
US-2026-153948,11/06/2026,11/06/2026,Same Day,FM-14290
US-2026-167941,11/06/2026,11/09/2026,Second Class,JF-15565
US-2026-153948,11/06/2026,11/06/2026,Same Day,FM-14290
US-2026-125290,11/06/2026,11/10/2026,Second Class,CC-12430
US-2026-144596,11/06/2026,11/10/2026,Standard Class,CD-11980
US-2026-154816,11/06/2026,11/10/2026,Standard Class,VB-21745
US-2026-150504,11/06/2026,11/12/2026,Standard Class,HG-14845
US-2026-167941,11/06/2026,11/09/2026,Second Class,JF-15565
US-2026-107720,11/06/2026,11/13/2026,Standard Class,VM-21685
US-2026-107174,11/06/2026,11/13/2026,Standard Class,AB-10060
US-2026-153948,11/06/2026,11/06/2026,Same Day,FM-14290
US-2026-113460,11/07/2026,11/09/2026,Second Class,KN-16390
US-2026-149888,11/07/2026,11/13/2026,Standard Class,EP-13915
US-2026-132346,11/07/2026,11/11/2026,Standard Class,PK-19075
US-2026-163188,11/07/2026,11/07/2026,Same Day,EC-14050
US-2026-152737,11/07/2026,11/12/2026,Standard Class,TS-21505
US-2026-113572,11/07/2026,11/11/2026,Standard Class,FP-14320
US-2026-122504,11/07/2026,11/12/2026,Second Class,DB-13270
US-2026-152737,11/07/2026,11/12/2026,Standard Class,TS-21505
US-2026-122504,11/07/2026,11/12/2026,Second Class,DB-13270
US-2026-149888,11/07/2026,11/13/2026,Standard Class,EP-13915
US-2026-155621,11/08/2026,11/13/2026,Standard Class,KN-16450
US-2026-143658,11/08/2026,11/13/2026,Second Class,SR-20425
US-2026-158246,11/09/2026,11/11/2026,First Class,JB-15400
US-2026-119494,11/09/2026,11/13/2026,Standard Class,JE-15610
US-2026-141852,11/09/2026,11/14/2026,Standard Class,JE-15745
US-2026-161018,11/09/2026,11/11/2026,Second Class,PN-18775
US-2026-152912,11/09/2026,11/12/2026,Second Class,BM-11650
US-2026-159597,11/09/2026,11/14/2026,Standard Class,MC-17590
US-2026-152912,11/09/2026,11/12/2026,Second Class,BM-11650
US-2026-152912,11/09/2026,11/12/2026,Second Class,BM-11650
US-2026-159667,11/09/2026,11/13/2026,Standard Class,PM-19135
US-2026-159597,11/09/2026,11/14/2026,Standard Class,MC-17590
US-2026-152912,11/09/2026,11/12/2026,Second Class,BM-11650
US-2026-159667,11/09/2026,11/13/2026,Standard Class,PM-19135
US-2026-137624,11/10/2026,11/17/2026,Standard Class,ME-17320
US-2026-155425,11/10/2026,11/11/2026,First Class,AB-10600
US-2026-161739,11/10/2026,11/15/2026,Second Class,EB-13750
US-2026-128447,11/10/2026,11/17/2026,Standard Class,MC-17845
US-2026-162096,11/10/2026,11/10/2026,Same Day,TB-21190
US-2026-163874,11/10/2026,11/12/2026,Second Class,NC-18535
US-2026-155425,11/10/2026,11/11/2026,First Class,AB-10600
US-2026-128447,11/10/2026,11/17/2026,Standard Class,MC-17845
US-2026-104640,11/10/2026,11/16/2026,Standard Class,FH-14275
US-2026-142671,11/10/2026,11/14/2026,Second Class,DR-12940
US-2026-155425,11/10/2026,11/11/2026,First Class,AB-10600
US-2026-141138,11/10/2026,11/16/2026,Standard Class,GH-14425
US-2026-155425,11/10/2026,11/11/2026,First Class,AB-10600
US-2026-104640,11/10/2026,11/16/2026,Standard Class,FH-14275
US-2026-155425,11/10/2026,11/11/2026,First Class,AB-10600
US-2026-148985,11/11/2026,11/15/2026,Second Class,TB-21190
US-2026-115448,11/11/2026,11/14/2026,First Class,MH-18025
US-2026-158561,11/11/2026,11/16/2026,Second Class,BB-11545
US-2026-110842,11/11/2026,11/16/2026,Standard Class,GA-14725
US-2026-157483,11/11/2026,11/18/2026,Standard Class,EP-13915
US-2026-110842,11/11/2026,11/16/2026,Standard Class,GA-14725
US-2026-150959,11/11/2026,11/13/2026,First Class,TD-20995
US-2026-143217,11/11/2026,11/17/2026,Standard Class,CG-12040
US-2026-120327,11/11/2026,11/16/2026,Standard Class,WB-21850
US-2026-150959,11/11/2026,11/13/2026,First Class,TD-20995
US-2026-110842,11/11/2026,11/16/2026,Standard Class,GA-14725
US-2026-143455,11/11/2026,11/18/2026,Standard Class,ML-17755
US-2026-154137,11/11/2026,11/17/2026,Standard Class,MT-17815
US-2026-167976,11/11/2026,11/14/2026,Second Class,JL-15505
US-2026-116491,11/11/2026,11/13/2026,First Class,PG-18820
US-2026-134915,11/12/2026,11/12/2026,Same Day,EM-14140
US-2026-134915,11/12/2026,11/12/2026,Same Day,EM-14140
US-2026-164168,11/12/2026,11/18/2026,Standard Class,LS-16975
US-2026-149944,11/12/2026,11/16/2026,Second Class,MB-17305
US-2026-164364,11/12/2026,11/16/2026,Standard Class,CS-12355
US-2026-164168,11/12/2026,11/18/2026,Standard Class,LS-16975
US-2026-134978,11/12/2026,11/15/2026,Second Class,EB-13705
US-2026-136707,11/12/2026,11/15/2026,First Class,JE-15610
US-2026-164168,11/12/2026,11/18/2026,Standard Class,LS-16975
US-2026-149944,11/12/2026,11/16/2026,Second Class,MB-17305
US-2026-164364,11/12/2026,11/16/2026,Standard Class,CS-12355
US-2026-125808,11/12/2026,11/15/2026,Second Class,EP-13915
US-2026-134915,11/12/2026,11/12/2026,Same Day,EM-14140
US-2026-160514,11/12/2026,11/16/2026,Standard Class,DB-13120
US-2026-130386,11/12/2026,11/18/2026,Standard Class,NG-18430
US-2026-154088,11/12/2026,11/17/2026,Standard Class,LB-16735
US-2026-122644,11/12/2026,11/17/2026,Standard Class,SF-20965
US-2026-130386,11/12/2026,11/18/2026,Standard Class,NG-18430
US-2026-166835,11/12/2026,11/14/2026,Second Class,DK-13375
US-2026-164168,11/12/2026,11/18/2026,Standard Class,LS-16975
US-2026-130386,11/12/2026,11/18/2026,Standard Class,NG-18430
US-2026-164364,11/12/2026,11/16/2026,Standard Class,CS-12355
US-2026-134915,11/12/2026,11/12/2026,Same Day,EM-14140
US-2026-122644,11/12/2026,11/17/2026,Standard Class,SF-20965
US-2026-132220,11/12/2026,11/16/2026,Standard Class,DJ-13510
US-2026-164168,11/12/2026,11/18/2026,Standard Class,LS-16975
US-2026-134915,11/12/2026,11/12/2026,Same Day,EM-14140
US-2026-134915,11/12/2026,11/12/2026,Same Day,EM-14140
US-2026-116659,11/12/2026,11/12/2026,Same Day,NG-18355
US-2026-164168,11/12/2026,11/18/2026,Standard Class,LS-16975
US-2026-113873,11/13/2026,11/19/2026,Standard Class,KE-16420
US-2026-122490,11/13/2026,11/18/2026,Standard Class,TT-21070
US-2026-112844,11/13/2026,11/16/2026,Second Class,SP-20620
US-2026-124926,11/13/2026,11/18/2026,Second Class,ME-17320
US-2026-153633,11/13/2026,11/18/2026,Second Class,TC-21295
US-2026-122490,11/13/2026,11/18/2026,Standard Class,TT-21070
US-2026-165344,11/13/2026,11/15/2026,First Class,SB-20290
US-2026-122490,11/13/2026,11/18/2026,Standard Class,TT-21070
US-2026-165204,11/13/2026,11/16/2026,Second Class,MN-17935
US-2026-113873,11/13/2026,11/19/2026,Standard Class,KE-16420
US-2026-122490,11/13/2026,11/18/2026,Standard Class,TT-21070
US-2026-119662,11/13/2026,11/16/2026,First Class,CS-12400
US-2026-165204,11/13/2026,11/16/2026,Second Class,MN-17935
US-2026-133620,11/13/2026,11/18/2026,Standard Class,EM-14065
US-2026-123624,11/13/2026,11/17/2026,Second Class,SE-20110
US-2026-102904,11/13/2026,11/20/2026,Standard Class,CB-12025
US-2026-165344,11/13/2026,11/15/2026,First Class,SB-20290
US-2026-160416,11/13/2026,11/18/2026,Second Class,AD-10180
US-2026-165344,11/13/2026,11/15/2026,First Class,SB-20290
US-2026-140312,11/13/2026,11/19/2026,Standard Class,KL-16645
US-2026-112844,11/13/2026,11/16/2026,Second Class,SP-20620
US-2026-159156,11/13/2026,11/16/2026,First Class,KB-16600
US-2026-152142,11/14/2026,11/19/2026,Standard Class,LW-16990
US-2026-124261,11/14/2026,11/19/2026,Standard Class,JE-15715
US-2026-136679,11/14/2026,11/18/2026,Standard Class,XP-21865
US-2026-138611,11/14/2026,11/17/2026,Second Class,CK-12595
US-2026-106943,11/14/2026,11/19/2026,Standard Class,FO-14305
US-2026-142489,11/14/2026,11/16/2026,Second Class,TC-21295
US-2026-118157,11/14/2026,11/17/2026,First Class,AW-10930
US-2026-137323,11/14/2026,11/18/2026,Second Class,PW-19030
US-2026-136679,11/14/2026,11/18/2026,Standard Class,XP-21865
US-2026-138611,11/14/2026,11/17/2026,Second Class,CK-12595
CA-2026-154121,11/14/2026,11/18/2026,Standard Class,SC-20260
US-2026-108112,11/15/2026,11/20/2026,Standard Class,DK-12895
US-2026-108112,11/15/2026,11/20/2026,Standard Class,DK-12895
US-2026-122945,11/16/2026,11/22/2026,Standard Class,MB-18085
US-2026-157448,11/16/2026,11/20/2026,Standard Class,LC-16885
US-2026-157448,11/16/2026,11/20/2026,Standard Class,LC-16885
US-2026-107888,11/16/2026,11/19/2026,First Class,CC-12220
US-2026-108091,11/16/2026,11/21/2026,Standard Class,EK-13795
US-2026-160633,11/16/2026,11/21/2026,Standard Class,BS-11380
US-2026-121678,11/16/2026,11/20/2026,Second Class,BM-11650
US-2026-107888,11/16/2026,11/19/2026,First Class,CC-12220
US-2026-157896,11/16/2026,11/16/2026,Same Day,CB-12415
US-2026-137022,11/16/2026,11/22/2026,Standard Class,SW-20275
US-2026-100601,11/16/2026,11/20/2026,Standard Class,JK-15370
US-2026-107888,11/16/2026,11/19/2026,First Class,CC-12220
US-2026-160633,11/16/2026,11/21/2026,Standard Class,BS-11380
US-2026-160633,11/16/2026,11/21/2026,Standard Class,BS-11380
US-2026-136308,11/16/2026,11/16/2026,Same Day,MW-18235
US-2026-114657,11/16/2026,11/21/2026,Standard Class,MH-18115
US-2026-118598,11/16/2026,11/16/2026,Same Day,CM-12190
US-2026-107888,11/16/2026,11/19/2026,First Class,CC-12220
US-2026-124674,11/17/2026,11/23/2026,Standard Class,JB-16000
US-2026-155866,11/17/2026,11/21/2026,Standard Class,CC-12370
US-2026-165687,11/17/2026,11/23/2026,Standard Class,CS-12355
US-2026-138163,11/17/2026,11/20/2026,First Class,XP-21865
US-2026-116505,11/17/2026,11/21/2026,Second Class,TB-21625
US-2026-118122,11/17/2026,11/24/2026,Standard Class,GG-14650
US-2026-158120,11/17/2026,11/21/2026,Standard Class,KH-16330
US-2026-100902,11/17/2026,11/21/2026,Standard Class,CK-12595
US-2026-158120,11/17/2026,11/21/2026,Standard Class,KH-16330
US-2026-155866,11/17/2026,11/21/2026,Standard Class,CC-12370
US-2026-128265,11/17/2026,11/22/2026,Second Class,VW-21775
US-2026-163629,11/17/2026,11/21/2026,Standard Class,RA-19885
US-2026-100902,11/17/2026,11/21/2026,Standard Class,CK-12595
US-2026-141719,11/17/2026,11/21/2026,Second Class,EG-13900
US-2026-166709,11/17/2026,11/22/2026,Standard Class,HL-15040
US-2026-163629,11/17/2026,11/21/2026,Standard Class,RA-19885
US-2026-160122,11/18/2026,11/23/2026,Standard Class,RD-19930
US-2026-107825,11/18/2026,11/18/2026,Same Day,NB-18655
US-2026-143434,11/18/2026,11/24/2026,Standard Class,ME-17320
US-2026-104864,11/18/2026,11/23/2026,Second Class,JS-15685
US-2026-158946,11/18/2026,11/23/2026,Standard Class,JW-15220
US-2026-132444,11/18/2026,11/21/2026,First Class,CD-12280
US-2026-104864,11/18/2026,11/23/2026,Second Class,JS-15685
US-2026-160122,11/18/2026,11/23/2026,Standard Class,RD-19930
US-2026-132444,11/18/2026,11/21/2026,First Class,CD-12280
US-2026-107825,11/18/2026,11/18/2026,Same Day,NB-18655
US-2026-167871,11/18/2026,11/23/2026,Standard Class,AF-10870
US-2026-104864,11/18/2026,11/23/2026,Second Class,JS-15685
US-2026-104864,11/18/2026,11/23/2026,Second Class,JS-15685
US-2026-132444,11/18/2026,11/21/2026,First Class,CD-12280
US-2026-107825,11/18/2026,11/18/2026,Same Day,NB-18655
US-2026-107825,11/18/2026,11/18/2026,Same Day,NB-18655
US-2026-104864,11/18/2026,11/23/2026,Second Class,JS-15685
US-2026-132444,11/18/2026,11/21/2026,First Class,CD-12280
US-2026-167871,11/18/2026,11/23/2026,Standard Class,AF-10870
US-2026-132444,11/18/2026,11/21/2026,First Class,CD-12280
US-2026-104913,11/18/2026,11/22/2026,Standard Class,DK-13090
US-2026-139969,11/19/2026,11/26/2026,Standard Class,AF-10870
US-2026-131254,11/19/2026,11/21/2026,First Class,NC-18415
US-2026-137491,11/19/2026,11/25/2026,Standard Class,LC-16930
US-2026-158876,11/19/2026,11/21/2026,Second Class,AB-10150
US-2026-126242,11/19/2026,11/24/2026,Standard Class,MC-18100
US-2026-101042,11/19/2026,11/23/2026,Standard Class,AB-10105
US-2026-143021,11/19/2026,11/19/2026,Same Day,AP-10720
US-2026-152380,11/19/2026,11/23/2026,Standard Class,JH-15910
US-2026-112529,11/19/2026,11/21/2026,First Class,SC-20770
US-2026-168858,11/19/2026,11/23/2026,Standard Class,JD-16150
US-2026-146458,11/19/2026,11/22/2026,Second Class,RB-19435
US-2026-112529,11/19/2026,11/21/2026,First Class,SC-20770
US-2026-158876,11/19/2026,11/21/2026,Second Class,AB-10150
US-2026-131254,11/19/2026,11/21/2026,First Class,NC-18415
US-2026-101042,11/19/2026,11/23/2026,Standard Class,AB-10105
US-2026-162929,11/19/2026,11/22/2026,First Class,AS-10135
US-2026-143021,11/19/2026,11/19/2026,Same Day,AP-10720
US-2026-131254,11/19/2026,11/21/2026,First Class,NC-18415
US-2026-108014,11/19/2026,11/25/2026,Standard Class,JH-15430
US-2026-168858,11/19/2026,11/23/2026,Standard Class,JD-16150
US-2026-110926,11/19/2026,11/23/2026,Standard Class,DD-13570
US-2026-158876,11/19/2026,11/21/2026,Second Class,AB-10150
US-2026-162929,11/19/2026,11/22/2026,First Class,AS-10135
US-2026-126242,11/19/2026,11/24/2026,Standard Class,MC-18100
US-2026-158876,11/19/2026,11/21/2026,Second Class,AB-10150
US-2026-121468,11/19/2026,11/20/2026,First Class,KD-16345
US-2026-111556,11/20/2026,11/22/2026,First Class,CD-11920
US-2026-103499,11/20/2026,11/24/2026,Standard Class,ES-14020
US-2026-110996,11/20/2026,11/25/2026,Standard Class,KA-16525
US-2026-161193,11/20/2026,11/26/2026,Standard Class,BT-11680
US-2026-154123,11/20/2026,11/25/2026,Standard Class,SC-20050
US-2026-120404,11/20/2026,11/24/2026,Second Class,KH-16330
US-2026-161193,11/20/2026,11/26/2026,Standard Class,BT-11680
US-2026-118731,11/20/2026,11/22/2026,Second Class,LP-17080
US-2026-121818,11/20/2026,11/21/2026,First Class,JH-15430
US-2026-146724,11/20/2026,11/27/2026,Standard Class,HG-15025
US-2026-111556,11/20/2026,11/22/2026,First Class,CD-11920
US-2026-121818,11/20/2026,11/21/2026,First Class,JH-15430
US-2026-118731,11/20/2026,11/22/2026,Second Class,LP-17080
US-2026-111556,11/20/2026,11/22/2026,First Class,CD-11920
US-2026-120404,11/20/2026,11/24/2026,Second Class,KH-16330
US-2026-120404,11/20/2026,11/24/2026,Second Class,KH-16330
US-2026-111556,11/20/2026,11/22/2026,First Class,CD-11920
US-2026-107874,11/21/2026,11/25/2026,Standard Class,SW-20275
US-2026-142888,11/21/2026,11/25/2026,Standard Class,BP-11230
US-2026-103380,11/21/2026,11/25/2026,Standard Class,BF-11005
US-2026-105130,11/21/2026,11/25/2026,Standard Class,PJ-18835
US-2026-103380,11/21/2026,11/25/2026,Standard Class,BF-11005
US-2026-105130,11/21/2026,11/25/2026,Standard Class,PJ-18835
US-2026-110443,11/21/2026,11/25/2026,Standard Class,CK-12205
US-2026-103380,11/21/2026,11/25/2026,Standard Class,BF-11005
US-2026-100811,11/21/2026,11/24/2026,First Class,CC-12475
US-2026-110443,11/21/2026,11/25/2026,Standard Class,CK-12205
US-2026-100811,11/21/2026,11/24/2026,First Class,CC-12475
US-2026-103380,11/21/2026,11/25/2026,Standard Class,BF-11005
US-2026-110443,11/21/2026,11/25/2026,Standard Class,CK-12205
US-2026-157420,11/21/2026,11/21/2026,Same Day,HZ-14950
US-2026-103380,11/21/2026,11/25/2026,Standard Class,BF-11005
US-2026-144036,11/22/2026,11/26/2026,Standard Class,FO-14305
US-2026-103156,11/23/2026,11/24/2026,First Class,TD-20995
US-2026-149160,11/23/2026,11/26/2026,Second Class,JM-15265
US-2026-119746,11/23/2026,11/27/2026,Standard Class,CM-12385
US-2026-156622,11/23/2026,11/26/2026,First Class,JP-15460
US-2026-119004,11/23/2026,11/28/2026,Standard Class,JM-15250
US-2026-149160,11/23/2026,11/26/2026,Second Class,JM-15265
US-2026-107832,11/23/2026,11/26/2026,Second Class,FH-14275
US-2026-156622,11/23/2026,11/26/2026,First Class,JP-15460
US-2026-119746,11/23/2026,11/27/2026,Standard Class,CM-12385
US-2026-156622,11/23/2026,11/26/2026,First Class,JP-15460
US-2026-156622,11/23/2026,11/26/2026,First Class,JP-15460
US-2026-148992,11/23/2026,11/27/2026,Standard Class,CS-12250
US-2026-167017,11/23/2026,11/25/2026,First Class,DC-12850
US-2026-119004,11/23/2026,11/28/2026,Standard Class,JM-15250
US-2026-166919,11/23/2026,11/27/2026,Standard Class,AH-10210
US-2026-119004,11/23/2026,11/28/2026,Standard Class,JM-15250
US-2026-119746,11/23/2026,11/27/2026,Standard Class,CM-12385
US-2026-168641,11/24/2026,12/01/2026,Standard Class,KA-16525
US-2026-166436,11/24/2026,11/28/2026,Standard Class,TS-21370
US-2026-137505,11/24/2026,11/24/2026,Same Day,BP-11290
US-2026-137505,11/24/2026,11/24/2026,Same Day,BP-11290
US-2026-103765,11/24/2026,11/30/2026,Standard Class,JG-15310
US-2026-123701,11/24/2026,11/27/2026,First Class,PG-18820
US-2026-168641,11/24/2026,12/01/2026,Standard Class,KA-16525
US-2026-128118,11/24/2026,12/01/2026,Standard Class,MY-17380
US-2026-146535,11/24/2026,11/30/2026,Standard Class,FM-14290
US-2026-128300,11/24/2026,11/26/2026,Second Class,RS-19765
US-2026-169894,11/24/2026,11/29/2026,Second Class,MV-17485
US-2026-153654,11/24/2026,11/26/2026,Second Class,MD-17860
US-2026-168641,11/24/2026,12/01/2026,Standard Class,KA-16525
US-2026-128118,11/24/2026,12/01/2026,Standard Class,MY-17380
US-2026-101945,11/24/2026,11/28/2026,Standard Class,GT-14710
US-2026-131366,11/24/2026,11/29/2026,Standard Class,SC-20440
US-2026-166436,11/24/2026,11/28/2026,Standard Class,TS-21370
US-2026-168641,11/24/2026,12/01/2026,Standard Class,KA-16525
US-2026-162250,11/24/2026,11/24/2026,Same Day,PR-18880
US-2026-169894,11/24/2026,11/29/2026,Second Class,MV-17485
US-2026-146535,11/24/2026,11/30/2026,Standard Class,FM-14290
US-2026-105543,11/24/2026,11/24/2026,Same Day,BG-11695
US-2026-164028,11/24/2026,11/30/2026,Standard Class,JL-15835
US-2026-128300,11/24/2026,11/26/2026,Second Class,RS-19765
US-2026-131366,11/24/2026,11/29/2026,Standard Class,SC-20440
US-2026-133312,11/25/2026,11/29/2026,Standard Class,BD-11500
US-2026-124765,11/25/2026,11/30/2026,Standard Class,HZ-14950
US-2026-109610,11/25/2026,11/30/2026,Second Class,BS-11590
US-2026-150266,11/25/2026,11/30/2026,Standard Class,RO-19780
US-2026-150266,11/25/2026,11/30/2026,Standard Class,RO-19780
US-2026-150266,11/25/2026,11/30/2026,Standard Class,RO-19780
US-2026-101665,11/25/2026,12/01/2026,Standard Class,TZ-21580
US-2026-161459,11/25/2026,11/29/2026,Second Class,EB-13750
US-2026-155159,11/25/2026,11/29/2026,Second Class,DL-13315
US-2026-129000,11/25/2026,11/27/2026,Second Class,SZ-20035
US-2026-133312,11/25/2026,11/29/2026,Standard Class,BD-11500
US-2026-150266,11/25/2026,11/30/2026,Standard Class,RO-19780
US-2026-161459,11/25/2026,11/29/2026,Second Class,EB-13750
US-2026-141439,11/26/2026,12/01/2026,Standard Class,TT-21460
US-2026-135307,11/26/2026,11/27/2026,First Class,LS-17245
US-2026-141439,11/26/2026,12/01/2026,Standard Class,TT-21460
US-2026-100097,11/26/2026,11/29/2026,Second Class,MN-17935
US-2026-141439,11/26/2026,12/01/2026,Standard Class,TT-21460
US-2026-155607,11/26/2026,11/30/2026,Standard Class,FG-14260
US-2026-155957,11/26/2026,11/30/2026,Standard Class,CC-12610
US-2026-155957,11/26/2026,11/30/2026,Standard Class,CC-12610
US-2026-165029,11/26/2026,11/30/2026,Standard Class,AH-10075
US-2026-130526,11/26/2026,11/29/2026,First Class,GT-14755
US-2026-155607,11/26/2026,11/30/2026,Standard Class,FG-14260
US-2026-135307,11/26/2026,11/27/2026,First Class,LS-17245
US-2026-141439,11/26/2026,12/01/2026,Standard Class,TT-21460
US-2026-100097,11/26/2026,11/29/2026,Second Class,MN-17935
US-2026-141439,11/26/2026,12/01/2026,Standard Class,TT-21460
US-2026-122700,11/26/2026,11/30/2026,Standard Class,LT-17110
US-2026-107125,11/27/2026,12/02/2026,Standard Class,BD-11320
US-2026-102519,11/27/2026,11/29/2026,First Class,BM-11650
US-2026-132185,11/27/2026,12/02/2026,Standard Class,DB-13615
US-2026-132185,11/27/2026,12/02/2026,Standard Class,DB-13615
US-2026-103352,11/27/2026,11/30/2026,Second Class,RP-19390
US-2026-103352,11/27/2026,11/30/2026,Second Class,RP-19390
US-2026-107125,11/27/2026,12/02/2026,Standard Class,BD-11320
US-2026-159506,11/27/2026,12/02/2026,Standard Class,JR-16210
US-2026-101245,11/27/2026,12/03/2026,Standard Class,LW-16990
US-2026-159506,11/27/2026,12/02/2026,Standard Class,JR-16210
US-2026-101245,11/27/2026,12/03/2026,Standard Class,LW-16990
US-2026-102519,11/27/2026,11/29/2026,First Class,BM-11650
US-2026-133207,11/27/2026,12/03/2026,Standard Class,DO-13645
US-2026-110576,11/28/2026,12/02/2026,Standard Class,RB-19795
US-2026-117702,11/28/2026,12/04/2026,Standard Class,LS-16975
US-2026-110576,11/28/2026,12/02/2026,Standard Class,RB-19795
US-2026-117702,11/28/2026,12/04/2026,Standard Class,LS-16975
US-2026-110576,11/28/2026,12/02/2026,Standard Class,RB-19795
US-2026-117702,11/28/2026,12/04/2026,Standard Class,LS-16975
US-2026-123372,11/28/2026,12/02/2026,Standard Class,DG-13300
US-2026-131303,11/28/2026,12/02/2026,Standard Class,EP-13915
US-2026-110576,11/28/2026,12/02/2026,Standard Class,RB-19795
US-2026-110576,11/28/2026,12/02/2026,Standard Class,RB-19795
US-2026-121538,11/28/2026,12/01/2026,First Class,RH-19495
US-2026-123372,11/28/2026,12/02/2026,Standard Class,DG-13300
US-2026-108035,11/29/2026,12/03/2026,Standard Class,TT-21070
US-2026-108035,11/29/2026,12/03/2026,Standard Class,TT-21070
US-2026-165456,11/30/2026,12/03/2026,First Class,TB-21625
US-2026-111689,11/30/2026,12/02/2026,Second Class,HP-14815
US-2026-107314,11/30/2026,12/03/2026,First Class,MZ-17335
US-2026-142090,11/30/2026,12/07/2026,Standard Class,SC-20380
US-2026-120089,11/30/2026,11/30/2026,Same Day,ML-17755
US-2026-116645,11/30/2026,12/04/2026,Standard Class,ME-17725
US-2026-111689,11/30/2026,12/02/2026,Second Class,HP-14815
US-2026-102267,11/30/2026,12/04/2026,Standard Class,SC-20800
US-2026-119305,11/30/2026,12/04/2026,Standard Class,SW-20275
US-2026-105333,11/30/2026,12/04/2026,Standard Class,VP-21730
US-2026-105333,11/30/2026,12/04/2026,Standard Class,VP-21730
US-2026-137365,11/30/2026,12/03/2026,Second Class,BP-11095
US-2026-142090,11/30/2026,12/07/2026,Standard Class,SC-20380
US-2026-105333,11/30/2026,12/04/2026,Standard Class,VP-21730
US-2026-148768,11/30/2026,12/02/2026,Second Class,PN-18775
US-2026-166926,12/01/2026,12/08/2026,Standard Class,SO-20335
US-2026-143245,12/01/2026,12/06/2026,Standard Class,AD-10180
US-2026-113355,12/01/2026,12/05/2026,Standard Class,SJ-20215
US-2026-122539,12/01/2026,12/05/2026,Standard Class,SC-20305
US-2026-101805,12/01/2026,12/06/2026,Standard Class,SH-19975
US-2026-145660,12/01/2026,12/03/2026,First Class,MG-17650
US-2026-103968,12/01/2026,12/07/2026,Standard Class,ML-17755
US-2026-127313,12/01/2026,12/04/2026,First Class,RA-19285
US-2026-145233,12/01/2026,12/05/2026,Standard Class,DV-13465
US-2026-122539,12/01/2026,12/05/2026,Standard Class,SC-20305
US-2026-101805,12/01/2026,12/06/2026,Standard Class,SH-19975
US-2026-145233,12/01/2026,12/05/2026,Standard Class,DV-13465
US-2026-135860,12/01/2026,12/07/2026,Standard Class,JH-15985
US-2026-118542,12/01/2026,12/05/2026,Standard Class,CC-12550
US-2026-163139,12/01/2026,12/03/2026,Second Class,CC-12670
US-2026-144862,12/01/2026,12/05/2026,Standard Class,EH-14005
US-2026-135860,12/01/2026,12/07/2026,Standard Class,JH-15985
US-2026-122539,12/01/2026,12/05/2026,Standard Class,SC-20305
US-2026-138618,12/01/2026,12/08/2026,Standard Class,MY-17380
US-2026-166926,12/01/2026,12/08/2026,Standard Class,SO-20335
US-2026-143245,12/01/2026,12/06/2026,Standard Class,AD-10180
US-2026-118542,12/01/2026,12/05/2026,Standard Class,CC-12550
US-2026-135860,12/01/2026,12/07/2026,Standard Class,JH-15985
US-2026-127313,12/01/2026,12/04/2026,First Class,RA-19285
US-2026-135860,12/01/2026,12/07/2026,Standard Class,JH-15985
US-2026-101805,12/01/2026,12/06/2026,Standard Class,SH-19975
US-2026-163139,12/01/2026,12/03/2026,Second Class,CC-12670
US-2026-163139,12/01/2026,12/03/2026,Second Class,CC-12670
US-2026-145233,12/01/2026,12/05/2026,Standard Class,DV-13465
US-2026-144862,12/01/2026,12/05/2026,Standard Class,EH-14005
US-2026-145233,12/01/2026,12/05/2026,Standard Class,DV-13465
US-2026-135860,12/01/2026,12/07/2026,Standard Class,JH-15985
US-2026-113355,12/01/2026,12/05/2026,Standard Class,SJ-20215
US-2026-145233,12/01/2026,12/05/2026,Standard Class,DV-13465
US-2026-112347,12/02/2026,12/06/2026,Standard Class,BS-11380
US-2026-143756,12/02/2026,12/05/2026,First Class,ME-17725
US-2026-112347,12/02/2026,12/06/2026,Standard Class,BS-11380
US-2026-102379,12/02/2026,12/06/2026,Standard Class,BB-11545
US-2026-112347,12/02/2026,12/06/2026,Standard Class,BS-11380
US-2026-147221,12/02/2026,12/04/2026,Second Class,JS-16030
US-2026-167395,12/02/2026,12/04/2026,First Class,KM-16720
US-2026-147221,12/02/2026,12/04/2026,Second Class,JS-16030
US-2026-109701,12/02/2026,12/03/2026,Same Day,AM-10360
US-2026-104108,12/02/2026,12/09/2026,Standard Class,RP-19855
US-2026-108063,12/02/2026,12/05/2026,First Class,AS-10090
US-2026-157469,12/02/2026,12/07/2026,Standard Class,ES-14080
US-2026-109701,12/02/2026,12/03/2026,Same Day,AM-10360
US-2026-165715,12/02/2026,12/08/2026,Standard Class,BG-11035
US-2026-102379,12/02/2026,12/06/2026,Standard Class,BB-11545
US-2026-164917,12/02/2026,12/07/2026,Standard Class,MK-17905
US-2026-109701,12/02/2026,12/03/2026,Same Day,AM-10360
US-2026-147767,12/02/2026,12/02/2026,Same Day,SV-20935
US-2026-155089,12/02/2026,12/06/2026,Standard Class,DB-12910
US-2026-155075,12/02/2026,12/09/2026,Standard Class,GW-14605
US-2026-112347,12/02/2026,12/06/2026,Standard Class,BS-11380
US-2026-109701,12/02/2026,12/03/2026,Same Day,AM-10360
US-2026-109701,12/02/2026,12/03/2026,Same Day,AM-10360
US-2026-116715,12/02/2026,12/05/2026,First Class,VW-21775
US-2026-116715,12/02/2026,12/05/2026,First Class,VW-21775
US-2026-112347,12/02/2026,12/06/2026,Standard Class,BS-11380
US-2026-116715,12/02/2026,12/05/2026,First Class,VW-21775
US-2026-167395,12/02/2026,12/04/2026,First Class,KM-16720
US-2026-112347,12/02/2026,12/06/2026,Standard Class,BS-11380
US-2026-102379,12/02/2026,12/06/2026,Standard Class,BB-11545
US-2026-160885,12/02/2026,12/06/2026,Standard Class,JK-16090
US-2026-157469,12/02/2026,12/07/2026,Standard Class,ES-14080
US-2026-112347,12/02/2026,12/06/2026,Standard Class,BS-11380
US-2026-167395,12/02/2026,12/04/2026,First Class,KM-16720
CA-2026-105471,12/02/2026,12/06/2026,Standard Class,NC-19470
CA-2026-106541,12/02/2026,12/06/2026,Standard Class,MK-19560
CA-2026-145612,12/02/2026,12/06/2026,Standard Class,MK-19560
US-2026-103415,12/03/2026,12/08/2026,Standard Class,MV-17485
US-2026-118017,12/03/2026,12/06/2026,Second Class,LC-16870
US-2026-118017,12/03/2026,12/06/2026,Second Class,LC-16870
US-2026-118017,12/03/2026,12/06/2026,Second Class,LC-16870
US-2026-143126,12/03/2026,12/07/2026,Second Class,CM-12655
US-2026-149510,12/03/2026,12/10/2026,Standard Class,MC-17575
US-2026-118017,12/03/2026,12/06/2026,Second Class,LC-16870
US-2026-148691,12/03/2026,12/09/2026,Standard Class,CS-12460
US-2026-148691,12/03/2026,12/09/2026,Standard Class,CS-12460
US-2026-149510,12/03/2026,12/10/2026,Standard Class,MC-17575
US-2026-148691,12/03/2026,12/09/2026,Standard Class,CS-12460
US-2026-136875,12/03/2026,12/03/2026,Same Day,TC-21295
US-2026-149510,12/03/2026,12/10/2026,Standard Class,MC-17575
US-2026-118017,12/03/2026,12/06/2026,Second Class,LC-16870
US-2026-123071,12/03/2026,12/06/2026,First Class,CC-12550
US-2026-118017,12/03/2026,12/06/2026,Second Class,LC-16870
US-2026-128699,12/03/2026,12/05/2026,Second Class,ND-18370
US-2026-118017,12/03/2026,12/06/2026,Second Class,LC-16870
US-2026-118017,12/03/2026,12/06/2026,Second Class,LC-16870
US-2026-148691,12/03/2026,12/09/2026,Standard Class,CS-12460
US-2026-139773,12/04/2026,12/04/2026,Same Day,DV-13045
US-2026-118003,12/04/2026,12/10/2026,Standard Class,DO-13645
US-2026-117667,12/04/2026,12/09/2026,Standard Class,MS-17980
US-2026-118003,12/04/2026,12/10/2026,Standard Class,DO-13645
US-2026-147550,12/04/2026,12/05/2026,First Class,KE-16420
US-2026-118003,12/04/2026,12/10/2026,Standard Class,DO-13645
US-2026-117667,12/04/2026,12/09/2026,Standard Class,MS-17980
US-2026-117667,12/04/2026,12/09/2026,Standard Class,MS-17980
US-2026-107384,12/04/2026,12/08/2026,Standard Class,TP-21130
US-2026-156412,12/04/2026,12/08/2026,Standard Class,CM-12160
US-2026-160031,12/04/2026,12/07/2026,Second Class,LT-16765
US-2026-153227,12/04/2026,12/06/2026,First Class,CS-12250
US-2026-117667,12/04/2026,12/09/2026,Standard Class,MS-17980
US-2026-152660,12/04/2026,12/09/2026,Standard Class,CB-12415
US-2026-117667,12/04/2026,12/09/2026,Standard Class,MS-17980
US-2026-107384,12/04/2026,12/08/2026,Standard Class,TP-21130
US-2026-107384,12/04/2026,12/08/2026,Standard Class,TP-21130
US-2026-109183,12/04/2026,12/09/2026,Standard Class,LR-16915
CA-2026-119508,12/04/2026,12/09/2026,Standard Class,TZ-21580
CA-2026-119508,12/04/2026,12/09/2026,Standard Class,TZ-21580
US-2026-105235,12/05/2026,12/11/2026,Standard Class,SM-20950
US-2026-105235,12/05/2026,12/11/2026,Standard Class,SM-20950
US-2026-126053,12/05/2026,12/08/2026,First Class,CS-11950
US-2026-156958,12/05/2026,12/06/2026,First Class,PB-18805
US-2026-105235,12/05/2026,12/11/2026,Standard Class,SM-20950
US-2026-130351,12/05/2026,12/08/2026,First Class,RB-19570
US-2026-131212,12/05/2026,12/09/2026,Standard Class,AB-10165
US-2026-156958,12/05/2026,12/06/2026,First Class,PB-18805
US-2026-156958,12/05/2026,12/06/2026,First Class,PB-18805
US-2026-131212,12/05/2026,12/09/2026,Standard Class,AB-10165
US-2026-156958,12/05/2026,12/06/2026,First Class,PB-18805
US-2026-117128,12/05/2026,12/08/2026,Second Class,BF-11080
US-2026-126053,12/05/2026,12/08/2026,First Class,CS-11950
US-2026-117128,12/05/2026,12/08/2026,Second Class,BF-11080
US-2026-130351,12/05/2026,12/08/2026,First Class,RB-19570
US-2026-126865,12/05/2026,12/07/2026,Second Class,NP-18325
US-2026-104066,12/05/2026,12/10/2026,Standard Class,QJ-19255
US-2026-130351,12/05/2026,12/08/2026,First Class,RB-19570
US-2026-156958,12/05/2026,12/06/2026,First Class,PB-18805
US-2026-149006,12/06/2026,12/08/2026,Second Class,BN-11470
US-2026-136189,12/07/2026,12/11/2026,Standard Class,DC-13285
US-2026-135587,12/07/2026,12/12/2026,Standard Class,BH-11710
US-2026-122714,12/07/2026,12/13/2026,Standard Class,HG-14965
US-2026-134285,12/07/2026,12/12/2026,Standard Class,DS-13180
US-2026-134285,12/07/2026,12/12/2026,Standard Class,DS-13180
US-2026-142328,12/07/2026,12/14/2026,Standard Class,TC-21535
US-2026-135587,12/07/2026,12/12/2026,Standard Class,BH-11710
US-2026-157980,12/07/2026,12/09/2026,First Class,SH-20395
US-2026-137099,12/07/2026,12/10/2026,First Class,FP-14320
US-2026-117457,12/08/2026,12/12/2026,Standard Class,KH-16510
US-2026-117324,12/08/2026,12/13/2026,Standard Class,JP-15520
US-2026-167570,12/08/2026,12/15/2026,Standard Class,EG-13900
US-2026-117457,12/08/2026,12/12/2026,Standard Class,KH-16510
US-2026-148264,12/08/2026,12/09/2026,First Class,LF-17185
US-2026-145226,12/08/2026,12/10/2026,Second Class,DL-13315
US-2026-117457,12/08/2026,12/12/2026,Standard Class,KH-16510
US-2026-117926,12/08/2026,12/12/2026,Second Class,AS-10225
US-2026-117324,12/08/2026,12/13/2026,Standard Class,JP-15520
US-2026-131961,12/08/2026,12/11/2026,First Class,MJ-17740
US-2026-108854,12/08/2026,12/14/2026,Standard Class,DM-13345
US-2026-108854,12/08/2026,12/14/2026,Standard Class,DM-13345
US-2026-117324,12/08/2026,12/13/2026,Standard Class,JP-15520
US-2026-117457,12/08/2026,12/12/2026,Standard Class,KH-16510
US-2026-117457,12/08/2026,12/12/2026,Standard Class,KH-16510
US-2026-117324,12/08/2026,12/13/2026,Standard Class,JP-15520
US-2026-117457,12/08/2026,12/12/2026,Standard Class,KH-16510
US-2026-108854,12/08/2026,12/14/2026,Standard Class,DM-13345
US-2026-145226,12/08/2026,12/10/2026,Second Class,DL-13315
US-2026-148264,12/08/2026,12/09/2026,First Class,LF-17185
US-2026-117457,12/08/2026,12/12/2026,Standard Class,KH-16510
US-2026-152436,12/08/2026,12/10/2026,Second Class,CW-11905
US-2026-108854,12/08/2026,12/14/2026,Standard Class,DM-13345
US-2026-145226,12/08/2026,12/10/2026,Second Class,DL-13315
US-2026-148264,12/08/2026,12/09/2026,First Class,LF-17185
US-2026-145226,12/08/2026,12/10/2026,Second Class,DL-13315
US-2026-117457,12/08/2026,12/12/2026,Standard Class,KH-16510
US-2026-117324,12/08/2026,12/13/2026,Standard Class,JP-15520
US-2026-117457,12/08/2026,12/12/2026,Standard Class,KH-16510
US-2026-131961,12/08/2026,12/11/2026,First Class,MJ-17740
US-2026-141201,12/09/2026,12/11/2026,Second Class,DB-12910
US-2026-139199,12/09/2026,12/13/2026,Standard Class,DK-12835
US-2026-118038,12/09/2026,12/11/2026,First Class,KB-16600
US-2026-102407,12/09/2026,12/13/2026,Second Class,AT-10435
US-2026-167920,12/09/2026,12/12/2026,Second Class,JL-15835
US-2026-102407,12/09/2026,12/13/2026,Second Class,AT-10435
US-2026-102407,12/09/2026,12/13/2026,Second Class,AT-10435
US-2026-109960,12/09/2026,12/11/2026,Second Class,DB-13210
US-2026-148012,12/09/2026,12/15/2026,Standard Class,KM-16225
US-2026-102659,12/09/2026,12/15/2026,Standard Class,LW-17215
US-2026-139402,12/09/2026,12/13/2026,Standard Class,NC-18535
US-2026-132927,12/09/2026,12/15/2026,Standard Class,RD-19720
US-2026-109960,12/09/2026,12/11/2026,Second Class,DB-13210
US-2026-167920,12/09/2026,12/12/2026,Second Class,JL-15835
US-2026-139199,12/09/2026,12/13/2026,Standard Class,DK-12835
US-2026-118038,12/09/2026,12/11/2026,First Class,KB-16600
US-2026-129833,12/09/2026,12/15/2026,Standard Class,HF-14995
US-2026-167920,12/09/2026,12/12/2026,Second Class,JL-15835
US-2026-145366,12/09/2026,12/13/2026,Standard Class,CA-12310
US-2026-167920,12/09/2026,12/12/2026,Second Class,JL-15835
US-2026-109960,12/09/2026,12/11/2026,Second Class,DB-13210
US-2026-129833,12/09/2026,12/15/2026,Standard Class,HF-14995
US-2026-103814,12/09/2026,12/16/2026,Standard Class,LH-16900
US-2026-139199,12/09/2026,12/13/2026,Standard Class,DK-12835
US-2026-139402,12/09/2026,12/13/2026,Standard Class,NC-18535
US-2026-109715,12/09/2026,12/14/2026,Standard Class,AH-10585
US-2026-118038,12/09/2026,12/11/2026,First Class,KB-16600
US-2026-145366,12/09/2026,12/13/2026,Standard Class,CA-12310
US-2026-167920,12/09/2026,12/12/2026,Second Class,JL-15835
US-2026-167920,12/09/2026,12/12/2026,Second Class,JL-15835
US-2026-109960,12/09/2026,12/11/2026,Second Class,DB-13210
US-2026-167920,12/09/2026,12/12/2026,Second Class,JL-15835
US-2026-108329,12/09/2026,12/14/2026,Standard Class,LE-16810
CA-2026-141082,12/09/2026,12/13/2026,Standard Class,FM-14380
CA-2026-141082,12/09/2026,12/13/2026,Standard Class,FM-14380
US-2026-110149,12/10/2026,12/13/2026,First Class,WB-21850
US-2026-158967,12/10/2026,12/12/2026,First Class,BT-11680
US-2026-135503,12/10/2026,12/15/2026,Standard Class,JE-16165
US-2026-143798,12/10/2026,12/12/2026,First Class,AW-10840
US-2026-148446,12/10/2026,12/14/2026,Second Class,MC-17845
US-2026-152695,12/10/2026,12/10/2026,Same Day,CC-12220
US-2026-140907,12/10/2026,12/12/2026,Second Class,BP-11185
US-2026-110149,12/10/2026,12/13/2026,First Class,WB-21850
US-2026-167150,12/10/2026,12/17/2026,Standard Class,BP-11185
US-2026-167150,12/10/2026,12/17/2026,Standard Class,BP-11185
US-2026-148922,12/10/2026,12/15/2026,Second Class,SU-20665
US-2026-108294,12/10/2026,12/10/2026,Same Day,LS-16975
US-2026-152695,12/10/2026,12/10/2026,Same Day,CC-12220
US-2026-143798,12/10/2026,12/12/2026,First Class,AW-10840
US-2026-107748,12/10/2026,12/12/2026,Second Class,AG-10330
US-2026-140907,12/10/2026,12/12/2026,Second Class,BP-11185
US-2026-148922,12/10/2026,12/15/2026,Second Class,SU-20665
US-2026-157651,12/10/2026,12/14/2026,Standard Class,HA-14920
US-2026-140907,12/10/2026,12/12/2026,Second Class,BP-11185
US-2026-148922,12/10/2026,12/15/2026,Second Class,SU-20665
US-2026-107748,12/10/2026,12/12/2026,Second Class,AG-10330
CA-2026-124626,12/10/2026,12/15/2026,Standard Class,JP-11135
US-2026-168389,12/11/2026,12/17/2026,Standard Class,DV-13045
US-2026-160759,12/11/2026,12/17/2026,Standard Class,AI-10855
US-2026-162565,12/11/2026,12/11/2026,Same Day,RR-19315
US-2026-162565,12/11/2026,12/11/2026,Same Day,RR-19315
US-2026-168389,12/11/2026,12/17/2026,Standard Class,DV-13045
US-2026-165099,12/11/2026,12/13/2026,First Class,DK-13375
US-2026-153871,12/11/2026,12/17/2026,Standard Class,RB-19435
US-2026-168389,12/11/2026,12/17/2026,Standard Class,DV-13045
US-2026-101798,12/11/2026,12/15/2026,Standard Class,MV-18190
US-2026-142776,12/11/2026,12/14/2026,Second Class,RS-19870
US-2026-100230,12/11/2026,12/15/2026,Standard Class,AA-10375
US-2026-153871,12/11/2026,12/17/2026,Standard Class,RB-19435
US-2026-153871,12/11/2026,12/17/2026,Standard Class,RB-19435
US-2026-142776,12/11/2026,12/14/2026,Second Class,RS-19870
US-2026-125213,12/11/2026,12/13/2026,First Class,NB-18655
US-2026-162565,12/11/2026,12/11/2026,Same Day,RR-19315
US-2026-100230,12/11/2026,12/15/2026,Standard Class,AA-10375
US-2026-149706,12/11/2026,12/12/2026,First Class,AS-10285
US-2026-101798,12/11/2026,12/15/2026,Standard Class,MV-18190
US-2026-129581,12/11/2026,12/18/2026,Standard Class,KN-16390
US-2026-168389,12/11/2026,12/17/2026,Standard Class,DV-13045
US-2026-100230,12/11/2026,12/15/2026,Standard Class,AA-10375
US-2026-135377,12/13/2026,12/18/2026,Standard Class,BP-11095
US-2026-122770,12/13/2026,12/18/2026,Standard Class,EP-13915
US-2026-122770,12/13/2026,12/18/2026,Standard Class,EP-13915
US-2026-122770,12/13/2026,12/18/2026,Standard Class,EP-13915
US-2026-122770,12/13/2026,12/18/2026,Standard Class,EP-13915
US-2026-107986,12/13/2026,12/13/2026,Same Day,MW-18220
US-2026-107629,12/14/2026,12/14/2026,Same Day,DB-13060
US-2026-122595,12/14/2026,12/20/2026,Standard Class,GM-14455
US-2026-107629,12/14/2026,12/14/2026,Same Day,DB-13060
US-2026-169859,12/14/2026,12/18/2026,Standard Class,MP-18175
US-2026-113992,12/14/2026,12/19/2026,Standard Class,LC-16885
US-2026-151799,12/14/2026,12/18/2026,Standard Class,BF-11170
US-2026-107629,12/14/2026,12/14/2026,Same Day,DB-13060
US-2026-169859,12/14/2026,12/18/2026,Standard Class,MP-18175
US-2026-169859,12/14/2026,12/18/2026,Standard Class,MP-18175
US-2026-151799,12/14/2026,12/18/2026,Standard Class,BF-11170
US-2026-151799,12/14/2026,12/18/2026,Standard Class,BF-11170
US-2026-151799,12/14/2026,12/18/2026,Standard Class,BF-11170
US-2026-122595,12/14/2026,12/20/2026,Standard Class,GM-14455
US-2026-147333,12/14/2026,12/20/2026,Standard Class,KL-16555
US-2026-147333,12/14/2026,12/20/2026,Standard Class,KL-16555
US-2026-107629,12/14/2026,12/14/2026,Same Day,DB-13060
US-2026-151799,12/14/2026,12/18/2026,Standard Class,BF-11170
US-2026-122595,12/14/2026,12/20/2026,Standard Class,GM-14455
CA-2026-151799,12/14/2026,12/18/2026,Standard Class,BF-11170
CA-2026-151799,12/14/2026,12/18/2026,Standard Class,BF-11170
CA-2026-151799,12/14/2026,12/18/2026,Standard Class,BF-11170
CA-2026-151799,12/14/2026,12/18/2026,Standard Class,BF-11170
CA-2026-151799,12/14/2026,12/18/2026,Standard Class,BF-11170
US-2026-119564,12/15/2026,12/20/2026,Standard Class,PL-18925
US-2026-154116,12/15/2026,12/19/2026,Standard Class,KM-16660
US-2026-136063,12/15/2026,12/19/2026,Standard Class,SS-20140
US-2026-154116,12/15/2026,12/19/2026,Standard Class,KM-16660
US-2026-154116,12/15/2026,12/19/2026,Standard Class,KM-16660
CA-2026-135480,12/15/2026,12/22/2026,Standard Class,BG-18435
CA-2026-135480,12/15/2026,12/22/2026,Standard Class,BG-18435
US-2026-137428,12/16/2026,12/21/2026,Second Class,AY-10555
US-2026-137428,12/16/2026,12/21/2026,Second Class,AY-10555
US-2026-137428,12/16/2026,12/21/2026,Second Class,AY-10555
US-2026-137463,12/16/2026,12/20/2026,Second Class,KM-16225
US-2026-104381,12/16/2026,12/23/2026,Standard Class,RD-19810
US-2026-137428,12/16/2026,12/21/2026,Second Class,AY-10555
US-2026-137463,12/16/2026,12/20/2026,Second Class,KM-16225
US-2026-111808,12/16/2026,12/20/2026,Standard Class,AR-10510
US-2026-137463,12/16/2026,12/20/2026,Second Class,KM-16225
US-2026-161578,12/16/2026,12/21/2026,Second Class,RB-19465
US-2026-161578,12/16/2026,12/21/2026,Second Class,RB-19465
US-2026-137463,12/16/2026,12/20/2026,Second Class,KM-16225
US-2026-137463,12/16/2026,12/20/2026,Second Class,KM-16225
US-2026-116855,12/17/2026,12/21/2026,Standard Class,AI-10855
US-2026-103443,12/17/2026,12/23/2026,Standard Class,AT-10735
US-2026-116701,12/17/2026,12/21/2026,Second Class,LC-17140
US-2026-106964,12/17/2026,12/20/2026,First Class,HR-14770
US-2026-133431,12/17/2026,12/21/2026,Standard Class,LC-17140
US-2026-103443,12/17/2026,12/23/2026,Standard Class,AT-10735
US-2026-107342,12/17/2026,12/22/2026,Standard Class,VF-21715
US-2026-133431,12/17/2026,12/21/2026,Standard Class,LC-17140
US-2026-155362,12/17/2026,12/21/2026,Standard Class,DP-13105
US-2026-120936,12/17/2026,12/21/2026,Standard Class,CA-12310
US-2026-103443,12/17/2026,12/23/2026,Standard Class,AT-10735
US-2026-130309,12/17/2026,12/21/2026,Standard Class,GB-14575
US-2026-120936,12/17/2026,12/21/2026,Standard Class,CA-12310
US-2026-140585,12/18/2026,12/23/2026,Second Class,RA-19915
US-2026-115602,12/18/2026,12/24/2026,Standard Class,DJ-13630
US-2026-105886,12/18/2026,12/23/2026,Standard Class,DB-13660
US-2026-143252,12/18/2026,12/24/2026,Standard Class,HE-14800
US-2026-115602,12/18/2026,12/24/2026,Standard Class,DJ-13630
US-2026-156664,12/18/2026,12/23/2026,Standard Class,BP-11290
US-2026-115602,12/18/2026,12/24/2026,Standard Class,DJ-13630
US-2026-108287,12/18/2026,12/20/2026,First Class,AG-10330
US-2026-115602,12/18/2026,12/24/2026,Standard Class,DJ-13630
US-2026-158736,12/18/2026,12/24/2026,Standard Class,TT-21460
US-2026-164000,12/18/2026,12/22/2026,Standard Class,AH-10030
US-2026-102099,12/18/2026,12/19/2026,First Class,EP-13915
US-2026-140585,12/18/2026,12/23/2026,Second Class,RA-19915
US-2026-156664,12/18/2026,12/23/2026,Standard Class,BP-11290
US-2026-156664,12/18/2026,12/23/2026,Standard Class,BP-11290
US-2026-102099,12/18/2026,12/19/2026,First Class,EP-13915
US-2026-156664,12/18/2026,12/23/2026,Standard Class,BP-11290
US-2026-102099,12/18/2026,12/19/2026,First Class,EP-13915
US-2026-143252,12/18/2026,12/24/2026,Standard Class,HE-14800
US-2026-140585,12/18/2026,12/23/2026,Second Class,RA-19915
US-2026-116946,12/19/2026,12/23/2026,Standard Class,TS-21505
US-2026-116946,12/19/2026,12/23/2026,Standard Class,TS-21505
US-2026-128160,12/19/2026,12/24/2026,Second Class,MM-17920
US-2026-116946,12/19/2026,12/23/2026,Standard Class,TS-21505
US-2026-158729,12/19/2026,12/21/2026,First Class,AC-10450
US-2026-102197,12/20/2026,12/26/2026,Standard Class,DK-13150
US-2026-105480,12/20/2026,12/26/2026,Standard Class,DK-13225
US-2026-102197,12/20/2026,12/26/2026,Standard Class,DK-13150
US-2026-105480,12/20/2026,12/26/2026,Standard Class,DK-13225
US-2026-102197,12/20/2026,12/26/2026,Standard Class,DK-13150
CA-2026-126634,12/20/2026,12/22/2026,Second Class,AB-10165
US-2026-137456,12/21/2026,12/21/2026,Same Day,RB-19465
US-2026-163405,12/21/2026,12/25/2026,Standard Class,BN-11515
US-2026-163405,12/21/2026,12/25/2026,Standard Class,BN-11515
US-2026-107461,12/21/2026,12/26/2026,Second Class,PK-19075
US-2026-165841,12/21/2026,12/28/2026,Standard Class,DB-13210
US-2026-138380,12/21/2026,12/25/2026,Standard Class,YS-21880
US-2026-144827,12/21/2026,12/27/2026,Standard Class,SE-20110
US-2026-106782,12/21/2026,12/27/2026,Standard Class,LP-17095
US-2026-165841,12/21/2026,12/28/2026,Standard Class,DB-13210
US-2026-109589,12/21/2026,12/24/2026,First Class,BD-11635
US-2026-165841,12/21/2026,12/28/2026,Standard Class,DB-13210
US-2026-119578,12/22/2026,12/27/2026,Second Class,JG-15310
US-2026-120376,12/22/2026,12/25/2026,First Class,TP-21130
US-2026-100412,12/22/2026,12/26/2026,Standard Class,SR-20425
US-2026-150910,12/22/2026,12/28/2026,Standard Class,JL-15130
US-2026-142909,12/22/2026,12/25/2026,Second Class,AG-10330
US-2026-120376,12/22/2026,12/25/2026,First Class,TP-21130
US-2026-146164,12/22/2026,12/26/2026,Standard Class,CM-12190
US-2026-155376,12/22/2026,12/27/2026,Standard Class,SG-20080
US-2026-150910,12/22/2026,12/28/2026,Standard Class,JL-15130
US-2026-115931,12/22/2026,12/26/2026,Standard Class,JM-15655
US-2026-150910,12/22/2026,12/28/2026,Standard Class,JL-15130
US-2026-119193,12/22/2026,12/24/2026,First Class,SK-19990
US-2026-104927,12/22/2026,12/26/2026,Standard Class,AG-10330
US-2026-145310,12/22/2026,12/24/2026,Second Class,JP-15520
US-2026-115931,12/22/2026,12/26/2026,Standard Class,JM-15655
US-2026-104927,12/22/2026,12/26/2026,Standard Class,AG-10330
US-2026-104927,12/22/2026,12/26/2026,Standard Class,AG-10330
US-2026-115931,12/22/2026,12/26/2026,Standard Class,JM-15655
US-2026-150910,12/22/2026,12/28/2026,Standard Class,JL-15130
US-2026-146164,12/22/2026,12/26/2026,Standard Class,CM-12190
US-2026-119578,12/22/2026,12/27/2026,Second Class,JG-15310
US-2026-149699,12/22/2026,12/24/2026,First Class,CM-12115
US-2026-120376,12/22/2026,12/25/2026,First Class,TP-21130
US-2026-150910,12/22/2026,12/28/2026,Standard Class,JL-15130
US-2026-120376,12/22/2026,12/25/2026,First Class,TP-21130
US-2026-115931,12/22/2026,12/26/2026,Standard Class,JM-15655
US-2026-119193,12/22/2026,12/24/2026,First Class,SK-19990
US-2026-140627,12/23/2026,12/27/2026,Standard Class,DK-12985
US-2026-110625,12/23/2026,12/30/2026,Standard Class,JB-16045
US-2026-127929,12/23/2026,12/27/2026,Standard Class,FM-14215
US-2026-121216,12/23/2026,12/25/2026,Second Class,MM-17920
US-2026-140627,12/23/2026,12/27/2026,Standard Class,DK-12985
US-2026-123463,12/23/2026,12/23/2026,Same Day,GZ-14470
US-2026-117443,12/23/2026,12/25/2026,Second Class,JB-15400
US-2026-162670,12/23/2026,12/28/2026,Second Class,MF-18250
US-2026-162670,12/23/2026,12/28/2026,Second Class,MF-18250
US-2026-117443,12/23/2026,12/25/2026,Second Class,JB-15400
US-2026-121216,12/23/2026,12/25/2026,Second Class,MM-17920
US-2026-162670,12/23/2026,12/28/2026,Second Class,MF-18250
US-2026-162670,12/23/2026,12/28/2026,Second Class,MF-18250
US-2026-140627,12/23/2026,12/27/2026,Standard Class,DK-12985
US-2026-162670,12/23/2026,12/28/2026,Second Class,MF-18250
US-2026-128734,12/24/2026,12/31/2026,Standard Class,JL-15175
US-2026-124296,12/24/2026,12/28/2026,Standard Class,CS-12355
US-2026-169978,12/24/2026,12/28/2026,Standard Class,HG-15025
US-2026-169411,12/24/2026,12/29/2026,Standard Class,AC-10615
US-2026-128734,12/24/2026,12/31/2026,Standard Class,JL-15175
US-2026-117933,12/24/2026,12/29/2026,Standard Class,RF-19840
US-2026-148355,12/24/2026,12/28/2026,Standard Class,NC-18535
US-2026-145219,12/24/2026,12/25/2026,First Class,RM-19675
US-2026-163671,12/24/2026,12/30/2026,Standard Class,DP-13105
US-2026-169978,12/24/2026,12/28/2026,Standard Class,HG-15025
US-2026-154935,12/24/2026,12/29/2026,Standard Class,AR-10540
US-2026-148355,12/24/2026,12/28/2026,Standard Class,NC-18535
US-2026-121195,12/24/2026,12/27/2026,First Class,NS-18505
US-2026-147956,12/24/2026,12/31/2026,Standard Class,AH-10210
US-2026-145219,12/24/2026,12/25/2026,First Class,RM-19675
US-2026-124296,12/24/2026,12/28/2026,Standard Class,CS-12355
US-2026-161480,12/25/2026,12/29/2026,Standard Class,RA-19285
US-2026-163510,12/25/2026,12/28/2026,Second Class,JW-15955
US-2026-146780,12/25/2026,12/30/2026,Standard Class,CV-12805
US-2026-105620,12/25/2026,12/28/2026,First Class,JH-15430
US-2026-147669,12/25/2026,12/30/2026,Standard Class,SV-20935
US-2026-134194,12/25/2026,01/01/2027,Standard Class,GA-14725
US-2026-147669,12/25/2026,12/30/2026,Standard Class,SV-20935
US-2026-134194,12/25/2026,01/01/2027,Standard Class,GA-14725
US-2026-134194,12/25/2026,01/01/2027,Standard Class,GA-14725
US-2026-121398,12/25/2026,12/29/2026,Standard Class,FH-14365
US-2026-162880,12/25/2026,12/29/2026,Standard Class,GD-14590
US-2026-134194,12/25/2026,01/01/2027,Standard Class,GA-14725
US-2026-147669,12/25/2026,12/30/2026,Standard Class,SV-20935
US-2026-114055,12/25/2026,12/29/2026,Second Class,MH-18115
US-2026-114055,12/25/2026,12/29/2026,Second Class,MH-18115
US-2026-114055,12/25/2026,12/29/2026,Second Class,MH-18115
US-2026-163510,12/25/2026,12/28/2026,Second Class,JW-15955
US-2026-121398,12/25/2026,12/29/2026,Standard Class,FH-14365
US-2026-134194,12/25/2026,01/01/2027,Standard Class,GA-14725
US-2026-147669,12/25/2026,12/30/2026,Standard Class,SV-20935
US-2026-108756,12/25/2026,12/29/2026,Standard Class,PO-18865
US-2026-105620,12/25/2026,12/28/2026,First Class,JH-15430
US-2026-114055,12/25/2026,12/29/2026,Second Class,MH-18115
US-2026-112487,12/26/2026,12/30/2026,Standard Class,TC-21535
US-2026-106705,12/26/2026,01/01/2027,Standard Class,PO-18850
US-2026-136238,12/26/2026,01/01/2027,Standard Class,KB-16240
US-2026-121741,12/26/2026,12/26/2026,Same Day,YC-21895
US-2026-134404,12/27/2026,12/27/2026,Same Day,DR-12880
US-2026-134404,12/27/2026,12/27/2026,Same Day,DR-12880
US-2026-136539,12/28/2026,01/01/2027,Standard Class,GH-14665
US-2026-101322,12/28/2026,12/31/2026,First Class,JG-15310
US-2026-163860,12/28/2026,01/01/2027,Standard Class,LO-17170
US-2026-129805,12/28/2026,01/02/2027,Standard Class,HM-14860
US-2026-163860,12/28/2026,01/01/2027,Standard Class,LO-17170
US-2026-163860,12/28/2026,01/01/2027,Standard Class,LO-17170
US-2026-136539,12/28/2026,01/01/2027,Standard Class,GH-14665
US-2026-135111,12/28/2026,01/02/2027,Standard Class,CS-12400
US-2026-164826,12/28/2026,01/04/2027,Standard Class,JF-15415
US-2026-162068,12/28/2026,12/31/2026,Second Class,PC-18745
US-2026-163860,12/28/2026,01/01/2027,Standard Class,LO-17170
US-2026-135111,12/28/2026,01/02/2027,Standard Class,CS-12400
US-2026-164826,12/28/2026,01/04/2027,Standard Class,JF-15415
US-2026-164826,12/28/2026,01/04/2027,Standard Class,JF-15415
US-2026-122798,12/28/2026,01/01/2027,Standard Class,SV-20935
US-2026-127516,12/28/2026,01/03/2027,Standard Class,EH-14005
US-2026-122798,12/28/2026,01/01/2027,Standard Class,SV-20935
US-2026-163979,12/28/2026,01/02/2027,Second Class,KH-16690
US-2026-164826,12/28/2026,01/04/2027,Standard Class,JF-15415
US-2026-158526,12/29/2026,01/01/2027,Second Class,KH-16360
US-2026-158526,12/29/2026,01/01/2027,Second Class,KH-16360
US-2026-118885,12/29/2026,01/02/2027,Standard Class,JG-15160
US-2026-158526,12/29/2026,01/01/2027,Second Class,KH-16360
US-2026-146626,12/29/2026,01/05/2027,Standard Class,BP-11185
US-2026-130631,12/29/2026,01/02/2027,Standard Class,BS-11755
US-2026-158526,12/29/2026,01/01/2027,Second Class,KH-16360
US-2026-158526,12/29/2026,01/01/2027,Second Class,KH-16360
US-2026-130631,12/29/2026,01/02/2027,Standard Class,BS-11755
US-2026-102638,12/29/2026,12/31/2026,First Class,MC-17845
US-2026-158673,12/29/2026,01/04/2027,Standard Class,KB-16600
US-2026-118885,12/29/2026,01/02/2027,Standard Class,JG-15160
CA-2026-146626,12/29/2026,01/05/2027,Standard Class,JP-11135
CA-2026-141531,12/29/2026,01/02/2027,Standard Class,BG-18435
CA-2026-141531,12/29/2026,01/02/2027,Standard Class,BG-18435
US-2026-143259,12/30/2026,01/03/2027,Standard Class,PO-18865
US-2026-126221,12/30/2026,01/05/2027,Standard Class,CC-12430
US-2026-115427,12/30/2026,01/03/2027,Standard Class,EB-13975
US-2026-143259,12/30/2026,01/03/2027,Standard Class,PO-18865
US-2026-115427,12/30/2026,01/03/2027,Standard Class,EB-13975
US-2026-156720,12/30/2026,01/03/2027,Standard Class,JM-15580
US-2026-143259,12/30/2026,01/03/2027,Standard Class,PO-18865
CA-2026-143500,12/30/2026,01/03/2027,Standard Class,HO-15230
