Product ID,Category,Sub-Category,Product Name
OFF-PA-10000174,Office Supplies,Paper,"Message Book, Wirebound, Four 5 1/2"" X 4"" Forms/Pg., 200 Dupl. Sets/Book"
OFF-BI-10004094,Office Supplies,Binders,GBC Standard Plastic Binding Systems Combs
OFF-LA-10003223,Office Supplies,Labels,Avery 508
OFF-ST-10002743,Office Supplies,Storage,SAFCO Boltless Steel Shelving
OFF-AR-10003478,Office Supplies,Art,"Avery Hi-Liter EverBold Pen Style Fluorescent Highlighters, 4/Pack"
FUR-CH-10004063,Furniture,Chairs,Global Deluxe High-Back Manager's Chair
OFF-AR-10001662,Office Supplies,Art,Rogers Handheld Barrel Pencil Sharpener
OFF-AR-10002399,Office Supplies,Art,"Dixon Prang Watercolor Pencils, 10-Color Set with Brush"
OFF-BI-10004632,Office Supplies,Binders,Ibico Hi-Tech Manual Binding System
OFF-FA-10001883,Office Supplies,Fasteners,"Alliance Super-Size Bands, Assorted Sizes"
OFF-PA-10000955,Office Supplies,Paper,Southworth 25% Cotton Granite Paper & Envelopes
OFF-PA-10002005,Office Supplies,Paper,Xerox 225
TEC-PH-10004539,Technology,Phones,Wireless Extenders zBoost YX545 SOHO Signal Booster
TEC-PH-10004977,Technology,Phones,GE 30524EE4
FUR-FU-10004864,Furniture,Furnishings,"Howard Miller 14-1/2"" Diameter Chrome Round Wall Clock"
OFF-BI-10003708,Office Supplies,Binders,"Acco Four Pocket Poly Ring Binder with Label Holder, Smoke, 1"""
OFF-AR-10004078,Office Supplies,Art,Newell 312
TEC-AC-10001266,Technology,Accessories,Memorex Micro Travel Drive 8 GB
FUR-FU-10000965,Furniture,Furnishings,"Howard Miller 11-1/2"" Diameter Ridgewood Wall Clock"
OFF-LA-10004272,Office Supplies,Labels,Avery 482
FUR-FU-10000010,Furniture,Furnishings,"DAX Value U-Channel Document Frames, Easel Back"
FUR-BO-10003034,Furniture,Bookcases,"O'Sullivan Elevations Bookcase, Cherry Finish"
FUR-CH-10000422,Furniture,Chairs,Global Highback Leather Tilter in Burgundy
OFF-AR-10003514,Office Supplies,Art,4009 Highlighters by Sanford
OFF-BI-10003476,Office Supplies,Binders,Avery Metallic Poly Binders
OFF-BI-10004187,Office Supplies,Binders,3-ring staple pack
OFF-EN-10001532,Office Supplies,Envelopes,Brown Kraft Recycled Envelopes
OFF-EN-10001990,Office Supplies,Envelopes,Staple envelope
OFF-PA-10002947,Office Supplies,Paper,Xerox 1923
OFF-ST-10000025,Office Supplies,Storage,Fellowes Stor/Drawer Steel Plus Storage Drawers
OFF-ST-10000078,Office Supplies,Storage,Tennsco 6- and 18-Compartment Lockers
TEC-AC-10003174,Technology,Accessories,Plantronics S12 Corded Telephone Headset System
FUR-BO-10003433,Furniture,Bookcases,Sauder Cornerstone Collection Library
TEC-AC-10003628,Technology,Accessories,Logitech 910-002974 M325 Wireless Mouse for Web Scrolling
FUR-FU-10001095,Furniture,Furnishings,DAX Black Cherry Wood-Tone Poster Frame
OFF-BI-10001575,Office Supplies,Binders,GBC Linen Binding Covers
OFF-LA-10001074,Office Supplies,Labels,Round Specialty Laser Printer Labels
TEC-PH-10004614,Technology,Phones,AT&T 841000 Phone
OFF-AP-10000692,Office Supplies,Appliances,Fellowes Mighty 8 Compact Surge Protector
FUR-BO-10001972,Furniture,Bookcases,O'Sullivan 4-Shelf Bookcase in Odessa Pine
OFF-BI-10003676,Office Supplies,Binders,"GBC Standard Recycled Report Covers, Clear Plastic Sheets"
OFF-EN-10002504,Office Supplies,Envelopes,"Tyvek  Top-Opening Peel & Seel Envelopes, Plain White"
OFF-PA-10000659,Office Supplies,Paper,"TOPS Carbonless Receipt Book, Four 2-3/4 x 7-1/4 Money Receipts per Page"
FUR-CH-10002331,Furniture,Chairs,Hon 4700 Series Mobuis Mid-Back Task Chairs with Adjustable Arms
FUR-FU-10002268,Furniture,Furnishings,Ultra Door Push Plate
FUR-FU-10002918,Furniture,Furnishings,Eldon ClusterMat Chair Mat with Cordless Antistatic Protection
FUR-FU-10003194,Furniture,Furnishings,"Eldon Expressions Desk Accessory, Wood Pencil Holder, Oak"
FUR-FU-10003194,Furniture,Furnishings,"Eldon Expressions Desk Accessory, Wood Pencil Holder, Oak"
OFF-AP-10002311,Office Supplies,Appliances,"Holmes Replacement Filter for HEPA Air Cleaner, Very Large Room, HEPA Filter"
OFF-AR-10002375,Office Supplies,Art,Newell 351
OFF-AR-10003811,Office Supplies,Art,Newell 327
OFF-AR-10004456,Office Supplies,Art,Panasonic KP-4ABK Battery-Operated Pencil Sharpener
OFF-BI-10000605,Office Supplies,Binders,"Acco Pressboard Covers with Storage Hooks, 9 1/2"" x 11"", Executive Red"
OFF-BI-10003091,Office Supplies,Binders,GBC DocuBind TL200 Manual Binding Machine
OFF-BI-10004364,Office Supplies,Binders,Storex Dura Pro Binders
OFF-EN-10001539,Office Supplies,Envelopes,Staple envelope
OFF-PA-10002893,Office Supplies,Paper,"Wirebound Service Call Books, 5 1/2"" x 4"""
OFF-ST-10000760,Office Supplies,Storage,Eldon Fold 'N Roll Cart System
OFF-ST-10003123,Office Supplies,Storage,Fellowes Bases and Tops For Staxonsteel/High-Stak Systems
TEC-PH-10001061,Technology,Phones,Apple iPhone 5C
FUR-FU-10001889,Furniture,Furnishings,Ultra Door Pull Handle
FUR-FU-10001025,Furniture,Furnishings,"Eldon Imàge Series Desk Accessories, Clear"
FUR-FU-10002445,Furniture,Furnishings,"DAX Two-Tone Rosewood/Black Document Frame, Desktop, 5 x 7"
FUR-FU-10002960,Furniture,Furnishings,"Eldon 200 Class Desk Accessories, Burgundy"
OFF-PA-10002689,Office Supplies,Paper,Weyerhaeuser First Choice Laser/Copy Paper (20Lb. and 88 Bright)
TEC-PH-10001300,Technology,Phones,"iKross Bluetooth Portable Keyboard + Cell Phone Stand Holder + Brush for Apple iPhone 5S 5C 5, 4S 4"
OFF-FA-10003467,Office Supplies,Fasteners,"Alliance Big Bands Rubber Bands, 12/Pack"
OFF-PA-10001804,Office Supplies,Paper,Xerox 195
FUR-BO-10004409,Furniture,Bookcases,"Safco Value Mate Series Steel Bookcases, Baked Enamel Finish on Steel, Gray"
FUR-FU-10001847,Furniture,Furnishings,Eldon Image Series Black Desk Accessories
FUR-FU-10004587,Furniture,Furnishings,"GE General Use Halogen Bulbs, 100 Watts, 1 Bulb per Pack"
OFF-BI-10001758,Office Supplies,Binders,Wilson Jones 14 Line Acrylic Coated Pressboard Data Binders
OFF-PA-10000380,Office Supplies,Paper,"REDIFORM Incoming/Outgoing Call Register, 11"" X 8 1/2"", 100 Messages"
OFF-PA-10003072,Office Supplies,Paper,"Eureka Recycled Copy Paper 8 1/2"" x 11"", Ream"
OFF-ST-10004337,Office Supplies,Storage,"SAFCO Commercial Wire Shelving, 72h"
TEC-PH-10002103,Technology,Phones,Jabra SPEAK 410
TEC-PH-10004833,Technology,Phones,Macally Suction Cup Mount
FUR-TA-10003469,Furniture,Tables,Balt Split Level Computer Training Table
OFF-AR-10003179,Office Supplies,Art,Dixon Ticonderoga Core-Lock Colored Pencils
OFF-ST-10003692,Office Supplies,Storage,Recycled Steel Personal File for Hanging File Folders
OFF-BI-10000343,Office Supplies,Binders,"Pressboard Covers with Storage Hooks, 9 1/2"" x 11"", Light Blue"
OFF-PA-10001204,Office Supplies,Paper,Xerox 1972
OFF-ST-10000991,Office Supplies,Storage,Space Solutions HD Industrial Steel Shelving.
FUR-BO-10003966,Furniture,Bookcases,"Sauder Facets Collection Library, Sky Alder Finish"
TEC-AC-10001432,Technology,Accessories,Enermax Aurora Lite Keyboard
OFF-BI-10000666,Office Supplies,Binders,Surelock Post Binders
OFF-FA-10001843,Office Supplies,Fasteners,Staples
TEC-PH-10002890,Technology,Phones,AT&T 17929 Lendline Telephone
OFF-BI-10002827,Office Supplies,Binders,Avery Durable Poly Binders
OFF-BI-10004593,Office Supplies,Binders,Ibico Laser Imprintable Binding System Covers
OFF-BI-10003676,Office Supplies,Binders,"GBC Standard Recycled Report Covers, Clear Plastic Sheets"
OFF-BI-10004230,Office Supplies,Binders,GBC Recycled Grain Textured Covers
OFF-PA-10000350,Office Supplies,Paper,"Message Book, Standard Line ""While You Were Out"", 5 1/2"" X 4"", 200 Sets/Book"
OFF-BI-10001196,Office Supplies,Binders,"Avery Flip-Chart Easel Binder, Black"
OFF-LA-10002787,Office Supplies,Labels,Avery 480
TEC-PH-10001615,Technology,Phones,AT&T CL82213
TEC-PH-10003645,Technology,Phones,Aastra 57i VoIP phone
OFF-ST-10001558,Office Supplies,Storage,Acco Perma 4000 Stacking Storage Drawers
TEC-AC-10000710,Technology,Accessories,Maxell DVD-RAM Discs
FUR-FU-10002111,Furniture,Furnishings,"Master Caster Door Stop, Large Brown"
FUR-CH-10001146,Furniture,Chairs,"Global Value Mid-Back Manager's Chair, Gray"
FUR-FU-10002298,Furniture,Furnishings,"Rubbermaid ClusterMat Chairmats, Mat Size- 66"" x 60"", Lip 20"" x 11"" -90 Degree Angle"
FUR-TA-10003715,Furniture,Tables,Hon 2111 Invitation Series Corner Table
OFF-BI-10003291,Office Supplies,Binders,Wilson Jones Leather-Like Binders with DublLock Round Rings
OFF-BI-10004654,Office Supplies,Binders,VariCap6 Expandable Binder
OFF-BI-10004728,Office Supplies,Binders,Wilson Jones Turn Tabs Binder Tool for Ring Binders
OFF-LA-10004853,Office Supplies,Labels,Avery 483
OFF-ST-10002583,Office Supplies,Storage,Fellowes Neat Ideas Storage Cubes
TEC-AC-10001432,Technology,Accessories,Enermax Aurora Lite Keyboard
FUR-CH-10000225,Furniture,Chairs,"Global Geo Office Task Chair, Gray"
OFF-AP-10001293,Office Supplies,Appliances,Belkin 8 Outlet Surge Protector
OFF-PA-10000466,Office Supplies,Paper,"Memo Book, 100 Message Capacity, 5 3/8” x 11”"
OFF-SU-10000157,Office Supplies,Supplies,Compact Automatic Electric Letter Opener
TEC-AC-10000736,Technology,Accessories,Logitech G600 MMO Gaming Mouse
OFF-BI-10001031,Office Supplies,Binders,Pressboard Data Binders by Wilson Jones
OFF-AP-10001303,Office Supplies,Appliances,"Holmes Cool Mist Humidifier for the Whole House with 8-Gallon Output per Day, Extended Life Filter"
OFF-BI-10002012,Office Supplies,Binders,Wilson Jones Easy Flow II Sheet Lifters
OFF-AR-10003631,Office Supplies,Art,Staples in misc. colors
FUR-FU-10002396,Furniture,Furnishings,"DAX Copper Panel Document Frame, 5 x 7 Size"
OFF-ST-10000321,Office Supplies,Storage,Akro Stacking Bins
FUR-FU-10000221,Furniture,Furnishings,"Master Caster Door Stop, Brown"
OFF-PA-10003363,Office Supplies,Paper,Xerox 204
TEC-AC-10001284,Technology,Accessories,Enermax Briskie RF Wireless Keyboard and Mouse Combo
OFF-BI-10004094,Office Supplies,Binders,GBC Standard Plastic Binding Systems Combs
OFF-PA-10001800,Office Supplies,Paper,Xerox 220
OFF-BI-10000320,Office Supplies,Binders,GBC Plastic Binding Combs
OFF-LA-10004425,Office Supplies,Labels,Staple-on labels
OFF-PA-10000069,Office Supplies,Paper,"TOPS 4 x 6 Fluorescent Color Memo Sheets, 500 Sheets per Pack"
OFF-PA-10000174,Office Supplies,Paper,"Message Book, Wirebound, Four 5 1/2"" X 4"" Forms/Pg., 200 Dupl. Sets/Book"
OFF-AR-10003560,Office Supplies,Art,Zebra Zazzle Fluorescent Highlighters
FUR-CH-10000863,Furniture,Chairs,Novimex Swivel Fabric Task Chair
FUR-CH-10001270,Furniture,Chairs,Harbour Creations Steel Folding Chair
FUR-CH-10004063,Furniture,Chairs,Global Deluxe High-Back Manager's Chair
FUR-FU-10001095,Furniture,Furnishings,DAX Black Cherry Wood-Tone Poster Frame
FUR-TA-10001866,Furniture,Tables,Bevis Round Conference Room Tables and Bases
OFF-FA-10004395,Office Supplies,Fasteners,Plymouth Boxed Rubber Bands by Plymouth
OFF-PA-10003036,Office Supplies,Paper,"Black Print Carbonless 8 1/2"" x 8 1/4"" Rapid Memo Book"
OFF-ST-10001469,Office Supplies,Storage,Fellowes Bankers Box Recycled Super Stor/Drawer
OFF-ST-10003692,Office Supplies,Storage,Recycled Steel Personal File for Hanging File Folders
TEC-PH-10003655,Technology,Phones,Sannysis Cute Owl Design Soft Skin Case Cover for Samsung Galaxy S4
OFF-EN-10001990,Office Supplies,Envelopes,Staple envelope
OFF-PA-10000327,Office Supplies,Paper,Xerox 1971
OFF-PA-10000587,Office Supplies,Paper,"Array Parchment Paper, Assorted Colors"
TEC-AC-10004353,Technology,Accessories,Hypercom P1300 Pinpad
FUR-BO-10001972,Furniture,Bookcases,O'Sullivan 4-Shelf Bookcase in Odessa Pine
FUR-TA-10002958,Furniture,Tables,"Bevis Oval Conference Table, Walnut"
OFF-AP-10002534,Office Supplies,Appliances,3.6 Cubic Foot Counter Height Office Refrigerator
OFF-AR-10003560,Office Supplies,Art,Zebra Zazzle Fluorescent Highlighters
OFF-BI-10003429,Office Supplies,Binders,"Cardinal HOLDit! Binder Insert Strips,Extra Strips"
OFF-BI-10004593,Office Supplies,Binders,Ibico Laser Imprintable Binding System Covers
OFF-LA-10000305,Office Supplies,Labels,Avery 495
OFF-ST-10002486,Office Supplies,Storage,Eldon Shelf Savers Cubes and Bins
TEC-PH-10004700,Technology,Phones,PowerGen Dual USB Car Charger
OFF-AR-10001374,Office Supplies,Art,"BIC Brite Liner Highlighters, Chisel Tip"
OFF-ST-10001370,Office Supplies,Storage,Sensible Storage WireTech Storage Systems
OFF-AR-10000588,Office Supplies,Art,Newell 345
OFF-BI-10001617,Office Supplies,Binders,GBC Wire Binding Combs
OFF-PA-10001878,Office Supplies,Paper,Xerox 1891
OFF-SU-10000381,Office Supplies,Supplies,Acme Forged Steel Scissors with Black Enamel Handles
TEC-AC-10002001,Technology,Accessories,Logitech Wireless Gaming Headset G930
FUR-CH-10002780,Furniture,Chairs,Office Star - Task Chair with Contemporary Loop Arms
FUR-CH-10004477,Furniture,Chairs,"Global Push Button Manager's Chair, Indigo"
FUR-CH-10004495,Furniture,Chairs,"Global Leather and Oak Executive Chair, Black"
OFF-AR-10000390,Office Supplies,Art,Newell Chalk Holder
OFF-AR-10001427,Office Supplies,Art,Newell 330
OFF-BI-10004224,Office Supplies,Binders,Catalog Binders with Expanding Posts
OFF-ST-10000934,Office Supplies,Storage,"Contico 72""H Heavy-Duty Storage System"
OFF-ST-10002344,Office Supplies,Storage,"Carina 42""Hx23 3/4""W Media Storage Unit"
OFF-AR-10001044,Office Supplies,Art,"BOSTON Ranger #55 Pencil Sharpener, Black"
OFF-PA-10002259,Office Supplies,Paper,"Geographics Note Cards, Blank, White, 8 1/2"" x 11"""
OFF-ST-10000078,Office Supplies,Storage,Tennsco 6- and 18-Compartment Lockers
FUR-FU-10003981,Furniture,Furnishings,Eldon Wave Desk Accessories
OFF-AP-10002578,Office Supplies,Appliances,"Fellowes Premier Superior Surge Suppressor, 10-Outlet, With Phone and Remote"
OFF-AR-10001770,Office Supplies,Art,Economy #2 Pencils
OFF-FA-10001561,Office Supplies,Fasteners,Stockwell Push Pins
OFF-PA-10000213,Office Supplies,Paper,Xerox 198
OFF-PA-10002137,Office Supplies,Paper,"Southworth 100% Résumé Paper, 24lb."
TEC-AC-10000710,Technology,Accessories,Maxell DVD-RAM Discs
TEC-PH-10000984,Technology,Phones,Panasonic KX-TG9471B
FUR-CH-10004063,Furniture,Chairs,Global Deluxe High-Back Manager's Chair
FUR-FU-10001979,Furniture,Furnishings,Dana Halogen Swing-Arm Architect Lamp
FUR-CH-10003379,Furniture,Chairs,Global Commerce Series High-Back Swivel/Tilt Chairs
OFF-AR-10003723,Office Supplies,Art,Avery Hi-Liter Fluorescent Desk Style Markers
OFF-BI-10001617,Office Supplies,Binders,GBC Wire Binding Combs
OFF-BI-10003007,Office Supplies,Binders,"Premium Transparent Presentation Covers, No Pattern/Clear, 8 1/2"" x 11"""
OFF-PA-10000176,Office Supplies,Paper,Xerox 1887
OFF-PA-10001204,Office Supplies,Paper,Xerox 1972
OFF-PA-10001215,Office Supplies,Paper,Xerox 1963
OFF-ST-10000736,Office Supplies,Storage,Carina Double Wide Media Storage Towers in Natural & Black
OFF-ST-10003221,Office Supplies,Storage,Staple magnet
TEC-AC-10004877,Technology,Accessories,Imation 30456 USB Flash Drive 8GB
TEC-MA-10003626,Technology,Machines,Hewlett-Packard Deskjet 6540 Color Inkjet Printer
FUR-FU-10001756,Furniture,Furnishings,"Eldon Expressions Desk Accessory, Wood Photo Frame, Mahogany"
OFF-BI-10000773,Office Supplies,Binders,Insertable Tab Post Binder Dividers
OFF-BI-10001543,Office Supplies,Binders,GBC VeloBinder Manual Binding System
OFF-PA-10002120,Office Supplies,Paper,Xerox 1889
OFF-ST-10001490,Office Supplies,Storage,"Hot File 7-Pocket, Floor Stand"
TEC-PH-10002415,Technology,Phones,Polycom VoiceStation 500 Conference phone
FUR-TA-10001950,Furniture,Tables,Balt Solid Wood Round Tables
FUR-TA-10003473,Furniture,Tables,Bretford Rectangular Conference Table Tops
FUR-TA-10004175,Furniture,Tables,"Hon 30"" x 60"" Table with Locking Drawer"
OFF-AP-10001154,Office Supplies,Appliances,Bionaire Personal Warm Mist Humidifier/Vaporizer
OFF-AP-10003971,Office Supplies,Appliances,Belkin 6 Outlet Metallic Surge Strip
OFF-AR-10003732,Office Supplies,Art,Newell 333
OFF-AR-10003829,Office Supplies,Art,Newell 35
OFF-BI-10000136,Office Supplies,Binders,Avery Non-Stick Heavy Duty View Round Locking Ring Binders
OFF-BI-10000309,Office Supplies,Binders,"GBC Twin Loop Wire Binding Elements, 9/16"" Spine, Black"
OFF-BI-10000605,Office Supplies,Binders,"Acco Pressboard Covers with Storage Hooks, 9 1/2"" x 11"", Executive Red"
OFF-BI-10001758,Office Supplies,Binders,Wilson Jones 14 Line Acrylic Coated Pressboard Data Binders
OFF-PA-10000466,Office Supplies,Paper,"Memo Book, 100 Message Capacity, 5 3/8” x 11”"
OFF-PA-10000919,Office Supplies,Paper,Xerox 1918
OFF-PA-10002195,Office Supplies,Paper,Xerox 1966
OFF-PA-10002365,Office Supplies,Paper,Xerox 1967
OFF-PA-10002960,Office Supplies,Paper,Xerox 1926
OFF-PA-10003063,Office Supplies,Paper,EcoTones Memo Sheets
OFF-PA-10003349,Office Supplies,Paper,Xerox 1957
OFF-PA-10003641,Office Supplies,Paper,Xerox 1909
FUR-BO-10004218,Furniture,Bookcases,"Bush Heritage Pine Collection 5-Shelf Bookcase, Albany Pine Finish, *Special Order"
FUR-FU-10001986,Furniture,Furnishings,"Dana Fluorescent Magnifying Lamp, White, 36"""
FUR-FU-10004270,Furniture,Furnishings,"Executive Impressions 13"" Clairmont Wall Clock"
FUR-FU-10004597,Furniture,Furnishings,Eldon Cleatmat Chair Mats for Medium Pile Carpets
OFF-AR-10003183,Office Supplies,Art,Avery Fluorescent Highlighter Four-Color Set
OFF-FA-10003112,Office Supplies,Fasteners,Staples
OFF-PA-10001804,Office Supplies,Paper,Xerox 195
OFF-ST-10000078,Office Supplies,Storage,Tennsco 6- and 18-Compartment Lockers
TEC-MA-10001148,Technology,Machines,Swingline SM12-08 MicroCut Jam Free Shredder
TEC-MA-10002412,Technology,Machines,Cisco TelePresence System EX90 Videoconferencing Unit
TEC-MA-10003626,Technology,Machines,Hewlett-Packard Deskjet 6540 Color Inkjet Printer
FUR-FU-10002508,Furniture,Furnishings,Document Clip Frames
FUR-FU-10003981,Furniture,Furnishings,Eldon Wave Desk Accessories
OFF-BI-10001196,Office Supplies,Binders,"Avery Flip-Chart Easel Binder, Black"
OFF-LA-10000443,Office Supplies,Labels,Avery 501
OFF-ST-10000918,Office Supplies,Storage,Crate-A-Files
TEC-AC-10002647,Technology,Accessories,"Logitech Wireless Boombox Speaker - portable - wireless, wired"
TEC-PH-10004667,Technology,Phones,Cisco 8x8 Inc. 6753i IP Business Phone System
FUR-CH-10000422,Furniture,Chairs,Global Highback Leather Tilter in Burgundy
FUR-FU-10001473,Furniture,Furnishings,DAX Wood Document Frame
OFF-AR-10001573,Office Supplies,Art,American Pencil
OFF-AR-10004027,Office Supplies,Art,"Binney & Smith inkTank Erasable Desk Highlighter, Chisel Tip, Yellow, 12/Box"
OFF-AR-10004685,Office Supplies,Art,"Binney & Smith Crayola Metallic Colored Pencils, 8-Color Set"
OFF-BI-10001597,Office Supplies,Binders,"Wilson Jones Ledger-Size, Piano-Hinge Binder, 2"", Blue"
OFF-LA-10004409,Office Supplies,Labels,Avery 492
OFF-LA-10004544,Office Supplies,Labels,Avery 505
OFF-PA-10000675,Office Supplies,Paper,Xerox 1919
OFF-ST-10002301,Office Supplies,Storage,Tennsco Commercial Shelving
TEC-PH-10000730,Technology,Phones,Samsung Galaxy S4 Active
FUR-CH-10001482,Furniture,Chairs,Office Star - Mesh Screen back chair with Vinyl seat
OFF-AR-10003478,Office Supplies,Art,"Avery Hi-Liter EverBold Pen Style Fluorescent Highlighters, 4/Pack"
OFF-BI-10002735,Office Supplies,Binders,GBC Prestige Therm-A-Bind Covers
OFF-BI-10004410,Office Supplies,Binders,"C-Line Peel & Stick Add-On Filing Pockets, 8-3/4 x 5-1/8, 10/Pack"
OFF-PA-10002581,Office Supplies,Paper,Xerox 1951
OFF-LA-10004484,Office Supplies,Labels,Avery 476
OFF-ST-10000585,Office Supplies,Storage,Economy Rollaway Files
TEC-PH-10003484,Technology,Phones,Ooma Telo VoIP Home Phone System
FUR-FU-10002813,Furniture,Furnishings,"DAX Contemporary Wood Frame with Silver Metal Mat, Desktop, 11 x 14 Size"
OFF-PA-10004948,Office Supplies,Paper,Xerox 190
FUR-CH-10002439,Furniture,Chairs,"Iceberg Nesting Folding Chair, 19w x 6d x 43h"
OFF-AR-10000034,Office Supplies,Art,"BIC Brite Liner Grip Highlighters, Assorted, 5/Pack"
OFF-AR-10003338,Office Supplies,Art,"Eberhard Faber 3 1/2"" Golf Pencils"
OFF-AR-10003829,Office Supplies,Art,Newell 35
TEC-AC-10002558,Technology,Accessories,Imation Swivel Flash Drive USB flash drive - 8 GB
OFF-AR-10004272,Office Supplies,Art,Newell 308
OFF-BI-10003291,Office Supplies,Binders,Wilson Jones Leather-Like Binders with DublLock Round Rings
OFF-LA-10001982,Office Supplies,Labels,Smead Alpha-Z Color-Coded Name Labels First Letter Starter Set
TEC-AC-10002323,Technology,Accessories,SanDisk Ultra 32 GB MicroSDHC Class 10 Memory Card
TEC-PH-10004100,Technology,Phones,Griffin GC17055 Auxiliary Audio Cable
FUR-TA-10000198,Furniture,Tables,Chromcraft Bull-Nose Wood Oval Conference Tables & Bases
FUR-TA-10003954,Furniture,Tables,Hon 94000 Series Round Tables
OFF-EN-10001509,Office Supplies,Envelopes,Poly String Tie Envelopes
TEC-PH-10003273,Technology,Phones,AT&T TR1909W
FUR-TA-10001889,Furniture,Tables,Bush Advantage Collection Racetrack Conference Table
FUR-BO-10001337,Furniture,Bookcases,O'Sullivan Living Dimensions 2-Shelf Bookcases
FUR-CH-10002304,Furniture,Chairs,"Global Stack Chair without Arms, Black"
OFF-AR-10001231,Office Supplies,Art,"Sanford EarthWrite Recycled Pencils, Medium Soft, #2"
OFF-AR-10001915,Office Supplies,Art,Peel-Off China Markers
OFF-EN-10002230,Office Supplies,Envelopes,Airmail Envelopes
OFF-LA-10002312,Office Supplies,Labels,Avery 490
OFF-ST-10001511,Office Supplies,Storage,Space Solutions Commercial Steel Shelving
OFF-ST-10002957,Office Supplies,Storage,Sterilite Show Offs Storage Containers
TEC-PH-10001819,Technology,Phones,Innergie mMini Combo Duo USB Travel Charging Kit
FUR-CH-10002965,Furniture,Chairs,"Global Leather Highback Executive Chair with Pneumatic Height Adjustment, Black"
OFF-AP-10002765,Office Supplies,Appliances,Fellowes Advanced Computer Series Surge Protectors
OFF-AR-10004027,Office Supplies,Art,"Binney & Smith inkTank Erasable Desk Highlighter, Chisel Tip, Yellow, 12/Box"
OFF-BI-10001097,Office Supplies,Binders,Avery Hole Reinforcements
OFF-BI-10001636,Office Supplies,Binders,Ibico Plastic and Wire Spiral Binding Combs
OFF-BI-10002071,Office Supplies,Binders,Fellowes Black Plastic Comb Bindings
OFF-BI-10003529,Office Supplies,Binders,Avery Round Ring Poly Binders
OFF-BI-10004390,Office Supplies,Binders,GBC DocuBind 200 Manual Binding Machine
TEC-AC-10004901,Technology,Accessories,Kensington SlimBlade Notebook Wireless Mouse with Nano Receiver
OFF-BI-10000042,Office Supplies,Binders,"Pressboard Data Binder, Crimson, 12"" X 8 1/2"""
OFF-BI-10000145,Office Supplies,Binders,Zipper Ring Binder Pockets
OFF-LA-10002312,Office Supplies,Labels,Avery 490
OFF-ST-10000636,Office Supplies,Storage,Rogers Profile Extra Capacity Storage Tub
FUR-FU-10003192,Furniture,Furnishings,Luxo Adjustable Task Clamp Lamp
OFF-AP-10003842,Office Supplies,Appliances,Euro-Pro Shark Turbo Vacuum
OFF-PA-10001593,Office Supplies,Paper,Xerox 1947
OFF-PA-10002986,Office Supplies,Paper,Xerox 1898
OFF-PA-10004248,Office Supplies,Paper,Xerox 1990
TEC-PH-10001128,Technology,Phones,Motorola Droid Maxx
OFF-EN-10001415,Office Supplies,Envelopes,Staple envelope
TEC-AC-10000736,Technology,Accessories,Logitech G600 MMO Gaming Mouse
TEC-AC-10001284,Technology,Accessories,Enermax Briskie RF Wireless Keyboard and Mouse Combo
FUR-FU-10004020,Furniture,Furnishings,Advantus Panel Wall Acrylic Frame
OFF-AR-10001955,Office Supplies,Art,Newell 319
OFF-BI-10004140,Office Supplies,Binders,Avery Non-Stick Binders
OFF-LA-10001641,Office Supplies,Labels,Avery 518
OFF-PA-10002195,Office Supplies,Paper,Xerox 1966
OFF-PA-10003797,Office Supplies,Paper,Xerox 209
OFF-ST-10004180,Office Supplies,Storage,Safco Commercial Shelving
TEC-AC-10002926,Technology,Accessories,Logitech Wireless Marathon Mouse M705
OFF-AR-10000127,Office Supplies,Art,Newell 321
OFF-AR-10002952,Office Supplies,Art,Stanley Contemporary Battery Pencil Sharpeners
OFF-AR-10004685,Office Supplies,Art,"Binney & Smith Crayola Metallic Colored Pencils, 8-Color Set"
OFF-AR-10004757,Office Supplies,Art,Crayola Colored Pencils
OFF-BI-10002852,Office Supplies,Binders,Ibico Standard Transparent Covers
OFF-BI-10004209,Office Supplies,Binders,"Fellowes Twister Kit, Gray/Clear, 3/pkg"
OFF-PA-10003349,Office Supplies,Paper,Xerox 1957
OFF-PA-10004071,Office Supplies,Paper,"Eaton Premium Continuous-Feed Paper, 25% Cotton, Letter Size, White, 1000 Shts/Box"
OFF-ST-10000991,Office Supplies,Storage,Space Solutions HD Industrial Steel Shelving.
OFF-ST-10001031,Office Supplies,Storage,Adjustable Personal File Tote
OFF-ST-10003455,Office Supplies,Storage,"Tenex File Box, Personal Filing Tote with Lid, Black"
OFF-SU-10002881,Office Supplies,Supplies,Martin Yale Chadless Opener Electric Letter Opener
TEC-PH-10001615,Technology,Phones,AT&T CL82213
FUR-FU-10000747,Furniture,Furnishings,Tenex B1-RE Series Chair Mats for Low Pile Carpets
FUR-FU-10001918,Furniture,Furnishings,C-Line Cubicle Keepers Polyproplyene Holder With Velcro Backings
FUR-TA-10000688,Furniture,Tables,"Chromcraft Bull-Nose Wood Round Conference Table Top, Wood Base"
FUR-TA-10001039,Furniture,Tables,KI Adjustable-Height Table
OFF-AR-10001725,Office Supplies,Art,Boston Home & Office Model 2000 Electric Pencil Sharpeners
OFF-BI-10002794,Office Supplies,Binders,"Avery Trapezoid Ring Binder, 3"" Capacity, Black, 1040 sheets"
OFF-BI-10003719,Office Supplies,Binders,Large Capacity Hanging Post Binders
OFF-PA-10001977,Office Supplies,Paper,Xerox 194
OFF-PA-10003309,Office Supplies,Paper,Xerox 211
OFF-SU-10004498,Office Supplies,Supplies,Martin-Yale Premier Letter Opener
TEC-AC-10003441,Technology,Accessories,Kingston Digital DataTraveler 32GB USB 2.0
TEC-AC-10004171,Technology,Accessories,Razer Kraken 7.1 Surround Sound Over Ear USB Gaming Headset
TEC-AC-10004659,Technology,Accessories,Imation Secure+ Hardware Encrypted USB 2.0 Flash Drive; 16GB
FUR-FU-10004415,Furniture,Furnishings,"Stacking Tray, Side-Loading, Legal, Smoke"
OFF-PA-10000100,Office Supplies,Paper,Xerox 1945
OFF-PA-10003441,Office Supplies,Paper,Xerox 226
TEC-PH-10003273,Technology,Phones,AT&T TR1909W
TEC-PH-10004922,Technology,Phones,RCA Visys Integrated PBX 8-Line Router
FUR-TA-10001086,Furniture,Tables,"SAFCO PlanMaster Boards, 60w x 37-1/2d, White Melamine"
FUR-TA-10003748,Furniture,Tables,Bevis 36 x 72 Conference Tables
FUR-TA-10004442,Furniture,Tables,Riverside Furniture Stanwyck Manor Table Series
OFF-FA-10000611,Office Supplies,Fasteners,Binder Clips by OIC
OFF-FA-10001883,Office Supplies,Fasteners,"Alliance Super-Size Bands, Assorted Sizes"
OFF-PA-10004733,Office Supplies,Paper,Things To Do Today Spiral Book
TEC-AC-10001908,Technology,Accessories,Logitech Wireless Headset h800
OFF-BI-10004817,Office Supplies,Binders,GBC Personal VeloBind Strips
OFF-FA-10001332,Office Supplies,Fasteners,"Acco Banker's Clasps, 5 3/4""-Long"
OFF-PA-10000029,Office Supplies,Paper,Xerox 224
OFF-ST-10000876,Office Supplies,Storage,Eldon Simplefile Box Office
TEC-AC-10001874,Technology,Accessories,Logitech Wireless Anywhere Mouse MX for PC and Mac
TEC-AC-10002001,Technology,Accessories,Logitech Wireless Gaming Headset G930
TEC-AC-10003399,Technology,Accessories,Memorex Mini Travel Drive 64 GB USB 2.0 Flash Drive
TEC-PH-10000586,Technology,Phones,AT&T SB67148 SynJ
TEC-PH-10001835,Technology,Phones,Jawbone JAMBOX Wireless Bluetooth Speaker
FUR-BO-10001337,Furniture,Bookcases,O'Sullivan Living Dimensions 2-Shelf Bookcases
OFF-AR-10002987,Office Supplies,Art,Prismacolor Color Pencil Set
OFF-BI-10002764,Office Supplies,Binders,Recycled Pressboard Report Cover with Reinforced Top Hinge
OFF-PA-10000289,Office Supplies,Paper,Xerox 213
TEC-PH-10000576,Technology,Phones,AT&T 1080 Corded phone
TEC-PH-10001557,Technology,Phones,Pyle PMP37LED
OFF-AR-10000122,Office Supplies,Art,Newell 314
OFF-BI-10003656,Office Supplies,Binders,Fellowes PB200 Plastic Comb Binding Machine
OFF-FA-10002780,Office Supplies,Fasteners,Staples
OFF-LA-10002368,Office Supplies,Labels,Avery 479
TEC-PH-10000702,Technology,Phones,"Square Credit Card Reader, 4 1/2"" x 4 1/2"" x 1"", White"
FUR-FU-10004091,Furniture,Furnishings,"Howard Miller 13"" Diameter Goldtone Round Wall Clock"
OFF-AP-10000240,Office Supplies,Appliances,Belkin F9G930V10-GRY 9 Outlet Surge
OFF-AR-10003478,Office Supplies,Art,"Avery Hi-Liter EverBold Pen Style Fluorescent Highlighters, 4/Pack"
FUR-CH-10002602,Furniture,Chairs,DMI Arturo Collection Mission-style Design Wood Chair
OFF-AR-10000657,Office Supplies,Art,"Binney & Smith inkTank Desk Highlighter, Chisel Tip, Yellow, 12/Box"
OFF-AR-10001868,Office Supplies,Art,Prang Dustless Chalk Sticks
OFF-AR-10002375,Office Supplies,Art,Newell 351
OFF-EN-10000056,Office Supplies,Envelopes,Cameo Buff Policy Envelopes
OFF-FA-10000134,Office Supplies,Fasteners,"Advantus Push Pins, Aluminum Head"
TEC-AC-10000474,Technology,Accessories,Kensington Expert Mouse Optical USB Trackball for PC or Mac
TEC-MA-10002859,Technology,Machines,Ativa MDM8000 8-Sheet Micro-Cut Shredder
FUR-FU-10004017,Furniture,Furnishings,"Executive Impressions 13"" Chairman Wall Clock"
OFF-BI-10003638,Office Supplies,Binders,GBC Durable Plastic Covers
OFF-PA-10001569,Office Supplies,Paper,Xerox 232
FUR-FU-10000409,Furniture,Furnishings,"GE 4 Foot Flourescent Tube, 40 Watt"
FUR-TA-10001705,Furniture,Tables,Bush Advantage Collection Round Conference Table
FUR-TA-10004442,Furniture,Tables,Riverside Furniture Stanwyck Manor Table Series
OFF-ST-10004634,Office Supplies,Storage,"Personal Folder Holder, Ebony"
OFF-BI-10002976,Office Supplies,Binders,ACCOHIDE Binder by Acco
OFF-ST-10002574,Office Supplies,Storage,"SAFCO Commercial Wire Shelving, Black"
OFF-BI-10004970,Office Supplies,Binders,"ACCOHIDE 3-Ring Binder, Blue, 1"""
OFF-EN-10004773,Office Supplies,Envelopes,Staple envelope
FUR-CH-10002965,Furniture,Chairs,"Global Leather Highback Executive Chair with Pneumatic Height Adjustment, Black"
FUR-CH-10002965,Furniture,Chairs,"Global Leather Highback Executive Chair with Pneumatic Height Adjustment, Black"
FUR-FU-10002191,Furniture,Furnishings,G.E. Halogen Desk Lamp Bulbs
OFF-BI-10000145,Office Supplies,Binders,Zipper Ring Binder Pockets
OFF-BI-10004876,Office Supplies,Binders,Wilson Jones Suede Grain Vinyl Binders
OFF-PA-10001878,Office Supplies,Paper,Xerox 1891
FUR-CH-10003973,Furniture,Chairs,GuestStacker Chair with Chrome Finish Legs
FUR-FU-10003708,Furniture,Furnishings,"Tenex Traditional Chairmats for Medium Pile Carpet, Standard Lip, 36"" x 48"""
OFF-AP-10001391,Office Supplies,Appliances,Kensington 6 Outlet MasterPiece HOMEOFFICE Power Control Center
OFF-AR-10002221,Office Supplies,Art,12 Colored Short Pencils
OFF-PA-10003543,Office Supplies,Paper,Xerox 1985
TEC-PH-10004531,Technology,Phones,AT&T CL2909
FUR-CH-10004886,Furniture,Chairs,Bevis Steel Folding Chairs
OFF-AR-10003504,Office Supplies,Art,Newell 347
OFF-BI-10001525,Office Supplies,Binders,"Acco Pressboard Covers with Storage Hooks, 14 7/8"" x 11"", Executive Red"
OFF-LA-10000305,Office Supplies,Labels,Avery 495
OFF-AR-10004752,Office Supplies,Art,Blackstonian Pencils
OFF-BI-10001628,Office Supplies,Binders,"Acco Data Flex Cable Posts For Top & Bottom Load Binders, 6"" Capacity"
OFF-LA-10000452,Office Supplies,Labels,Avery 488
OFF-LA-10001613,Office Supplies,Labels,Avery File Folder Labels
OFF-ST-10000877,Office Supplies,Storage,Recycled Steel Personal File for Standard File Folders
OFF-ST-10001128,Office Supplies,Storage,"Carina Mini System Audio Rack, Model AR050B"
OFF-ST-10002214,Office Supplies,Storage,X-Rack File for Hanging Folders
TEC-AC-10000736,Technology,Accessories,Logitech G600 MMO Gaming Mouse
TEC-PH-10001459,Technology,Phones,Samsung Galaxy Mega 6.3
FUR-CH-10001394,Furniture,Chairs,Global Leather Executive Chair
FUR-CH-10002304,Furniture,Chairs,"Global Stack Chair without Arms, Black"
FUR-FU-10001424,Furniture,Furnishings,Dax Clear Box Frame
OFF-BI-10000136,Office Supplies,Binders,Avery Non-Stick Heavy Duty View Round Locking Ring Binders
OFF-ST-10000798,Office Supplies,Storage,2300 Heavy-Duty Transfer File Systems by Perma
TEC-PH-10000376,Technology,Phones,Square Credit Card Reader
OFF-AR-10004010,Office Supplies,Art,Hunt Boston Vacuum Mount KS Pencil Sharpener
OFF-ST-10000585,Office Supplies,Storage,Economy Rollaway Files
TEC-AC-10002550,Technology,Accessories,Maxell 4.7GB DVD-RW 3/Pack
OFF-AP-10003971,Office Supplies,Appliances,Belkin 6 Outlet Metallic Surge Strip
TEC-CO-10004202,Technology,Copiers,Brother DCP1000 Digital 3 in 1 Multifunction Machine
OFF-BI-10003981,Office Supplies,Binders,"Avery Durable Plastic 1"" Binders"
OFF-BI-10004828,Office Supplies,Binders,GBC Poly Designer Binding Covers
OFF-LA-10002195,Office Supplies,Labels,Avery 481
FUR-FU-10001473,Furniture,Furnishings,DAX Wood Document Frame
FUR-FU-10001852,Furniture,Furnishings,"Eldon Regeneration Recycled Desk Accessories, Smoke"
OFF-AP-10000696,Office Supplies,Appliances,Holmes Odor Grabber
OFF-AR-10001725,Office Supplies,Art,Boston Home & Office Model 2000 Electric Pencil Sharpeners
OFF-BI-10001294,Office Supplies,Binders,Fellowes Binding Cases
OFF-FA-10000840,Office Supplies,Fasteners,OIC Thumb-Tacks
FUR-CH-10001146,Furniture,Chairs,"Global Value Mid-Back Manager's Chair, Gray"
OFF-AR-10003651,Office Supplies,Art,Newell 350
OFF-BI-10004364,Office Supplies,Binders,Storex Dura Pro Binders
OFF-PA-10000474,Office Supplies,Paper,Easy-staple paper
OFF-PA-10001363,Office Supplies,Paper,Xerox 1933
OFF-PA-10003016,Office Supplies,Paper,"Adams ""While You Were Out"" Message Pads"
OFF-ST-10003442,Office Supplies,Storage,Eldon Portable Mobile Manager
OFF-AR-10001897,Office Supplies,Art,Model L Table or Wall-Mount Pencil Sharpener
OFF-BI-10003684,Office Supplies,Binders,Wilson Jones Legal Size Ring Binders
OFF-LA-10004425,Office Supplies,Labels,Staple-on labels
FUR-CH-10004675,Furniture,Chairs,"Lifetime Advantage Folding Chairs, 4/Carton"
FUR-TA-10003469,Furniture,Tables,Balt Split Level Computer Training Table
OFF-AR-10002578,Office Supplies,Art,Newell 335
OFF-BI-10001078,Office Supplies,Binders,"Acco PRESSTEX Data Binder with Storage Hooks, Dark Blue, 14 7/8"" X 11"""
FUR-CH-10004675,Furniture,Chairs,"Lifetime Advantage Folding Chairs, 4/Carton"
FUR-TA-10003469,Furniture,Tables,Balt Split Level Computer Training Table
OFF-AR-10002578,Office Supplies,Art,Newell 335
OFF-BI-10001078,Office Supplies,Binders,"Acco PRESSTEX Data Binder with Storage Hooks, Dark Blue, 14 7/8"" X 11"""
TEC-CO-10001449,Technology,Copiers,Hewlett Packard LaserJet 3310 Copier
OFF-LA-10001641,Office Supplies,Labels,Avery 518
OFF-LA-10003121,Office Supplies,Labels,Avery 506
OFF-PA-10002689,Office Supplies,Paper,Weyerhaeuser First Choice Laser/Copy Paper (20Lb. and 88 Bright)
OFF-ST-10000107,Office Supplies,Storage,Fellowes Super Stor/Drawer
TEC-AC-10000109,Technology,Accessories,Sony Micro Vault Click 16 GB USB 2.0 Flash Drive
TEC-AC-10003441,Technology,Accessories,Kingston Digital DataTraveler 32GB USB 2.0
FUR-BO-10004467,Furniture,Bookcases,Bestar Classic Bookcase
FUR-CH-10002320,Furniture,Chairs,Hon Pagoda Stacking Chairs
OFF-AR-10000716,Office Supplies,Art,DIXON Ticonderoga Erasable Checking Pencils
OFF-EN-10001434,Office Supplies,Envelopes,"Strathmore #10 Envelopes, Ultimate White"
OFF-PA-10004353,Office Supplies,Paper,Southworth 25% Cotton Premium Laser Paper and Envelopes
OFF-SU-10004737,Office Supplies,Supplies,Acme Design Stainless Steel Bent Scissors
TEC-PH-10001817,Technology,Phones,Wilson Electronics DB Pro Signal Booster
TEC-PH-10003988,Technology,Phones,"LF Elite 3D Dazzle Designer Hard Case Cover, Lf Stylus Pen and Wiper For Apple Iphone 5c Mini Lite"
FUR-CH-10000015,Furniture,Chairs,Hon Multipurpose Stacking Arm Chairs
FUR-FU-10000723,Furniture,Furnishings,"Deflect-o EconoMat Studded, No Bevel Mat for Low Pile Carpeting"
OFF-AP-10004249,Office Supplies,Appliances,Staple holder
OFF-BI-10002026,Office Supplies,Binders,Avery Arch Ring Binders
OFF-PA-10003036,Office Supplies,Paper,"Black Print Carbonless 8 1/2"" x 8 1/4"" Rapid Memo Book"
TEC-AC-10001013,Technology,Accessories,Logitech ClearChat Comfort/USB Headset H390
TEC-AC-10001465,Technology,Accessories,SanDisk Cruzer 64 GB USB Flash Drive
TEC-PH-10002597,Technology,Phones,Xblue XB-1670-86 X16 Small Office Telephone - Titanium
FUR-FU-10000010,Furniture,Furnishings,"DAX Value U-Channel Document Frames, Easel Back"
FUR-TA-10002228,Furniture,Tables,"Bevis Traditional Conference Table Top, Plinth Base"
FUR-CH-10002439,Furniture,Chairs,"Iceberg Nesting Folding Chair, 19w x 6d x 43h"
OFF-BI-10004519,Office Supplies,Binders,GBC DocuBind P100 Manual Binding Machine
OFF-FA-10002815,Office Supplies,Fasteners,Staples
OFF-PA-10003063,Office Supplies,Paper,EcoTones Memo Sheets
OFF-ST-10000107,Office Supplies,Storage,Fellowes Super Stor/Drawer
TEC-AC-10002800,Technology,Accessories,Plantronics Audio 478 Stereo USB Headset
FUR-FU-10004306,Furniture,Furnishings,Electrix Halogen Magnifier Lamp
FUR-CH-10002439,Furniture,Chairs,"Iceberg Nesting Folding Chair, 19w x 6d x 43h"
TEC-AC-10002217,Technology,Accessories,Imation Clip USB flash drive - 8 GB
OFF-BI-10000666,Office Supplies,Binders,Surelock Post Binders
FUR-FU-10000308,Furniture,Furnishings,Deflect-o Glass Clear Studded Chair Mats
OFF-PA-10001526,Office Supplies,Paper,Xerox 1949
OFF-PA-10001526,Office Supplies,Paper,Xerox 1949
TEC-PH-10002885,Technology,Phones,Apple iPhone 5
OFF-BI-10001249,Office Supplies,Binders,Avery Heavy-Duty EZD View Binder with Locking Rings
OFF-SU-10004737,Office Supplies,Supplies,Acme Design Stainless Steel Bent Scissors
FUR-FU-10000076,Furniture,Furnishings,24-Hour Round Wall Clock
FUR-FU-10003489,Furniture,Furnishings,Contemporary Borderless Frame
OFF-AP-10000124,Office Supplies,Appliances,Acco 6 Outlet Guardian Basic Surge Suppressor
OFF-AR-10004511,Office Supplies,Art,"Sanford Colorific Scented Colored Pencils, 12/Pack"
OFF-PA-10000289,Office Supplies,Paper,Xerox 213
OFF-ST-10000636,Office Supplies,Storage,Rogers Profile Extra Capacity Storage Tub
TEC-AC-10004227,Technology,Accessories,SanDisk Ultra 16 GB MicroSDHC Class 10 Memory Card
FUR-CH-10000225,Furniture,Chairs,"Global Geo Office Task Chair, Gray"
FUR-FU-10002191,Furniture,Furnishings,G.E. Halogen Desk Lamp Bulbs
TEC-MA-10003176,Technology,Machines,Okidata B400 Printer
FUR-CH-10003396,Furniture,Chairs,Global Deluxe Steno Chair
OFF-AP-10001293,Office Supplies,Appliances,Belkin 8 Outlet Surge Protector
OFF-AR-10003514,Office Supplies,Art,4009 Highlighters by Sanford
OFF-BI-10000977,Office Supplies,Binders,Ibico Plastic Spiral Binding Combs
OFF-BI-10001071,Office Supplies,Binders,GBC ProClick Punch Binding System
OFF-BI-10003925,Office Supplies,Binders,Fellowes PB300 Plastic Comb Binding Machine
OFF-EN-10003134,Office Supplies,Envelopes,Staple envelope
OFF-PA-10001560,Office Supplies,Paper,"Adams Telephone Message Books, 5 1/4” x 11”"
OFF-PA-10003022,Office Supplies,Paper,Xerox 1992
TEC-PH-10001530,Technology,Phones,Plantronics Voyager Pro Legend
OFF-AP-10001293,Office Supplies,Appliances,Belkin 8 Outlet Surge Protector
OFF-BI-10001071,Office Supplies,Binders,GBC ProClick Punch Binding System
OFF-PA-10003022,Office Supplies,Paper,Xerox 1992
TEC-PH-10002660,Technology,Phones,Nortel Networks T7316 E Nt8 B27
TEC-PH-10003171,Technology,Phones,Plantronics Encore H101 Dual Earpieces Headset
OFF-AP-10002118,Office Supplies,Appliances,"1.7 Cubic Foot Compact ""Cube"" Office Refrigerators"
OFF-AR-10001246,Office Supplies,Art,Newell 317
OFF-BI-10000829,Office Supplies,Binders,Avery Non-Stick Binders
OFF-BI-10000848,Office Supplies,Binders,Angle-D Ring Binders
OFF-PA-10003177,Office Supplies,Paper,Xerox 1999
OFF-SU-10003002,Office Supplies,Supplies,Letter Slitter
TEC-PH-10003092,Technology,Phones,Motorola L804
OFF-PA-10002319,Office Supplies,Paper,Xerox 1944
FUR-FU-10002553,Furniture,Furnishings,"Electrix Incandescent Magnifying Lamp, Black"
OFF-AP-10001394,Office Supplies,Appliances,Harmony Air Purifier
OFF-PA-10001471,Office Supplies,Paper,Strathmore Photo Frame Cards
FUR-BO-10000362,Furniture,Bookcases,Sauder Inglewood Library Bookcases
FUR-CH-10000988,Furniture,Chairs,Hon Olson Stacker Stools
FUR-CH-10003981,Furniture,Chairs,Global Commerce Series Low-Back Swivel/Tilt Chairs
OFF-AR-10000716,Office Supplies,Art,DIXON Ticonderoga Erasable Checking Pencils
OFF-PA-10002893,Office Supplies,Paper,"Wirebound Service Call Books, 5 1/2"" x 4"""
OFF-ST-10001837,Office Supplies,Storage,"SAFCO Mobile Desk Side File, Wire Frame"
TEC-PH-10000441,Technology,Phones,VTech DS6151
TEC-PH-10002726,Technology,Phones,netTALK DUO VoIP Telephone Service
FUR-TA-10002607,Furniture,Tables,KI Conference Tables
OFF-BI-10004139,Office Supplies,Binders,Fellowes Presentation Covers for Comb Binding Machines
OFF-ST-10001809,Office Supplies,Storage,Fellowes Officeware Wire Shelving
TEC-AC-10001606,Technology,Accessories,Logitech Wireless Performance Mouse MX for PC and Mac
TEC-PH-10000486,Technology,Phones,Plantronics HL10 Handset Lifter
OFF-BI-10003876,Office Supplies,Binders,"Green Canvas Binder for 8-1/2"" x 14"" Sheets"
TEC-AC-10004877,Technology,Accessories,Imation 30456 USB Flash Drive 8GB
TEC-PH-10001552,Technology,Phones,I Need's 3d Hello Kitty Hybrid Silicone Case Cover for HTC One X 4g with 3d Hello Kitty Stylus Pen Green/pink
FUR-TA-10001539,Furniture,Tables,Chromcraft Rectangular Conference Tables
OFF-AP-10001005,Office Supplies,Appliances,Honeywell Quietcare HEPA Air Cleaner
OFF-BI-10003684,Office Supplies,Binders,Wilson Jones Legal Size Ring Binders
OFF-BI-10004233,Office Supplies,Binders,"GBC Pre-Punched Binding Paper, Plastic, White, 8-1/2"" x 11"""
OFF-PA-10001622,Office Supplies,Paper,"Ampad Poly Cover Wirebound Steno Book, 6"" x 9"" Assorted Colors, Gregg Ruled"
OFF-PA-10001712,Office Supplies,Paper,Xerox 1948
TEC-CO-10004202,Technology,Copiers,Brother DCP1000 Digital 3 in 1 Multifunction Machine
TEC-PH-10003505,Technology,Phones,Geemarc AmpliPOWER60
TEC-PH-10002538,Technology,Phones,Grandstream GXP1160 VoIP phone
TEC-PH-10002680,Technology,Phones,Samsung Galaxy Note 3
FUR-CH-10004063,Furniture,Chairs,Global Deluxe High-Back Manager's Chair
FUR-FU-10001935,Furniture,Furnishings,3M Hangers With Command Adhesive
OFF-AP-10002945,Office Supplies,Appliances,Honeywell Enviracaire Portable HEPA Air Cleaner for 17' x 22' Room
OFF-AP-10004859,Office Supplies,Appliances,Acco 6 Outlet Guardian Premium Surge Suppressor
OFF-AR-10002135,Office Supplies,Art,Boston Heavy-Duty Trimline Electric Pencil Sharpeners
OFF-BI-10001072,Office Supplies,Binders,"GBC Clear Cover, 8-1/2 x 11, unpunched, 25 covers per pack"
OFF-BI-10001765,Office Supplies,Binders,Wilson Jones Heavy-Duty Casebound Ring Binders with Metal Hinges
OFF-PA-10000061,Office Supplies,Paper,Xerox 205
OFF-PA-10004082,Office Supplies,Paper,"Adams Telephone Message Book w/Frequently-Called Numbers Space, 400 Messages per Book"
OFF-ST-10002276,Office Supplies,Storage,Safco Steel Mobile File Cart
TEC-PH-10002563,Technology,Phones,Adtran 1202752G1
FUR-FU-10000246,Furniture,Furnishings,Aluminum Document Frame
OFF-AR-10004511,Office Supplies,Art,"Sanford Colorific Scented Colored Pencils, 12/Pack"
OFF-BI-10001658,Office Supplies,Binders,GBC Standard Therm-A-Bind Covers
OFF-ST-10001490,Office Supplies,Storage,"Hot File 7-Pocket, Floor Stand"
TEC-PH-10001425,Technology,Phones,Mophie Juice Pack Helium for iPhone
FUR-FU-10001475,Furniture,Furnishings,"Contract Clock, 14"", Brown"
FUR-TA-10004086,Furniture,Tables,KI Adjustable-Height Table
OFF-EN-10004459,Office Supplies,Envelopes,Security-Tint Envelopes
OFF-LA-10001771,Office Supplies,Labels,Avery 513
OFF-ST-10000877,Office Supplies,Storage,Recycled Steel Personal File for Standard File Folders
FUR-BO-10003272,Furniture,Bookcases,O'Sullivan Living Dimensions 5-Shelf Bookcases
FUR-FU-10002191,Furniture,Furnishings,G.E. Halogen Desk Lamp Bulbs
FUR-FU-10002878,Furniture,Furnishings,"Seth Thomas 14"" Day/Date Wall Clock"
OFF-AP-10001626,Office Supplies,Appliances,"Commercial WindTunnel Clean Air Upright Vacuum, Replacement Belts, Filtration Bags"
OFF-PA-10001685,Office Supplies,Paper,Easy-staple paper
FUR-TA-10003238,Furniture,Tables,"Chromcraft Bull-Nose Wood 48"" x 96"" Rectangular Conference Tables"
OFF-AR-10002656,Office Supplies,Art,Sanford Liquid Accent Highlighters
OFF-BI-10002557,Office Supplies,Binders,Presstex Flexible Ring Binders
OFF-BI-10002794,Office Supplies,Binders,"Avery Trapezoid Ring Binder, 3"" Capacity, Black, 1040 sheets"
OFF-BI-10003982,Office Supplies,Binders,Wilson Jones Century Plastic Molded Ring Binders
OFF-EN-10000461,Office Supplies,Envelopes,"#10- 4 1/8"" x 9 1/2"" Recycled Envelopes"
OFF-LA-10001074,Office Supplies,Labels,Round Specialty Laser Printer Labels
OFF-PA-10002319,Office Supplies,Paper,Xerox 1944
OFF-SU-10001664,Office Supplies,Supplies,Acme Office Executive Series Stainless Steel Trimmers
FUR-TA-10002041,Furniture,Tables,"Bevis Round Conference Table Top, X-Base"
OFF-BI-10003982,Office Supplies,Binders,Wilson Jones Century Plastic Molded Ring Binders
FUR-CH-10002647,Furniture,Chairs,"Situations Contoured Folding Chairs, 4/Set"
FUR-CH-10002758,Furniture,Chairs,"Hon Deluxe Fabric Upholstered Stacking Chairs, Squared Back"
OFF-BI-10003876,Office Supplies,Binders,"Green Canvas Binder for 8-1/2"" x 14"" Sheets"
OFF-ST-10003470,Office Supplies,Storage,"Tennsco Snap-Together Open Shelving Units, Starter Sets and Add-On Units"
FUR-FU-10001487,Furniture,Furnishings,"Eldon Expressions Wood and Plastic Desk Accessories, Cherry Wood"
FUR-FU-10002685,Furniture,Furnishings,"Executive Impressions 13-1/2"" Indoor/Outdoor Wall Clock"
FUR-TA-10001539,Furniture,Tables,Chromcraft Rectangular Conference Tables
FUR-TA-10004534,Furniture,Tables,Bevis 44 x 96 Conference Tables
OFF-AP-10002892,Office Supplies,Appliances,Belkin F5C206VTEL 6 Outlet Surge
OFF-AR-10001953,Office Supplies,Art,Boston 1645 Deluxe Heavier-Duty Electric Pencil Sharpener
OFF-AR-10002335,Office Supplies,Art,DIXON Oriole Pencils
OFF-AR-10002833,Office Supplies,Art,Newell 322
OFF-AR-10003752,Office Supplies,Art,Deluxe Chalkboard Eraser Cleaner
OFF-BI-10003910,Office Supplies,Binders,DXL Angle-View Binders with Locking Rings by Samsill
OFF-PA-10003641,Office Supplies,Paper,Xerox 1909
OFF-SU-10001225,Office Supplies,Supplies,Staple remover
TEC-AC-10000303,Technology,Accessories,Logitech M510 Wireless Mouse
TEC-PH-10000376,Technology,Phones,Square Credit Card Reader
TEC-PH-10002033,Technology,Phones,Konftel 250 Conference phone - Charcoal black
TEC-PH-10002275,Technology,Phones,Mitel 5320 IP Phone VoIP phone
OFF-LA-10003930,Office Supplies,Labels,"Dot Matrix Printer Tape Reel Labels, White, 5000/Box"
OFF-AR-10003631,Office Supplies,Art,Staples in misc. colors
FUR-BO-10000711,Furniture,Bookcases,"Hon Metal Bookcases, Gray"
FUR-CH-10003379,Furniture,Chairs,Global Commerce Series High-Back Swivel/Tilt Chairs
FUR-TA-10001520,Furniture,Tables,"Lesro Sheffield Collection Coffee Table, End Table, Center Table, Corner Table"
OFF-BI-10002706,Office Supplies,Binders,Avery Premier Heavy-Duty Binder with Round Locking Rings
OFF-PA-10001952,Office Supplies,Paper,Xerox 1902
FUR-CH-10000225,Furniture,Chairs,"Global Geo Office Task Chair, Gray"
OFF-AR-10003772,Office Supplies,Art,Boston 16750 Black Compact Battery Pencil Sharpener
OFF-BI-10002852,Office Supplies,Binders,Ibico Standard Transparent Covers
OFF-EN-10003286,Office Supplies,Envelopes,Staple envelope
FUR-FU-10003981,Furniture,Furnishings,Eldon Wave Desk Accessories
OFF-BI-10004995,Office Supplies,Binders,GBC DocuBind P400 Electric Binding System
OFF-FA-10000624,Office Supplies,Fasteners,OIC Binder Clips
OFF-PA-10001725,Office Supplies,Paper,Xerox 1892
TEC-MA-10000423,Technology,Machines,Texas Instruments TI-34 Scientific Calculator
TEC-PH-10000215,Technology,Phones,Plantronics Cordless Phone Headset with In-line Volume - M214C
OFF-PA-10000167,Office Supplies,Paper,Xerox 1925
FUR-BO-10001608,Furniture,Bookcases,"Hon Metal Bookcases, Black"
OFF-AP-10001005,Office Supplies,Appliances,Honeywell Quietcare HEPA Air Cleaner
OFF-AR-10003469,Office Supplies,Art,Nontoxic Chalk
OFF-BI-10000756,Office Supplies,Binders,Storex DuraTech Recycled Plastic Frosted Binders
OFF-PA-10000587,Office Supplies,Paper,"Array Parchment Paper, Assorted Colors"
OFF-PA-10001166,Office Supplies,Paper,Xerox 2
OFF-ST-10004123,Office Supplies,Storage,Safco Industrial Wire Shelving System
TEC-MA-10001972,Technology,Machines,Okidata C331dn Printer
TEC-PH-10000369,Technology,Phones,HTC One Mini
FUR-FU-10000550,Furniture,Furnishings,Stacking Trays by OIC
FUR-FU-10004071,Furniture,Furnishings,Luxo Professional Magnifying Clamp-On Fluorescent Lamps
OFF-AP-10001303,Office Supplies,Appliances,"Holmes Cool Mist Humidifier for the Whole House with 8-Gallon Output per Day, Extended Life Filter"
OFF-AP-10003860,Office Supplies,Appliances,Fellowes Advanced 8 Outlet Surge Suppressor with Phone/Fax Protection
OFF-AR-10001919,Office Supplies,Art,"OIC #2 Pencils, Medium Soft"
OFF-AR-10003056,Office Supplies,Art,Newell 341
OFF-BI-10000069,Office Supplies,Binders,"GBC Prepunched Paper, 19-Hole, for Binding Systems, 24-lb"
OFF-BI-10001116,Office Supplies,Binders,"Wilson Jones 1"" Hanging DublLock Ring Binders"
OFF-BI-10002931,Office Supplies,Binders,"Avery Trapezoid Extra Heavy Duty 4"" Binders"
OFF-EN-10001539,Office Supplies,Envelopes,Staple envelope
OFF-PA-10003883,Office Supplies,Paper,"Message Book, Phone, Wirebound Standard Line Memo, 2 3/4"" X 5"""
OFF-ST-10002444,Office Supplies,Storage,Recycled Eldon Regeneration Jumbo File
TEC-AC-10003628,Technology,Accessories,Logitech 910-002974 M325 Wireless Mouse for Web Scrolling
TEC-MA-10004521,Technology,Machines,Epson Perfection V600 Photo Scanner
TEC-PH-10001578,Technology,Phones,Polycom SoundStation2 EX Conference phone
TEC-PH-10002033,Technology,Phones,Konftel 250 Conference phone - Charcoal black
TEC-PH-10003963,Technology,Phones,GE 2-Jack Phone Line Splitter
TEC-PH-10004539,Technology,Phones,Wireless Extenders zBoost YX545 SOHO Signal Booster
FUR-CH-10000454,Furniture,Chairs,"Hon Deluxe Fabric Upholstered Stacking Chairs, Rounded Back"
FUR-CH-10004698,Furniture,Chairs,"Padded Folding Chairs, Black, 4/Carton"
OFF-BI-10001553,Office Supplies,Binders,SpineVue Locking Slant-D Ring Binders by Cardinal
OFF-ST-10001097,Office Supplies,Storage,Office Impressions Heavy Duty Welded Shelving & Multimedia Storage Drawers
OFF-ST-10001469,Office Supplies,Storage,Fellowes Bankers Box Recycled Super Stor/Drawer
TEC-AC-10004114,Technology,Accessories,KeyTronic 6101 Series - Keyboard - Black
TEC-PH-10004093,Technology,Phones,Panasonic Kx-TS550
OFF-AR-10002766,Office Supplies,Art,Prang Drawing Pencil Set
OFF-SU-10002522,Office Supplies,Supplies,Acme Kleen Earth Office Shears
TEC-AC-10000158,Technology,Accessories,Sony 64GB Class 10 Micro SDHC R40 Memory Card
FUR-FU-10001731,Furniture,Furnishings,Acrylic Self-Standing Desk Frames
FUR-TA-10004147,Furniture,Tables,Hon 4060 Series Tables
OFF-AR-10000475,Office Supplies,Art,"Hunt BOSTON Vista Battery-Operated Pencil Sharpener, Black"
OFF-AR-10003478,Office Supplies,Art,"Avery Hi-Liter EverBold Pen Style Fluorescent Highlighters, 4/Pack"
TEC-PH-10002115,Technology,Phones,Plantronics 81402
FUR-TA-10001039,Furniture,Tables,KI Adjustable-Height Table
OFF-ST-10004337,Office Supplies,Storage,"SAFCO Commercial Wire Shelving, 72h"
TEC-AC-10000109,Technology,Accessories,Sony Micro Vault Click 16 GB USB 2.0 Flash Drive
FUR-CH-10001394,Furniture,Chairs,Global Leather Executive Chair
OFF-BI-10003094,Office Supplies,Binders,Self-Adhesive Ring Binder Labels
OFF-BI-10004230,Office Supplies,Binders,GBC Recycled Grain Textured Covers
OFF-FA-10003495,Office Supplies,Fasteners,Staples
OFF-PA-10000304,Office Supplies,Paper,Xerox 1995
OFF-PA-10003395,Office Supplies,Paper,Xerox 1941
OFF-AR-10003405,Office Supplies,Art,"Dixon My First Ticonderoga Pencil, #2"
OFF-BI-10000174,Office Supplies,Binders,"Wilson Jones Clip & Carry Folder Binder Tool for Ring Binders, Clear"
OFF-AR-10001026,Office Supplies,Art,"Sanford Uni-Blazer View Highlighters, Chisel Tip, Yellow"
OFF-AR-10001374,Office Supplies,Art,"BIC Brite Liner Highlighters, Chisel Tip"
OFF-AR-10004582,Office Supplies,Art,BIC Brite Liner Grip Highlighters
OFF-BI-10002867,Office Supplies,Binders,GBC Recycled Regency Composition Covers
OFF-BI-10004528,Office Supplies,Binders,Cardinal Poly Pocket Divider Pockets for Ring Binders
OFF-FA-10002815,Office Supplies,Fasteners,Staples
OFF-PA-10001144,Office Supplies,Paper,Xerox 1913
OFF-PA-10002005,Office Supplies,Paper,Xerox 225
OFF-BI-10000546,Office Supplies,Binders,Avery Durable Binders
OFF-BI-10003355,Office Supplies,Binders,Cardinal Holdit Business Card Pockets
TEC-PH-10004586,Technology,Phones,Wilson SignalBoost 841262 DB PRO Amplifier Kit
OFF-AR-10000716,Office Supplies,Art,DIXON Ticonderoga Erasable Checking Pencils
TEC-PH-10002923,Technology,Phones,"Logitech B530 USB Headset - headset - Full size, Binaural"
OFF-AP-10000692,Office Supplies,Appliances,Fellowes Mighty 8 Compact Surge Protector
OFF-BI-10000145,Office Supplies,Binders,Zipper Ring Binder Pockets
OFF-PA-10001977,Office Supplies,Paper,Xerox 194
OFF-PA-10004734,Office Supplies,Paper,Southworth Structures Collection
FUR-FU-10001591,Furniture,Furnishings,Advantus Panel Wall Certificate Holder - 8.5x11
FUR-FU-10003192,Furniture,Furnishings,Luxo Adjustable Task Clamp Lamp
OFF-AR-10002833,Office Supplies,Art,Newell 322
OFF-BI-10001670,Office Supplies,Binders,Vinyl Sectional Post Binders
OFF-BI-10001787,Office Supplies,Binders,Wilson Jones Four-Pocket Poly Binders
OFF-LA-10001934,Office Supplies,Labels,Avery 516
OFF-PA-10000304,Office Supplies,Paper,Xerox 1995
OFF-ST-10000563,Office Supplies,Storage,Fellowes Bankers Box Stor/Drawer Steel Plus
OFF-ST-10001522,Office Supplies,Storage,"Gould Plastics 18-Pocket Panel Bin, 34w x 5-1/4d x 20-1/2h"
TEC-AC-10003911,Technology,Accessories,NETGEAR AC1750 Dual Band Gigabit Smart WiFi Router
FUR-CH-10000155,Furniture,Chairs,Global Comet Stacking Armless Chair
TEC-CO-10001046,Technology,Copiers,Canon Imageclass D680 Copier / Fax
FUR-CH-10002880,Furniture,Chairs,"Global High-Back Leather Tilter, Burgundy"
FUR-FU-10003039,Furniture,Furnishings,"Howard Miller 11-1/2"" Diameter Grantwood Wall Clock"
FUR-CH-10002647,Furniture,Chairs,"Situations Contoured Folding Chairs, 4/Set"
FUR-TA-10003715,Furniture,Tables,Hon 2111 Invitation Series Corner Table
OFF-BI-10001597,Office Supplies,Binders,"Wilson Jones Ledger-Size, Piano-Hinge Binder, 2"", Blue"
FUR-BO-10004218,Furniture,Bookcases,"Bush Heritage Pine Collection 5-Shelf Bookcase, Albany Pine Finish, *Special Order"
OFF-AR-10003251,Office Supplies,Art,Prang Drawing Pencil Set
OFF-BI-10002609,Office Supplies,Binders,Avery Hidden Tab Dividers for Binding Systems
OFF-BI-10003291,Office Supplies,Binders,Wilson Jones Leather-Like Binders with DublLock Round Rings
OFF-LA-10004559,Office Supplies,Labels,Avery 49
OFF-PA-10002245,Office Supplies,Paper,Xerox 1895
OFF-PA-10002365,Office Supplies,Paper,Xerox 1967
OFF-PA-10003072,Office Supplies,Paper,"Eureka Recycled Copy Paper 8 1/2"" x 11"", Ream"
OFF-ST-10001505,Office Supplies,Storage,"Perma STOR-ALL Hanging File Box, 13 1/8""W x 12 1/4""D x 10 1/2""H"
FUR-CH-10003379,Furniture,Chairs,Global Commerce Series High-Back Swivel/Tilt Chairs
FUR-FU-10000629,Furniture,Furnishings,9-3/4 Diameter Round Wall Clock
OFF-BI-10002954,Office Supplies,Binders,Newell 3-Hole Punched Plastic Slotted Magazine Holders for Binders
OFF-LA-10001175,Office Supplies,Labels,Avery 514
OFF-PA-10000474,Office Supplies,Paper,Easy-staple paper
OFF-PA-10000552,Office Supplies,Paper,Xerox 200
OFF-PA-10001970,Office Supplies,Paper,Xerox 1881
TEC-PH-10000895,Technology,Phones,Polycom VVX 310 VoIP phone
TEC-PH-10003885,Technology,Phones,Cisco SPA508G
TEC-PH-10004912,Technology,Phones,Cisco SPA112 2 Port Phone Adapter
FUR-CH-10001797,Furniture,Chairs,"Safco Chair Connectors, 6/Carton"
FUR-CH-10002126,Furniture,Chairs,Hon Deluxe Fabric Upholstered Stacking Chairs
FUR-TA-10004575,Furniture,Tables,Hon 5100 Series Wood Tables
OFF-AR-10003158,Office Supplies,Art,Fluorescent Highlighters by Dixon
OFF-BI-10003094,Office Supplies,Binders,Self-Adhesive Ring Binder Labels
OFF-BI-10003314,Office Supplies,Binders,Tuff Stuff Recycled Round Ring Binders
OFF-FA-10001561,Office Supplies,Fasteners,Stockwell Push Pins
OFF-PA-10001526,Office Supplies,Paper,Xerox 1949
OFF-PA-10001804,Office Supplies,Paper,Xerox 195
OFF-ST-10000107,Office Supplies,Storage,Fellowes Super Stor/Drawer
TEC-AC-10002857,Technology,Accessories,"Verbatim 25 GB 6x Blu-ray Single Layer Recordable Disc, 1/Pack"
TEC-PH-10000439,Technology,Phones,GE DSL Phone Line Filter
FUR-TA-10002855,Furniture,Tables,Bevis Round Conference Table Top & Single Column Base
FUR-FU-10001057,Furniture,Furnishings,Tensor Track Tree Floor Lamp
OFF-AP-10000576,Office Supplies,Appliances,Belkin 7 Outlet SurgeMaster II
OFF-AR-10001044,Office Supplies,Art,"BOSTON Ranger #55 Pencil Sharpener, Black"
OFF-AR-10004999,Office Supplies,Art,Newell 315
OFF-BI-10001098,Office Supplies,Binders,Acco D-Ring Binder w/DublLock
OFF-ST-10000760,Office Supplies,Storage,Eldon Fold 'N Roll Cart System
TEC-PH-10001552,Technology,Phones,I Need's 3d Hello Kitty Hybrid Silicone Case Cover for HTC One X 4g with 3d Hello Kitty Stylus Pen Green/pink
TEC-PH-10002070,Technology,Phones,Griffin GC36547 PowerJolt SE Lightning Charger
TEC-PH-10002583,Technology,Phones,iOttie HLCRIO102 Car Mount
OFF-FA-10000304,Office Supplies,Fasteners,Advantus Push Pins
TEC-AC-10003709,Technology,Accessories,Maxell 4.7GB DVD-R 5/Pack
FUR-CH-10002372,Furniture,Chairs,Office Star - Ergonomically Designed Knee Chair
OFF-BI-10002103,Office Supplies,Binders,"Cardinal Slant-D Ring Binder, Heavy Gauge Vinyl"
FUR-TA-10004152,Furniture,Tables,"Barricks 18"" x 48"" Non-Folding Utility Table with Bottom Storage Shelf"
OFF-BI-10001759,Office Supplies,Binders,"Acco Pressboard Covers with Storage Hooks, 14 7/8"" x 11"", Dark Blue"
OFF-BI-10002160,Office Supplies,Binders,Acco Hanging Data Binders
OFF-BI-10003694,Office Supplies,Binders,"Avery 3 1/2"" Diskette Storage Pages, 10/Pack"
TEC-PH-10000895,Technology,Phones,Polycom VVX 310 VoIP phone
FUR-CH-10002024,Furniture,Chairs,HON 5400 Series Task Chairs for Big and Tall
FUR-FU-10003577,Furniture,Furnishings,Nu-Dell Leatherette Frames
FUR-FU-10003724,Furniture,Furnishings,Westinghouse Clip-On Gooseneck Lamps
OFF-AR-10003481,Office Supplies,Art,Newell 348
OFF-BI-10000977,Office Supplies,Binders,Ibico Plastic Spiral Binding Combs
OFF-BI-10001982,Office Supplies,Binders,Wilson Jones Custom Binder Spines & Labels
OFF-BI-10002498,Office Supplies,Binders,Clear Mylar Reinforcing Strips
OFF-PA-10000418,Office Supplies,Paper,Xerox 189
OFF-PA-10002230,Office Supplies,Paper,Xerox 1897
OFF-PA-10003971,Office Supplies,Paper,Xerox 1965
OFF-PA-10004569,Office Supplies,Paper,"Wirebound Message Books, Two 4 1/4"" x 5"" Forms per Page"
OFF-ST-10001490,Office Supplies,Storage,"Hot File 7-Pocket, Floor Stand"
OFF-ST-10002583,Office Supplies,Storage,Fellowes Neat Ideas Storage Cubes
OFF-ST-10003306,Office Supplies,Storage,Letter Size Cart
TEC-AC-10000023,Technology,Accessories,"Maxell 74 Minute CD-R Spindle, 50/Pack"
FUR-CH-10001215,Furniture,Chairs,Global Troy Executive Leather Low-Back Tilter
FUR-CH-10004997,Furniture,Chairs,Hon Every-Day Series Multi-Task Chairs
FUR-TA-10004175,Furniture,Tables,"Hon 30"" x 60"" Table with Locking Drawer"
OFF-AP-10000124,Office Supplies,Appliances,Acco 6 Outlet Guardian Basic Surge Suppressor
OFF-AR-10002067,Office Supplies,Art,Newell 334
OFF-BI-10000494,Office Supplies,Binders,Acco Economy Flexible Poly Round Ring Binder
OFF-EN-10003567,Office Supplies,Envelopes,"Inter-Office Recycled Envelopes, Brown Kraft, Button-String,10"" x 13"" , 100/Box"
TEC-PH-10004100,Technology,Phones,Griffin GC17055 Auxiliary Audio Cable
FUR-CH-10000155,Furniture,Chairs,Global Comet Stacking Armless Chair
FUR-TA-10004767,Furniture,Tables,Safco Drafting Table
OFF-AR-10002053,Office Supplies,Art,"Premium Writing Pencils, Soft, #2 by Central Association for the Blind"
OFF-AR-10003190,Office Supplies,Art,Newell 32
OFF-AR-10004757,Office Supplies,Art,Crayola Colored Pencils
OFF-ST-10003058,Office Supplies,Storage,Eldon Mobile Mega Data Cart  Mega Stackable  Add-On Trays
OFF-ST-10003123,Office Supplies,Storage,Fellowes Bases and Tops For Staxonsteel/High-Stak Systems
TEC-AC-10002567,Technology,Accessories,Logitech G602 Wireless Gaming Mouse
OFF-AR-10000658,Office Supplies,Art,Newell 324
OFF-BI-10001982,Office Supplies,Binders,Wilson Jones Custom Binder Spines & Labels
OFF-SU-10004664,Office Supplies,Supplies,Acme Softgrip Scissors
TEC-AC-10001314,Technology,Accessories,Case Logic 2.4GHz Wireless Keyboard
TEC-AC-10002076,Technology,Accessories,Microsoft Natural Keyboard Elite
TEC-AC-10002167,Technology,Accessories,Imation 8gb Micro Traveldrive Usb 2.0 Flash Drive
TEC-AC-10003911,Technology,Accessories,NETGEAR AC1750 Dual Band Gigabit Smart WiFi Router
TEC-PH-10000441,Technology,Phones,VTech DS6151
TEC-PH-10004531,Technology,Phones,AT&T CL2909
FUR-FU-10004351,Furniture,Furnishings,Staple-based wall hangings
OFF-PA-10002195,Office Supplies,Paper,Xerox 1966
OFF-ST-10001228,Office Supplies,Storage,"Fellowes Personal Hanging Folder Files, Navy"
OFF-SU-10000151,Office Supplies,Supplies,High Speed Automatic Electric Letter Opener
OFF-SU-10002522,Office Supplies,Supplies,Acme Kleen Earth Office Shears
FUR-CH-10000553,Furniture,Chairs,"Metal Folding Chairs, Beige, 4/Carton"
FUR-CH-10003312,Furniture,Chairs,Hon 2090 “Pillow Soft” Series Mid Back Swivel/Tilt Chairs
FUR-FU-10000719,Furniture,Furnishings,"DAX Cubicle Frames, 8-1/2 x 11"
FUR-FU-10004018,Furniture,Furnishings,Tensor Computer Mounted Lamp
FUR-FU-10004666,Furniture,Furnishings,DAX Clear Channel Poster Frame
OFF-AP-10003281,Office Supplies,Appliances,Acco 6 Outlet Guardian Standard Surge Suppressor
OFF-BI-10001524,Office Supplies,Binders,GBC Premium Transparent Covers with Diagonal Lined Pattern
OFF-BI-10001679,Office Supplies,Binders,GBC Instant Index System for Binding Systems
OFF-BI-10004995,Office Supplies,Binders,GBC DocuBind P400 Electric Binding System
OFF-LA-10002762,Office Supplies,Labels,Avery 485
OFF-ST-10004804,Office Supplies,Storage,"Belkin 19"" Vented Equipment Shelf, Black"
TEC-AC-10002006,Technology,Accessories,Memorex Micro Travel Drive 16 GB
TEC-AC-10002076,Technology,Accessories,Microsoft Natural Keyboard Elite
TEC-AC-10004814,Technology,Accessories,Logitech Illuminated Ultrathin Keyboard with Backlighting
TEC-PH-10001363,Technology,Phones,Apple iPhone 5S
OFF-PA-10002709,Office Supplies,Paper,Xerox 1956
OFF-ST-10002574,Office Supplies,Storage,"SAFCO Commercial Wire Shelving, Black"
TEC-AC-10002842,Technology,Accessories,WD My Passport Ultra 2TB Portable External Hard Drive
FUR-FU-10003623,Furniture,Furnishings,"DataProducts Ampli Magnifier Task Lamp, Black,"
OFF-EN-10000781,Office Supplies,Envelopes,"#10- 4 1/8"" x 9 1/2"" Recycled Envelopes"
OFF-FA-10000621,Office Supplies,Fasteners,"OIC Colored Binder Clips, Assorted Sizes"
FUR-BO-10002916,Furniture,Bookcases,"Rush Hierlooms Collection 1"" Thick Stackable Bookcases"
FUR-FU-10000629,Furniture,Furnishings,9-3/4 Diameter Round Wall Clock
OFF-AP-10001005,Office Supplies,Appliances,Honeywell Quietcare HEPA Air Cleaner
OFF-BI-10004506,Office Supplies,Binders,Wilson Jones data.warehouse D-Ring Binders with DublLock
OFF-FA-10000992,Office Supplies,Fasteners,"Acco Clips to Go Binder Clips, 24 Clips in Two Sizes"
OFF-LA-10000240,Office Supplies,Labels,Self-Adhesive Address Labels for Typewriters by Universal
OFF-PA-10002377,Office Supplies,Paper,Xerox 1916
OFF-BI-10001758,Office Supplies,Binders,Wilson Jones 14 Line Acrylic Coated Pressboard Data Binders
OFF-ST-10002011,Office Supplies,Storage,Smead Adjustable Mobile File Trolley with Lockable Top
TEC-AC-10003237,Technology,Accessories,Memorex Micro Travel Drive 4 GB
FUR-TA-10004289,Furniture,Tables,BoxOffice By Design Rectangular and Half-Moon Meeting Room Tables
OFF-AP-10003622,Office Supplies,Appliances,"Bravo II Megaboss 12-Amp Hard Body Upright, Replacement Belts, 2 Belts per Pack"
OFF-PA-10001019,Office Supplies,Paper,Xerox 1884
OFF-PA-10001289,Office Supplies,Paper,White Computer Printout Paper by Universal
OFF-ST-10003221,Office Supplies,Storage,Staple magnet
OFF-SU-10002537,Office Supplies,Supplies,Acme Box Cutter Scissors
OFF-AP-10001271,Office Supplies,Appliances,Eureka The Boss Cordless Rechargeable Stick Vac
OFF-AP-10003590,Office Supplies,Appliances,Hoover WindTunnel Plus Canister Vacuum
OFF-AR-10000896,Office Supplies,Art,Newell 329
OFF-BI-10002852,Office Supplies,Binders,Ibico Standard Transparent Covers
OFF-PA-10000806,Office Supplies,Paper,Xerox 1934
OFF-PA-10004353,Office Supplies,Paper,Southworth 25% Cotton Premium Laser Paper and Envelopes
OFF-ST-10002289,Office Supplies,Storage,"Safco Wire Cube Shelving System, For Use as 4 or 5 14"" Cubes, Black"
TEC-AC-10002473,Technology,Accessories,Maxell 4.7GB DVD-R
TEC-PH-10002310,Technology,Phones,Panasonic KX T7731-B Digital phone
FUR-CH-10002335,Furniture,Chairs,Hon GuestStacker Chair
FUR-CH-10003817,Furniture,Chairs,"Global Value Steno Chair, Gray"
FUR-TA-10001307,Furniture,Tables,"SAFCO PlanMaster Heigh-Adjustable Drafting Table Base, 43w x 30d x 30-37h, Black"
OFF-AP-10002765,Office Supplies,Appliances,Fellowes Advanced Computer Series Surge Protectors
OFF-AR-10004165,Office Supplies,Art,"Binney & Smith inkTank Erasable Pocket Highlighter, Chisel Tip, Yellow"
OFF-AR-10004165,Office Supplies,Art,"Binney & Smith inkTank Erasable Pocket Highlighter, Chisel Tip, Yellow"
OFF-AR-10004602,Office Supplies,Art,Boston KS Multi-Size Manual Pencil Sharpener
OFF-PA-10000659,Office Supplies,Paper,"Adams Phone Message Book, Professional, 400 Message Capacity, 5 3/6” x 11”"
OFF-PA-10001144,Office Supplies,Paper,Xerox 1913
OFF-ST-10000321,Office Supplies,Storage,Akro Stacking Bins
TEC-AC-10004510,Technology,Accessories,Logitech Desktop MK120 Mouse and keyboard Combo
TEC-PH-10002468,Technology,Phones,"Plantronics CS 50-USB - headset - Convertible, Monaural"
TEC-AC-10000023,Technology,Accessories,"Maxell 74 Minute CD-R Spindle, 50/Pack"
TEC-AC-10004571,Technology,Accessories,Logitech G700s Rechargeable Gaming Mouse
FUR-BO-10000468,Furniture,Bookcases,O'Sullivan 2-Shelf Heavy-Duty Bookcases
FUR-FU-10001602,Furniture,Furnishings,"Eldon Delta Triangular Chair Mat, 52"" x 58"", Clear"
FUR-FU-10001979,Furniture,Furnishings,Dana Halogen Swing-Arm Architect Lamp
FUR-FU-10002088,Furniture,Furnishings,Nu-Dell Float Frame 11 x 14 1/2
OFF-AP-10002495,Office Supplies,Appliances,"Acco Smartsocket Table Surge Protector, 6 Color-Coded Adapter Outlets"
OFF-AP-10004708,Office Supplies,Appliances,Fellowes Superior 10 Outlet Split Surge Protector
OFF-EN-10002500,Office Supplies,Envelopes,Globe Weis Peel & Seel First Class Envelopes
OFF-ST-10000532,Office Supplies,Storage,Advantus Rolling Drawer Organizers
TEC-AC-10001767,Technology,Accessories,SanDisk Ultra 64 GB MicroSDHC Class 10 Memory Card
TEC-CO-10001571,Technology,Copiers,Sharp 1540cs Digital Laser Copier
TEC-CO-10004115,Technology,Copiers,Sharp AL-1530CS Digital Copier
TEC-PH-10001128,Technology,Phones,Motorola Droid Maxx
TEC-PH-10002398,Technology,Phones,AT&T 1070 Corded Phone
OFF-AP-10004336,Office Supplies,Appliances,"Conquest 14 Commercial Heavy-Duty Upright Vacuum, Collection System, Accessory Kit"
OFF-AR-10004587,Office Supplies,Art,"Boston 1827 Commercial Additional Cutter, Drive Gear & Gear Rack for 1606"
OFF-BI-10001718,Office Supplies,Binders,GBC DocuBind P50 Personal Binding Machine
OFF-BI-10001097,Office Supplies,Binders,Avery Hole Reinforcements
OFF-BI-10004600,Office Supplies,Binders,Ibico Ibimaster 300 Manual Binding System
OFF-FA-10004838,Office Supplies,Fasteners,"Super Bands, 12/Pack"
OFF-LA-10000262,Office Supplies,Labels,Avery 494
OFF-PA-10001667,Office Supplies,Paper,Great White Multi-Use Recycled Paper (20Lb. and 84 Bright)
OFF-PA-10001937,Office Supplies,Paper,Xerox 21
TEC-PH-10000038,Technology,Phones,Jawbone MINI JAMBOX Wireless Bluetooth Speaker
TEC-PH-10001530,Technology,Phones,Cisco Unified IP Phone 7945G VoIP phone
TEC-PH-10002398,Technology,Phones,AT&T 1070 Corded Phone
FUR-FU-10003691,Furniture,Furnishings,"Eldon Image Series Desk Accessories, Ebony"
OFF-AR-10003903,Office Supplies,Art,Sanford 52201 APSCO Electric Pencil Sharpener
OFF-FA-10004854,Office Supplies,Fasteners,"Vinyl Coated Wire Paper Clips in Organizer Box, 800/Box"
OFF-ST-10004459,Office Supplies,Storage,Tennsco Single-Tier Lockers
FUR-FU-10002878,Furniture,Furnishings,"Seth Thomas 14"" Day/Date Wall Clock"
OFF-AP-10002403,Office Supplies,Appliances,Acco Smartsocket Color-Coded Six-Outlet AC Adapter Model Surge Protectors
OFF-AR-10004344,Office Supplies,Art,Bulldog Vacuum Base Pencil Sharpener
OFF-BI-10000138,Office Supplies,Binders,Acco Translucent Poly Ring Binders
OFF-BI-10002854,Office Supplies,Binders,"Performers Binder/Pad Holder, Black"
OFF-LA-10000443,Office Supplies,Labels,Avery 501
OFF-PA-10000295,Office Supplies,Paper,Xerox 229
OFF-SU-10000432,Office Supplies,Supplies,Acco Side-Punched Conventional Columnar Pads
TEC-AC-10000023,Technology,Accessories,"Maxell 74 Minute CD-R Spindle, 50/Pack"
TEC-AC-10002473,Technology,Accessories,Maxell 4.7GB DVD-R
TEC-PH-10003691,Technology,Phones,BlackBerry Q10
FUR-CH-10003833,Furniture,Chairs,Novimex Fabric Task Chair
OFF-AP-10003287,Office Supplies,Appliances,Tripp Lite TLP810NET Broadband Surge for Modem/Fax
OFF-AP-10004708,Office Supplies,Appliances,Fellowes Superior 10 Outlet Split Surge Protector
OFF-BI-10001989,Office Supplies,Binders,Premium Transparent Presentation Covers by GBC
OFF-BI-10002309,Office Supplies,Binders,Avery Heavy-Duty EZD  Binder With Locking Rings
OFF-BI-10003638,Office Supplies,Binders,GBC Durable Plastic Covers
OFF-BI-10003638,Office Supplies,Binders,GBC Durable Plastic Covers
OFF-PA-10000167,Office Supplies,Paper,Xerox 1925
OFF-PA-10000312,Office Supplies,Paper,Xerox 1955
FUR-TA-10001539,Furniture,Tables,Chromcraft Rectangular Conference Tables
OFF-BI-10000829,Office Supplies,Binders,Avery Non-Stick Binders
OFF-FA-10002676,Office Supplies,Fasteners,Colored Push Pins
OFF-PA-10000595,Office Supplies,Paper,Xerox 1929
OFF-PA-10001639,Office Supplies,Paper,Xerox 203
TEC-AC-10000844,Technology,Accessories,Logitech Gaming G510s - Keyboard
FUR-BO-10000711,Furniture,Bookcases,"Hon Metal Bookcases, Gray"
FUR-FU-10000723,Furniture,Furnishings,"Deflect-o EconoMat Studded, No Bevel Mat for Low Pile Carpeting"
OFF-AR-10004930,Office Supplies,Art,Turquoise Lead Holder with Pocket Clip
OFF-BI-10000632,Office Supplies,Binders,Satellite Sectional Post Binders
OFF-BI-10001718,Office Supplies,Binders,GBC DocuBind P50 Personal Binding Machine
OFF-ST-10000991,Office Supplies,Storage,Space Solutions HD Industrial Steel Shelving.
OFF-SU-10004768,Office Supplies,Supplies,Acme Kleencut Forged Steel Scissors
OFF-BI-10003925,Office Supplies,Binders,Fellowes PB300 Plastic Comb Binding Machine
OFF-PA-10000552,Office Supplies,Paper,Xerox 200
FUR-CH-10001797,Furniture,Chairs,"Safco Chair Connectors, 6/Carton"
FUR-CH-10004495,Furniture,Chairs,"Global Leather and Oak Executive Chair, Black"
OFF-BI-10001359,Office Supplies,Binders,GBC DocuBind TL300 Electric Binding System
OFF-PA-10000246,Office Supplies,Paper,Riverleaf Stik-Withit Designer Note Cubes
OFF-AR-10002804,Office Supplies,Art,Faber Castell Col-Erase Pencils
OFF-PA-10001846,Office Supplies,Paper,Xerox 1899
OFF-SU-10003936,Office Supplies,Supplies,Acme Serrated Blade Letter Opener
FUR-FU-10003274,Furniture,Furnishings,Regeneration Desk Collection
OFF-BI-10001575,Office Supplies,Binders,GBC Linen Binding Covers
OFF-PA-10000019,Office Supplies,Paper,Xerox 1931
OFF-PA-10001125,Office Supplies,Paper,Xerox 1988
OFF-PA-10001837,Office Supplies,Paper,Xerox 1976
OFF-PA-10001934,Office Supplies,Paper,Xerox 1993
OFF-PA-10003936,Office Supplies,Paper,Xerox 1994
OFF-PA-10004530,Office Supplies,Paper,Personal Creations Ink Jet Cards and Labels
OFF-SU-10004661,Office Supplies,Supplies,Acme Titanium Bonded Scissors
TEC-PH-10000149,Technology,Phones,Cisco SPA525G2 IP Phone - Wireless
FUR-FU-10004586,Furniture,Furnishings,G.E. Longer-Life Indoor Recessed Floodlight Bulbs
OFF-BI-10001116,Office Supplies,Binders,"Wilson Jones 1"" Hanging DublLock Ring Binders"
OFF-BI-10002799,Office Supplies,Binders,"SlimView Poly Binder, 3/8"""
OFF-SU-10004661,Office Supplies,Supplies,Acme Titanium Bonded Scissors
FUR-FU-10000771,Furniture,Furnishings,"Eldon 200 Class Desk Accessories, Smoke"
OFF-BI-10001982,Office Supplies,Binders,Wilson Jones Custom Binder Spines & Labels
OFF-BI-10002103,Office Supplies,Binders,"Cardinal Slant-D Ring Binder, Heavy Gauge Vinyl"
OFF-BI-10002133,Office Supplies,Binders,"Wilson Jones Elliptical Ring 3 1/2"" Capacity Binders, 800 sheets"
OFF-BI-10002225,Office Supplies,Binders,"Square Ring Data Binders, Rigid 75 Pt. Covers, 11"" x 14-7/8"""
OFF-BI-10004141,Office Supplies,Binders,Insertable Tab Indexes For Data Binders
OFF-EN-10002504,Office Supplies,Envelopes,"Tyvek  Top-Opening Peel & Seel Envelopes, Plain White"
OFF-EN-10002600,Office Supplies,Envelopes,"Redi-Strip #10 Envelopes, 4 1/8 x 9 1/2"
OFF-FA-10000621,Office Supplies,Fasteners,"OIC Colored Binder Clips, Assorted Sizes"
OFF-PA-10004965,Office Supplies,Paper,Xerox 1921
OFF-PA-10004983,Office Supplies,Paper,Xerox 23
OFF-ST-10004258,Office Supplies,Storage,Portable Personal File Box
TEC-AC-10002399,Technology,Accessories,SanDisk Cruzer 32 GB USB Flash Drive
TEC-PH-10000895,Technology,Phones,Polycom VVX 310 VoIP phone
FUR-FU-10001731,Furniture,Furnishings,Acrylic Self-Standing Desk Frames
OFF-AR-10003770,Office Supplies,Art,Newell 340
OFF-PA-10002160,Office Supplies,Paper,Xerox 1978
OFF-PA-10002659,Office Supplies,Paper,Avoid Verbal Orders Carbonless Minifold Book
TEC-AC-10002323,Technology,Accessories,SanDisk Ultra 32 GB MicroSDHC Class 10 Memory Card
TEC-AC-10002800,Technology,Accessories,Plantronics Audio 478 Stereo USB Headset
FUR-FU-10002456,Furniture,Furnishings,"Master Caster Door Stop, Large Neon Orange"
FUR-TA-10003569,Furniture,Tables,Bretford CR8500 Series Meeting Room Furniture
OFF-AR-10003056,Office Supplies,Art,Newell 341
OFF-BI-10002215,Office Supplies,Binders,"Wilson Jones Hanging View Binder, White, 1"""
OFF-PA-10002986,Office Supplies,Paper,Xerox 1898
TEC-PH-10000455,Technology,Phones,GE 30522EE2
TEC-PH-10001949,Technology,Phones,Cisco SPA 501G IP Phone
FUR-TA-10001857,Furniture,Tables,Balt Solid Wood Rectangular Table
OFF-BI-10004390,Office Supplies,Binders,GBC DocuBind 200 Manual Binding Machine
OFF-EN-10001749,Office Supplies,Envelopes,Jiffy Padded Mailers with Self-Seal Closure
OFF-PA-10003001,Office Supplies,Paper,Xerox 1986
OFF-PA-10004475,Office Supplies,Paper,Xerox 1940
OFF-BI-10002432,Office Supplies,Binders,Wilson Jones Standard D-Ring Binders
OFF-ST-10000563,Office Supplies,Storage,Fellowes Bankers Box Stor/Drawer Steel Plus
TEC-AC-10001635,Technology,Accessories,KeyTronic KT400U2 - Keyboard - Black
OFF-AR-10004042,Office Supplies,Art,"BOSTON Model 1800 Electric Pencil Sharpeners, Putty/Woodgrain"
OFF-BI-10002949,Office Supplies,Binders,Prestige Round Ring Binders
OFF-BI-10004716,Office Supplies,Binders,Wilson Jones Hanging Recycled Pressboard Data Binders
OFF-PA-10004100,Office Supplies,Paper,Xerox 216
TEC-AC-10002842,Technology,Accessories,WD My Passport Ultra 2TB Portable External Hard Drive
FUR-FU-10002116,Furniture,Furnishings,"Tenex Carpeted, Granite-Look or Clear Contemporary Contour Shape Chair Mats"
OFF-AP-10001303,Office Supplies,Appliances,"Holmes Cool Mist Humidifier for the Whole House with 8-Gallon Output per Day, Extended Life Filter"
OFF-AR-10000658,Office Supplies,Art,Newell 324
OFF-AR-10002445,Office Supplies,Art,SANFORD Major Accent Highlighters
OFF-BI-10001359,Office Supplies,Binders,GBC DocuBind TL300 Electric Binding System
OFF-PA-10000349,Office Supplies,Paper,Easy-staple paper
TEC-AC-10000844,Technology,Accessories,Logitech Gaming G510s - Keyboard
TEC-AC-10001606,Technology,Accessories,Logitech Wireless Performance Mouse MX for PC and Mac
TEC-MA-10002210,Technology,Machines,Epson TM-T88V Direct Thermal Printer - Monochrome - Desktop
OFF-BI-10004099,Office Supplies,Binders,GBC VeloBinder Strips
OFF-LA-10001175,Office Supplies,Labels,Avery 514
FUR-FU-10001967,Furniture,Furnishings,Telescoping Adjustable Floor Lamp
OFF-ST-10000585,Office Supplies,Storage,Economy Rollaway Files
FUR-FU-10001487,Furniture,Furnishings,"Eldon Expressions Wood and Plastic Desk Accessories, Cherry Wood"
OFF-LA-10001934,Office Supplies,Labels,Avery 516
FUR-CH-10004698,Furniture,Chairs,"Padded Folding Chairs, Black, 4/Carton"
FUR-FU-10000758,Furniture,Furnishings,DAX Natural Wood-Tone Poster Frame
FUR-FU-10004270,Furniture,Furnishings,"Executive Impressions 13"" Clairmont Wall Clock"
FUR-FU-10004665,Furniture,Furnishings,"3M Polarizing Task Lamp with Clamp Arm, Light Gray"
FUR-TA-10001039,Furniture,Tables,KI Adjustable-Height Table
FUR-TA-10004154,Furniture,Tables,"Riverside Furniture Oval Coffee Table, Oval End Table, End Table with Drawer"
OFF-AR-10003179,Office Supplies,Art,Dixon Ticonderoga Core-Lock Colored Pencils
OFF-BI-10000050,Office Supplies,Binders,"Angle-D Binders with Locking Rings, Label Holders"
OFF-BI-10000474,Office Supplies,Binders,Avery Recycled Flexi-View Covers for Binding Systems
OFF-BI-10000948,Office Supplies,Binders,"GBC Laser Imprintable Binding System Covers, Desert Sand"
OFF-BI-10001249,Office Supplies,Binders,Avery Heavy-Duty EZD View Binder with Locking Rings
OFF-BI-10004308,Office Supplies,Binders,Avery Legal 4-Ring Binder
OFF-BI-10004632,Office Supplies,Binders,Ibico Hi-Tech Manual Binding System
OFF-FA-10000936,Office Supplies,Fasteners,Acco Hot Clips Clips to Go
OFF-PA-10000174,Office Supplies,Paper,"Message Book, Wirebound, Four 5 1/2"" X 4"" Forms/Pg., 200 Dupl. Sets/Book"
OFF-PA-10000223,Office Supplies,Paper,Xerox 2000
OFF-ST-10002344,Office Supplies,Storage,"Carina 42""Hx23 3/4""W Media Storage Unit"
OFF-ST-10003327,Office Supplies,Storage,Akro-Mils 12-Gallon Tote
OFF-SU-10004290,Office Supplies,Supplies,"Acme Design Line 8"" Stainless Steel Bent Scissors w/Champagne Handles, 3-1/8"" Cut"
TEC-AC-10002718,Technology,Accessories,Belkin Standard 104 key USB Keyboard
TEC-MA-10004679,Technology,Machines,StarTech.com 10/100 VDSL2 Ethernet Extender Kit
TEC-PH-10000215,Technology,Phones,Plantronics Cordless Phone Headset with In-line Volume - M214C
TEC-PH-10000675,Technology,Phones,Panasonic KX TS3282B Corded phone
TEC-PH-10002075,Technology,Phones,AT&T EL51110 DECT
TEC-PH-10003589,Technology,Phones,invisibleSHIELD by ZAGG Smudge-Free Screen Protector
FUR-CH-10000454,Furniture,Chairs,"Hon Deluxe Fabric Upholstered Stacking Chairs, Rounded Back"
FUR-CH-10004287,Furniture,Chairs,SAFCO Arco Folding Chair
FUR-CH-10004287,Furniture,Chairs,SAFCO Arco Folding Chair
FUR-CH-10004289,Furniture,Chairs,Global Super Steno Chair
OFF-AP-10001962,Office Supplies,Appliances,Black & Decker Filter for Double Action Dustbuster Cordless Vac BLDV7210
OFF-AP-10002518,Office Supplies,Appliances,Kensington 7 Outlet MasterPiece Power Center
OFF-AP-10004785,Office Supplies,Appliances,"Holmes Replacement Filter for HEPA Air Cleaner, Medium Room"
OFF-AR-10000380,Office Supplies,Art,"Hunt PowerHouse Electric Pencil Sharpener, Blue"
OFF-AR-10002656,Office Supplies,Art,Sanford Liquid Accent Highlighters
OFF-AR-10003045,Office Supplies,Art,Prang Colored Pencils
OFF-AR-10003469,Office Supplies,Art,Nontoxic Chalk
OFF-AR-10004441,Office Supplies,Art,BIC Brite Liner Highlighters
OFF-BI-10000822,Office Supplies,Binders,"Acco PRESSTEX Data Binder with Storage Hooks, Light Blue, 9 1/2"" X 11"""
OFF-BI-10001071,Office Supplies,Binders,GBC ProClick Punch Binding System
OFF-FA-10002280,Office Supplies,Fasteners,Advantus Plastic Paper Clips
OFF-FA-10002988,Office Supplies,Fasteners,Ideal Clamps
OFF-PA-10000482,Office Supplies,Paper,"Snap-A-Way Black Print Carbonless Ruled Speed Letter, Triplicate"
OFF-PA-10002259,Office Supplies,Paper,"Geographics Note Cards, Blank, White, 8 1/2"" x 11"""
OFF-ST-10000736,Office Supplies,Storage,Carina Double Wide Media Storage Towers in Natural & Black
OFF-ST-10000991,Office Supplies,Storage,Space Solutions HD Industrial Steel Shelving.
OFF-ST-10002406,Office Supplies,Storage,Pizazz Global Quick File
TEC-AC-10000023,Technology,Accessories,"Maxell 74 Minute CD-R Spindle, 50/Pack"
TEC-AC-10001383,Technology,Accessories,Logitech Wireless Touch Keyboard K400
TEC-AC-10004209,Technology,Accessories,Memorex Froggy Flash Drive 4 GB
TEC-MA-10000029,Technology,Machines,"Epson WorkForce WF-2530 All-in-One Printer, Copier Scanner"
TEC-MA-10000822,Technology,Machines,Lexmark MX611dhe Monochrome Laser Printer
TEC-PH-10003931,Technology,Phones,JBL Micro Wireless Portable Bluetooth Speaker
FUR-CH-10003761,Furniture,Chairs,Global Italian Leather Office Chair
FUR-FU-10002456,Furniture,Furnishings,"Master Caster Door Stop, Large Neon Orange"
FUR-FU-10002501,Furniture,Furnishings,Nu-Dell Executive Frame
OFF-AR-10000634,Office Supplies,Art,Newell 320
OFF-LA-10003923,Office Supplies,Labels,Alphabetical Labels for Top Tab Filing
OFF-PA-10000788,Office Supplies,Paper,Xerox 210
OFF-PA-10001144,Office Supplies,Paper,Xerox 1913
OFF-PA-10001622,Office Supplies,Paper,"Ampad Poly Cover Wirebound Steno Book, 6"" x 9"" Assorted Colors, Gregg Ruled"
OFF-PA-10004665,Office Supplies,Paper,Advantus Motivational Note Cards
OFF-ST-10000078,Office Supplies,Storage,Tennsco 6- and 18-Compartment Lockers
TEC-AC-10002134,Technology,Accessories,Rosewill 107 Normal Keys USB Wired Standard Keyboard
TEC-MA-10002073,Technology,Machines,"3D Systems Cube Printer, 2nd Generation, White"
TEC-PH-10002549,Technology,Phones,Polycom SoundPoint IP 450 VoIP phone
FUR-CH-10003973,Furniture,Chairs,GuestStacker Chair with Chrome Finish Legs
FUR-FU-10001986,Furniture,Furnishings,"Dana Fluorescent Magnifying Lamp, White, 36"""
OFF-AP-10004532,Office Supplies,Appliances,Kensington 6 Outlet Guardian Standard Surge Protector
OFF-BI-10003314,Office Supplies,Binders,Tuff Stuff Recycled Round Ring Binders
OFF-EN-10003072,Office Supplies,Envelopes,Peel & Seel Envelopes
OFF-AR-10003338,Office Supplies,Art,"Eberhard Faber 3 1/2"" Golf Pencils"
FUR-FU-10004006,Furniture,Furnishings,"Deflect-o DuraMat Lighweight, Studded, Beveled Mat for Low Pile Carpeting"
FUR-CH-10002024,Furniture,Chairs,HON 5400 Series Task Chairs for Big and Tall
FUR-FU-10003464,Furniture,Furnishings,"Seth Thomas 8 1/2"" Cubicle Clock"
OFF-AP-10001469,Office Supplies,Appliances,Fellowes 8 Outlet Superior Workstation Surge Protector
OFF-BI-10002429,Office Supplies,Binders,"Premier Elliptical Ring Binder, Black"
OFF-BI-10004040,Office Supplies,Binders,Wilson Jones Impact Binders
OFF-BI-10004519,Office Supplies,Binders,GBC DocuBind P100 Manual Binding Machine
OFF-PA-10001800,Office Supplies,Paper,Xerox 220
OFF-SU-10000157,Office Supplies,Supplies,Compact Automatic Electric Letter Opener
TEC-AC-10001542,Technology,Accessories,SanDisk Cruzer 16 GB USB Flash Drive
TEC-AC-10002399,Technology,Accessories,SanDisk Cruzer 32 GB USB Flash Drive
TEC-MA-10000029,Technology,Machines,"Epson WorkForce WF-2530 All-in-One Printer, Copier Scanner"
FUR-CH-10004698,Furniture,Chairs,"Padded Folding Chairs, Black, 4/Carton"
FUR-FU-10001918,Furniture,Furnishings,C-Line Cubicle Keepers Polyproplyene Holder With Velcro Backings
OFF-AP-10004785,Office Supplies,Appliances,"Holmes Replacement Filter for HEPA Air Cleaner, Medium Room"
OFF-AR-10002833,Office Supplies,Art,Newell 322
OFF-BI-10001679,Office Supplies,Binders,GBC Instant Index System for Binding Systems
OFF-BI-10004022,Office Supplies,Binders,Acco Suede Grain Vinyl Round Ring Binder
OFF-FA-10000840,Office Supplies,Fasteners,OIC Thumb-Tacks
OFF-PA-10002923,Office Supplies,Paper,Xerox 1942
OFF-PA-10003543,Office Supplies,Paper,Xerox 1985
OFF-ST-10001034,Office Supplies,Storage,Eldon File Chest Portable File
OFF-SU-10001574,Office Supplies,Supplies,Acme Value Line Scissors
TEC-AC-10000865,Technology,Accessories,WD My Passport Ultra 500GB Portable External Hard Drive
TEC-AC-10001606,Technology,Accessories,Logitech Wireless Performance Mouse MX for PC and Mac
TEC-AC-10003399,Technology,Accessories,Memorex Mini Travel Drive 64 GB USB 2.0 Flash Drive
TEC-AC-10004353,Technology,Accessories,Hypercom P1300 Pinpad
FUR-FU-10000550,Furniture,Furnishings,Stacking Trays by OIC
FUR-FU-10002878,Furniture,Furnishings,"Seth Thomas 14"" Day/Date Wall Clock"
FUR-FU-10004020,Furniture,Furnishings,Advantus Panel Wall Acrylic Frame
FUR-TA-10001039,Furniture,Tables,KI Adjustable-Height Table
OFF-AP-10000891,Office Supplies,Appliances,Kensington 7 Outlet MasterPiece HOMEOFFICE Power Control Center
OFF-AP-10002945,Office Supplies,Appliances,Honeywell Enviracaire Portable HEPA Air Cleaner for 17' x 22' Room
OFF-AP-10003914,Office Supplies,Appliances,"Sanitaire Vibra Groomer IR Commercial Upright Vacuum, Replacement Belts"
OFF-BI-10001721,Office Supplies,Binders,Trimflex Flexible Post Binders
OFF-BI-10001890,Office Supplies,Binders,Avery Poly Binder Pockets
OFF-EN-10001099,Office Supplies,Envelopes,Staple envelope
OFF-EN-10003845,Office Supplies,Envelopes,Colored Envelopes
OFF-FA-10000053,Office Supplies,Fasteners,Revere Boxed Rubber Bands by Revere
OFF-LA-10003148,Office Supplies,Labels,Avery 51
OFF-PA-10000213,Office Supplies,Paper,Xerox 198
OFF-PA-10004610,Office Supplies,Paper,Xerox 1900
OFF-ST-10001809,Office Supplies,Storage,Fellowes Officeware Wire Shelving
TEC-MA-10003979,Technology,Machines,Ativa V4110MDD Micro-Cut Shredder
TEC-PH-10000526,Technology,Phones,Vtech CS6719
TEC-PH-10001536,Technology,Phones,Spigen Samsung Galaxy S5 Case Wallet
FUR-FU-10000222,Furniture,Furnishings,"Seth Thomas 16"" Steel Case Clock"
FUR-FU-10002456,Furniture,Furnishings,"Master Caster Door Stop, Large Neon Orange"
OFF-PA-10000349,Office Supplies,Paper,Easy-staple paper
OFF-BI-10002931,Office Supplies,Binders,"Avery Trapezoid Extra Heavy Duty 4"" Binders"
FUR-FU-10004671,Furniture,Furnishings,"Executive Impressions 12"" Wall Clock"
OFF-AR-10000411,Office Supplies,Art,Boston 16701 Slimline Battery Pencil Sharpener
OFF-AR-10001473,Office Supplies,Art,Newell 313
OFF-BI-10002735,Office Supplies,Binders,GBC Prestige Therm-A-Bind Covers
OFF-BI-10003712,Office Supplies,Binders,"Acco Pressboard Covers with Storage Hooks, 14 7/8"" x 11"", Light Blue"
OFF-EN-10001453,Office Supplies,Envelopes,"Tyvek Interoffice Envelopes, 9 1/2"" x 12 1/2"", 100/Box"
OFF-PA-10000246,Office Supplies,Paper,Riverleaf Stik-Withit Designer Note Cubes
OFF-PA-10000682,Office Supplies,Paper,Xerox 1924
OFF-PA-10003039,Office Supplies,Paper,Xerox 1960
OFF-ST-10000943,Office Supplies,Storage,Eldon ProFile File 'N Store Portable File Tub Letter/Legal Size Black
OFF-ST-10004963,Office Supplies,Storage,Eldon Gobal File Keepers
TEC-AC-10001109,Technology,Accessories,Logitech Trackman Marble Mouse
TEC-AC-10004633,Technology,Accessories,"Verbatim 25 GB 6x Blu-ray Single Layer Recordable Disc, 3/Pack"
TEC-MA-10004086,Technology,Machines,Plantronics Single Ear Headset
FUR-CH-10000988,Furniture,Chairs,Hon Olson Stacker Stools
FUR-TA-10004607,Furniture,Tables,Hon 2111 Invitation Series Straight Table
OFF-FA-10000053,Office Supplies,Fasteners,Revere Boxed Rubber Bands by Revere
OFF-FA-10000624,Office Supplies,Fasteners,OIC Binder Clips
OFF-ST-10001321,Office Supplies,Storage,"Decoflex Hanging Personal Folder File, Blue"
OFF-ST-10003722,Office Supplies,Storage,Project Tote Personal File
TEC-MA-10000822,Technology,Machines,Lexmark MX611dhe Monochrome Laser Printer
TEC-MA-10001127,Technology,Machines,"HP Designjet T520 Inkjet Large Format Printer - 24"" Color"
TEC-MA-10003353,Technology,Machines,Xerox WorkCentre 6505DN Laser Multifunction Printer
FUR-BO-10001337,Furniture,Bookcases,O'Sullivan Living Dimensions 2-Shelf Bookcases
FUR-BO-10002213,Furniture,Bookcases,DMI Eclipse Executive Suite Bookcases
FUR-BO-10004218,Furniture,Bookcases,"Bush Heritage Pine Collection 5-Shelf Bookcase, Albany Pine Finish, *Special Order"
FUR-CH-10001394,Furniture,Chairs,Global Leather Executive Chair
FUR-FU-10004952,Furniture,Furnishings,"C-Line Cubicle Keepers Polyproplyene Holder w/Velcro Back, 8-1/2x11, 25/Bx"
FUR-TA-10004534,Furniture,Tables,Bevis 44 x 96 Conference Tables
OFF-AP-10001366,Office Supplies,Appliances,Staple holder
OFF-AP-10003842,Office Supplies,Appliances,Euro-Pro Shark Turbo Vacuum
OFF-AR-10003469,Office Supplies,Art,Nontoxic Chalk
OFF-BI-10001636,Office Supplies,Binders,Ibico Plastic and Wire Spiral Binding Combs
OFF-LA-10001569,Office Supplies,Labels,Avery 499
OFF-LA-10002762,Office Supplies,Labels,Avery 485
OFF-PA-10003724,Office Supplies,Paper,"Wirebound Message Book, 4 per Page"
OFF-PA-10004610,Office Supplies,Paper,Xerox 1900
TEC-AC-10003628,Technology,Accessories,Logitech 910-002974 M325 Wireless Mouse for Web Scrolling
TEC-PH-10002185,Technology,Phones,QVS USB Car Charger 2-Port 2.1Amp for iPod/iPhone/iPad/iPad 2/iPad 3
TEC-PH-10003072,Technology,Phones,Panasonic KX-TG9541B DECT 6.0 Digital 2-Line Expandable Cordless Phone With Digital Answering System
TEC-PH-10003484,Technology,Phones,Ooma Telo VoIP Home Phone System
OFF-BI-10001308,Office Supplies,Binders,GBC Standard Plastic Binding Systems' Combs
FUR-FU-10001546,Furniture,Furnishings,Dana Swing-Arm Lamps
OFF-AP-10000358,Office Supplies,Appliances,Fellowes Basic Home/Office Series Surge Protectors
OFF-AP-10003281,Office Supplies,Appliances,Acco 6 Outlet Guardian Standard Surge Suppressor
OFF-AR-10001615,Office Supplies,Art,Newell 34
OFF-AR-10002956,Office Supplies,Art,Boston 16801 Nautilus Battery Pencil Sharpener
OFF-BI-10000050,Office Supplies,Binders,"Angle-D Binders with Locking Rings, Label Holders"
OFF-EN-10001539,Office Supplies,Envelopes,Staple envelope
OFF-EN-10004483,Office Supplies,Envelopes,"#10 White Business Envelopes,4 1/8 x 9 1/2"
OFF-LA-10004425,Office Supplies,Labels,Staple-on labels
OFF-PA-10000029,Office Supplies,Paper,Xerox 224
OFF-PA-10000327,Office Supplies,Paper,Xerox 1971
OFF-PA-10002246,Office Supplies,Paper,"Wirebound Four 2-3/4 x 5 Forms per Page, 400 Sets per Book"
OFF-PA-10004000,Office Supplies,Paper,"While You Were Out Pads, 50 per Pad, 4 x 5 1/4, Green Cycle"
TEC-CO-10002313,Technology,Copiers,Canon PC1080F Personal Copier
TEC-PH-10001299,Technology,Phones,Polycom CX300 Desktop Phone USB VoIP phone
TEC-PH-10003012,Technology,Phones,Nortel Meridian M3904 Professional Digital phone
FUR-CH-10004983,Furniture,Chairs,Office Star - Mid Back Dual function Ergonomic High Back Chair with 2-Way Adjustable Arms
FUR-FU-10001876,Furniture,Furnishings,"Computer Room Manger, 14"""
OFF-AR-10003876,Office Supplies,Art,"Avery Hi-Liter GlideStik Fluorescent Highlighter, Yellow Ink"
OFF-BI-10003355,Office Supplies,Binders,Cardinal Holdit Business Card Pockets
OFF-LA-10001613,Office Supplies,Labels,Avery File Folder Labels
OFF-ST-10000675,Office Supplies,Storage,"File Shuttle II and Handi-File, Black"
OFF-ST-10002301,Office Supplies,Storage,Tennsco Commercial Shelving
OFF-ST-10002574,Office Supplies,Storage,"SAFCO Commercial Wire Shelving, Black"
FUR-BO-10002916,Furniture,Bookcases,"Rush Hierlooms Collection 1"" Thick Stackable Bookcases"
OFF-AR-10002375,Office Supplies,Art,Newell 351
OFF-BI-10000301,Office Supplies,Binders,GBC Instant Report Kit
OFF-BI-10001120,Office Supplies,Binders,Ibico EPK-21 Electric Binding System
OFF-BI-10002026,Office Supplies,Binders,Avery Arch Ring Binders
OFF-BI-10004654,Office Supplies,Binders,Avery Binding System Hidden Tab Executive Style Index Sets
OFF-BI-10004876,Office Supplies,Binders,Wilson Jones Suede Grain Vinyl Binders
OFF-BI-10004965,Office Supplies,Binders,Ibico Covers for Plastic or Wire Binding Elements
OFF-PA-10003063,Office Supplies,Paper,EcoTones Memo Sheets
OFF-PA-10004888,Office Supplies,Paper,Xerox 217
OFF-ST-10000736,Office Supplies,Storage,Carina Double Wide Media Storage Towers in Natural & Black
TEC-PH-10002726,Technology,Phones,netTALK DUO VoIP Telephone Service
OFF-ST-10001713,Office Supplies,Storage,"Gould Plastics 9-Pocket Panel Bin, 18-3/8w x 5-1/4d x 20-1/2h, Black"
TEC-PH-10000984,Technology,Phones,Panasonic KX-TG9471B
TEC-PH-10001944,Technology,Phones,Wi-Ex zBoost YX540 Cellular Phone Signal Booster
FUR-BO-10003272,Furniture,Bookcases,O'Sullivan Living Dimensions 5-Shelf Bookcases
OFF-AR-10003179,Office Supplies,Art,Dixon Ticonderoga Core-Lock Colored Pencils
OFF-BI-10002982,Office Supplies,Binders,Avery Self-Adhesive Photo Pockets for Polaroid Photos
OFF-EN-10001509,Office Supplies,Envelopes,Poly String Tie Envelopes
OFF-PA-10003270,Office Supplies,Paper,Xerox 1954
FUR-CH-10000454,Furniture,Chairs,"Hon Deluxe Fabric Upholstered Stacking Chairs, Rounded Back"
FUR-CH-10002961,Furniture,Chairs,"Leather Task Chair, Black"
FUR-FU-10001095,Furniture,Furnishings,DAX Black Cherry Wood-Tone Poster Frame
OFF-AP-10001492,Office Supplies,Appliances,"Acco Six-Outlet Power Strip, 4' Cord Length"
OFF-AP-10001634,Office Supplies,Appliances,Hoover Commercial Lightweight Upright Vacuum
OFF-AP-10002191,Office Supplies,Appliances,Belkin 8 Outlet SurgeMaster II Gold Surge Protector
OFF-BI-10003274,Office Supplies,Binders,"Avery Durable Slant Ring Binders, No Labels"
OFF-BI-10003460,Office Supplies,Binders,Acco 3-Hole Punch
OFF-PA-10000174,Office Supplies,Paper,"Message Book, Wirebound, Four 5 1/2"" X 4"" Forms/Pg., 200 Dupl. Sets/Book"
OFF-PA-10004888,Office Supplies,Paper,Xerox 217
OFF-ST-10002615,Office Supplies,Storage,"Dual Level, Single-Width Filing Carts"
TEC-AC-10002370,Technology,Accessories,Maxell CD-R Discs
TEC-AC-10004859,Technology,Accessories,"Maxell Pro 80 Minute CD-R, 10/Pack"
FUR-CH-10002602,Furniture,Chairs,DMI Arturo Collection Mission-style Design Wood Chair
FUR-FU-10001588,Furniture,Furnishings,"Deflect-o SuperTray Unbreakable Stackable Tray, Letter, Black"
OFF-PA-10000675,Office Supplies,Paper,Xerox 1919
FUR-FU-10000277,Furniture,Furnishings,Deflect-o DuraMat Antistatic Studded Beveled Mat for Medium Pile Carpeting
OFF-PA-10001457,Office Supplies,Paper,White GlueTop Scratch Pads
OFF-PA-10001804,Office Supplies,Paper,Xerox 195
OFF-ST-10001321,Office Supplies,Storage,"Decoflex Hanging Personal Folder File, Blue"
OFF-ST-10001321,Office Supplies,Storage,"Decoflex Hanging Personal Folder File, Blue"
FUR-FU-10000521,Furniture,Furnishings,"Seth Thomas 14"" Putty-Colored Wall Clock"
FUR-FU-10001706,Furniture,Furnishings,Longer-Life Soft White Bulbs
FUR-FU-10004188,Furniture,Furnishings,Luxo Professional Combination Clamp-On Lamps
FUR-TA-10002958,Furniture,Tables,"Bevis Oval Conference Table, Walnut"
FUR-TA-10004147,Furniture,Tables,Hon 4060 Series Tables
FUR-TA-10004175,Furniture,Tables,"Hon 30"" x 60"" Table with Locking Drawer"
OFF-AR-10003469,Office Supplies,Art,Nontoxic Chalk
OFF-BI-10001308,Office Supplies,Binders,GBC Standard Plastic Binding Systems' Combs
OFF-FA-10001561,Office Supplies,Fasteners,Stockwell Push Pins
OFF-LA-10000121,Office Supplies,Labels,Avery 48
OFF-LA-10002945,Office Supplies,Labels,"Permanent Self-Adhesive File Folder Labels for Typewriters, 1 1/8 x 3 1/2, White"
OFF-PA-10000533,Office Supplies,Paper,Southworth Parchment Paper & Envelopes
OFF-PA-10001289,Office Supplies,Paper,White Computer Printout Paper by Universal
OFF-PA-10002105,Office Supplies,Paper,Xerox 223
OFF-ST-10000046,Office Supplies,Storage,Fellowes Super Stor/Drawer Files
OFF-ST-10002615,Office Supplies,Storage,"Dual Level, Single-Width Filing Carts"
OFF-ST-10004340,Office Supplies,Storage,"Fellowes Mobile File Cart, Black"
OFF-ST-10004459,Office Supplies,Storage,Tennsco Single-Tier Lockers
TEC-MA-10004241,Technology,Machines,Star Micronics TSP800 TSP847IIU Receipt Printer
FUR-FU-10000221,Furniture,Furnishings,"Master Caster Door Stop, Brown"
OFF-AP-10000696,Office Supplies,Appliances,Holmes Odor Grabber
OFF-AP-10003217,Office Supplies,Appliances,Eureka Sanitaire  Commercial Upright
OFF-BI-10003910,Office Supplies,Binders,DXL Angle-View Binders with Locking Rings by Samsill
OFF-PA-10004092,Office Supplies,Paper,Tops Green Bar Computer Printout Paper
OFF-PA-10004888,Office Supplies,Paper,Xerox 217
OFF-FA-10000254,Office Supplies,Fasteners,Sterling Rubber Bands by Alliance
OFF-EN-10004846,Office Supplies,Envelopes,Letter or Legal Size Expandable Poly String Tie Envelopes
OFF-FA-10000735,Office Supplies,Fasteners,Staples
OFF-PA-10001838,Office Supplies,Paper,"Adams Telephone Message Book W/Dividers/Space For Phone Numbers, 5 1/4""X8 1/2"", 300/Messages"
OFF-SU-10003567,Office Supplies,Supplies,Stiletto Hand Letter Openers
TEC-AC-10003038,Technology,Accessories,Kingston Digital DataTraveler 16GB USB 2.0
TEC-PH-10001557,Technology,Phones,Pyle PMP37LED
TEC-PH-10001760,Technology,Phones,Bose SoundLink Bluetooth Speaker
FUR-CH-10002774,Furniture,Chairs,"Global Deluxe Stacking Chair, Gray"
FUR-CH-10002880,Furniture,Chairs,"Global High-Back Leather Tilter, Burgundy"
FUR-FU-10000758,Furniture,Furnishings,DAX Natural Wood-Tone Poster Frame
FUR-TA-10001866,Furniture,Tables,Bevis Round Conference Room Tables and Bases
OFF-AR-10002335,Office Supplies,Art,DIXON Oriole Pencils
OFF-AR-10004010,Office Supplies,Art,Hunt Boston Vacuum Mount KS Pencil Sharpener
OFF-BI-10002609,Office Supplies,Binders,Avery Hidden Tab Dividers for Binding Systems
OFF-EN-10004030,Office Supplies,Envelopes,Convenience Packs of Business Envelopes
OFF-FA-10000254,Office Supplies,Fasteners,Sterling Rubber Bands by Alliance
OFF-FA-10002676,Office Supplies,Fasteners,Colored Push Pins
OFF-LA-10002271,Office Supplies,Labels,Smead Alpha-Z Color-Coded Second Alphabetical Labels and Starter Set
OFF-ST-10000532,Office Supplies,Storage,Advantus Rolling Drawer Organizers
TEC-AC-10003023,Technology,Accessories,Logitech G105 Gaming Keyboard
FUR-CH-10003298,Furniture,Chairs,"Office Star - Contemporary Task Swivel chair with Loop Arms, Charcoal"
OFF-BI-10002867,Office Supplies,Binders,GBC Recycled Regency Composition Covers
OFF-LA-10002475,Office Supplies,Labels,Avery 519
OFF-LA-10004689,Office Supplies,Labels,Avery 512
OFF-AP-10002892,Office Supplies,Appliances,Belkin F5C206VTEL 6 Outlet Surge
TEC-AC-10002800,Technology,Accessories,Plantronics Audio 478 Stereo USB Headset
FUR-CH-10001190,Furniture,Chairs,Global Deluxe High-Back Office Chair in Storm
FUR-FU-10004666,Furniture,Furnishings,DAX Clear Channel Poster Frame
FUR-TA-10004086,Furniture,Tables,KI Adjustable-Height Table
OFF-AP-10004052,Office Supplies,Appliances,"Hoover Replacement Belts For Soft Guard & Commercial Ltweight Upright Vacs, 2/Pk"
OFF-FA-10002780,Office Supplies,Fasteners,Staples
TEC-PH-10000702,Technology,Phones,"Square Credit Card Reader, 4 1/2"" x 4 1/2"" x 1"", White"
OFF-BI-10004099,Office Supplies,Binders,GBC VeloBinder Strips
OFF-ST-10000642,Office Supplies,Storage,"Tennsco Lockers, Gray"
OFF-ST-10001932,Office Supplies,Storage,Fellowes Staxonsteel Drawer Files
TEC-AC-10001445,Technology,Accessories,Imation USB 2.0 Swivel Flash Drive USB flash drive - 4 GB - Pink
FUR-FU-10000222,Furniture,Furnishings,"Seth Thomas 16"" Steel Case Clock"
OFF-ST-10001228,Office Supplies,Storage,"Fellowes Personal Hanging Folder Files, Navy"
OFF-PA-10003823,Office Supplies,Paper,Xerox 197
TEC-AC-10002331,Technology,Accessories,"Maxell 74 Minute CDR, 10/Pack"
OFF-AR-10002135,Office Supplies,Art,Boston Heavy-Duty Trimline Electric Pencil Sharpeners
OFF-PA-10004071,Office Supplies,Paper,"Eaton Premium Continuous-Feed Paper, 25% Cotton, Letter Size, White, 1000 Shts/Box"
TEC-PH-10002583,Technology,Phones,iOttie HLCRIO102 Car Mount
FUR-CH-10002774,Furniture,Chairs,"Global Deluxe Stacking Chair, Gray"
FUR-FU-10003724,Furniture,Furnishings,Westinghouse Clip-On Gooseneck Lamps
OFF-AR-10000937,Office Supplies,Art,"Dixon Ticonderoga Core-Lock Colored Pencils, 48-Color Set"
OFF-BI-10002429,Office Supplies,Binders,"Premier Elliptical Ring Binder, Black"
OFF-BI-10004140,Office Supplies,Binders,Avery Non-Stick Binders
OFF-BI-10004817,Office Supplies,Binders,GBC Personal VeloBind Strips
OFF-EN-10001219,Office Supplies,Envelopes,"#10- 4 1/8"" x 9 1/2"" Security-Tint Envelopes"
TEC-MA-10002694,Technology,Machines,Hewlett-Packard Deskjet F4180 All-in-One Color Ink-jet - Printer / copier / scanner
TEC-PH-10001128,Technology,Phones,Motorola Droid Maxx
TEC-PH-10004667,Technology,Phones,Cisco 8x8 Inc. 6753i IP Business Phone System
FUR-CH-10000229,Furniture,Chairs,Global Enterprise Series Seating High-Back Swivel/Tilt Chairs
FUR-FU-10001196,Furniture,Furnishings,DAX Cubicle Frames - 8x10
FUR-FU-10002107,Furniture,Furnishings,Eldon Pizzaz Desk Accessories
OFF-EN-10001219,Office Supplies,Envelopes,"#10- 4 1/8"" x 9 1/2"" Security-Tint Envelopes"
OFF-EN-10002230,Office Supplies,Envelopes,Airmail Envelopes
OFF-LA-10000240,Office Supplies,Labels,Self-Adhesive Address Labels for Typewriters by Universal
OFF-ST-10002352,Office Supplies,Storage,Iris Project Case
OFF-ST-10003816,Office Supplies,Storage,Fellowes High-Stak Drawer Files
TEC-AC-10002942,Technology,Accessories,WD My Passport Ultra 1TB Portable External Hard Drive
OFF-AR-10002053,Office Supplies,Art,"Premium Writing Pencils, Soft, #2 by Central Association for the Blind"
OFF-ST-10002370,Office Supplies,Storage,"Sortfiler Multipurpose Personal File Organizer, Black"
OFF-SU-10000898,Office Supplies,Supplies,"Acme Hot Forged Carbon Steel Scissors with Nickel-Plated Handles, 3 7/8"" Cut, 8""L"
FUR-CH-10002880,Furniture,Chairs,"Global High-Back Leather Tilter, Burgundy"
FUR-TA-10002903,Furniture,Tables,"Bevis Round Bullnose 29"" High Table Top"
OFF-AP-10000240,Office Supplies,Appliances,Belkin F9G930V10-GRY 9 Outlet Surge
OFF-AR-10003190,Office Supplies,Art,Newell 32
OFF-BI-10002432,Office Supplies,Binders,Wilson Jones Standard D-Ring Binders
OFF-BI-10002764,Office Supplies,Binders,Recycled Pressboard Report Cover with Reinforced Top Hinge
OFF-BI-10004738,Office Supplies,Binders,Flexible Leather- Look Classic Collection Ring Binder
OFF-EN-10003160,Office Supplies,Envelopes,Pastel Pink Envelopes
OFF-ST-10003641,Office Supplies,Storage,Space Solutions Industrial Galvanized Steel Shelving.
TEC-AC-10001101,Technology,Accessories,Sony 16GB Class 10 Micro SDHC R40 Memory Card
TEC-AC-10001542,Technology,Accessories,SanDisk Cruzer 16 GB USB Flash Drive
FUR-CH-10000749,Furniture,Chairs,Office Star - Ergonomic Mid Back Chair with 2-Way Adjustable Arms
OFF-AP-10004052,Office Supplies,Appliances,"Hoover Replacement Belts For Soft Guard & Commercial Ltweight Upright Vacs, 2/Pk"
OFF-BI-10000343,Office Supplies,Binders,"Pressboard Covers with Storage Hooks, 9 1/2"" x 11"", Light Blue"
OFF-BI-10003476,Office Supplies,Binders,Avery Metallic Poly Binders
OFF-PA-10001184,Office Supplies,Paper,Xerox 1903
OFF-PA-10002581,Office Supplies,Paper,Xerox 1951
OFF-ST-10000615,Office Supplies,Storage,"SimpliFile Personal File, Black Granite, 15w x 6-15/16d x 11-1/4h"
OFF-ST-10001469,Office Supplies,Storage,Fellowes Bankers Box Recycled Super Stor/Drawer
TEC-AC-10000865,Technology,Accessories,WD My Passport Ultra 500GB Portable External Hard Drive
TEC-CO-10002095,Technology,Copiers,Hewlett Packard 610 Color Digital Copier / Printer
FUR-CH-10003761,Furniture,Chairs,Global Italian Leather Office Chair
FUR-FU-10004270,Furniture,Furnishings,"Executive Impressions 13"" Clairmont Wall Clock"
OFF-PA-10002230,Office Supplies,Paper,Xerox 1897
OFF-BI-10000136,Office Supplies,Binders,Avery Non-Stick Heavy Duty View Round Locking Ring Binders
TEC-AC-10003610,Technology,Accessories,Logitech Illuminated - Keyboard
FUR-FU-10004586,Furniture,Furnishings,G.E. Longer-Life Indoor Recessed Floodlight Bulbs
OFF-BI-10003676,Office Supplies,Binders,"GBC Standard Recycled Report Covers, Clear Plastic Sheets"
TEC-AC-10001314,Technology,Accessories,Case Logic 2.4GHz Wireless Keyboard
FUR-CH-10003774,Furniture,Chairs,"Global Wood Trimmed Manager's Task Chair, Khaki"
FUR-CH-10004626,Furniture,Chairs,Office Star Flex Back Scooter Chair with Aluminum Finish Frame
OFF-BI-10003784,Office Supplies,Binders,Computer Printout Index Tabs
OFF-EN-10001335,Office Supplies,Envelopes,"White Business Envelopes with Contemporary Seam, Recycled White Business Envelopes"
OFF-PA-10000167,Office Supplies,Paper,Xerox 1925
OFF-PA-10003016,Office Supplies,Paper,"Adams ""While You Were Out"" Message Pads"
OFF-ST-10001522,Office Supplies,Storage,"Gould Plastics 18-Pocket Panel Bin, 34w x 5-1/4d x 20-1/2h"
OFF-ST-10003479,Office Supplies,Storage,"Eldon Base for stackable storage shelf, platinum"
TEC-PH-10002352,Technology,Phones,Avaya IP Phone 1140E VoIP phone
OFF-BI-10003196,Office Supplies,Binders,Accohide Poly Flexible Ring Binders
OFF-BI-10003727,Office Supplies,Binders,Avery Durable Slant Ring Binders With Label Holder
OFF-LA-10002787,Office Supplies,Labels,Avery 480
OFF-PA-10003228,Office Supplies,Paper,Xerox 1917
OFF-PA-10004519,Office Supplies,Paper,Spiral Phone Message Books with Labels by Adams
TEC-PH-10001305,Technology,Phones,Panasonic KX TS208W Corded phone
TEC-PH-10004922,Technology,Phones,RCA Visys Integrated PBX 8-Line Router
FUR-FU-10004712,Furniture,Furnishings,"Westinghouse Mesh Shade Clip-On Gooseneck Lamp, Black"
OFF-ST-10000918,Office Supplies,Storage,Crate-A-Files
TEC-PH-10004922,Technology,Phones,RCA Visys Integrated PBX 8-Line Router
FUR-TA-10003008,Furniture,Tables,"Lesro Round Back Collection Coffee Table, End Table"
OFF-BI-10000632,Office Supplies,Binders,Satellite Sectional Post Binders
OFF-LA-10003510,Office Supplies,Labels,"Avery 4027 File Folder Labels for Dot Matrix Printers, 5000 Labels per Box, White"
OFF-PA-10002109,Office Supplies,Paper,Wirebound Voice Message Log Book
OFF-ST-10000934,Office Supplies,Storage,"Contico 72""H Heavy-Duty Storage System"
OFF-ST-10001713,Office Supplies,Storage,"Gould Plastics 9-Pocket Panel Bin, 18-3/8w x 5-1/4d x 20-1/2h, Black"
OFF-ST-10003805,Office Supplies,Storage,"24 Capacity Maxi Data Binder Racks, Pearl"
TEC-AC-10001606,Technology,Accessories,Logitech Wireless Performance Mouse MX for PC and Mac
FUR-TA-10000617,Furniture,Tables,"Hon Practical Foundations 30 x 60 Training Table, Light Gray/Charcoal"
FUR-TA-10004607,Furniture,Tables,Hon 2111 Invitation Series Straight Table
OFF-AP-10004708,Office Supplies,Appliances,Fellowes Superior 10 Outlet Split Surge Protector
OFF-AR-10001022,Office Supplies,Art,SANFORD Liquid Accent Tank-Style Highlighters
OFF-BI-10001460,Office Supplies,Binders,Plastic Binding Combs
OFF-ST-10003479,Office Supplies,Storage,"Eldon Base for stackable storage shelf, platinum"
FUR-FU-10000193,Furniture,Furnishings,Tenex Chairmats For Use with Hard Floors
FUR-FU-10000521,Furniture,Furnishings,"Seth Thomas 14"" Putty-Colored Wall Clock"
OFF-BI-10002706,Office Supplies,Binders,Avery Premier Heavy-Duty Binder with Round Locking Rings
OFF-FA-10002763,Office Supplies,Fasteners,Advantus Map Pennant Flags and Round Head Tacks
OFF-PA-10000788,Office Supplies,Paper,Xerox 210
OFF-BI-10000309,Office Supplies,Binders,"GBC Twin Loop Wire Binding Elements, 9/16"" Spine, Black"
OFF-BI-10002353,Office Supplies,Binders,GBC VeloBind Cover Sets
TEC-AC-10001553,Technology,Accessories,"Memorex 25GB 6X Branded Blu-Ray Recordable Disc, 15/Pack"
FUR-FU-10000448,Furniture,Furnishings,Tenex Chairmats For Use With Carpeted Floors
TEC-PH-10000526,Technology,Phones,Vtech CS6719
OFF-PA-10000349,Office Supplies,Paper,Easy-staple paper
OFF-PA-10001166,Office Supplies,Paper,Xerox 2
FUR-BO-10001337,Furniture,Bookcases,O'Sullivan Living Dimensions 2-Shelf Bookcases
OFF-BI-10004140,Office Supplies,Binders,Avery Non-Stick Binders
OFF-ST-10003442,Office Supplies,Storage,Eldon Portable Mobile Manager
OFF-SU-10000646,Office Supplies,Supplies,Premier Automatic Letter Opener
OFF-SU-10002301,Office Supplies,Supplies,Serrated Blade or Curved Handle Hand Letter Openers
TEC-PH-10001336,Technology,Phones,Digium D40 VoIP phone
OFF-PA-10000482,Office Supplies,Paper,"Snap-A-Way Black Print Carbonless Ruled Speed Letter, Triplicate"
TEC-AC-10003433,Technology,Accessories,Maxell 4.7GB DVD+R 5/Pack
TEC-PH-10001363,Technology,Phones,Apple iPhone 5S
FUR-CH-10002320,Furniture,Chairs,Hon Pagoda Stacking Chairs
FUR-CH-10003833,Furniture,Chairs,Novimex Fabric Task Chair
FUR-FU-10000023,Furniture,Furnishings,Eldon Wave Desk Accessories
FUR-FU-10002364,Furniture,Furnishings,"Eldon Expressions Wood Desk Accessories, Oak"
FUR-TA-10003238,Furniture,Tables,"Chromcraft Bull-Nose Wood 48"" x 96"" Rectangular Conference Tables"
FUR-TA-10003954,Furniture,Tables,Hon 94000 Series Round Tables
OFF-AR-10001419,Office Supplies,Art,Newell 325
OFF-AR-10001683,Office Supplies,Art,Lumber Crayons
OFF-BI-10002571,Office Supplies,Binders,"Avery Framed View Binder, EZD Ring (Locking), Navy, 1 1/2"""
OFF-BI-10004001,Office Supplies,Binders,GBC Recycled VeloBinder Covers
OFF-BI-10004209,Office Supplies,Binders,"Fellowes Twister Kit, Gray/Clear, 3/pkg"
OFF-FA-10002975,Office Supplies,Fasteners,Staples
OFF-PA-10000477,Office Supplies,Paper,Xerox 1952
OFF-PA-10002195,Office Supplies,Paper,"RSVP Cards & Envelopes, Blank White, 8-1/2"" X 11"", 24 Cards/25 Envelopes/Set"
OFF-ST-10001963,Office Supplies,Storage,Tennsco Regal Shelving Units
OFF-ST-10003996,Office Supplies,Storage,"Letter/Legal File Tote with Clear Snap-On Lid, Black Granite"
TEC-AC-10004568,Technology,Accessories,Maxell LTO Ultrium - 800 GB
TEC-PH-10000486,Technology,Phones,Plantronics HL10 Handset Lifter
TEC-PH-10003092,Technology,Phones,Motorola L804
FUR-FU-10002253,Furniture,Furnishings,"Howard Miller 13"" Diameter Pewter Finish Round Wall Clock"
FUR-FU-10003142,Furniture,Furnishings,"Master Big Foot Doorstop, Beige"
OFF-AP-10002518,Office Supplies,Appliances,Kensington 7 Outlet MasterPiece Power Center
OFF-AP-10004708,Office Supplies,Appliances,Fellowes Superior 10 Outlet Split Surge Protector
OFF-AR-10000634,Office Supplies,Art,Newell 320
OFF-AR-10001897,Office Supplies,Art,Model L Table or Wall-Mount Pencil Sharpener
OFF-AR-10001919,Office Supplies,Art,"OIC #2 Pencils, Medium Soft"
OFF-BI-10000494,Office Supplies,Binders,Acco Economy Flexible Poly Round Ring Binder
OFF-BI-10001658,Office Supplies,Binders,GBC Standard Therm-A-Bind Covers
OFF-FA-10003021,Office Supplies,Fasteners,Staples
OFF-LA-10001771,Office Supplies,Labels,Avery 513
OFF-LA-10003498,Office Supplies,Labels,Avery 475
OFF-PA-10000533,Office Supplies,Paper,Southworth Parchment Paper & Envelopes
OFF-PA-10000806,Office Supplies,Paper,Xerox 1934
OFF-PA-10004947,Office Supplies,Paper,Easy-staple paper
OFF-ST-10000464,Office Supplies,Storage,"Multi-Use Personal File Cart and Caster Set, Three Stacking Bins"
OFF-ST-10001128,Office Supplies,Storage,"Carina Mini System Audio Rack, Model AR050B"
TEC-PH-10000673,Technology,Phones,Plantronics Voyager Pro HD - Bluetooth Headset
TEC-PH-10001795,Technology,Phones,ClearOne CHATAttach 160 - speaker phone
TEC-PH-10004434,Technology,Phones,Cisco IP Phone 7961G VoIP phone - Dark gray
FUR-FU-10004018,Furniture,Furnishings,Tensor Computer Mounted Lamp
OFF-BI-10001098,Office Supplies,Binders,Acco D-Ring Binder w/DublLock
OFF-LA-10001569,Office Supplies,Labels,Avery 499
OFF-ST-10003208,Office Supplies,Storage,Adjustable Depth Letter/Legal Cart
TEC-AC-10000023,Technology,Accessories,"Maxell 74 Minute CD-R Spindle, 50/Pack"
TEC-AC-10004171,Technology,Accessories,Razer Kraken 7.1 Surround Sound Over Ear USB Gaming Headset
TEC-PH-10001299,Technology,Phones,Polycom CX300 Desktop Phone USB VoIP phone
TEC-PH-10001552,Technology,Phones,I Need's 3d Hello Kitty Hybrid Silicone Case Cover for HTC One X 4g with 3d Hello Kitty Stylus Pen Green/pink
TEC-PH-10001615,Technology,Phones,AT&T CL82213
TEC-PH-10001750,Technology,Phones,Samsung Rugby III
TEC-PH-10002923,Technology,Phones,"Logitech B530 USB Headset - headset - Full size, Binaural"
FUR-FU-10001468,Furniture,Furnishings,Tenex Antistatic Computer Chair Mats
FUR-TA-10001768,Furniture,Tables,Hon Racetrack Conference Tables
OFF-AR-10001868,Office Supplies,Art,Prang Dustless Chalk Sticks
OFF-BI-10000546,Office Supplies,Binders,Avery Durable Binders
OFF-BI-10000666,Office Supplies,Binders,Surelock Post Binders
OFF-BI-10002982,Office Supplies,Binders,Avery Self-Adhesive Photo Pockets for Polaroid Photos
OFF-BI-10003712,Office Supplies,Binders,"Acco Pressboard Covers with Storage Hooks, 14 7/8"" x 11"", Light Blue"
OFF-PA-10000141,Office Supplies,Paper,"Ampad Evidence Wirebond Steno Books, 6"" x 9"""
OFF-PA-10001019,Office Supplies,Paper,Xerox 1884
OFF-ST-10001558,Office Supplies,Storage,Acco Perma 4000 Stacking Storage Drawers
OFF-SU-10000157,Office Supplies,Supplies,Compact Automatic Electric Letter Opener
OFF-SU-10002522,Office Supplies,Supplies,Acme Kleen Earth Office Shears
TEC-AC-10003280,Technology,Accessories,Belkin F8E887 USB Wired Ergonomic Keyboard
TEC-PH-10000984,Technology,Phones,Panasonic KX-TG9471B
FUR-CH-10002602,Furniture,Chairs,DMI Arturo Collection Mission-style Design Wood Chair
FUR-FU-10004671,Furniture,Furnishings,"Executive Impressions 12"" Wall Clock"
FUR-TA-10002041,Furniture,Tables,"Bevis Round Conference Table Top, X-Base"
OFF-AP-10004859,Office Supplies,Appliances,Acco 6 Outlet Guardian Premium Surge Suppressor
OFF-AR-10000940,Office Supplies,Art,Newell 343
OFF-BI-10000962,Office Supplies,Binders,"Acco Flexible ACCOHIDE Square Ring Data Binder, Dark Blue, 11 1/2"" X 14"" 7/8"""
OFF-BI-10001036,Office Supplies,Binders,Cardinal EasyOpen D-Ring Binders
OFF-FA-10000585,Office Supplies,Fasteners,OIC Bulk Pack Metal Binder Clips
OFF-PA-10000223,Office Supplies,Paper,Xerox 2000
OFF-ST-10002974,Office Supplies,Storage,"Trav-L-File Heavy-Duty Shuttle II, Black"
TEC-AC-10000892,Technology,Accessories,NETGEAR N750 Dual Band Wi-Fi Gigabit Router
TEC-MA-10002927,Technology,Machines,Canon imageCLASS MF7460 Monochrome Digital Laser Multifunction Copier
TEC-MA-10003246,Technology,Machines,Hewlett-Packard Deskjet D4360 Printer
TEC-PH-10001079,Technology,Phones,Polycom SoundPoint Pro SE-225 Corded phone
TEC-PH-10004093,Technology,Phones,Panasonic Kx-TS550
FUR-CH-10004754,Furniture,Chairs,"Global Stack Chair with Arms, Black"
FUR-FU-10000320,Furniture,Furnishings,OIC Stacking Trays
FUR-FU-10001468,Furniture,Furnishings,Tenex Antistatic Computer Chair Mats
OFF-BI-10003684,Office Supplies,Binders,Wilson Jones Legal Size Ring Binders
OFF-ST-10003716,Office Supplies,Storage,Tennsco Double-Tier Lockers
TEC-AC-10001101,Technology,Accessories,Sony 16GB Class 10 Micro SDHC R40 Memory Card
TEC-AC-10002550,Technology,Accessories,Maxell 4.7GB DVD-RW 3/Pack
TEC-AC-10004864,Technology,Accessories,Memorex Micro Travel Drive 32 GB
OFF-PA-10000587,Office Supplies,Paper,"Array Parchment Paper, Assorted Colors"
FUR-CH-10002758,Furniture,Chairs,"Hon Deluxe Fabric Upholstered Stacking Chairs, Squared Back"
OFF-AP-10001293,Office Supplies,Appliances,Belkin 8 Outlet Surge Protector
OFF-AR-10002240,Office Supplies,Art,Panasonic KP-150 Electric Pencil Sharpener
OFF-BI-10000201,Office Supplies,Binders,"Avery Triangle Shaped Sheet Lifters, Black, 2/Pack"
OFF-BI-10000632,Office Supplies,Binders,Satellite Sectional Post Binders
OFF-BI-10003684,Office Supplies,Binders,Wilson Jones Legal Size Ring Binders
OFF-BI-10004970,Office Supplies,Binders,"ACCOHIDE 3-Ring Binder, Blue, 1"""
OFF-EN-10004773,Office Supplies,Envelopes,Staple envelope
OFF-FA-10000611,Office Supplies,Fasteners,Binder Clips by OIC
OFF-PA-10000246,Office Supplies,Paper,Riverleaf Stik-Withit Designer Note Cubes
OFF-PA-10000304,Office Supplies,Paper,Xerox 1995
OFF-ST-10002214,Office Supplies,Storage,X-Rack File for Hanging Folders
OFF-ST-10004258,Office Supplies,Storage,Portable Personal File Box
OFF-SU-10004115,Office Supplies,Supplies,Acme Stainless Steel Office Snips
TEC-PH-10004447,Technology,Phones,Toshiba IPT2010-SD IP Telephone
FUR-BO-10001601,Furniture,Bookcases,"Sauder Mission Library with Doors, Fruitwood Finish"
FUR-FU-10004091,Furniture,Furnishings,"Eldon 200 Class Desk Accessories, Black"
OFF-PA-10001509,Office Supplies,Paper,"Recycled Desk Saver Line ""While You Were Out"" Book, 5 1/2"" X 4"""
OFF-PA-10003465,Office Supplies,Paper,Xerox 1912
OFF-ST-10001321,Office Supplies,Storage,"Decoflex Hanging Personal Folder File, Blue"
OFF-ST-10002743,Office Supplies,Storage,SAFCO Boltless Steel Shelving
TEC-PH-10002680,Technology,Phones,Samsung Galaxy Note 3
FUR-CH-10004997,Furniture,Chairs,Hon Every-Day Series Multi-Task Chairs
FUR-FU-10000397,Furniture,Furnishings,Luxo Economy Swing Arm Lamp
FUR-FU-10001867,Furniture,Furnishings,"Eldon Expressions Punched Metal & Wood Desk Accessories, Pewter & Cherry"
OFF-AR-10001149,Office Supplies,Art,"Avery Hi-Liter Comfort Grip Fluorescent Highlighter, Yellow Ink"
OFF-LA-10000407,Office Supplies,Labels,Avery White Multi-Purpose Labels
OFF-PA-10000130,Office Supplies,Paper,Xerox 199
OFF-PA-10002137,Office Supplies,Paper,"Southworth 100% Résumé Paper, 24lb."
OFF-PA-10002479,Office Supplies,Paper,Xerox 4200 Series MultiUse Premium Copy Paper (20Lb. and 84 Bright)
OFF-ST-10001490,Office Supplies,Storage,"Hot File 7-Pocket, Floor Stand"
OFF-ST-10004950,Office Supplies,Storage,Acco Perma 3000 Stacking Storage Drawers
TEC-AC-10004209,Technology,Accessories,Memorex Froggy Flash Drive 4 GB
TEC-PH-10002103,Technology,Phones,Jabra SPEAK 410
FUR-BO-10002545,Furniture,Bookcases,"Atlantic Metals Mobile 3-Shelf Bookcases, Custom Colors"
FUR-CH-10000665,Furniture,Chairs,"Global Airflow Leather Mesh Back Chair, Black"
FUR-CH-10000988,Furniture,Chairs,Hon Olson Stacker Stools
FUR-CH-10003379,Furniture,Chairs,Global Commerce Series High-Back Swivel/Tilt Chairs
FUR-FU-10000175,Furniture,Furnishings,DAX Wood Document Frame
FUR-FU-10000409,Furniture,Furnishings,"GE 4 Foot Flourescent Tube, 40 Watt"
OFF-AP-10001626,Office Supplies,Appliances,"Commercial WindTunnel Clean Air Upright Vacuum, Replacement Belts, Filtration Bags"
OFF-AP-10002892,Office Supplies,Appliances,Belkin F5C206VTEL 6 Outlet Surge
OFF-AR-10000034,Office Supplies,Art,"BIC Brite Liner Grip Highlighters, Assorted, 5/Pack"
OFF-AR-10003156,Office Supplies,Art,50 Colored Long Pencils
OFF-AR-10003582,Office Supplies,Art,"Boston Electric Pencil Sharpener, Model 1818, Charcoal Black"
OFF-BI-10001267,Office Supplies,Binders,"Universal Recycled Hanging Pressboard Report Binders, Letter Size"
OFF-BI-10001359,Office Supplies,Binders,GBC DocuBind TL300 Electric Binding System
OFF-BI-10003527,Office Supplies,Binders,Fellowes PB500 Electric Punch Plastic Comb Binding Machine with Manual Bind
OFF-PA-10001033,Office Supplies,Paper,Xerox 1893
OFF-PA-10001776,Office Supplies,Paper,"Wirebound Message Books, Four 2 3/4"" x 5"" Forms per Page, 600 Sets per Book"
OFF-PA-10003625,Office Supplies,Paper,Xerox 1979
OFF-PA-10003724,Office Supplies,Paper,"Wirebound Message Book, 4 per Page"
OFF-PA-10004039,Office Supplies,Paper,Xerox 1882
OFF-ST-10004186,Office Supplies,Storage,"Stur-D-Stor Shelving, Vertical 5-Shelf: 72""H x 36""W x 18 1/2""D"
OFF-SU-10001574,Office Supplies,Supplies,Acme Value Line Scissors
TEC-AC-10002718,Technology,Accessories,Belkin Standard 104 key USB Keyboard
TEC-PH-10000560,Technology,Phones,Samsung Galaxy S III - 16GB - pebble blue (T-Mobile)
TEC-PH-10001425,Technology,Phones,Mophie Juice Pack Helium for iPhone
TEC-PH-10003505,Technology,Phones,Geemarc AmpliPOWER60
TEC-PH-10004959,Technology,Phones,Classic Ivory Antique Telephone ZL1810
FUR-BO-10004467,Furniture,Bookcases,Bestar Classic Bookcase
FUR-FU-10004587,Furniture,Furnishings,"GE General Use Halogen Bulbs, 100 Watts, 1 Bulb per Pack"
FUR-TA-10002356,Furniture,Tables,Bevis Boat-Shaped Conference Table
OFF-AR-10003183,Office Supplies,Art,Avery Fluorescent Highlighter Four-Color Set
OFF-AR-10003651,Office Supplies,Art,Newell 350
OFF-PA-10001947,Office Supplies,Paper,Xerox 1974
OFF-PA-10004100,Office Supplies,Paper,Xerox 216
OFF-ST-10001328,Office Supplies,Storage,"Personal Filing Tote with Lid, Black/Gray"
OFF-SU-10000432,Office Supplies,Supplies,Acco Side-Punched Conventional Columnar Pads
TEC-AC-10002567,Technology,Accessories,Logitech G602 Wireless Gaming Mouse
TEC-AC-10003832,Technology,Accessories,Imation 16GB Mini TravelDrive USB 2.0 Flash Drive
FUR-CH-10001797,Furniture,Chairs,"Safco Chair Connectors, 6/Carton"
OFF-BI-10000546,Office Supplies,Binders,Avery Durable Binders
OFF-BI-10000756,Office Supplies,Binders,Storex DuraTech Recycled Plastic Frosted Binders
OFF-BI-10003460,Office Supplies,Binders,Acco 3-Hole Punch
OFF-PA-10002262,Office Supplies,Paper,Xerox 192
OFF-PA-10004470,Office Supplies,Paper,"Adams Write n' Stick Phone Message Book, 11"" X 5 1/4"", 200 Messages"
OFF-PA-10004609,Office Supplies,Paper,Xerox 221
TEC-PH-10001079,Technology,Phones,Polycom SoundPoint Pro SE-225 Corded phone
FUR-FU-10002505,Furniture,Furnishings,Eldon 100 Class Desk Accessories
OFF-AP-10002118,Office Supplies,Appliances,"1.7 Cubic Foot Compact ""Cube"" Office Refrigerators"
OFF-AR-10001315,Office Supplies,Art,Newell 310
OFF-EN-10003001,Office Supplies,Envelopes,Ames Color-File Green Diamond Border X-ray Mailers
OFF-PA-10002137,Office Supplies,Paper,"Southworth 100% Résumé Paper, 24lb."
OFF-SU-10001574,Office Supplies,Supplies,Acme Value Line Scissors
OFF-SU-10002537,Office Supplies,Supplies,Acme Box Cutter Scissors
TEC-AC-10003832,Technology,Accessories,Logitech P710e Mobile Speakerphone
FUR-BO-10004015,Furniture,Bookcases,"Bush Andora Bookcase, Maple/Graphite Gray Finish"
FUR-CH-10002017,Furniture,Chairs,SAFCO Optional Arm Kit for Workspace Cribbage Stacking Chair
OFF-BI-10001634,Office Supplies,Binders,Wilson Jones Active Use Binders
OFF-EN-10004483,Office Supplies,Envelopes,"#10 White Business Envelopes,4 1/8 x 9 1/2"
OFF-LA-10001045,Office Supplies,Labels,Permanent Self-Adhesive File Folder Labels for Typewriters by Universal
OFF-PA-10003270,Office Supplies,Paper,Xerox 1954
OFF-ST-10000675,Office Supplies,Storage,"File Shuttle II and Handi-File, Black"
OFF-ST-10000991,Office Supplies,Storage,Space Solutions HD Industrial Steel Shelving.
TEC-PH-10000038,Technology,Phones,Jawbone MINI JAMBOX Wireless Bluetooth Speaker
TEC-PH-10004188,Technology,Phones,OtterBox Commuter Series Case - Samsung Galaxy S4
FUR-BO-10002213,Furniture,Bookcases,DMI Eclipse Executive Suite Bookcases
FUR-CH-10004289,Furniture,Chairs,Global Super Steno Chair
FUR-CH-10004997,Furniture,Chairs,Hon Every-Day Series Multi-Task Chairs
FUR-FU-10002379,Furniture,Furnishings,Eldon Econocleat Chair Mats for Low Pile Carpets
OFF-AP-10001242,Office Supplies,Appliances,APC 7 Outlet Network SurgeArrest Surge Protector
OFF-AR-10003752,Office Supplies,Art,Deluxe Chalkboard Eraser Cleaner
OFF-BI-10001359,Office Supplies,Binders,GBC DocuBind TL300 Electric Binding System
OFF-EN-10002600,Office Supplies,Envelopes,"Redi-Strip #10 Envelopes, 4 1/8 x 9 1/2"
OFF-PA-10002137,Office Supplies,Paper,"Southworth 100% Résumé Paper, 24lb."
OFF-PA-10003395,Office Supplies,Paper,Xerox 1941
OFF-PA-10003591,Office Supplies,Paper,Southworth 100% Cotton The Best Paper
OFF-ST-10002011,Office Supplies,Storage,Smead Adjustable Mobile File Trolley with Lockable Top
TEC-AC-10001314,Technology,Accessories,Case Logic 2.4GHz Wireless Keyboard
FUR-BO-10003546,Furniture,Bookcases,Hon 4-Shelf Metal Bookcases
FUR-CH-10001482,Furniture,Chairs,Office Star - Mesh Screen back chair with Vinyl seat
FUR-FU-10001473,Furniture,Furnishings,"Eldon Executive Woodline II Desk Accessories, Mahogany"
FUR-FU-10001546,Furniture,Furnishings,Dana Swing-Arm Lamps
FUR-FU-10003553,Furniture,Furnishings,"Howard Miller 13-1/2"" Diameter Rosebrook Wall Clock"
FUR-TA-10000849,Furniture,Tables,Bevis Rectangular Conference Tables
FUR-TA-10002533,Furniture,Tables,BPI Conference Tables
FUR-TA-10003008,Furniture,Tables,"Lesro Round Back Collection Coffee Table, End Table"
OFF-BI-10001107,Office Supplies,Binders,"GBC White Gloss Covers, Plain Front"
OFF-BI-10001757,Office Supplies,Binders,Pressboard Hanging Data Binders for Unburst Sheets
OFF-BI-10003656,Office Supplies,Binders,Fellowes PB200 Plastic Comb Binding Machine
OFF-BI-10004656,Office Supplies,Binders,Peel & Stick Add-On Corner Pockets
OFF-BI-10004728,Office Supplies,Binders,Wilson Jones Turn Tabs Binder Tool for Ring Binders
OFF-PA-10002259,Office Supplies,Paper,"Geographics Note Cards, Blank, White, 8 1/2"" x 11"""
OFF-PA-10003016,Office Supplies,Paper,"Adams ""While You Were Out"" Message Pads"
OFF-ST-10000025,Office Supplies,Storage,Fellowes Stor/Drawer Steel Plus Storage Drawers
OFF-ST-10000885,Office Supplies,Storage,Fellowes Desktop Hanging File Manager
OFF-ST-10003656,Office Supplies,Storage,Safco Industrial Wire Shelving
TEC-PH-10001128,Technology,Phones,Motorola Droid Maxx
TEC-PH-10004875,Technology,Phones,PNY Rapid USB Car Charger - Black
FUR-BO-10000362,Furniture,Bookcases,Sauder Inglewood Library Bookcases
OFF-BI-10002429,Office Supplies,Binders,"Premier Elliptical Ring Binder, Black"
OFF-LA-10001569,Office Supplies,Labels,Avery 499
OFF-LA-10002787,Office Supplies,Labels,Avery 480
OFF-PA-10000357,Office Supplies,Paper,Xerox 1888
OFF-PA-10001583,Office Supplies,Paper,"1/4 Fold Party Design Invitations & White Envelopes, 24 8-1/2"" X 11"" Cards, 25 Env./Pack"
OFF-ST-10000877,Office Supplies,Storage,Recycled Steel Personal File for Standard File Folders
TEC-AC-10002345,Technology,Accessories,HP Standard 104 key PS/2 Keyboard
TEC-AC-10003023,Technology,Accessories,Logitech G105 Gaming Keyboard
TEC-PH-10002103,Technology,Phones,Jabra SPEAK 410
TEC-PH-10002885,Technology,Phones,Apple iPhone 5
TEC-PH-10003273,Technology,Phones,AT&T TR1909W
TEC-PH-10004896,Technology,Phones,Nokia Lumia 521 (T-Mobile)
OFF-BI-10003669,Office Supplies,Binders,3M Organizer Strips
OFF-EN-10002592,Office Supplies,Envelopes,"Peel & Seel Recycled Catalog Envelopes, Brown"
OFF-PA-10000223,Office Supplies,Paper,Xerox 2000
TEC-PH-10004447,Technology,Phones,Toshiba IPT2010-SD IP Telephone
OFF-AR-10002833,Office Supplies,Art,Newell 322
OFF-EN-10001509,Office Supplies,Envelopes,Poly String Tie Envelopes
OFF-PA-10001609,Office Supplies,Paper,Tops Wirebound Message Log Books
OFF-PA-10003309,Office Supplies,Paper,Xerox 211
OFF-PA-10004359,Office Supplies,Paper,Multicolor Computer Printout Paper
OFF-ST-10001511,Office Supplies,Storage,Space Solutions Commercial Steel Shelving
TEC-AC-10000474,Technology,Accessories,Kensington Expert Mouse Optical USB Trackball for PC or Mac
TEC-PH-10002923,Technology,Phones,"Logitech B530 USB Headset - headset - Full size, Binaural"
TEC-PH-10004922,Technology,Phones,RCA Visys Integrated PBX 8-Line Router
OFF-AP-10002734,Office Supplies,Appliances,Holmes Harmony HEPA Air Purifier for 17 x 20 Room
OFF-BI-10001071,Office Supplies,Binders,GBC ProClick Punch Binding System
OFF-BI-10001765,Office Supplies,Binders,Wilson Jones Heavy-Duty Casebound Ring Binders with Metal Hinges
OFF-BI-10002571,Office Supplies,Binders,"Avery Framed View Binder, EZD Ring (Locking), Navy, 1 1/2"""
OFF-EN-10001990,Office Supplies,Envelopes,Staple envelope
OFF-EN-10004955,Office Supplies,Envelopes,Fashion Color Clasp Envelopes
OFF-PA-10001752,Office Supplies,Paper,Hammermill CopyPlus Copy Paper (20Lb. and 84 Bright)
OFF-PA-10002245,Office Supplies,Paper,Xerox 1895
FUR-CH-10000595,Furniture,Chairs,Safco Contoured Stacking Chairs
FUR-CH-10000863,Furniture,Chairs,Novimex Swivel Fabric Task Chair
FUR-CH-10001973,Furniture,Chairs,Office Star Flex Back Scooter Chair with White Frame
FUR-FU-10001940,Furniture,Furnishings,Staple-based wall hangings
OFF-AP-10004336,Office Supplies,Appliances,"Conquest 14 Commercial Heavy-Duty Upright Vacuum, Collection System, Accessory Kit"
OFF-BI-10002049,Office Supplies,Binders,UniKeep View Case Binders
OFF-EN-10002621,Office Supplies,Envelopes,Staple envelope
OFF-EN-10003040,Office Supplies,Envelopes,Quality Park Security Envelopes
OFF-EN-10003160,Office Supplies,Envelopes,Pastel Pink Envelopes
OFF-LA-10003923,Office Supplies,Labels,Alphabetical Labels for Top Tab Filing
TEC-AC-10003280,Technology,Accessories,Belkin F8E887 USB Wired Ergonomic Keyboard
TEC-AC-10003709,Technology,Accessories,Maxell 4.7GB DVD-R 5/Pack
FUR-CH-10000847,Furniture,Chairs,Global Executive Mid-Back Manager's Chair
FUR-CH-10001714,Furniture,Chairs,"Global Leather & Oak Executive Chair, Burgundy"
FUR-FU-10001602,Furniture,Furnishings,"Eldon Delta Triangular Chair Mat, 52"" x 58"", Clear"
FUR-FU-10002045,Furniture,Furnishings,"Executive Impressions 14"""
FUR-FU-10002960,Furniture,Furnishings,"Eldon 200 Class Desk Accessories, Burgundy"
OFF-AR-10000380,Office Supplies,Art,"Hunt PowerHouse Electric Pencil Sharpener, Blue"
OFF-AR-10004757,Office Supplies,Art,Crayola Colored Pencils
OFF-BI-10003350,Office Supplies,Binders,Acco Expandable Hanging Binders
OFF-BI-10004656,Office Supplies,Binders,Peel & Stick Add-On Corner Pockets
OFF-LA-10003930,Office Supplies,Labels,"Dot Matrix Printer Tape Reel Labels, White, 5000/Box"
OFF-PA-10001800,Office Supplies,Paper,Xerox 220
OFF-PA-10001815,Office Supplies,Paper,Xerox 1885
OFF-PA-10004082,Office Supplies,Paper,"Adams Telephone Message Book w/Frequently-Called Numbers Space, 400 Messages per Book"
OFF-ST-10000036,Office Supplies,Storage,"Recycled Data-Pak for Archival Bound Computer Printouts, 12-1/2 x 12-1/2 x 16"
OFF-ST-10000046,Office Supplies,Storage,Fellowes Super Stor/Drawer Files
OFF-ST-10002344,Office Supplies,Storage,"Carina 42""Hx23 3/4""W Media Storage Unit"
TEC-AC-10001772,Technology,Accessories,Memorex Mini Travel Drive 16 GB USB 2.0 Flash Drive
TEC-PH-10000560,Technology,Phones,Samsung Galaxy S III - 16GB - pebble blue (T-Mobile)
TEC-PH-10002584,Technology,Phones,Samsung Galaxy S4
FUR-FU-10002501,Furniture,Furnishings,Nu-Dell Executive Frame
FUR-FU-10002501,Furniture,Furnishings,Nu-Dell Executive Frame
FUR-BO-10003159,Furniture,Bookcases,"Sauder Camden County Collection Libraries, Planked Cherry Finish"
FUR-CH-10002335,Furniture,Chairs,Hon GuestStacker Chair
FUR-FU-10000221,Furniture,Furnishings,"Master Caster Door Stop, Brown"
FUR-FU-10001095,Furniture,Furnishings,DAX Black Cherry Wood-Tone Poster Frame
FUR-FU-10001940,Furniture,Furnishings,Staple-based wall hangings
FUR-TA-10000577,Furniture,Tables,Bretford CR4500 Series Slim Rectangular Table
OFF-AP-10000240,Office Supplies,Appliances,Belkin F9G930V10-GRY 9 Outlet Surge
OFF-AR-10003179,Office Supplies,Art,Dixon Ticonderoga Core-Lock Colored Pencils
OFF-AR-10004707,Office Supplies,Art,Staples in misc. colors
OFF-LA-10000248,Office Supplies,Labels,Avery 52
OFF-LA-10001317,Office Supplies,Labels,Avery 520
OFF-PA-10000575,Office Supplies,Paper,"Wirebound Message Books, Four 2 3/4 x 5 White Forms per Page"
OFF-PA-10000955,Office Supplies,Paper,Southworth 25% Cotton Granite Paper & Envelopes
OFF-ST-10003470,Office Supplies,Storage,"Tennsco Snap-Together Open Shelving Units, Starter Sets and Add-On Units"
TEC-AC-10001635,Technology,Accessories,KeyTronic KT400U2 - Keyboard - Black
TEC-PH-10001580,Technology,Phones,Logitech Mobile Speakerphone P710e - speaker phone
FUR-FU-10003194,Furniture,Furnishings,"Eldon Expressions Desk Accessory, Wood Pencil Holder, Oak"
OFF-AP-10000692,Office Supplies,Appliances,Fellowes Mighty 8 Compact Surge Protector
OFF-BI-10001031,Office Supplies,Binders,Pressboard Data Binders by Wilson Jones
OFF-BI-10001078,Office Supplies,Binders,"Acco PRESSTEX Data Binder with Storage Hooks, Dark Blue, 14 7/8"" X 11"""
OFF-BI-10001553,Office Supplies,Binders,SpineVue Locking Slant-D Ring Binders by Cardinal
OFF-BI-10002012,Office Supplies,Binders,Wilson Jones Easy Flow II Sheet Lifters
OFF-LA-10001158,Office Supplies,Labels,"Avery Address/Shipping Labels for Typewriters, 4"" x 2"""
OFF-LA-10001613,Office Supplies,Labels,Avery File Folder Labels
OFF-PA-10001033,Office Supplies,Paper,Xerox 1893
OFF-PA-10001166,Office Supplies,Paper,Xerox 2
OFF-PA-10002586,Office Supplies,Paper,Xerox 1970
OFF-ST-10001097,Office Supplies,Storage,Office Impressions Heavy Duty Welded Shelving & Multimedia Storage Drawers
TEC-PH-10000038,Technology,Phones,Jawbone MINI JAMBOX Wireless Bluetooth Speaker
TEC-PH-10002170,Technology,Phones,ClearSounds CSC500 Amplified Spirit Phone Corded phone
FUR-FU-10003268,Furniture,Furnishings,Eldon Radial Chair Mat for Low to Medium Pile Carpets
OFF-FA-10003021,Office Supplies,Fasteners,Staples
FUR-BO-10000330,Furniture,Bookcases,"Sauder Camden County Barrister Bookcase, Planked Cherry Finish"
FUR-FU-10003773,Furniture,Furnishings,Eldon Cleatmat Plus Chair Mats for High Pile Carpets
OFF-AP-10004859,Office Supplies,Appliances,Acco 6 Outlet Guardian Premium Surge Suppressor
OFF-AR-10001954,Office Supplies,Art,Newell 331
OFF-AR-10004757,Office Supplies,Art,Crayola Colored Pencils
OFF-BI-10000309,Office Supplies,Binders,"GBC Twin Loop Wire Binding Elements, 9/16"" Spine, Black"
OFF-BI-10003676,Office Supplies,Binders,"GBC Standard Recycled Report Covers, Clear Plastic Sheets"
OFF-EN-10003862,Office Supplies,Envelopes,Laser & Ink Jet Business Envelopes
OFF-LA-10002043,Office Supplies,Labels,Avery 489
OFF-PA-10001363,Office Supplies,Paper,Xerox 1933
OFF-SU-10001225,Office Supplies,Supplies,Staple remover
TEC-AC-10003447,Technology,Accessories,Micropad Numeric Keypads
TEC-MA-10004679,Technology,Machines,StarTech.com 10/100 VDSL2 Ethernet Extender Kit
OFF-FA-10003112,Office Supplies,Fasteners,Staples
OFF-FA-10003495,Office Supplies,Fasteners,Staples
OFF-LA-10000452,Office Supplies,Labels,Avery 488
OFF-LA-10002762,Office Supplies,Labels,Avery 485
TEC-PH-10004586,Technology,Phones,Wilson SignalBoost 841262 DB PRO Amplifier Kit
OFF-BI-10000201,Office Supplies,Binders,"Avery Triangle Shaped Sheet Lifters, Black, 2/Pack"
OFF-EN-10004007,Office Supplies,Envelopes,Park Ridge Embossed Executive Business Envelopes
OFF-SU-10001664,Office Supplies,Supplies,Acme Office Executive Series Stainless Steel Trimmers
TEC-AC-10002550,Technology,Accessories,"Memorex 25GB 6X Branded Blu-Ray Recordable Disc, 30/Pack"
FUR-CH-10000015,Furniture,Chairs,Hon Multipurpose Stacking Arm Chairs
FUR-CH-10001854,Furniture,Chairs,Office Star - Professional Matrix Back Chair with 2-to-1 Synchro Tilt and Mesh Fabric Seat
FUR-CH-10003746,Furniture,Chairs,Hon 4070 Series Pagoda Round Back Stacking Chairs
FUR-FU-10000221,Furniture,Furnishings,"Master Caster Door Stop, Brown"
FUR-FU-10001861,Furniture,Furnishings,"Floodlight Indoor Halogen Bulbs, 1 Bulb per Pack, 60 Watts"
FUR-FU-10002268,Furniture,Furnishings,Ultra Door Push Plate
FUR-FU-10003878,Furniture,Furnishings,"Linden 10"" Round Wall Clock, Black"
OFF-AR-10000475,Office Supplies,Art,"Hunt BOSTON Vista Battery-Operated Pencil Sharpener, Black"
OFF-PA-10001972,Office Supplies,Paper,Xerox 214
TEC-CO-10001571,Technology,Copiers,Sharp 1540cs Digital Laser Copier
TEC-PH-10001644,Technology,Phones,"BlueLounge Milo Smartphone Stand, White/Metallic"
TEC-PH-10004434,Technology,Phones,Cisco IP Phone 7961G VoIP phone - Dark gray
FUR-BO-10003272,Furniture,Bookcases,O'Sullivan Living Dimensions 5-Shelf Bookcases
FUR-CH-10004754,Furniture,Chairs,"Global Stack Chair with Arms, Black"
FUR-FU-10001588,Furniture,Furnishings,"Deflect-o SuperTray Unbreakable Stackable Tray, Letter, Black"
FUR-FU-10002759,Furniture,Furnishings,12-1/2 Diameter Round Wall Clock
FUR-FU-10003849,Furniture,Furnishings,"DAX Metal Frame, Desktop, Stepped-Edge"
OFF-AP-10004249,Office Supplies,Appliances,Staple holder
OFF-AR-10000940,Office Supplies,Art,Newell 343
OFF-BI-10000050,Office Supplies,Binders,"Angle-D Binders with Locking Rings, Label Holders"
OFF-LA-10000634,Office Supplies,Labels,Avery 509
OFF-PA-10002195,Office Supplies,Paper,"RSVP Cards & Envelopes, Blank White, 8-1/2"" X 11"", 24 Cards/25 Envelopes/Set"
OFF-PA-10002923,Office Supplies,Paper,Xerox 1942
TEC-AC-10000199,Technology,Accessories,Kingston Digital DataTraveler 8GB USB 2.0
TEC-AC-10001267,Technology,Accessories,Imation 32GB Pocket Pro USB 3.0 Flash Drive - 32 GB - Black - 1 P ...
TEC-AC-10003628,Technology,Accessories,Logitech 910-002974 M325 Wireless Mouse for Web Scrolling
FUR-FU-10001588,Furniture,Furnishings,"Deflect-o SuperTray Unbreakable Stackable Tray, Letter, Black"
FUR-FU-10002759,Furniture,Furnishings,12-1/2 Diameter Round Wall Clock
OFF-AR-10000940,Office Supplies,Art,Newell 343
OFF-PA-10001972,Office Supplies,Paper,Xerox 214
TEC-PH-10003811,Technology,Phones,Jabra Supreme Plus Driver Edition Headset
TEC-PH-10000673,Technology,Phones,Plantronics Voyager Pro HD - Bluetooth Headset
FUR-FU-10004270,Furniture,Furnishings,"Eldon Image Series Desk Accessories, Burgundy"
OFF-AR-10003723,Office Supplies,Art,Avery Hi-Liter Fluorescent Desk Style Markers
OFF-AP-10001469,Office Supplies,Appliances,Fellowes 8 Outlet Superior Workstation Surge Protector
OFF-AR-10002671,Office Supplies,Art,"Hunt BOSTON Model 1606 High-Volume Electric Pencil Sharpener, Beige"
OFF-AR-10003045,Office Supplies,Art,Prang Colored Pencils
OFF-BI-10003719,Office Supplies,Binders,Large Capacity Hanging Post Binders
OFF-EN-10000056,Office Supplies,Envelopes,Cameo Buff Policy Envelopes
OFF-FA-10002280,Office Supplies,Fasteners,Advantus Plastic Paper Clips
OFF-PA-10001033,Office Supplies,Paper,Xerox 1893
OFF-PA-10001363,Office Supplies,Paper,Xerox 1933
OFF-PA-10003036,Office Supplies,Paper,"Black Print Carbonless 8 1/2"" x 8 1/4"" Rapid Memo Book"
OFF-ST-10001469,Office Supplies,Storage,Fellowes Bankers Box Recycled Super Stor/Drawer
OFF-ST-10002444,Office Supplies,Storage,Recycled Eldon Regeneration Jumbo File
OFF-ST-10003455,Office Supplies,Storage,"Tenex File Box, Personal Filing Tote with Lid, Black"
TEC-AC-10004659,Technology,Accessories,Imation Secure+ Hardware Encrypted USB 2.0 Flash Drive; 16GB
TEC-PH-10001809,Technology,Phones,Panasonic KX T7736-B Digital phone
TEC-PH-10001870,Technology,Phones,Lunatik TT5L-002 Taktik Strike Impact Protection System for iPhone 5
TEC-PH-10002726,Technology,Phones,netTALK DUO VoIP Telephone Service
FUR-FU-10002088,Furniture,Furnishings,Nu-Dell Float Frame 11 x 14 1/2
FUR-FU-10002759,Furniture,Furnishings,12-1/2 Diameter Round Wall Clock
FUR-TA-10003238,Furniture,Tables,"Chromcraft Bull-Nose Wood 48"" x 96"" Rectangular Conference Tables"
FUR-TA-10004086,Furniture,Tables,KI Adjustable-Height Table
OFF-AP-10004036,Office Supplies,Appliances,Bionaire 99.97% HEPA Air Cleaner
OFF-BI-10004965,Office Supplies,Binders,Ibico Covers for Plastic or Wire Binding Elements
OFF-PA-10003641,Office Supplies,Paper,Xerox 1909
OFF-ST-10001496,Office Supplies,Storage,Standard Rollaway File with Lock
OFF-ST-10002205,Office Supplies,Storage,File Shuttle I and Handi-File
OFF-ST-10002485,Office Supplies,Storage,Rogers Deluxe File Chest
TEC-PH-10000307,Technology,Phones,Shocksock Galaxy S4 Armband
OFF-AR-10003190,Office Supplies,Art,Newell 32
OFF-PA-10000062,Office Supplies,Paper,Green Bar Computer Printout Paper
OFF-PA-10003641,Office Supplies,Paper,Xerox 1909
OFF-ST-10000532,Office Supplies,Storage,Advantus Rolling Drawer Organizers
FUR-CH-10002602,Furniture,Chairs,DMI Arturo Collection Mission-style Design Wood Chair
FUR-FU-10000397,Furniture,Furnishings,Luxo Economy Swing Arm Lamp
FUR-FU-10000758,Furniture,Furnishings,DAX Natural Wood-Tone Poster Frame
OFF-BI-10001132,Office Supplies,Binders,"Acco PRESSTEX Data Binder with Storage Hooks, Dark Blue, 9 1/2"" X 11"""
OFF-LA-10001569,Office Supplies,Labels,Avery 499
OFF-LA-10004409,Office Supplies,Labels,Avery 492
OFF-PA-10001569,Office Supplies,Paper,Xerox 232
OFF-PA-10001954,Office Supplies,Paper,Xerox 1964
OFF-ST-10000777,Office Supplies,Storage,"Companion Letter/Legal File, Black"
OFF-ST-10001031,Office Supplies,Storage,Adjustable Personal File Tote
OFF-SU-10000432,Office Supplies,Supplies,Acco Side-Punched Conventional Columnar Pads
TEC-AC-10004227,Technology,Accessories,SanDisk Ultra 16 GB MicroSDHC Class 10 Memory Card
TEC-PH-10003095,Technology,Phones,Samsung HM1900 Bluetooth Headset
OFF-AP-10003287,Office Supplies,Appliances,Tripp Lite TLP810NET Broadband Surge for Modem/Fax
OFF-EN-10002500,Office Supplies,Envelopes,Globe Weis Peel & Seel First Class Envelopes
OFF-PA-10000143,Office Supplies,Paper,Astroparche Fine Business Paper
OFF-PA-10001804,Office Supplies,Paper,Xerox 195
OFF-PA-10003845,Office Supplies,Paper,Xerox 1987
OFF-ST-10000036,Office Supplies,Storage,"Recycled Data-Pak for Archival Bound Computer Printouts, 12-1/2 x 12-1/2 x 16"
OFF-ST-10004950,Office Supplies,Storage,Acco Perma 3000 Stacking Storage Drawers
TEC-CO-10001766,Technology,Copiers,Canon PC940 Copier
FUR-CH-10001708,Furniture,Chairs,Office Star - Contemporary Swivel Chair with Padded Adjustable Arms and Flex Back
OFF-BI-10000315,Office Supplies,Binders,Poly Designer Cover & Back
OFF-PA-10000019,Office Supplies,Paper,Xerox 1931
OFF-PA-10002222,Office Supplies,Paper,"Xerox Color Copier Paper, 11"" x 17"", Ream"
OFF-PA-10004470,Office Supplies,Paper,"Adams Write n' Stick Phone Message Book, 11"" X 5 1/4"", 200 Messages"
FUR-BO-10004467,Furniture,Bookcases,Bestar Classic Bookcase
FUR-FU-10001706,Furniture,Furnishings,Longer-Life Soft White Bulbs
FUR-FU-10003975,Furniture,Furnishings,Eldon Advantage Chair Mats for Low to Medium Pile Carpets
FUR-FU-10004270,Furniture,Furnishings,"Eldon Image Series Desk Accessories, Burgundy"
FUR-TA-10003473,Furniture,Tables,Bretford Rectangular Conference Table Tops
FUR-TA-10004619,Furniture,Tables,Hon Non-Folding Utility Tables
OFF-BI-10003650,Office Supplies,Binders,GBC DocuBind 300 Electric Binding Machine
OFF-EN-10001099,Office Supplies,Envelopes,Staple envelope
OFF-ST-10000617,Office Supplies,Storage,Woodgrain Magazine Files by Perma
FUR-FU-10002553,Furniture,Furnishings,"Electrix Incandescent Magnifying Lamp, Black"
FUR-FU-10003930,Furniture,Furnishings,Howard Miller 12-3/4 Diameter Accuwave DS  Wall Clock
OFF-BI-10002103,Office Supplies,Binders,"Cardinal Slant-D Ring Binder, Heavy Gauge Vinyl"
OFF-BI-10004970,Office Supplies,Binders,"ACCOHIDE 3-Ring Binder, Blue, 1"""
OFF-PA-10001457,Office Supplies,Paper,White GlueTop Scratch Pads
OFF-SU-10001574,Office Supplies,Supplies,Acme Value Line Scissors
FUR-CH-10002439,Furniture,Chairs,"Iceberg Nesting Folding Chair, 19w x 6d x 43h"
FUR-TA-10002645,Furniture,Tables,Hon Rectangular Conference Tables
OFF-AR-10003829,Office Supplies,Art,Newell 35
OFF-BI-10001249,Office Supplies,Binders,Avery Heavy-Duty EZD View Binder with Locking Rings
OFF-BI-10002353,Office Supplies,Binders,GBC VeloBind Cover Sets
OFF-FA-10003059,Office Supplies,Fasteners,Assorted Color Push Pins
TEC-AC-10002718,Technology,Accessories,Belkin Standard 104 key USB Keyboard
TEC-AC-10003033,Technology,Accessories,Plantronics CS510 - Over-the-Head monaural Wireless Headset System
TEC-MA-10001127,Technology,Machines,"HP Designjet T520 Inkjet Large Format Printer - 24"" Color"
FUR-TA-10003473,Furniture,Tables,Bretford Rectangular Conference Table Tops
OFF-FA-10001332,Office Supplies,Fasteners,"Acco Banker's Clasps, 5 3/4""-Long"
OFF-ST-10002790,Office Supplies,Storage,Safco Industrial Shelving
OFF-SU-10001664,Office Supplies,Supplies,Acme Office Executive Series Stainless Steel Trimmers
TEC-CO-10002313,Technology,Copiers,Canon PC1080F Personal Copier
FUR-CH-10003774,Furniture,Chairs,"Global Wood Trimmed Manager's Task Chair, Khaki"
FUR-CH-10004675,Furniture,Chairs,"Lifetime Advantage Folding Chairs, 4/Carton"
FUR-FU-10001546,Furniture,Furnishings,Dana Swing-Arm Lamps
FUR-FU-10003829,Furniture,Furnishings,Stackable Trays
TEC-PH-10000169,Technology,Phones,ARKON Windshield Dashboard Air Vent Car Mount Holder
FUR-CH-10000988,Furniture,Chairs,Hon Olson Stacker Stools
FUR-CH-10001854,Furniture,Chairs,Office Star - Professional Matrix Back Chair with 2-to-1 Synchro Tilt and Mesh Fabric Seat
FUR-CH-10002602,Furniture,Chairs,DMI Arturo Collection Mission-style Design Wood Chair
FUR-FU-10001706,Furniture,Furnishings,Longer-Life Soft White Bulbs
FUR-FU-10002116,Furniture,Furnishings,"Tenex Carpeted, Granite-Look or Clear Contemporary Contour Shape Chair Mats"
FUR-FU-10002268,Furniture,Furnishings,Ultra Door Push Plate
FUR-FU-10004090,Furniture,Furnishings,"Executive Impressions 14"" Contract Wall Clock"
OFF-BI-10000591,Office Supplies,Binders,Avery Binder Labels
OFF-FA-10000490,Office Supplies,Fasteners,"OIC Binder Clips, Mini, 1/4"" Capacity, Black"
OFF-PA-10000029,Office Supplies,Paper,Xerox 224
OFF-PA-10000595,Office Supplies,Paper,Xerox 1929
TEC-AC-10001142,Technology,Accessories,First Data FD10 PIN Pad
TEC-AC-10001314,Technology,Accessories,Case Logic 2.4GHz Wireless Keyboard
TEC-AC-10004171,Technology,Accessories,Razer Kraken 7.1 Surround Sound Over Ear USB Gaming Headset
TEC-PH-10004977,Technology,Phones,GE 30524EE4
OFF-AR-10002952,Office Supplies,Art,Stanley Contemporary Battery Pencil Sharpeners
OFF-BI-10002954,Office Supplies,Binders,Newell 3-Hole Punched Plastic Slotted Magazine Holders for Binders
FUR-CH-10000513,Furniture,Chairs,High-Back Leather Manager's Chair
OFF-BI-10000773,Office Supplies,Binders,Insertable Tab Post Binder Dividers
OFF-BI-10001191,Office Supplies,Binders,Canvas Sectional Post Binders
OFF-FA-10004248,Office Supplies,Fasteners,Advantus T-Pin Paper Clips
OFF-LA-10001934,Office Supplies,Labels,Avery 516
OFF-PA-10000295,Office Supplies,Paper,Xerox 229
OFF-ST-10000419,Office Supplies,Storage,"Rogers Jumbo File, Granite"
OFF-SU-10004115,Office Supplies,Supplies,Acme Stainless Steel Office Snips
TEC-AC-10002600,Technology,Accessories,Belkin QODE FastFit Bluetooth Keyboard
TEC-PH-10001944,Technology,Phones,Wi-Ex zBoost YX540 Cellular Phone Signal Booster
TEC-PH-10002085,Technology,Phones,Clarity 53712
TEC-PH-10002817,Technology,Phones,RCA ViSYS 25425RE1 Corded phone
FUR-CH-10004287,Furniture,Chairs,SAFCO Arco Folding Chair
FUR-CH-10004860,Furniture,Chairs,Global Low Back Tilter Chair
FUR-CH-10004875,Furniture,Chairs,Harbour Creations 67200 Series Stacking Chairs
FUR-FU-10001876,Furniture,Furnishings,"Computer Room Manger, 14"""
FUR-FU-10003773,Furniture,Furnishings,Eldon Cleatmat Plus Chair Mats for High Pile Carpets
FUR-TA-10000617,Furniture,Tables,"Hon Practical Foundations 30 x 60 Training Table, Light Gray/Charcoal"
FUR-TA-10001932,Furniture,Tables,"Chromcraft 48"" x 96"" Racetrack Double Pedestal Table"
OFF-AP-10001563,Office Supplies,Appliances,Belkin Premiere Surge Master II 8-outlet surge protector
OFF-AP-10004868,Office Supplies,Appliances,Hoover Commercial Soft Guard Upright Vacuum And Disposable Filtration Bags
OFF-AR-10001725,Office Supplies,Art,Boston Home & Office Model 2000 Electric Pencil Sharpeners
OFF-AR-10004269,Office Supplies,Art,Newell 31
OFF-BI-10003007,Office Supplies,Binders,"Premium Transparent Presentation Covers, No Pattern/Clear, 8 1/2"" x 11"""
OFF-BI-10003982,Office Supplies,Binders,Wilson Jones Century Plastic Molded Ring Binders
OFF-BI-10004600,Office Supplies,Binders,Ibico Ibimaster 300 Manual Binding System
OFF-BI-10004632,Office Supplies,Binders,Ibico Hi-Tech Manual Binding System
OFF-LA-10002043,Office Supplies,Labels,Avery 489
OFF-LA-10003720,Office Supplies,Labels,Avery 487
OFF-PA-10000357,Office Supplies,Paper,Xerox 1888
OFF-PA-10002689,Office Supplies,Paper,Weyerhaeuser First Choice Laser/Copy Paper (20Lb. and 88 Bright)
OFF-PA-10003270,Office Supplies,Paper,Xerox 1954
OFF-ST-10004337,Office Supplies,Storage,"SAFCO Commercial Wire Shelving, 72h"
TEC-AC-10001539,Technology,Accessories,Logitech G430 Surround Sound Gaming Headset with Dolby 7.1 Technology
TEC-AC-10003628,Technology,Accessories,Logitech 910-002974 M325 Wireless Mouse for Web Scrolling
TEC-AC-10004510,Technology,Accessories,Logitech Desktop MK120 Mouse and keyboard Combo
FUR-FU-10004973,Furniture,Furnishings,Flat Face Poster Frame
FUR-CH-10000595,Furniture,Chairs,Safco Contoured Stacking Chairs
FUR-CH-10004287,Furniture,Chairs,SAFCO Arco Folding Chair
OFF-BI-10000977,Office Supplies,Binders,Ibico Plastic Spiral Binding Combs
OFF-LA-10004409,Office Supplies,Labels,Avery 492
OFF-AR-10003394,Office Supplies,Art,Newell 332
OFF-BI-10002824,Office Supplies,Binders,Recycled Easel Ring Binders
OFF-BI-10003984,Office Supplies,Binders,Lock-Up Easel 'Spel-Binder'
OFF-PA-10001289,Office Supplies,Paper,White Computer Printout Paper by Universal
OFF-ST-10000585,Office Supplies,Storage,Economy Rollaway Files
OFF-ST-10004946,Office Supplies,Storage,Desktop 3-Pocket Hot File
FUR-CH-10004698,Furniture,Chairs,"Padded Folding Chairs, Black, 4/Carton"
FUR-TA-10001676,Furniture,Tables,Hon 61000 Series Interactive Training Tables
OFF-AP-10002350,Office Supplies,Appliances,Belkin F9H710-06 7 Outlet SurgeMaster Surge Protector
OFF-AP-10002350,Office Supplies,Appliances,Belkin F9H710-06 7 Outlet SurgeMaster Surge Protector
OFF-AR-10001868,Office Supplies,Art,Prang Dustless Chalk Sticks
OFF-PA-10000223,Office Supplies,Paper,Xerox 2000
OFF-PA-10001295,Office Supplies,Paper,Computer Printout Paper with Letter-Trim Perforations
OFF-ST-10000078,Office Supplies,Storage,Tennsco 6- and 18-Compartment Lockers
OFF-ST-10004950,Office Supplies,Storage,Acco Perma 3000 Stacking Storage Drawers
FUR-CH-10001146,Furniture,Chairs,"Global Value Mid-Back Manager's Chair, Gray"
FUR-FU-10002554,Furniture,Furnishings,"Westinghouse Floor Lamp with Metal Mesh Shade, Black"
FUR-FU-10003096,Furniture,Furnishings,"Master Giant Foot Doorstop, Safety Yellow"
OFF-AP-10000828,Office Supplies,Appliances,Avanti 4.4 Cu. Ft. Refrigerator
OFF-AP-10003278,Office Supplies,Appliances,Belkin 7-Outlet SurgeMaster Home Series
OFF-PA-10001947,Office Supplies,Paper,Xerox 1974
OFF-ST-10002301,Office Supplies,Storage,Tennsco Commercial Shelving
OFF-ST-10003306,Office Supplies,Storage,Letter Size Cart
TEC-AC-10004708,Technology,Accessories,Sony 32GB Class 10 Micro SDHC R40 Memory Card
TEC-PH-10000213,Technology,Phones,Seidio BD2-HK3IPH5-BK DILEX Case and Holster Combo for Apple iPhone 5/5s - Black
TEC-PH-10001530,Technology,Phones,Cisco Unified IP Phone 7945G VoIP phone
FUR-CH-10001891,Furniture,Chairs,Global Deluxe Office Fabric Chairs
FUR-CH-10004063,Furniture,Chairs,Global Deluxe High-Back Manager's Chair
FUR-FU-10001852,Furniture,Furnishings,"Eldon Regeneration Recycled Desk Accessories, Smoke"
FUR-FU-10002918,Furniture,Furnishings,Eldon ClusterMat Chair Mat with Cordless Antistatic Protection
FUR-FU-10004091,Furniture,Furnishings,"Howard Miller 13"" Diameter Goldtone Round Wall Clock"
OFF-AP-10002998,Office Supplies,Appliances,Holmes 99% HEPA Air Purifier
OFF-AP-10003287,Office Supplies,Appliances,Tripp Lite TLP810NET Broadband Surge for Modem/Fax
OFF-AR-10002257,Office Supplies,Art,"Eldon Spacemaker Box, Quick-Snap Lid, Clear"
OFF-BI-10002103,Office Supplies,Binders,"Cardinal Slant-D Ring Binder, Heavy Gauge Vinyl"
OFF-BI-10004593,Office Supplies,Binders,Ibico Laser Imprintable Binding System Covers
OFF-FA-10004854,Office Supplies,Fasteners,"Vinyl Coated Wire Paper Clips in Organizer Box, 800/Box"
OFF-PA-10004569,Office Supplies,Paper,"Wirebound Message Books, Two 4 1/4"" x 5"" Forms per Page"
OFF-ST-10000563,Office Supplies,Storage,Fellowes Bankers Box Stor/Drawer Steel Plus
OFF-ST-10001370,Office Supplies,Storage,Sensible Storage WireTech Storage Systems
OFF-SU-10002189,Office Supplies,Supplies,Acme Rosewood Handle Letter Opener
FUR-CH-10004477,Furniture,Chairs,"Global Push Button Manager's Chair, Indigo"
FUR-CH-10004886,Furniture,Chairs,Bevis Steel Folding Chairs
FUR-FU-10001473,Furniture,Furnishings,DAX Wood Document Frame
FUR-FU-10004904,Furniture,Furnishings,"Eldon ""L"" Workstation Diamond Chairmat"
OFF-AP-10001366,Office Supplies,Appliances,Staple holder
OFF-BI-10001658,Office Supplies,Binders,GBC Standard Therm-A-Bind Covers
OFF-BI-10002353,Office Supplies,Binders,GBC VeloBind Cover Sets
OFF-BI-10003650,Office Supplies,Binders,GBC DocuBind 300 Electric Binding Machine
OFF-FA-10003485,Office Supplies,Fasteners,Staples
OFF-LA-10004425,Office Supplies,Labels,Staple-on labels
OFF-PA-10001243,Office Supplies,Paper,Xerox 1983
OFF-PA-10003657,Office Supplies,Paper,Xerox 1927
OFF-ST-10002562,Office Supplies,Storage,Staple magnet
OFF-ST-10002790,Office Supplies,Storage,Safco Industrial Shelving
OFF-ST-10004507,Office Supplies,Storage,Advantus Rolling Storage Box
TEC-AC-10003198,Technology,Accessories,Enermax Acrylux Wireless Keyboard
OFF-AP-10002651,Office Supplies,Appliances,Hoover Upright Vacuum With Dirt Cup
OFF-AR-10003373,Office Supplies,Art,"Boston School Pro Electric Pencil Sharpener, 1670"
OFF-PA-10003302,Office Supplies,Paper,Xerox 1906
OFF-ST-10000689,Office Supplies,Storage,"Fellowes Strictly Business Drawer File, Letter/Legal Size"
OFF-ST-10001128,Office Supplies,Storage,"Carina Mini System Audio Rack, Model AR050B"
OFF-SU-10002537,Office Supplies,Supplies,Acme Box Cutter Scissors
FUR-FU-10000193,Furniture,Furnishings,Tenex Chairmats For Use with Hard Floors
FUR-FU-10000550,Furniture,Furnishings,Stacking Trays by OIC
FUR-FU-10000672,Furniture,Furnishings,"Executive Impressions 10"" Spectator Wall Clock"
FUR-FU-10002111,Furniture,Furnishings,"Master Caster Door Stop, Large Brown"
OFF-AP-10003281,Office Supplies,Appliances,Acco 6 Outlet Guardian Standard Surge Suppressor
OFF-BI-10003305,Office Supplies,Binders,Avery Hanging File Binders
OFF-LA-10001474,Office Supplies,Labels,Avery 477
OFF-LA-10003923,Office Supplies,Labels,Alphabetical Labels for Top Tab Filing
OFF-PA-10000528,Office Supplies,Paper,Xerox 1981
OFF-ST-10002444,Office Supplies,Storage,Recycled Eldon Regeneration Jumbo File
OFF-ST-10003123,Office Supplies,Storage,Fellowes Bases and Tops For Staxonsteel/High-Stak Systems
TEC-AC-10001267,Technology,Accessories,Imation 32GB Pocket Pro USB 3.0 Flash Drive - 32 GB - Black - 1 P ...
TEC-MA-10003183,Technology,Machines,DYMO CardScan Personal V9 Business Card Scanner
TEC-PH-10001051,Technology,Phones,HTC One
TEC-PH-10001425,Technology,Phones,Mophie Juice Pack Helium for iPhone
TEC-PH-10004897,Technology,Phones,Mediabridge Sport Armband iPhone 5s
FUR-FU-10002501,Furniture,Furnishings,Nu-Dell Executive Frame
FUR-FU-10004093,Furniture,Furnishings,Hand-Finished Solid Wood Document Frame
FUR-FU-10004093,Furniture,Furnishings,Hand-Finished Solid Wood Document Frame
FUR-FU-10004093,Furniture,Furnishings,Hand-Finished Solid Wood Document Frame
OFF-FA-10000089,Office Supplies,Fasteners,Acco Glide Clips
OFF-FA-10000089,Office Supplies,Fasteners,Acco Glide Clips
OFF-FA-10000089,Office Supplies,Fasteners,Acco Glide Clips
FUR-TA-10004575,Furniture,Tables,Hon 5100 Series Wood Tables
OFF-AP-10004136,Office Supplies,Appliances,Kensington 6 Outlet SmartSocket Surge Protector
OFF-AR-10003651,Office Supplies,Art,Newell 350
OFF-BI-10002160,Office Supplies,Binders,Acco Hanging Data Binders
OFF-BI-10003429,Office Supplies,Binders,"Cardinal HOLDit! Binder Insert Strips,Extra Strips"
OFF-BI-10004600,Office Supplies,Binders,Ibico Ibimaster 300 Manual Binding System
OFF-EN-10004955,Office Supplies,Envelopes,Fashion Color Clasp Envelopes
OFF-ST-10002554,Office Supplies,Storage,Tennsco Industrial Shelving
TEC-AC-10003628,Technology,Accessories,Logitech 910-002974 M325 Wireless Mouse for Web Scrolling
TEC-AC-10004859,Technology,Accessories,"Maxell Pro 80 Minute CD-R, 10/Pack"
TEC-PH-10000576,Technology,Phones,AT&T 1080 Corded phone
TEC-PH-10002170,Technology,Phones,ClearSounds CSC500 Amplified Spirit Phone Corded phone
TEC-PH-10002468,Technology,Phones,"Plantronics CS 50-USB - headset - Convertible, Monaural"
OFF-BI-10004040,Office Supplies,Binders,Wilson Jones Impact Binders
FUR-BO-10000362,Furniture,Bookcases,Sauder Inglewood Library Bookcases
FUR-BO-10002613,Furniture,Bookcases,"Atlantic Metals Mobile 4-Shelf Bookcases, Custom Colors"
FUR-CH-10004218,Furniture,Chairs,"Global Fabric Manager's Chair, Dark Gray"
FUR-FU-10002501,Furniture,Furnishings,Nu-Dell Executive Frame
OFF-AR-10000034,Office Supplies,Art,"BIC Brite Liner Grip Highlighters, Assorted, 5/Pack"
OFF-EN-10004773,Office Supplies,Envelopes,Staple envelope
OFF-LA-10003148,Office Supplies,Labels,Avery 51
OFF-PA-10002586,Office Supplies,Paper,Xerox 1970
OFF-PA-10003228,Office Supplies,Paper,Xerox 1917
TEC-AC-10000290,Technology,Accessories,Sabrent 4-Port USB 2.0 Hub
TEC-AC-10000358,Technology,Accessories,Imation Secure Drive + Hardware Encrypted USB flash drive - 16 GB
TEC-AC-10002049,Technology,Accessories,Plantronics Savi W720 Multi-Device Wireless Headset System
TEC-AC-10003614,Technology,Accessories,"Verbatim 25 GB 6x Blu-ray Single Layer Recordable Disc, 10/Pack"
TEC-PH-10004908,Technology,Phones,Panasonic KX TS3282W Corded phone
FUR-BO-10004695,Furniture,Bookcases,O'Sullivan 2-Door Barrister Bookcase in Odessa Pine
OFF-AR-10001473,Office Supplies,Art,Newell 313
OFF-LA-10004544,Office Supplies,Labels,Avery 505
OFF-PA-10004285,Office Supplies,Paper,Xerox 1959
OFF-ST-10001837,Office Supplies,Storage,"SAFCO Mobile Desk Side File, Wire Frame"
TEC-AC-10000109,Technology,Accessories,Sony Micro Vault Click 16 GB USB 2.0 Flash Drive
TEC-MA-10000864,Technology,Machines,Cisco 9971 IP Video Phone Charcoal
TEC-PH-10002844,Technology,Phones,Speck Products Candyshell Flip Case
FUR-BO-10003272,Furniture,Bookcases,O'Sullivan Living Dimensions 5-Shelf Bookcases
OFF-AR-10001246,Office Supplies,Art,Newell 317
OFF-PA-10001937,Office Supplies,Paper,Xerox 21
TEC-AC-10003198,Technology,Accessories,Enermax Acrylux Wireless Keyboard
FUR-FU-10001473,Furniture,Furnishings,DAX Wood Document Frame
OFF-BI-10003676,Office Supplies,Binders,"GBC Standard Recycled Report Covers, Clear Plastic Sheets"
OFF-PA-10004082,Office Supplies,Paper,"Adams Telephone Message Book w/Frequently-Called Numbers Space, 400 Messages per Book"
FUR-CH-10003396,Furniture,Chairs,Global Deluxe Steno Chair
OFF-AP-10004859,Office Supplies,Appliances,Acco 6 Outlet Guardian Premium Surge Suppressor
OFF-AR-10001615,Office Supplies,Art,Newell 34
OFF-BI-10001294,Office Supplies,Binders,Fellowes Binding Cases
OFF-BI-10004506,Office Supplies,Binders,Wilson Jones data.warehouse D-Ring Binders with DublLock
OFF-EN-10000461,Office Supplies,Envelopes,"#10- 4 1/8"" x 9 1/2"" Recycled Envelopes"
OFF-BI-10002764,Office Supplies,Binders,Recycled Pressboard Report Cover with Reinforced Top Hinge
OFF-PA-10004041,Office Supplies,Paper,"It's Hot Message Books with Stickers, 2 3/4"" x 5"""
OFF-AP-10001205,Office Supplies,Appliances,Belkin 5 Outlet SurgeMaster Power Centers
OFF-AR-10004691,Office Supplies,Art,Boston 1730 StandUp Electric Pencil Sharpener
OFF-PA-10000474,Office Supplies,Paper,Easy-staple paper
OFF-PA-10004996,Office Supplies,Paper,"Speediset Carbonless Redi-Letter 7"" x 8 1/2"""
FUR-TA-10001889,Furniture,Tables,Bush Advantage Collection Racetrack Conference Table
OFF-AR-10001374,Office Supplies,Art,"BIC Brite Liner Highlighters, Chisel Tip"
OFF-ST-10002615,Office Supplies,Storage,"Dual Level, Single-Width Filing Carts"
TEC-AC-10000487,Technology,Accessories,SanDisk Cruzer 4 GB USB Flash Drive
TEC-PH-10000912,Technology,Phones,Anker 24W Portable Micro USB Car Charger
TEC-PH-10002262,Technology,Phones,LG Electronics Tone+ HBS-730 Bluetooth Headset
TEC-PH-10004977,Technology,Phones,GE 30524EE4
FUR-FU-10001861,Furniture,Furnishings,"Floodlight Indoor Halogen Bulbs, 1 Bulb per Pack, 60 Watts"
FUR-FU-10004845,Furniture,Furnishings,"Deflect-o EconoMat Nonstudded, No Bevel Mat"
OFF-BI-10003364,Office Supplies,Binders,Binding Machine Supplies
OFF-LA-10003223,Office Supplies,Labels,Avery 508
FUR-FU-10002918,Furniture,Furnishings,Eldon ClusterMat Chair Mat with Cordless Antistatic Protection
OFF-AR-10003183,Office Supplies,Art,Avery Fluorescent Highlighter Four-Color Set
OFF-SU-10000898,Office Supplies,Supplies,"Acme Hot Forged Carbon Steel Scissors with Nickel-Plated Handles, 3 7/8"" Cut, 8""L"
OFF-AR-10003183,Office Supplies,Art,Avery Fluorescent Highlighter Four-Color Set
FUR-CH-10004875,Furniture,Chairs,Harbour Creations 67200 Series Stacking Chairs
FUR-TA-10002855,Furniture,Tables,Bevis Round Conference Table Top & Single Column Base
FUR-FU-10001025,Furniture,Furnishings,"Eldon Imàge Series Desk Accessories, Clear"
FUR-FU-10002445,Furniture,Furnishings,"DAX Two-Tone Rosewood/Black Document Frame, Desktop, 5 x 7"
FUR-FU-10002960,Furniture,Furnishings,"Eldon 200 Class Desk Accessories, Burgundy"
OFF-PA-10002689,Office Supplies,Paper,Weyerhaeuser First Choice Laser/Copy Paper (20Lb. and 88 Bright)
TEC-PH-10001300,Technology,Phones,"iKross Bluetooth Portable Keyboard + Cell Phone Stand Holder + Brush for Apple iPhone 5S 5C 5, 4S 4"
OFF-LA-10003077,Office Supplies,Labels,Avery 500
OFF-PA-10002893,Office Supplies,Paper,"Wirebound Service Call Books, 5 1/2"" x 4"""
OFF-AR-10004757,Office Supplies,Art,Crayola Colored Pencils
OFF-PA-10003790,Office Supplies,Paper,Xerox 1991
FUR-CH-10000513,Furniture,Chairs,High-Back Leather Manager's Chair
FUR-CH-10002024,Furniture,Chairs,HON 5400 Series Task Chairs for Big and Tall
TEC-PH-10000895,Technology,Phones,Polycom VVX 310 VoIP phone
TEC-PH-10002555,Technology,Phones,Nortel Meridian M5316 Digital phone
FUR-TA-10000198,Furniture,Tables,Chromcraft Bull-Nose Wood Oval Conference Tables & Bases
FUR-FU-10001876,Furniture,Furnishings,"Computer Room Manger, 14"""
OFF-PA-10004405,Office Supplies,Paper,Rediform Voice Mail Log Books
TEC-MA-10000488,Technology,Machines,Bady BDG101FRU Card Printer
FUR-FU-10003799,Furniture,Furnishings,"Seth Thomas 13 1/2"" Wall Clock"
OFF-BI-10002852,Office Supplies,Binders,Ibico Standard Transparent Covers
OFF-PA-10003177,Office Supplies,Paper,Xerox 1999
FUR-CH-10004218,Furniture,Chairs,"Global Fabric Manager's Chair, Dark Gray"
FUR-FU-10003347,Furniture,Furnishings,Coloredge Poster Frame
FUR-FU-10004093,Furniture,Furnishings,Hand-Finished Solid Wood Document Frame
OFF-BI-10002432,Office Supplies,Binders,Wilson Jones Standard D-Ring Binders
OFF-EN-10003286,Office Supplies,Envelopes,Staple envelope
TEC-AC-10004901,Technology,Accessories,Kensington SlimBlade Notebook Wireless Mouse with Nano Receiver
FUR-BO-10002598,Furniture,Bookcases,"Hon Metal Bookcases, Putty"
FUR-CH-10001708,Furniture,Chairs,Office Star - Contemporary Swivel Chair with Padded Adjustable Arms and Flex Back
OFF-AR-10001022,Office Supplies,Art,SANFORD Liquid Accent Tank-Style Highlighters
OFF-AR-10001315,Office Supplies,Art,Newell 310
OFF-BI-10002049,Office Supplies,Binders,UniKeep View Case Binders
OFF-PA-10002751,Office Supplies,Paper,Xerox 1920
OFF-ST-10002554,Office Supplies,Storage,Tennsco Industrial Shelving
OFF-ST-10003470,Office Supplies,Storage,"Tennsco Snap-Together Open Shelving Units, Starter Sets and Add-On Units"
TEC-AC-10003499,Technology,Accessories,Memorex Mini Travel Drive 8 GB USB 2.0 Flash Drive
OFF-EN-10000056,Office Supplies,Envelopes,Cameo Buff Policy Envelopes
OFF-PA-10003349,Office Supplies,Paper,Xerox 1957
OFF-AR-10001149,Office Supplies,Art,"Sanford Colorific Colored Pencils, 12/Box"
OFF-FA-10000134,Office Supplies,Fasteners,"Advantus Push Pins, Aluminum Head"
OFF-PA-10000791,Office Supplies,Paper,"Wirebound Message Books, Four 2 3/4 x 5 Forms per Page, 200 Sets per Book"
TEC-PH-10003931,Technology,Phones,JBL Micro Wireless Portable Bluetooth Speaker
FUR-CH-10002774,Furniture,Chairs,"Global Deluxe Stacking Chair, Gray"
FUR-FU-10001986,Furniture,Furnishings,"Dana Fluorescent Magnifying Lamp, White, 36"""
OFF-LA-10001074,Office Supplies,Labels,Round Specialty Laser Printer Labels
TEC-AC-10001266,Technology,Accessories,Memorex Micro Travel Drive 8 GB
TEC-AC-10001908,Technology,Accessories,Logitech Wireless Headset h800
OFF-ST-10000943,Office Supplies,Storage,Eldon ProFile File 'N Store Portable File Tub Letter/Legal Size Black
OFF-AR-10004999,Office Supplies,Art,Newell 315
OFF-BI-10001658,Office Supplies,Binders,GBC Standard Therm-A-Bind Covers
OFF-BI-10002160,Office Supplies,Binders,Acco Hanging Data Binders
OFF-BI-10002897,Office Supplies,Binders,"Black Avery Memo-Size 3-Ring Binder, 5 1/2"" x 8 1/2"""
TEC-AC-10003280,Technology,Accessories,Belkin F8E887 USB Wired Ergonomic Keyboard
TEC-PH-10002584,Technology,Phones,Samsung Galaxy S4
TEC-PH-10002834,Technology,Phones,Google Nexus 5
OFF-AP-10001391,Office Supplies,Appliances,Kensington 6 Outlet MasterPiece HOMEOFFICE Power Control Center
OFF-BI-10000546,Office Supplies,Binders,Avery Durable Binders
OFF-BI-10001628,Office Supplies,Binders,"Acco Data Flex Cable Posts For Top & Bottom Load Binders, 6"" Capacity"
OFF-PA-10000477,Office Supplies,Paper,Xerox 22
OFF-PA-10004285,Office Supplies,Paper,Xerox 1959
TEC-AC-10004568,Technology,Accessories,Maxell LTO Ultrium - 800 GB
TEC-PH-10000560,Technology,Phones,Samsung Galaxy S III - 16GB - pebble blue (T-Mobile)
TEC-PH-10001819,Technology,Phones,Innergie mMini Combo Duo USB Travel Charging Kit
OFF-LA-10002762,Office Supplies,Labels,Avery 485
OFF-PA-10001970,Office Supplies,Paper,Xerox 1881
OFF-PA-10002751,Office Supplies,Paper,Xerox 1920
FUR-TA-10001676,Furniture,Tables,Hon 61000 Series Interactive Training Tables
OFF-LA-10002271,Office Supplies,Labels,Smead Alpha-Z Color-Coded Second Alphabetical Labels and Starter Set
OFF-LA-10003510,Office Supplies,Labels,"Avery 4027 File Folder Labels for Dot Matrix Printers, 5000 Labels per Box, White"
OFF-AR-10003903,Office Supplies,Art,Sanford 52201 APSCO Electric Pencil Sharpener
TEC-AC-10000927,Technology,Accessories,Anker Ultrathin Bluetooth Wireless Keyboard Aluminum Cover with Stand
OFF-BI-10003527,Office Supplies,Binders,Fellowes PB500 Electric Punch Plastic Comb Binding Machine with Manual Bind
OFF-PA-10000249,Office Supplies,Paper,Easy-staple paper
OFF-AR-10001615,Office Supplies,Art,Newell 34
OFF-AP-10000804,Office Supplies,Appliances,Hoover Portapower Portable Vacuum
OFF-BI-10002982,Office Supplies,Binders,Avery Self-Adhesive Photo Pockets for Polaroid Photos
OFF-LA-10001641,Office Supplies,Labels,Avery 518
OFF-PA-10002377,Office Supplies,Paper,"Adams Telephone Message Book W/Dividers/Space For Phone Numbers, 5 1/4""X8 1/2"", 200/Messages"
FUR-TA-10004152,Furniture,Tables,"Barricks 18"" x 48"" Non-Folding Utility Table with Bottom Storage Shelf"
OFF-AR-10002257,Office Supplies,Art,"Eldon Spacemaker Box, Quick-Snap Lid, Clear"
OFF-BI-10000343,Office Supplies,Binders,"Pressboard Covers with Storage Hooks, 9 1/2"" x 11"", Light Blue"
TEC-AC-10002076,Technology,Accessories,Microsoft Natural Keyboard Elite
TEC-PH-10003800,Technology,Phones,i.Sound Portable Power - 8000 mAh
FUR-CH-10004477,Furniture,Chairs,"Global Push Button Manager's Chair, Indigo"
FUR-CH-10004860,Furniture,Chairs,Global Low Back Tilter Chair
FUR-BO-10001811,Furniture,Bookcases,"Atlantic Metals Mobile 5-Shelf Bookcases, Custom Colors"
FUR-CH-10003396,Furniture,Chairs,Global Deluxe Steno Chair
OFF-AP-10002906,Office Supplies,Appliances,Hoover Replacement Belt for Commercial Guardsman Heavy-Duty Upright Vacuum
OFF-AR-10003696,Office Supplies,Art,Panasonic KP-350BK Electric Pencil Sharpener with Auto Stop
OFF-BI-10004236,Office Supplies,Binders,"XtraLife ClearVue Slant-D Ring Binder, White, 3"""
TEC-PH-10000376,Technology,Phones,Square Credit Card Reader
TEC-PH-10003215,Technology,Phones,Jackery Bar Premium Fast-charging Portable Charger
FUR-TA-10001768,Furniture,Tables,Hon Racetrack Conference Tables
OFF-AR-10003156,Office Supplies,Art,50 Colored Long Pencils
OFF-EN-10001532,Office Supplies,Envelopes,Brown Kraft Recycled Envelopes
FUR-CH-10001146,Furniture,Chairs,"Global Value Mid-Back Manager's Chair, Gray"
FUR-CH-10002647,Furniture,Chairs,"Situations Contoured Folding Chairs, 4/Set"
FUR-FU-10000023,Furniture,Furnishings,Eldon Wave Desk Accessories
FUR-FU-10003247,Furniture,Furnishings,36X48 HARDFLOOR CHAIRMAT
OFF-AP-10000828,Office Supplies,Appliances,Avanti 4.4 Cu. Ft. Refrigerator
OFF-AP-10002222,Office Supplies,Appliances,Staple holder
OFF-BI-10002854,Office Supplies,Binders,"Performers Binder/Pad Holder, Black"
OFF-BI-10003529,Office Supplies,Binders,Avery Round Ring Poly Binders
OFF-EN-10002621,Office Supplies,Envelopes,Staple envelope
OFF-FA-10000611,Office Supplies,Fasteners,Binder Clips by OIC
OFF-ST-10000689,Office Supplies,Storage,"Fellowes Strictly Business Drawer File, Letter/Legal Size"
OFF-ST-10000777,Office Supplies,Storage,"Companion Letter/Legal File, Black"
TEC-AC-10001101,Technology,Accessories,Sony 16GB Class 10 Micro SDHC R40 Memory Card
TEC-PH-10000149,Technology,Phones,Cisco SPA525G2 IP Phone - Wireless
TEC-PH-10000562,Technology,Phones,Samsung Convoy 3
TEC-PH-10001552,Technology,Phones,I Need's 3d Hello Kitty Hybrid Silicone Case Cover for HTC One X 4g with 3d Hello Kitty Stylus Pen Green/pink
FUR-FU-10000308,Furniture,Furnishings,Deflect-o Glass Clear Studded Chair Mats
TEC-CO-10003763,Technology,Copiers,Canon PC1060 Personal Laser Copier
OFF-BI-10000309,Office Supplies,Binders,"GBC Twin Loop Wire Binding Elements, 9/16"" Spine, Black"
OFF-BI-10001765,Office Supplies,Binders,Wilson Jones Heavy-Duty Casebound Ring Binders with Metal Hinges
TEC-AC-10004469,Technology,Accessories,Microsoft Sculpt Comfort Mouse
TEC-PH-10001619,Technology,Phones,LG G3
FUR-BO-10002916,Furniture,Bookcases,"Rush Hierlooms Collection 1"" Thick Stackable Bookcases"
FUR-CH-10002084,Furniture,Chairs,Hon Mobius Operator's Chair
FUR-FU-10000308,Furniture,Furnishings,Deflect-o Glass Clear Studded Chair Mats
OFF-AR-10002399,Office Supplies,Art,"Dixon Prang Watercolor Pencils, 10-Color Set with Brush"
OFF-AR-10002704,Office Supplies,Art,Boston 1900 Electric Pencil Sharpener
OFF-BI-10002706,Office Supplies,Binders,Avery Premier Heavy-Duty Binder with Round Locking Rings
OFF-PA-10003848,Office Supplies,Paper,Xerox 1997
TEC-PH-10003012,Technology,Phones,Nortel Meridian M3904 Professional Digital phone
OFF-LA-10001175,Office Supplies,Labels,Avery 514
TEC-AC-10002473,Technology,Accessories,Maxell 4.7GB DVD-R
TEC-PH-10001809,Technology,Phones,Panasonic KX T7736-B Digital phone
OFF-BI-10004022,Office Supplies,Binders,Acco Suede Grain Vinyl Round Ring Binder
OFF-ST-10002406,Office Supplies,Storage,Pizazz Global Quick File
FUR-FU-10001731,Furniture,Furnishings,Acrylic Self-Standing Desk Frames
FUR-FU-10003194,Furniture,Furnishings,"Eldon Expressions Desk Accessory, Wood Pencil Holder, Oak"
OFF-EN-10004030,Office Supplies,Envelopes,Convenience Packs of Business Envelopes
OFF-LA-10001641,Office Supplies,Labels,Avery 518
FUR-BO-10004409,Furniture,Bookcases,"Safco Value Mate Series Steel Bookcases, Baked Enamel Finish on Steel, Gray"
FUR-CH-10004063,Furniture,Chairs,Global Deluxe High-Back Manager's Chair
FUR-FU-10001979,Furniture,Furnishings,Dana Halogen Swing-Arm Architect Lamp
FUR-CH-10004063,Furniture,Chairs,Global Deluxe High-Back Manager's Chair
FUR-FU-10001979,Furniture,Furnishings,Dana Halogen Swing-Arm Architect Lamp
OFF-BI-10003091,Office Supplies,Binders,GBC DocuBind TL200 Manual Binding Machine
OFF-LA-10004484,Office Supplies,Labels,Avery 476
OFF-PA-10002105,Office Supplies,Paper,Xerox 223
TEC-PH-10003356,Technology,Phones,"SmartStand Mobile Device Holder, Assorted Colors"
FUR-FU-10001215,Furniture,Furnishings,"Howard Miller 11-1/2"" Diameter Brentwood Wall Clock"
FUR-TA-10001039,Furniture,Tables,KI Adjustable-Height Table
OFF-AR-10001662,Office Supplies,Art,Rogers Handheld Barrel Pencil Sharpener
OFF-AR-10001761,Office Supplies,Art,Avery Hi-Liter Smear-Safe Highlighters
OFF-AR-10003856,Office Supplies,Art,Newell 344
OFF-BI-10003527,Office Supplies,Binders,Fellowes PB500 Electric Punch Plastic Comb Binding Machine with Manual Bind
OFF-EN-10003845,Office Supplies,Envelopes,Colored Envelopes
OFF-LA-10003930,Office Supplies,Labels,"Dot Matrix Printer Tape Reel Labels, White, 5000/Box"
OFF-ST-10001228,Office Supplies,Storage,Personal File Boxes with Fold-Down Carry Handle
TEC-PH-10001527,Technology,Phones,Plantronics MX500i Earset
OFF-ST-10001291,Office Supplies,Storage,"Tenex Personal Self-Stacking Standard File Box, Black/Gray"
TEC-AC-10000387,Technology,Accessories,KeyTronic KT800P2 - Keyboard - Black
FUR-BO-10004218,Furniture,Bookcases,"Bush Heritage Pine Collection 5-Shelf Bookcase, Albany Pine Finish, *Special Order"
OFF-BI-10000088,Office Supplies,Binders,GBC Imprintable Covers
OFF-FA-10001561,Office Supplies,Fasteners,Stockwell Push Pins
OFF-LA-10000240,Office Supplies,Labels,Self-Adhesive Address Labels for Typewriters by Universal
OFF-PA-10000675,Office Supplies,Paper,Xerox 1919
OFF-PA-10001560,Office Supplies,Paper,"Adams Telephone Message Books, 5 1/4” x 11”"
OFF-PA-10001947,Office Supplies,Paper,Xerox 1974
OFF-PA-10002749,Office Supplies,Paper,"Wirebound Message Books, 5-1/2 x 4 Forms, 2 or 4 Forms per Page"
OFF-PA-10004359,Office Supplies,Paper,Multicolor Computer Printout Paper
OFF-ST-10000142,Office Supplies,Storage,Deluxe Rollaway Locking File with Drawer
OFF-SU-10001165,Office Supplies,Supplies,Acme Elite Stainless Steel Scissors
TEC-CO-10001766,Technology,Copiers,Canon PC940 Copier
TEC-PH-10004539,Technology,Phones,Wireless Extenders zBoost YX545 SOHO Signal Booster
OFF-BI-10001308,Office Supplies,Binders,GBC Standard Plastic Binding Systems' Combs
OFF-BI-10003656,Office Supplies,Binders,Fellowes PB200 Plastic Comb Binding Machine
OFF-BI-10003982,Office Supplies,Binders,Wilson Jones Century Plastic Molded Ring Binders
OFF-EN-10004386,Office Supplies,Envelopes,"Recycled Interoffice Envelopes with String and Button Closure, 10 x 13"
OFF-FA-10003485,Office Supplies,Fasteners,Staples
OFF-PA-10000061,Office Supplies,Paper,Xerox 205
OFF-ST-10001172,Office Supplies,Storage,"Tennsco Lockers, Sand"
OFF-ST-10004258,Office Supplies,Storage,Portable Personal File Box
TEC-PH-10002310,Technology,Phones,Panasonic KX T7731-B Digital phone
OFF-AP-10002945,Office Supplies,Appliances,Honeywell Enviracaire Portable HEPA Air Cleaner for 17' x 22' Room
OFF-BI-10000948,Office Supplies,Binders,"GBC Laser Imprintable Binding System Covers, Desert Sand"
OFF-PA-10002254,Office Supplies,Paper,Xerox 1883
OFF-BI-10001071,Office Supplies,Binders,GBC ProClick Punch Binding System
FUR-FU-10000747,Furniture,Furnishings,Tenex B1-RE Series Chair Mats for Low Pile Carpets
OFF-AR-10003217,Office Supplies,Art,Newell 316
OFF-BI-10000285,Office Supplies,Binders,XtraLife ClearVue Slant-D Ring Binders by Cardinal
OFF-PA-10003127,Office Supplies,Paper,Easy-staple paper
OFF-ST-10000736,Office Supplies,Storage,Carina Double Wide Media Storage Towers in Natural & Black
OFF-ST-10002182,Office Supplies,Storage,"Iris 3-Drawer Stacking Bin, Black"
TEC-AC-10000171,Technology,Accessories,"Verbatim 25 GB 6x Blu-ray Single Layer Recordable Disc, 25/Pack"
TEC-AC-10002567,Technology,Accessories,Logitech G602 Wireless Gaming Mouse
TEC-PH-10000376,Technology,Phones,Square Credit Card Reader
TEC-PH-10001795,Technology,Phones,ClearOne CHATAttach 160 - speaker phone
FUR-CH-10003396,Furniture,Chairs,Global Deluxe Steno Chair
OFF-FA-10003112,Office Supplies,Fasteners,Staples
OFF-PA-10000380,Office Supplies,Paper,"REDIFORM Incoming/Outgoing Call Register, 11"" X 8 1/2"", 100 Messages"
OFF-PA-10000659,Office Supplies,Paper,"TOPS Carbonless Receipt Book, Four 2-3/4 x 7-1/4 Money Receipts per Page"
OFF-ST-10002486,Office Supplies,Storage,Eldon Shelf Savers Cubes and Bins
TEC-AC-10000736,Technology,Accessories,Logitech G600 MMO Gaming Mouse
FUR-BO-10000362,Furniture,Bookcases,Sauder Inglewood Library Bookcases
FUR-FU-10003832,Furniture,Furnishings,"Eldon Expressions Punched Metal & Wood Desk Accessories, Black & Cherry"
OFF-AP-10002287,Office Supplies,Appliances,"Eureka Sanitaire  Multi-Pro Heavy-Duty Upright, Disposable Bags"
FUR-TA-10001889,Furniture,Tables,Bush Advantage Collection Racetrack Conference Table
OFF-AP-10000595,Office Supplies,Appliances,Disposable Triple-Filter Dust Bags
OFF-PA-10001125,Office Supplies,Paper,Xerox 1988
OFF-PA-10001950,Office Supplies,Paper,Southworth 25% Cotton Antique Laid Paper & Envelopes
OFF-ST-10002615,Office Supplies,Storage,"Dual Level, Single-Width Filing Carts"
TEC-AC-10004633,Technology,Accessories,"Verbatim 25 GB 6x Blu-ray Single Layer Recordable Disc, 3/Pack"
OFF-ST-10000636,Office Supplies,Storage,Rogers Profile Extra Capacity Storage Tub
OFF-EN-10004459,Office Supplies,Envelopes,Security-Tint Envelopes
OFF-PA-10000533,Office Supplies,Paper,Southworth Parchment Paper & Envelopes
OFF-PA-10000743,Office Supplies,Paper,Xerox 1977
OFF-PA-10003177,Office Supplies,Paper,Xerox 1999
TEC-AC-10002253,Technology,Accessories,Imation Bio 8GB USB Flash Drive Imation Corp
FUR-CH-10004086,Furniture,Chairs,Hon 4070 Series Pagoda Armless Upholstered Stacking Chairs
FUR-FU-10004586,Furniture,Furnishings,G.E. Longer-Life Indoor Recessed Floodlight Bulbs
OFF-AP-10001947,Office Supplies,Appliances,Acco 6 Outlet Guardian Premium Plus Surge Suppressor
OFF-AR-10003732,Office Supplies,Art,Newell 333
OFF-PA-10001609,Office Supplies,Paper,Tops Wirebound Message Log Books
OFF-PA-10001736,Office Supplies,Paper,Xerox 1880
OFF-PA-10002615,Office Supplies,Paper,"Ampad Gold Fibre Wirebound Steno Books, 6"" x 9"", Gregg Ruled"
TEC-AC-10003116,Technology,Accessories,Memorex Froggy Flash Drive 8 GB
FUR-CH-10003298,Furniture,Chairs,"Office Star - Contemporary Task Swivel chair with Loop Arms, Charcoal"
OFF-PA-10001838,Office Supplies,Paper,"Adams Telephone Message Book W/Dividers/Space For Phone Numbers, 5 1/4""X8 1/2"", 300/Messages"
TEC-PH-10002890,Technology,Phones,AT&T 17929 Lendline Telephone
FUR-FU-10001085,Furniture,Furnishings,3M Polarizing Light Filter Sleeves
OFF-PA-10000357,Office Supplies,Paper,"White Dual Perf Computer Printout Paper, 2700 Sheets, 1 Part, Heavyweight, 20 lbs., 14 7/8 x 11"
TEC-PH-10000011,Technology,Phones,PureGear Roll-On Screen Protector
OFF-AP-10001242,Office Supplies,Appliances,APC 7 Outlet Network SurgeArrest Surge Protector
OFF-BI-10003707,Office Supplies,Binders,Aluminum Screw Posts
TEC-AC-10003038,Technology,Accessories,Kingston Digital DataTraveler 16GB USB 2.0
TEC-AC-10003289,Technology,Accessories,Anker Ultra-Slim Mini Bluetooth 3.0 Wireless Keyboard
TEC-MA-10003329,Technology,Machines,"Vtech AT&T CL2940 Corded Speakerphone, Black"
TEC-PH-10003095,Technology,Phones,Samsung HM1900 Bluetooth Headset
FUR-FU-10004622,Furniture,Furnishings,Eldon Advantage Foldable Chair Mats for Low Pile Carpets
OFF-AP-10003849,Office Supplies,Appliances,Hoover Shoulder Vac Commercial Portable Vacuum
OFF-AR-10000716,Office Supplies,Art,DIXON Ticonderoga Erasable Checking Pencils
OFF-BI-10002735,Office Supplies,Binders,GBC Prestige Therm-A-Bind Covers
OFF-BI-10003350,Office Supplies,Binders,Acco Expandable Hanging Binders
OFF-BI-10003529,Office Supplies,Binders,Avery Round Ring Poly Binders
OFF-FA-10000735,Office Supplies,Fasteners,Staples
TEC-CO-10004202,Technology,Copiers,Brother DCP1000 Digital 3 in 1 Multifunction Machine
TEC-PH-10000307,Technology,Phones,Shocksock Galaxy S4 Armband
FUR-BO-10004218,Furniture,Bookcases,"Bush Heritage Pine Collection 5-Shelf Bookcase, Albany Pine Finish, *Special Order"
FUR-CH-10003973,Furniture,Chairs,GuestStacker Chair with Chrome Finish Legs
FUR-FU-10001037,Furniture,Furnishings,"DAX Charcoal/Nickel-Tone Document Frame, 5 x 7"
FUR-FU-10001468,Furniture,Furnishings,Tenex Antistatic Computer Chair Mats
OFF-AP-10004036,Office Supplies,Appliances,Bionaire 99.97% HEPA Air Cleaner
OFF-AR-10002467,Office Supplies,Art,Dixon Ticonderoga Pencils
OFF-BI-10002072,Office Supplies,Binders,Cardinal Slant-D Ring Binders
OFF-BI-10003650,Office Supplies,Binders,GBC DocuBind 300 Electric Binding Machine
OFF-LA-10001569,Office Supplies,Labels,Avery 499
OFF-ST-10003816,Office Supplies,Storage,Fellowes High-Stak Drawer Files
TEC-AC-10001767,Technology,Accessories,SanDisk Ultra 64 GB MicroSDHC Class 10 Memory Card
TEC-PH-10000347,Technology,Phones,Cush Cases Heavy Duty Rugged Cover Case for Samsung Galaxy S5 - Purple
TEC-PH-10002844,Technology,Phones,Speck Products Candyshell Flip Case
OFF-AR-10004078,Office Supplies,Art,Newell 312
OFF-BI-10004209,Office Supplies,Binders,"Fellowes Twister Kit, Gray/Clear, 3/pkg"
OFF-BI-10004965,Office Supplies,Binders,Ibico Covers for Plastic or Wire Binding Elements
OFF-PA-10001019,Office Supplies,Paper,Xerox 1884
OFF-PA-10001526,Office Supplies,Paper,Xerox 1949
TEC-AC-10002550,Technology,Accessories,Maxell 4.7GB DVD-RW 3/Pack
OFF-AP-10002651,Office Supplies,Appliances,Hoover Upright Vacuum With Dirt Cup
OFF-AR-10001954,Office Supplies,Art,Newell 331
OFF-PA-10002262,Office Supplies,Paper,Xerox 192
OFF-ST-10002214,Office Supplies,Storage,X-Rack File for Hanging Folders
TEC-AC-10002402,Technology,Accessories,Razer Kraken PRO Over Ear PC and Music Headset
FUR-TA-10002774,Furniture,Tables,Laminate Occasional Tables
OFF-AP-10000179,Office Supplies,Appliances,Honeywell Enviracaire Portable HEPA Air Cleaner for up to 10 x 16 Room
OFF-ST-10001505,Office Supplies,Storage,"Perma STOR-ALL Hanging File Box, 13 1/8""W x 12 1/4""D x 10 1/2""H"
OFF-AR-10002804,Office Supplies,Art,Faber Castell Col-Erase Pencils
OFF-BI-10000773,Office Supplies,Binders,Insertable Tab Post Binder Dividers
OFF-ST-10001476,Office Supplies,Storage,Steel Personal Filing/Posting Tote
FUR-FU-10000087,Furniture,Furnishings,"Executive Impressions 14"" Two-Color Numerals Wall Clock"
FUR-FU-10001290,Furniture,Furnishings,Executive Impressions Supervisor Wall Clock
OFF-AP-10004487,Office Supplies,Appliances,Kensington 4 Outlet MasterPiece Compact Power Control Center
OFF-PA-10003127,Office Supplies,Paper,Easy-staple paper
TEC-AC-10002473,Technology,Accessories,Maxell 4.7GB DVD-R
TEC-CO-10001943,Technology,Copiers,Canon PC-428 Personal Copier
TEC-PH-10004531,Technology,Phones,OtterBox Commuter Series Case - iPhone 5 & 5s
OFF-ST-10000419,Office Supplies,Storage,"Rogers Jumbo File, Granite"
FUR-FU-10004973,Furniture,Furnishings,Flat Face Poster Frame
FUR-TA-10000688,Furniture,Tables,"Chromcraft Bull-Nose Wood Round Conference Table Top, Wood Base"
FUR-TA-10002530,Furniture,Tables,"Iceberg OfficeWorks 42"" Round Tables"
FUR-TA-10002530,Furniture,Tables,"Iceberg OfficeWorks 42"" Round Tables"
FUR-TA-10003954,Furniture,Tables,Hon 94000 Series Round Tables
OFF-AP-10004980,Office Supplies,Appliances,3M Replacement Filter for Office Air Cleaner for 20' x 33' Room
OFF-BI-10002071,Office Supplies,Binders,Fellowes Black Plastic Comb Bindings
OFF-PA-10000788,Office Supplies,Paper,Xerox 210
OFF-PA-10002968,Office Supplies,Paper,Xerox 1973
OFF-ST-10000344,Office Supplies,Storage,"Neat Ideas Personal Hanging Folder Files, Black"
OFF-SU-10004498,Office Supplies,Supplies,Martin-Yale Premier Letter Opener
TEC-AC-10002800,Technology,Accessories,Plantronics Audio 478 Stereo USB Headset
TEC-PH-10001061,Technology,Phones,Apple iPhone 5C
TEC-PH-10001494,Technology,Phones,Polycom CX600 IP Phone VoIP phone
TEC-PH-10003645,Technology,Phones,Aastra 57i VoIP phone
OFF-AP-10002403,Office Supplies,Appliances,Acco Smartsocket Color-Coded Six-Outlet AC Adapter Model Surge Protectors
FUR-BO-10001519,Furniture,Bookcases,O'Sullivan 3-Shelf Heavy-Duty Bookcases
FUR-CH-10003968,Furniture,Chairs,Novimex Turbo Task Chair
FUR-FU-10001468,Furniture,Furnishings,Tenex Antistatic Computer Chair Mats
OFF-AP-10002350,Office Supplies,Appliances,Belkin F9H710-06 7 Outlet SurgeMaster Surge Protector
OFF-AR-10004757,Office Supplies,Art,Crayola Colored Pencils
OFF-BI-10001036,Office Supplies,Binders,Cardinal EasyOpen D-Ring Binders
OFF-BI-10004330,Office Supplies,Binders,"GBC Velobind Prepunched Cover Sets, Regency Series"
OFF-FA-10001229,Office Supplies,Fasteners,Staples
OFF-FA-10003059,Office Supplies,Fasteners,Assorted Color Push Pins
OFF-FA-10004838,Office Supplies,Fasteners,"Super Bands, 12/Pack"
TEC-AC-10004396,Technology,Accessories,Logitech Keyboard K120
TEC-CO-10001766,Technology,Copiers,Canon PC940 Copier
TEC-PH-10002033,Technology,Phones,Konftel 250 Conference phone - Charcoal black
TEC-PH-10002115,Technology,Phones,Plantronics 81402
OFF-AP-10002651,Office Supplies,Appliances,Hoover Upright Vacuum With Dirt Cup
OFF-AR-10000614,Office Supplies,Art,Barrel Sharpener
OFF-AR-10003251,Office Supplies,Art,Prang Drawing Pencil Set
OFF-BI-10001900,Office Supplies,Binders,"DXL Angle-View Binders with Locking Rings, Black"
OFF-PA-10001184,Office Supplies,Paper,Xerox 1903
TEC-AC-10003174,Technology,Accessories,Plantronics S12 Corded Telephone Headset System
TEC-AC-10003198,Technology,Accessories,Enermax Acrylux Wireless Keyboard
TEC-PH-10002310,Technology,Phones,Plantronics Calisto P620-M USB Wireless Speakerphone System
FUR-CH-10000225,Furniture,Chairs,"Global Geo Office Task Chair, Gray"
FUR-CH-10003061,Furniture,Chairs,"Global Leather Task Chair, Black"
FUR-FU-10001706,Furniture,Furnishings,Longer-Life Soft White Bulbs
OFF-AR-10003373,Office Supplies,Art,"Boston School Pro Electric Pencil Sharpener, 1670"
OFF-AR-10003481,Office Supplies,Art,Newell 348
OFF-BI-10000320,Office Supplies,Binders,GBC Plastic Binding Combs
OFF-BI-10003676,Office Supplies,Binders,"GBC Standard Recycled Report Covers, Clear Plastic Sheets"
OFF-BI-10004410,Office Supplies,Binders,"C-Line Peel & Stick Add-On Filing Pockets, 8-3/4 x 5-1/8, 10/Pack"
OFF-LA-10002762,Office Supplies,Labels,Avery 485
OFF-LA-10004093,Office Supplies,Labels,Avery 486
OFF-PA-10000483,Office Supplies,Paper,Xerox 19
OFF-PA-10003936,Office Supplies,Paper,Xerox 1994
OFF-ST-10000532,Office Supplies,Storage,Advantus Rolling Drawer Organizers
OFF-ST-10002756,Office Supplies,Storage,"Tennsco Stur-D-Stor Boltless Shelving, 5 Shelves, 24"" Deep, Sand"
TEC-AC-10003116,Technology,Accessories,Memorex Froggy Flash Drive 8 GB
TEC-AC-10003590,Technology,Accessories,"TRENDnet 56K USB 2.0 Phone, Internet and Fax Modem"
TEC-PH-10001870,Technology,Phones,Lunatik TT5L-002 Taktik Strike Impact Protection System for iPhone 5
TEC-PH-10003357,Technology,Phones,Grandstream GXP2100 Mainstream Business Phone
OFF-AP-10002578,Office Supplies,Appliances,"Fellowes Premier Superior Surge Suppressor, 10-Outlet, With Phone and Remote"
OFF-BI-10003925,Office Supplies,Binders,Fellowes PB300 Plastic Comb Binding Machine
FUR-FU-10002937,Furniture,Furnishings,"GE 48"" Fluorescent Tube, Cool White Energy Saver, 34 Watts, 30/Box"
OFF-EN-10003296,Office Supplies,Envelopes,Tyvek Side-Opening Peel & Seel Expanding Envelopes
OFF-PA-10001166,Office Supplies,Paper,Xerox 2
OFF-PA-10002377,Office Supplies,Paper,Xerox 1916
TEC-PH-10001557,Technology,Phones,Pyle PMP37LED
FUR-CH-10001891,Furniture,Chairs,Global Deluxe Office Fabric Chairs
FUR-FU-10003394,Furniture,Furnishings,"Tenex ""The Solids"" Textured Chair Mats"
OFF-BI-10002215,Office Supplies,Binders,"Wilson Jones Hanging View Binder, White, 1"""
TEC-PH-10002103,Technology,Phones,Jabra SPEAK 410
OFF-AR-10004691,Office Supplies,Art,Boston 1730 StandUp Electric Pencil Sharpener
TEC-PH-10002923,Technology,Phones,"Logitech B530 USB Headset - headset - Full size, Binaural"
OFF-AR-10001044,Office Supplies,Art,"BOSTON Ranger #55 Pencil Sharpener, Black"
FUR-CH-10003535,Furniture,Chairs,"Global Armless Task Chair, Royal Blue"
OFF-AP-10001205,Office Supplies,Appliances,Belkin 5 Outlet SurgeMaster Power Centers
OFF-AP-10002311,Office Supplies,Appliances,"Holmes Replacement Filter for HEPA Air Cleaner, Very Large Room, HEPA Filter"
OFF-AR-10000658,Office Supplies,Art,Newell 324
OFF-BI-10002071,Office Supplies,Binders,Fellowes Black Plastic Comb Bindings
OFF-EN-10003862,Office Supplies,Envelopes,Laser & Ink Jet Business Envelopes
OFF-ST-10002574,Office Supplies,Storage,"SAFCO Commercial Wire Shelving, Black"
FUR-CH-10000513,Furniture,Chairs,High-Back Leather Manager's Chair
FUR-CH-10002017,Furniture,Chairs,SAFCO Optional Arm Kit for Workspace Cribbage Stacking Chair
FUR-CH-10004086,Furniture,Chairs,Hon 4070 Series Pagoda Armless Upholstered Stacking Chairs
FUR-FU-10003708,Furniture,Furnishings,"Tenex Traditional Chairmats for Medium Pile Carpet, Standard Lip, 36"" x 48"""
FUR-TA-10000577,Furniture,Tables,Bretford CR4500 Series Slim Rectangular Table
OFF-AR-10000588,Office Supplies,Art,Newell 345
OFF-AR-10004757,Office Supplies,Art,Crayola Colored Pencils
OFF-BI-10001524,Office Supplies,Binders,GBC Premium Transparent Covers with Diagonal Lined Pattern
OFF-ST-10004123,Office Supplies,Storage,Safco Industrial Wire Shelving System
TEC-PH-10003174,Technology,Phones,RCA ViSYS 25825 Wireless digital phone
FUR-CH-10000309,Furniture,Chairs,Global Comet Stacking Arm Chair
OFF-AP-10003971,Office Supplies,Appliances,Belkin 6 Outlet Metallic Surge Strip
OFF-AR-10001166,Office Supplies,Art,Staples in misc. colors
OFF-SU-10001574,Office Supplies,Supplies,Acme Value Line Scissors
TEC-MA-10004212,Technology,Machines,Cisco SPA525G2 5-Line IP Phone
OFF-AP-10000696,Office Supplies,Appliances,Holmes Odor Grabber
OFF-AP-10003779,Office Supplies,Appliances,Kensington 7 Outlet MasterPiece Power Center with Fax/Phone Line Protection
OFF-BI-10000309,Office Supplies,Binders,"GBC Twin Loop Wire Binding Elements, 9/16"" Spine, Black"
OFF-BI-10003527,Office Supplies,Binders,Fellowes PB500 Electric Punch Plastic Comb Binding Machine with Manual Bind
OFF-ST-10003327,Office Supplies,Storage,Akro-Mils 12-Gallon Tote
OFF-PA-10001526,Office Supplies,Paper,Xerox 1949
FUR-CH-10001146,Furniture,Chairs,"Global Value Mid-Back Manager's Chair, Gray"
FUR-FU-10001025,Furniture,Furnishings,"Eldon Imàge Series Desk Accessories, Clear"
FUR-FU-10002445,Furniture,Furnishings,"DAX Two-Tone Rosewood/Black Document Frame, Desktop, 5 x 7"
FUR-FU-10002960,Furniture,Furnishings,"Eldon 200 Class Desk Accessories, Burgundy"
OFF-AR-10000658,Office Supplies,Art,Newell 324
OFF-PA-10002689,Office Supplies,Paper,Weyerhaeuser First Choice Laser/Copy Paper (20Lb. and 88 Bright)
TEC-PH-10000347,Technology,Phones,Cush Cases Heavy Duty Rugged Cover Case for Samsung Galaxy S5 - Purple
TEC-PH-10001300,Technology,Phones,"iKross Bluetooth Portable Keyboard + Cell Phone Stand Holder + Brush for Apple iPhone 5S 5C 5, 4S 4"
TEC-PH-10001530,Technology,Phones,Cisco Unified IP Phone 7945G VoIP phone
FUR-FU-10001095,Furniture,Furnishings,DAX Black Cherry Wood-Tone Poster Frame
OFF-AR-10004022,Office Supplies,Art,Panasonic KP-380BK Classic Electric Pencil Sharpener
OFF-BI-10000309,Office Supplies,Binders,"GBC Twin Loop Wire Binding Elements, 9/16"" Spine, Black"
OFF-ST-10000876,Office Supplies,Storage,Eldon Simplefile Box Office
OFF-SU-10002573,Office Supplies,Supplies,"Acme 10"" Easy Grip Assistive Scissors"
OFF-SU-10004261,Office Supplies,Supplies,"Fiskars 8"" Scissors, 2/Pack"
TEC-PH-10004348,Technology,Phones,OtterBox Defender Series Case - iPhone 5c
OFF-LA-10000443,Office Supplies,Labels,Avery 501
TEC-PH-10001750,Technology,Phones,Samsung Rugby III
FUR-CH-10002965,Furniture,Chairs,"Global Leather Highback Executive Chair with Pneumatic Height Adjustment, Black"
FUR-FU-10002298,Furniture,Furnishings,"Rubbermaid ClusterMat Chairmats, Mat Size- 66"" x 60"", Lip 20"" x 11"" -90 Degree Angle"
OFF-AP-10003266,Office Supplies,Appliances,"Holmes Replacement Filter for HEPA Air Cleaner, Large Room"
OFF-AP-10003622,Office Supplies,Appliances,"Bravo II Megaboss 12-Amp Hard Body Upright, Replacement Belts, 2 Belts per Pack"
OFF-AR-10001246,Office Supplies,Art,Newell 317
OFF-AR-10001468,Office Supplies,Art,"Sanford Prismacolor Professional Thick Lead Art Pencils, 36-Color Set"
OFF-BI-10001575,Office Supplies,Binders,GBC Linen Binding Covers
OFF-BI-10002026,Office Supplies,Binders,Ibico Recycled Linen-Style Covers
OFF-BI-10004654,Office Supplies,Binders,Avery Binding System Hidden Tab Executive Style Index Sets
OFF-PA-10002230,Office Supplies,Paper,Xerox 1897
OFF-ST-10000563,Office Supplies,Storage,Fellowes Bankers Box Stor/Drawer Steel Plus
TEC-AC-10000844,Technology,Accessories,Logitech Gaming G510s - Keyboard
TEC-AC-10001542,Technology,Accessories,SanDisk Cruzer 16 GB USB Flash Drive
FUR-FU-10001940,Furniture,Furnishings,Staple-based wall hangings
FUR-FU-10002671,Furniture,Furnishings,Electrix 20W Halogen Replacement Bulb for Zoom-In Desk Lamp
OFF-AR-10001897,Office Supplies,Art,Model L Table or Wall-Mount Pencil Sharpener
TEC-PH-10002922,Technology,Phones,ShoreTel ShorePhone IP 230 VoIP phone
FUR-TA-10001095,Furniture,Tables,Chromcraft Round Conference Tables
OFF-PA-10000213,Office Supplies,Paper,Xerox 198
OFF-PA-10001952,Office Supplies,Paper,Xerox 1902
FUR-CH-10004675,Furniture,Chairs,"Lifetime Advantage Folding Chairs, 4/Carton"
FUR-TA-10003469,Furniture,Tables,Balt Split Level Computer Training Table
OFF-AR-10002578,Office Supplies,Art,Newell 335
OFF-BI-10001078,Office Supplies,Binders,"Acco PRESSTEX Data Binder with Storage Hooks, Dark Blue, 14 7/8"" X 11"""
FUR-CH-10002647,Furniture,Chairs,"Situations Contoured Folding Chairs, 4/Set"
FUR-FU-10000723,Furniture,Furnishings,"Deflect-o EconoMat Studded, No Bevel Mat for Low Pile Carpeting"
FUR-FU-10001095,Furniture,Furnishings,DAX Black Cherry Wood-Tone Poster Frame
FUR-FU-10001852,Furniture,Furnishings,"Eldon Regeneration Recycled Desk Accessories, Smoke"
OFF-AR-10000127,Office Supplies,Art,Newell 321
OFF-BI-10003684,Office Supplies,Binders,Wilson Jones Legal Size Ring Binders
OFF-PA-10003363,Office Supplies,Paper,Xerox 204
OFF-PA-10003465,Office Supplies,Paper,Xerox 1912
OFF-SU-10000157,Office Supplies,Supplies,Compact Automatic Electric Letter Opener
TEC-CO-10004115,Technology,Copiers,Sharp AL-1530CS Digital Copier
TEC-PH-10000441,Technology,Phones,VTech DS6151
OFF-BI-10000962,Office Supplies,Binders,"Acco Flexible ACCOHIDE Square Ring Data Binder, Dark Blue, 11 1/2"" X 14"" 7/8"""
OFF-AP-10002439,Office Supplies,Appliances,Tripp Lite Isotel 8 Ultra 8 Outlet Metal Surge
OFF-AR-10004602,Office Supplies,Art,Boston KS Multi-Size Manual Pencil Sharpener
TEC-AC-10002718,Technology,Accessories,Belkin Standard 104 key USB Keyboard
FUR-CH-10004540,Furniture,Chairs,Global Chrome Stack Chair
FUR-FU-10000175,Furniture,Furnishings,DAX Wood Document Frame
OFF-BI-10002949,Office Supplies,Binders,Prestige Round Ring Binders
OFF-PA-10001954,Office Supplies,Paper,Xerox 1964
OFF-PA-10003893,Office Supplies,Paper,Xerox 1962
OFF-PA-10004239,Office Supplies,Paper,Xerox 1953
OFF-ST-10004258,Office Supplies,Storage,Portable Personal File Box
TEC-PH-10000441,Technology,Phones,VTech DS6151
TEC-PH-10001336,Technology,Phones,Digium D40 VoIP phone
OFF-FA-10002280,Office Supplies,Fasteners,Advantus Plastic Paper Clips
TEC-PH-10004447,Technology,Phones,Toshiba IPT2010-SD IP Telephone
FUR-BO-10004015,Furniture,Bookcases,"Bush Andora Bookcase, Maple/Graphite Gray Finish"
FUR-CH-10003833,Furniture,Chairs,Novimex Fabric Task Chair
FUR-CH-10004495,Furniture,Chairs,"Global Leather and Oak Executive Chair, Black"
FUR-FU-10001979,Furniture,Furnishings,Dana Halogen Swing-Arm Architect Lamp
OFF-AR-10001118,Office Supplies,Art,"Binney & Smith Crayola Metallic Crayons, 16-Color Pack"
OFF-AR-10003373,Office Supplies,Art,"Boston School Pro Electric Pencil Sharpener, 1670"
OFF-BI-10001575,Office Supplies,Binders,GBC Linen Binding Covers
OFF-BI-10001982,Office Supplies,Binders,Wilson Jones Custom Binder Spines & Labels
OFF-EN-10000927,Office Supplies,Envelopes,Jet-Pak Recycled Peel 'N' Seal Padded Mailers
OFF-LA-10002312,Office Supplies,Labels,Avery 490
OFF-LA-10003510,Office Supplies,Labels,"Avery 4027 File Folder Labels for Dot Matrix Printers, 5000 Labels per Box, White"
OFF-ST-10003470,Office Supplies,Storage,"Tennsco Snap-Together Open Shelving Units, Starter Sets and Add-On Units"
OFF-EN-10004147,Office Supplies,Envelopes,Wausau Papers Astrobrights Colored Envelopes
OFF-ST-10002583,Office Supplies,Storage,Fellowes Neat Ideas Storage Cubes
TEC-AC-10002402,Technology,Accessories,Razer Kraken PRO Over Ear PC and Music Headset
OFF-BI-10002082,Office Supplies,Binders,GBC Twin Loop Wire Binding Elements
OFF-LA-10003766,Office Supplies,Labels,Self-Adhesive Removable Labels
OFF-PA-10002250,Office Supplies,Paper,Things To Do Today Pad
OFF-SU-10000898,Office Supplies,Supplies,"Acme Hot Forged Carbon Steel Scissors with Nickel-Plated Handles, 3 7/8"" Cut, 8""L"
OFF-PA-10003724,Office Supplies,Paper,"Wirebound Message Book, 4 per Page"
FUR-FU-10001986,Furniture,Furnishings,"Dana Fluorescent Magnifying Lamp, White, 36"""
OFF-BI-10001031,Office Supplies,Binders,Pressboard Data Binders by Wilson Jones
OFF-AP-10000358,Office Supplies,Appliances,Fellowes Basic Home/Office Series Surge Protectors
OFF-BI-10001597,Office Supplies,Binders,"Wilson Jones Ledger-Size, Piano-Hinge Binder, 2"", Blue"
OFF-BI-10001636,Office Supplies,Binders,Ibico Plastic and Wire Spiral Binding Combs
OFF-LA-10004484,Office Supplies,Labels,Avery 476
OFF-ST-10002406,Office Supplies,Storage,Pizazz Global Quick File
TEC-MA-10004002,Technology,Machines,Zebra GX420t Direct Thermal/Thermal Transfer Printer
TEC-PH-10003645,Technology,Phones,Aastra 57i VoIP phone
FUR-FU-10003724,Furniture,Furnishings,Westinghouse Clip-On Gooseneck Lamps
OFF-AP-10001394,Office Supplies,Appliances,Harmony Air Purifier
OFF-AP-10004708,Office Supplies,Appliances,Fellowes Superior 10 Outlet Split Surge Protector
OFF-BI-10001036,Office Supplies,Binders,Cardinal EasyOpen D-Ring Binders
OFF-EN-10000056,Office Supplies,Envelopes,Cameo Buff Policy Envelopes
OFF-ST-10004507,Office Supplies,Storage,Advantus Rolling Storage Box
FUR-CH-10002880,Furniture,Chairs,"Global High-Back Leather Tilter, Burgundy"
OFF-BI-10001249,Office Supplies,Binders,Avery Heavy-Duty EZD View Binder with Locking Rings
FUR-FU-10002268,Furniture,Furnishings,Ultra Door Push Plate
OFF-AP-10004487,Office Supplies,Appliances,Kensington 4 Outlet MasterPiece Compact Power Control Center
OFF-AR-10002445,Office Supplies,Art,SANFORD Major Accent Highlighters
OFF-BI-10001718,Office Supplies,Binders,GBC DocuBind P50 Personal Binding Machine
OFF-PA-10002160,Office Supplies,Paper,Xerox 1978
OFF-SU-10002557,Office Supplies,Supplies,Fiskars Spring-Action Scissors
TEC-AC-10003095,Technology,Accessories,Logitech G35 7.1-Channel Surround Sound Headset
TEC-PH-10001944,Technology,Phones,Wi-Ex zBoost YX540 Cellular Phone Signal Booster
FUR-CH-10000863,Furniture,Chairs,Novimex Swivel Fabric Task Chair
FUR-CH-10004754,Furniture,Chairs,"Global Stack Chair with Arms, Black"
FUR-FU-10003849,Furniture,Furnishings,"DAX Metal Frame, Desktop, Stepped-Edge"
OFF-EN-10004459,Office Supplies,Envelopes,Security-Tint Envelopes
OFF-PA-10003134,Office Supplies,Paper,Xerox 1937
OFF-PA-10003790,Office Supplies,Paper,Xerox 1991
TEC-AC-10003628,Technology,Accessories,Logitech 910-002974 M325 Wireless Mouse for Web Scrolling
TEC-MA-10004679,Technology,Machines,StarTech.com 10/100 VDSL2 Ethernet Extender Kit
OFF-AR-10000411,Office Supplies,Art,Boston 16701 Slimline Battery Pencil Sharpener
OFF-AR-10001547,Office Supplies,Art,Newell 311
OFF-BI-10000605,Office Supplies,Binders,"Acco Pressboard Covers with Storage Hooks, 9 1/2"" x 11"", Executive Red"
OFF-LA-10000262,Office Supplies,Labels,Avery 494
OFF-PA-10004255,Office Supplies,Paper,Xerox 219
OFF-ST-10001328,Office Supplies,Storage,"Personal Filing Tote with Lid, Black/Gray"
OFF-ST-10001490,Office Supplies,Storage,"Hot File 7-Pocket, Floor Stand"
OFF-ST-10001558,Office Supplies,Storage,Acco Perma 4000 Stacking Storage Drawers
TEC-PH-10004093,Technology,Phones,Panasonic Kx-TS550
FUR-CH-10000863,Furniture,Chairs,Novimex Swivel Fabric Task Chair
FUR-FU-10002506,Furniture,Furnishings,"Tensor ""Hersey Kiss"" Styled Floor Lamp"
OFF-BI-10002931,Office Supplies,Binders,"Avery Trapezoid Extra Heavy Duty 4"" Binders"
OFF-FA-10002988,Office Supplies,Fasteners,Ideal Clamps
OFF-LA-10004484,Office Supplies,Labels,Avery 476
OFF-PA-10000474,Office Supplies,Paper,Easy-staple paper
OFF-PA-10004101,Office Supplies,Paper,Xerox 1894
OFF-ST-10001496,Office Supplies,Storage,Standard Rollaway File with Lock
OFF-AP-10004540,Office Supplies,Appliances,"Eureka The Boss Lite 10-Amp Upright Vacuum, Blue"
TEC-AC-10000358,Technology,Accessories,Imation Secure Drive + Hardware Encrypted USB flash drive - 16 GB
TEC-PH-10001527,Technology,Phones,Plantronics MX500i Earset
TEC-PH-10001795,Technology,Phones,RCA H5401RE1 DECT 6.0 4-Line Cordless Handset With Caller ID/Call Waiting
FUR-BO-10004357,Furniture,Bookcases,O'Sullivan Living Dimensions 3-Shelf Bookcases
FUR-CH-10002320,Furniture,Chairs,Hon Pagoda Stacking Chairs
FUR-FU-10001847,Furniture,Furnishings,Eldon Image Series Black Desk Accessories
FUR-FU-10001935,Furniture,Furnishings,3M Hangers With Command Adhesive
FUR-FU-10002703,Furniture,Furnishings,"Tenex Traditional Chairmats for Hard Floors, Average Lip, 36"" x 48"""
OFF-AR-10003504,Office Supplies,Art,Newell 347
OFF-BI-10004364,Office Supplies,Binders,Storex Dura Pro Binders
OFF-FA-10003472,Office Supplies,Fasteners,Bagged Rubber Bands
OFF-LA-10000443,Office Supplies,Labels,Avery 501
OFF-LA-10003766,Office Supplies,Labels,Self-Adhesive Removable Labels
OFF-PA-10001125,Office Supplies,Paper,Xerox 1988
OFF-PA-10001950,Office Supplies,Paper,Southworth 25% Cotton Antique Laid Paper & Envelopes
OFF-PA-10002120,Office Supplies,Paper,Xerox 1889
OFF-PA-10002254,Office Supplies,Paper,Xerox 1883
OFF-ST-10000046,Office Supplies,Storage,Fellowes Super Stor/Drawer Files
OFF-ST-10001590,Office Supplies,Storage,"Tenex Personal Project File with Scoop Front Design, Black"
OFF-ST-10004340,Office Supplies,Storage,"Fellowes Mobile File Cart, Black"
OFF-BI-10001890,Office Supplies,Binders,Avery Poly Binder Pockets
OFF-BI-10004224,Office Supplies,Binders,Catalog Binders with Expanding Posts
OFF-LA-10004178,Office Supplies,Labels,Avery 491
OFF-PA-10001838,Office Supplies,Paper,"Adams Telephone Message Book W/Dividers/Space For Phone Numbers, 5 1/4""X8 1/2"", 300/Messages"
OFF-PA-10002606,Office Supplies,Paper,Xerox 1928
TEC-PH-10001299,Technology,Phones,Polycom CX300 Desktop Phone USB VoIP phone
TEC-PH-10001300,Technology,Phones,"iKross Bluetooth Portable Keyboard + Cell Phone Stand Holder + Brush for Apple iPhone 5S 5C 5, 4S 4"
FUR-FU-10000672,Furniture,Furnishings,"Executive Impressions 10"" Spectator Wall Clock"
OFF-AR-10004685,Office Supplies,Art,"Binney & Smith Crayola Metallic Colored Pencils, 8-Color Set"
OFF-LA-10000443,Office Supplies,Labels,Avery 501
OFF-PA-10004569,Office Supplies,Paper,"Wirebound Message Books, Two 4 1/4"" x 5"" Forms per Page"
TEC-AC-10001874,Technology,Accessories,Logitech Wireless Anywhere Mouse MX for PC and Mac
TEC-AC-10003870,Technology,Accessories,Logitech Z-906 Speaker sys - home theater - 5.1-CH
FUR-CH-10004997,Furniture,Chairs,Hon Every-Day Series Multi-Task Chairs
OFF-PA-10000528,Office Supplies,Paper,Xerox 1981
OFF-AR-10003183,Office Supplies,Art,Avery Fluorescent Highlighter Four-Color Set
OFF-BI-10003707,Office Supplies,Binders,Aluminum Screw Posts
OFF-BI-10004187,Office Supplies,Binders,3-ring staple pack
OFF-PA-10000552,Office Supplies,Paper,Xerox 200
FUR-FU-10001185,Furniture,Furnishings,"Advantus Employee of the Month Certificate Frame, 11 x 13-1/2"
OFF-AP-10003849,Office Supplies,Appliances,Hoover Shoulder Vac Commercial Portable Vacuum
OFF-AR-10003856,Office Supplies,Art,Newell 344
OFF-BI-10002429,Office Supplies,Binders,"Premier Elliptical Ring Binder, Black"
OFF-LA-10001982,Office Supplies,Labels,Smead Alpha-Z Color-Coded Name Labels First Letter Starter Set
OFF-PA-10001215,Office Supplies,Paper,Xerox 1963
OFF-PA-10002581,Office Supplies,Paper,Xerox 1951
OFF-ST-10000046,Office Supplies,Storage,Fellowes Super Stor/Drawer Files
TEC-AC-10003433,Technology,Accessories,Maxell 4.7GB DVD+R 5/Pack
FUR-FU-10003192,Furniture,Furnishings,Luxo Adjustable Task Clamp Lamp
OFF-BI-10001670,Office Supplies,Binders,Vinyl Sectional Post Binders
OFF-BI-10002133,Office Supplies,Binders,"Wilson Jones Elliptical Ring 3 1/2"" Capacity Binders, 800 sheets"
OFF-BI-10003876,Office Supplies,Binders,"Green Canvas Binder for 8-1/2"" x 14"" Sheets"
OFF-PA-10000304,Office Supplies,Paper,Xerox 1995
TEC-AC-10004396,Technology,Accessories,Logitech Keyboard K120
TEC-PH-10004522,Technology,Phones,Dexim XPower Skin Super-Thin Power Case for iPhone 5 - Black
FUR-CH-10003312,Furniture,Chairs,Hon 2090 “Pillow Soft” Series Mid Back Swivel/Tilt Chairs
FUR-FU-10003464,Furniture,Furnishings,"Seth Thomas 8 1/2"" Cubicle Clock"
FUR-FU-10004666,Furniture,Furnishings,DAX Clear Channel Poster Frame
OFF-AR-10000380,Office Supplies,Art,"Hunt PowerHouse Electric Pencil Sharpener, Blue"
OFF-AR-10003582,Office Supplies,Art,"Boston Electric Pencil Sharpener, Model 1818, Charcoal Black"
OFF-BI-10001308,Office Supplies,Binders,GBC Standard Plastic Binding Systems' Combs
OFF-BI-10002799,Office Supplies,Binders,"SlimView Poly Binder, 3/8"""
OFF-BI-10004593,Office Supplies,Binders,Ibico Laser Imprintable Binding System Covers
OFF-PA-10004451,Office Supplies,Paper,Xerox 222
OFF-ST-10001780,Office Supplies,Storage,Tennsco 16-Compartment Lockers with Coat Rack
OFF-ST-10003816,Office Supplies,Storage,Fellowes High-Stak Drawer Files
TEC-AC-10003038,Technology,Accessories,Kingston Digital DataTraveler 16GB USB 2.0
TEC-PH-10002496,Technology,Phones,Cisco SPA301
FUR-FU-10003623,Furniture,Furnishings,"DataProducts Ampli Magnifier Task Lamp, Black,"
OFF-PA-10003848,Office Supplies,Paper,Xerox 1997
OFF-ST-10001505,Office Supplies,Storage,"Perma STOR-ALL Hanging File Box, 13 1/8""W x 12 1/4""D x 10 1/2""H"
OFF-ST-10002444,Office Supplies,Storage,Recycled Eldon Regeneration Jumbo File
TEC-PH-10002844,Technology,Phones,Speck Products Candyshell Flip Case
OFF-AR-10000634,Office Supplies,Art,Newell 320
OFF-AR-10004269,Office Supplies,Art,Newell 31
OFF-BI-10001249,Office Supplies,Binders,Avery Heavy-Duty EZD View Binder with Locking Rings
OFF-BI-10002824,Office Supplies,Binders,Recycled Easel Ring Binders
OFF-BI-10003707,Office Supplies,Binders,Aluminum Screw Posts
OFF-BI-10004970,Office Supplies,Binders,"ACCOHIDE 3-Ring Binder, Blue, 1"""
OFF-PA-10001870,Office Supplies,Paper,Xerox 202
OFF-PA-10003363,Office Supplies,Paper,Xerox 204
TEC-AC-10003657,Technology,Accessories,Lenovo 17-Key USB Numeric Keypad
TEC-CO-10004202,Technology,Copiers,Brother DCP1000 Digital 3 in 1 Multifunction Machine
FUR-FU-10001867,Furniture,Furnishings,"Eldon Expressions Punched Metal & Wood Desk Accessories, Pewter & Cherry"
FUR-FU-10002396,Furniture,Furnishings,"DAX Copper Panel Document Frame, 5 x 7 Size"
FUR-FU-10004904,Furniture,Furnishings,"Eldon ""L"" Workstation Diamond Chairmat"
OFF-PA-10002245,Office Supplies,Paper,Xerox 1895
OFF-ST-10004804,Office Supplies,Storage,"Belkin 19"" Vented Equipment Shelf, Black"
TEC-AC-10002718,Technology,Accessories,Belkin Standard 104 key USB Keyboard
TEC-PH-10002103,Technology,Phones,Jabra SPEAK 410
FUR-CH-10001708,Furniture,Chairs,Office Star - Contemporary Swivel Chair with Padded Adjustable Arms and Flex Back
OFF-BI-10003527,Office Supplies,Binders,Fellowes PB500 Electric Punch Plastic Comb Binding Machine with Manual Bind
OFF-EN-10001028,Office Supplies,Envelopes,Staple envelope
OFF-EN-10003072,Office Supplies,Envelopes,Peel & Seel Envelopes
OFF-PA-10004156,Office Supplies,Paper,Xerox 188
TEC-PH-10004922,Technology,Phones,RCA Visys Integrated PBX 8-Line Router
FUR-CH-10002965,Furniture,Chairs,"Global Leather Highback Executive Chair with Pneumatic Height Adjustment, Black"
FUR-FU-10003464,Furniture,Furnishings,"Seth Thomas 8 1/2"" Cubicle Clock"
FUR-FU-10004973,Furniture,Furnishings,Flat Face Poster Frame
OFF-AR-10001044,Office Supplies,Art,"BOSTON Ranger #55 Pencil Sharpener, Black"
OFF-AR-10002399,Office Supplies,Art,"Dixon Prang Watercolor Pencils, 10-Color Set with Brush"
OFF-BI-10002982,Office Supplies,Binders,Avery Self-Adhesive Photo Pockets for Polaroid Photos
OFF-BI-10003707,Office Supplies,Binders,Aluminum Screw Posts
OFF-BI-10004002,Office Supplies,Binders,Wilson Jones International Size A4 Ring Binders
OFF-BI-10004656,Office Supplies,Binders,Peel & Stick Add-On Corner Pockets
OFF-BI-10004826,Office Supplies,Binders,JM Magazine Binder
OFF-PA-10001661,Office Supplies,Paper,Xerox 1922
OFF-PA-10001937,Office Supplies,Paper,Xerox 21
OFF-ST-10003716,Office Supplies,Storage,Tennsco Double-Tier Lockers
TEC-PH-10002496,Technology,Phones,Cisco SPA301
FUR-FU-10000732,Furniture,Furnishings,Eldon 200 Class Desk Accessories
OFF-BI-10001107,Office Supplies,Binders,"GBC White Gloss Covers, Plain Front"
OFF-EN-10000056,Office Supplies,Envelopes,Cameo Buff Policy Envelopes
OFF-LA-10004677,Office Supplies,Labels,Self-Adhesive Address Labels for Typewriters with Dispenser Box
OFF-PA-10004355,Office Supplies,Paper,Xerox 231
OFF-ST-10003692,Office Supplies,Storage,Recycled Steel Personal File for Hanging File Folders
FUR-FU-10002253,Furniture,Furnishings,"Howard Miller 13"" Diameter Pewter Finish Round Wall Clock"
TEC-AC-10001838,Technology,Accessories,Razer Tiamat Over Ear 7.1 Surround Sound PC Gaming Headset
TEC-PH-10002070,Technology,Phones,Griffin GC36547 PowerJolt SE Lightning Charger
TEC-PH-10002726,Technology,Phones,netTALK DUO VoIP Telephone Service
TEC-PH-10001819,Technology,Phones,Innergie mMini Combo Duo USB Travel Charging Kit
FUR-TA-10002645,Furniture,Tables,Hon Rectangular Conference Tables
OFF-BI-10000545,Office Supplies,Binders,GBC Ibimaster 500 Manual ProClick Binding System
OFF-FA-10000490,Office Supplies,Fasteners,"OIC Binder Clips, Mini, 1/4"" Capacity, Black"
FUR-FU-10000794,Furniture,Furnishings,"Eldon Stackable Tray, Side-Load, Legal, Smoke"
OFF-BI-10004519,Office Supplies,Binders,GBC DocuBind P100 Manual Binding Machine
OFF-FA-10003059,Office Supplies,Fasteners,Assorted Color Push Pins
TEC-AC-10001590,Technology,Accessories,Dell Slim USB Multimedia Keyboard
TEC-PH-10002468,Technology,Phones,"Plantronics CS 50-USB - headset - Convertible, Monaural"
TEC-PH-10003931,Technology,Phones,JBL Micro Wireless Portable Bluetooth Speaker
TEC-PH-10004830,Technology,Phones,Pyle PRT45 Retro Home Telephone
FUR-FU-10001979,Furniture,Furnishings,Dana Halogen Swing-Arm Architect Lamp
FUR-FU-10004587,Furniture,Furnishings,"GE General Use Halogen Bulbs, 100 Watts, 1 Bulb per Pack"
OFF-AR-10004062,Office Supplies,Art,Staples in misc. colors
OFF-BI-10000201,Office Supplies,Binders,"Avery Triangle Shaped Sheet Lifters, Black, 2/Pack"
OFF-BI-10004330,Office Supplies,Binders,"GBC Velobind Prepunched Cover Sets, Regency Series"
OFF-LA-10001613,Office Supplies,Labels,Avery File Folder Labels
OFF-PA-10001019,Office Supplies,Paper,Xerox 1884
OFF-PA-10003309,Office Supplies,Paper,Xerox 211
OFF-ST-10001963,Office Supplies,Storage,Tennsco Regal Shelving Units
OFF-ST-10002554,Office Supplies,Storage,Tennsco Industrial Shelving
FUR-CH-10003199,Furniture,Chairs,Office Star - Contemporary Task Swivel Chair
OFF-BI-10001132,Office Supplies,Binders,"Acco PRESSTEX Data Binder with Storage Hooks, Dark Blue, 9 1/2"" X 11"""
OFF-BI-10001543,Office Supplies,Binders,GBC VeloBinder Manual Binding System
OFF-PA-10004040,Office Supplies,Paper,Universal Premium White Copier/Laser Paper (20Lb. and 87 Bright)
OFF-ST-10001321,Office Supplies,Storage,"Decoflex Hanging Personal Folder File, Blue"
TEC-AC-10004708,Technology,Accessories,Sony 32GB Class 10 Micro SDHC R40 Memory Card
TEC-PH-10001578,Technology,Phones,Polycom SoundStation2 EX Conference phone
FUR-BO-10001918,Furniture,Bookcases,"Sauder Forest Hills Library with Doors, Woodland Oak Finish"
FUR-FU-10004306,Furniture,Furnishings,Electrix Halogen Magnifier Lamp
OFF-AR-10000538,Office Supplies,Art,"Boston Model 1800 Electric Pencil Sharpener, Gray"
OFF-BI-10002867,Office Supplies,Binders,GBC Recycled Regency Composition Covers
OFF-LA-10000443,Office Supplies,Labels,Avery 501
OFF-PA-10003177,Office Supplies,Paper,Xerox 1999
FUR-CH-10001482,Furniture,Chairs,Office Star - Mesh Screen back chair with Vinyl seat
FUR-FU-10001473,Furniture,Furnishings,"Eldon Executive Woodline II Desk Accessories, Mahogany"
OFF-PA-10002870,Office Supplies,Paper,"Ampad Phone Message Book, Recycled, 400 Message Capacity, 5 ¾” x 11”"
TEC-PH-10004667,Technology,Phones,Cisco 8x8 Inc. 6753i IP Business Phone System
FUR-CH-10003774,Furniture,Chairs,"Global Wood Trimmed Manager's Task Chair, Khaki"
FUR-CH-10004086,Furniture,Chairs,Hon 4070 Series Pagoda Armless Upholstered Stacking Chairs
FUR-FU-10000076,Furniture,Furnishings,24-Hour Round Wall Clock
OFF-AP-10001293,Office Supplies,Appliances,Belkin 8 Outlet Surge Protector
OFF-BI-10004728,Office Supplies,Binders,Wilson Jones Turn Tabs Binder Tool for Ring Binders
OFF-PA-10000349,Office Supplies,Paper,Easy-staple paper
OFF-PA-10000659,Office Supplies,Paper,"Adams Phone Message Book, Professional, 400 Message Capacity, 5 3/6” x 11”"
OFF-PA-10002250,Office Supplies,Paper,Things To Do Today Pad
OFF-PA-10003349,Office Supplies,Paper,Xerox 1957
OFF-PA-10003797,Office Supplies,Paper,Xerox 209
OFF-ST-10003208,Office Supplies,Storage,Adjustable Depth Letter/Legal Cart
OFF-ST-10004507,Office Supplies,Storage,Advantus Rolling Storage Box
TEC-PH-10003505,Technology,Phones,Geemarc AmpliPOWER60
FUR-CH-10003956,Furniture,Chairs,Novimex High-Tech Fabric Mesh Task Chair
FUR-FU-10000293,Furniture,Furnishings,Eldon Antistatic Chair Mats for Low to Medium Pile Carpets
FUR-FU-10004460,Furniture,Furnishings,"Howard Miller 12"" Round Wall Clock"
OFF-LA-10003930,Office Supplies,Labels,"Dot Matrix Printer Tape Reel Labels, White, 5000/Box"
OFF-PA-10001307,Office Supplies,Paper,"Important Message Pads, 50 4-1/4 x 5-1/2 Forms per Pad"
OFF-AR-10004817,Office Supplies,Art,Colorific Watercolor Pencils
OFF-BI-10002706,Office Supplies,Binders,Avery Premier Heavy-Duty Binder with Round Locking Rings
TEC-PH-10004165,Technology,Phones,Mitel MiVoice 5330e IP Phone
FUR-FU-10003829,Furniture,Furnishings,Stackable Trays
FUR-FU-10003829,Furniture,Furnishings,Stackable Trays
OFF-BI-10003655,Office Supplies,Binders,Durable Pressboard Binders
OFF-BI-10004728,Office Supplies,Binders,Wilson Jones Turn Tabs Binder Tool for Ring Binders
OFF-LA-10003223,Office Supplies,Labels,Avery 508
OFF-ST-10001558,Office Supplies,Storage,Acco Perma 4000 Stacking Storage Drawers
TEC-AC-10002345,Technology,Accessories,HP Standard 104 key PS/2 Keyboard
FUR-BO-10002824,Furniture,Bookcases,Bush Mission Pointe Library
FUR-CH-10003968,Furniture,Chairs,Novimex Turbo Task Chair
FUR-FU-10000965,Furniture,Furnishings,"Howard Miller 11-1/2"" Diameter Ridgewood Wall Clock"
FUR-FU-10002191,Furniture,Furnishings,G.E. Halogen Desk Lamp Bulbs
OFF-AR-10003732,Office Supplies,Art,Newell 333
OFF-ST-10001526,Office Supplies,Storage,Iceberg Mobile Mega Data/Printer Cart
TEC-PH-10004188,Technology,Phones,OtterBox Commuter Series Case - Samsung Galaxy S4
OFF-PA-10004248,Office Supplies,Paper,Xerox 1990
FUR-FU-10002918,Furniture,Furnishings,Eldon ClusterMat Chair Mat with Cordless Antistatic Protection
OFF-AP-10002684,Office Supplies,Appliances,"Acco 7-Outlet Masterpiece Power Center, Wihtout Fax/Phone Line Protection"
OFF-AR-10000657,Office Supplies,Art,"Binney & Smith inkTank Desk Highlighter, Chisel Tip, Yellow, 12/Box"
OFF-AR-10002987,Office Supplies,Art,Prismacolor Color Pencil Set
OFF-BI-10001597,Office Supplies,Binders,"Wilson Jones Ledger-Size, Piano-Hinge Binder, 2"", Blue"
OFF-BI-10001634,Office Supplies,Binders,Wilson Jones Active Use Binders
OFF-BI-10002854,Office Supplies,Binders,"Performers Binder/Pad Holder, Black"
OFF-BI-10004001,Office Supplies,Binders,GBC Recycled VeloBinder Covers
OFF-FA-10002763,Office Supplies,Fasteners,Advantus Map Pennant Flags and Round Head Tacks
OFF-LA-10000476,Office Supplies,Labels,"Avery 05222 Permanent Self-Adhesive File Folder Labels for Typewriters, on Rolls, White, 250/Roll"
OFF-PA-10001609,Office Supplies,Paper,Tops Wirebound Message Log Books
OFF-ST-10003722,Office Supplies,Storage,Project Tote Personal File
TEC-MA-10002428,Technology,Machines,Fellowes Powershred HS-440 4-Sheet High Security Shredder
TEC-PH-10003072,Technology,Phones,Panasonic KX-TG9541B DECT 6.0 Digital 2-Line Expandable Cordless Phone With Digital Answering System
OFF-BI-10003196,Office Supplies,Binders,Accohide Poly Flexible Ring Binders
OFF-BI-10003719,Office Supplies,Binders,Large Capacity Hanging Post Binders
FUR-CH-10003833,Furniture,Chairs,Novimex Fabric Task Chair
FUR-FU-10003142,Furniture,Furnishings,"Master Big Foot Doorstop, Beige"
FUR-FU-10004848,Furniture,Furnishings,"Howard Miller 13-3/4"" Diameter Brushed Chrome Round Wall Clock"
FUR-TA-10001520,Furniture,Tables,"Lesro Sheffield Collection Coffee Table, End Table, Center Table, Corner Table"
OFF-AR-10003732,Office Supplies,Art,Newell 333
OFF-BI-10001597,Office Supplies,Binders,"Wilson Jones Ledger-Size, Piano-Hinge Binder, 2"", Blue"
OFF-BI-10003669,Office Supplies,Binders,3M Organizer Strips
OFF-BI-10004022,Office Supplies,Binders,Acco Suede Grain Vinyl Round Ring Binder
OFF-BI-10004492,Office Supplies,Binders,Tuf-Vin Binders
OFF-PA-10001763,Office Supplies,Paper,Xerox 1896
TEC-PH-10001817,Technology,Phones,Wilson Electronics DB Pro Signal Booster
FUR-CH-10004477,Furniture,Chairs,"Global Push Button Manager's Chair, Indigo"
FUR-FU-10001861,Furniture,Furnishings,"Floodlight Indoor Halogen Bulbs, 1 Bulb per Pack, 60 Watts"
OFF-AR-10003190,Office Supplies,Art,Newell 32
OFF-BI-10003314,Office Supplies,Binders,Tuff Stuff Recycled Round Ring Binders
TEC-PH-10000526,Technology,Phones,Vtech CS6719
TEC-PH-10000526,Technology,Phones,Vtech CS6719
TEC-PH-10003505,Technology,Phones,Geemarc AmpliPOWER60
TEC-PH-10003963,Technology,Phones,GE 2-Jack Phone Line Splitter
FUR-CH-10000595,Furniture,Chairs,Safco Contoured Stacking Chairs
OFF-BI-10000320,Office Supplies,Binders,GBC Plastic Binding Combs
OFF-BI-10001765,Office Supplies,Binders,Wilson Jones Heavy-Duty Casebound Ring Binders with Metal Hinges
OFF-PA-10000019,Office Supplies,Paper,Xerox 1931
OFF-PA-10000349,Office Supplies,Paper,Easy-staple paper
FUR-BO-10001608,Furniture,Bookcases,"Hon Metal Bookcases, Black"
FUR-CH-10004287,Furniture,Chairs,SAFCO Arco Folding Chair
OFF-PA-10001846,Office Supplies,Paper,Xerox 1899
OFF-ST-10002743,Office Supplies,Storage,SAFCO Boltless Steel Shelving
FUR-CH-10003312,Furniture,Chairs,Hon 2090 “Pillow Soft” Series Mid Back Swivel/Tilt Chairs
FUR-CH-10004086,Furniture,Chairs,Hon 4070 Series Pagoda Armless Upholstered Stacking Chairs
FUR-CH-10004853,Furniture,Chairs,"Global Manager's Adjustable Task Chair, Storm"
OFF-EN-10000483,Office Supplies,Envelopes,"White Envelopes, White Envelopes with Clear Poly Window"
OFF-FA-10001332,Office Supplies,Fasteners,"Acco Banker's Clasps, 5 3/4""-Long"
OFF-PA-10000501,Office Supplies,Paper,Petty Cash Envelope
TEC-AC-10001990,Technology,Accessories,Kensington Orbit Wireless Mobile Trackball for PC and Mac
FUR-BO-10003159,Furniture,Bookcases,"Sauder Camden County Collection Libraries, Planked Cherry Finish"
FUR-BO-10004709,Furniture,Bookcases,"Bush Westfield Collection Bookcases, Medium Cherry Finish"
OFF-FA-10004248,Office Supplies,Fasteners,Advantus T-Pin Paper Clips
OFF-LA-10002368,Office Supplies,Labels,Avery 479
FUR-FU-10002364,Furniture,Furnishings,"Eldon Expressions Wood Desk Accessories, Oak"
OFF-AR-10003190,Office Supplies,Art,Newell 32
OFF-BI-10004182,Office Supplies,Binders,Economy Binders
TEC-AC-10003095,Technology,Accessories,Logitech G35 7.1-Channel Surround Sound Headset
TEC-PH-10002468,Technology,Phones,"Plantronics CS 50-USB - headset - Convertible, Monaural"
OFF-BI-10004352,Office Supplies,Binders,Wilson Jones DublLock D-Ring Binders
FUR-BO-10002545,Furniture,Bookcases,"Atlantic Metals Mobile 3-Shelf Bookcases, Custom Colors"
FUR-BO-10004690,Furniture,Bookcases,O'Sullivan Cherrywood Estates Traditional Barrister Bookcase
OFF-BI-10000546,Office Supplies,Binders,Avery Durable Binders
OFF-EN-10000483,Office Supplies,Envelopes,"White Envelopes, White Envelopes with Clear Poly Window"
OFF-PA-10000528,Office Supplies,Paper,Xerox 1981
OFF-PA-10003129,Office Supplies,Paper,Tops White Computer Printout Paper
OFF-ST-10000464,Office Supplies,Storage,"Multi-Use Personal File Cart and Caster Set, Three Stacking Bins"
OFF-ST-10003442,Office Supplies,Storage,Eldon Portable Mobile Manager
TEC-AC-10002253,Technology,Accessories,Imation Bio 8GB USB Flash Drive Imation Corp
TEC-PH-10001557,Technology,Phones,Pyle PMP37LED
FUR-FU-10002253,Furniture,Furnishings,"Howard Miller 13"" Diameter Pewter Finish Round Wall Clock"
OFF-AP-10002892,Office Supplies,Appliances,Belkin F5C206VTEL 6 Outlet Surge
OFF-BI-10003460,Office Supplies,Binders,Acco 3-Hole Punch
FUR-FU-10001487,Furniture,Furnishings,"Eldon Expressions Wood and Plastic Desk Accessories, Cherry Wood"
OFF-BI-10000069,Office Supplies,Binders,"GBC Prepunched Paper, 19-Hole, for Binding Systems, 24-lb"
OFF-BI-10000069,Office Supplies,Binders,"GBC Prepunched Paper, 19-Hole, for Binding Systems, 24-lb"
TEC-AC-10003289,Technology,Accessories,Anker Ultra-Slim Mini Bluetooth 3.0 Wireless Keyboard
FUR-BO-10002213,Furniture,Bookcases,"Sauder Forest Hills Library, Woodland Oak Finish"
FUR-CH-10001854,Furniture,Chairs,Office Star - Professional Matrix Back Chair with 2-to-1 Synchro Tilt and Mesh Fabric Seat
FUR-TA-10002041,Furniture,Tables,"Bevis Round Conference Table Top, X-Base"
OFF-BI-10001524,Office Supplies,Binders,GBC Premium Transparent Covers with Diagonal Lined Pattern
OFF-EN-10001335,Office Supplies,Envelopes,"White Business Envelopes with Contemporary Seam, Recycled White Business Envelopes"
OFF-FA-10004395,Office Supplies,Fasteners,Plymouth Boxed Rubber Bands by Plymouth
OFF-PA-10004782,Office Supplies,Paper,Xerox 228
TEC-PH-10004094,Technology,Phones,Motorola L703CM
FUR-CH-10003199,Furniture,Chairs,Office Star - Contemporary Task Swivel Chair
FUR-TA-10002356,Furniture,Tables,Bevis Boat-Shaped Conference Table
OFF-AR-10002067,Office Supplies,Art,Newell 334
OFF-BI-10000605,Office Supplies,Binders,"Acco Pressboard Covers with Storage Hooks, 9 1/2"" x 11"", Executive Red"
OFF-BI-10003314,Office Supplies,Binders,Tuff Stuff Recycled Round Ring Binders
OFF-EN-10002230,Office Supplies,Envelopes,Airmail Envelopes
OFF-PA-10003072,Office Supplies,Paper,"Eureka Recycled Copy Paper 8 1/2"" x 11"", Ream"
TEC-PH-10004897,Technology,Phones,Mediabridge Sport Armband iPhone 5s
FUR-CH-10002304,Furniture,Chairs,"Global Stack Chair without Arms, Black"
FUR-FU-10003274,Furniture,Furnishings,Regeneration Desk Collection
OFF-BI-10002557,Office Supplies,Binders,Presstex Flexible Ring Binders
OFF-ST-10000943,Office Supplies,Storage,Eldon ProFile File 'N Store Portable File Tub Letter/Legal Size Black
TEC-AC-10003628,Technology,Accessories,Logitech 910-002974 M325 Wireless Mouse for Web Scrolling
FUR-TA-10002903,Furniture,Tables,"Bevis Round Bullnose 29"" High Table Top"
OFF-PA-10004621,Office Supplies,Paper,Xerox 212
OFF-SU-10002573,Office Supplies,Supplies,"Acme 10"" Easy Grip Assistive Scissors"
TEC-AC-10003033,Technology,Accessories,Plantronics CS510 - Over-the-Head monaural Wireless Headset System
TEC-AC-10004469,Technology,Accessories,Microsoft Sculpt Comfort Mouse
FUR-TA-10003715,Furniture,Tables,Hon 2111 Invitation Series Corner Table
OFF-AR-10001868,Office Supplies,Art,Prang Dustless Chalk Sticks
FUR-CH-10001973,Furniture,Chairs,Office Star Flex Back Scooter Chair with White Frame
FUR-TA-10003469,Furniture,Tables,Balt Split Level Computer Training Table
OFF-BI-10002003,Office Supplies,Binders,Ibico Presentation Index for Binding Systems
OFF-PA-10001307,Office Supplies,Paper,"Important Message Pads, 50 4-1/4 x 5-1/2 Forms per Pad"
TEC-AC-10004571,Technology,Accessories,Logitech G700s Rechargeable Gaming Mouse
TEC-MA-10001972,Technology,Machines,Okidata C331dn Printer
TEC-PH-10001527,Technology,Phones,Plantronics MX500i Earset
FUR-FU-10002364,Furniture,Furnishings,"Eldon Expressions Wood Desk Accessories, Oak"
OFF-BI-10002982,Office Supplies,Binders,Avery Self-Adhesive Photo Pockets for Polaroid Photos
OFF-ST-10001505,Office Supplies,Storage,"Perma STOR-ALL Hanging File Box, 13 1/8""W x 12 1/4""D x 10 1/2""H"
OFF-SU-10003567,Office Supplies,Supplies,Stiletto Hand Letter Openers
FUR-BO-10003965,Furniture,Bookcases,O'Sullivan Manor Hill 2-Door Library in Brianna Oak
OFF-BI-10001097,Office Supplies,Binders,Avery Hole Reinforcements
OFF-LA-10004544,Office Supplies,Labels,Avery 505
OFF-PA-10003302,Office Supplies,Paper,Xerox 1906
OFF-PA-10004156,Office Supplies,Paper,Xerox 188
FUR-FU-10000305,Furniture,Furnishings,"Tenex V2T-RE Standard Weight Series Chair Mat, 45"" x 53"", Lip 25"" x 12"""
OFF-AP-10001492,Office Supplies,Appliances,"Acco Six-Outlet Power Strip, 4' Cord Length"
OFF-AR-10002952,Office Supplies,Art,Stanley Contemporary Battery Pencil Sharpeners
OFF-BI-10002194,Office Supplies,Binders,Cardinal Hold-It CD Pocket
OFF-BI-10002215,Office Supplies,Binders,"Wilson Jones Hanging View Binder, White, 1"""
OFF-BI-10004970,Office Supplies,Binders,"ACCOHIDE 3-Ring Binder, Blue, 1"""
OFF-LA-10004545,Office Supplies,Labels,Avery 50
TEC-PH-10003601,Technology,Phones,"Ativa D5772 2-Line 5.8GHz Digital Expandable Corded/Cordless Phone System with Answering & Caller ID/Call Waiting, Black/Silver"
FUR-CH-10000785,Furniture,Chairs,Global Ergonomic Managers Chair
OFF-AP-10004336,Office Supplies,Appliances,"Conquest 14 Commercial Heavy-Duty Upright Vacuum, Collection System, Accessory Kit"
OFF-AR-10004587,Office Supplies,Art,"Boston 1827 Commercial Additional Cutter, Drive Gear & Gear Rack for 1606"
OFF-BI-10001718,Office Supplies,Binders,GBC DocuBind P50 Personal Binding Machine
OFF-BI-10002557,Office Supplies,Binders,Presstex Flexible Ring Binders
OFF-BI-10004970,Office Supplies,Binders,"ACCOHIDE 3-Ring Binder, Blue, 1"""
TEC-AC-10000736,Technology,Accessories,Logitech G600 MMO Gaming Mouse
OFF-AP-10004336,Office Supplies,Appliances,"Conquest 14 Commercial Heavy-Duty Upright Vacuum, Collection System, Accessory Kit"
OFF-AR-10004587,Office Supplies,Art,"Boston 1827 Commercial Additional Cutter, Drive Gear & Gear Rack for 1606"
OFF-BI-10001718,Office Supplies,Binders,GBC DocuBind P50 Personal Binding Machine
FUR-BO-10004690,Furniture,Bookcases,O'Sullivan Cherrywood Estates Traditional Barrister Bookcase
FUR-FU-10000320,Furniture,Furnishings,OIC Stacking Trays
FUR-FU-10001706,Furniture,Furnishings,Longer-Life Soft White Bulbs
FUR-FU-10002157,Furniture,Furnishings,Artistic Insta-Plaque
FUR-TA-10002607,Furniture,Tables,KI Conference Tables
FUR-TA-10003748,Furniture,Tables,Bevis 36 x 72 Conference Tables
OFF-AR-10001026,Office Supplies,Art,"Sanford Uni-Blazer View Highlighters, Chisel Tip, Yellow"
OFF-BI-10000545,Office Supplies,Binders,GBC Ibimaster 500 Manual ProClick Binding System
OFF-FA-10000992,Office Supplies,Fasteners,"Acco Clips to Go Binder Clips, 24 Clips in Two Sizes"
OFF-LA-10001613,Office Supplies,Labels,Avery File Folder Labels
OFF-PA-10001357,Office Supplies,Paper,Xerox 1886
OFF-PA-10001815,Office Supplies,Paper,Xerox 1885
OFF-ST-10000642,Office Supplies,Storage,"Tennsco Lockers, Gray"
OFF-ST-10002485,Office Supplies,Storage,Rogers Deluxe File Chest
TEC-AC-10002600,Technology,Accessories,Belkin QODE FastFit Bluetooth Keyboard
TEC-PH-10000984,Technology,Phones,Panasonic KX-TG9471B
TEC-PH-10003012,Technology,Phones,Nortel Meridian M3904 Professional Digital phone
OFF-AP-10001469,Office Supplies,Appliances,Fellowes 8 Outlet Superior Workstation Surge Protector
OFF-AR-10001915,Office Supplies,Art,Peel-Off China Markers
OFF-BI-10004632,Office Supplies,Binders,GBC Binding covers
OFF-LA-10002043,Office Supplies,Labels,Avery 489
OFF-LA-10002787,Office Supplies,Labels,Avery 480
TEC-PH-10000576,Technology,Phones,AT&T 1080 Corded phone
TEC-PH-10004188,Technology,Phones,OtterBox Commuter Series Case - Samsung Galaxy S4
FUR-FU-10004270,Furniture,Furnishings,"Executive Impressions 13"" Clairmont Wall Clock"
OFF-AR-10001427,Office Supplies,Art,Newell 330
TEC-PH-10004614,Technology,Phones,AT&T 841000 Phone
FUR-FU-10001889,Furniture,Furnishings,Ultra Door Pull Handle
OFF-AR-10001446,Office Supplies,Art,Newell 309
OFF-AR-10003156,Office Supplies,Art,50 Colored Long Pencils
OFF-BI-10003529,Office Supplies,Binders,Avery Round Ring Poly Binders
OFF-BI-10004187,Office Supplies,Binders,3-ring staple pack
OFF-ST-10003816,Office Supplies,Storage,Fellowes High-Stak Drawer Files
FUR-FU-10004018,Furniture,Furnishings,Tensor Computer Mounted Lamp
OFF-ST-10000046,Office Supplies,Storage,Fellowes Super Stor/Drawer Files
OFF-ST-10003638,Office Supplies,Storage,Mobile Personal File Cube
FUR-BO-10000780,Furniture,Bookcases,O'Sullivan Plantations 2-Door Library in Landvery Oak
FUR-FU-10001488,Furniture,Furnishings,"Tenex 46"" x 60"" Computer Anti-Static Chairmat, Rectangular Shaped"
OFF-AR-10002255,Office Supplies,Art,Newell 346
OFF-BI-10003727,Office Supplies,Binders,Avery Durable Slant Ring Binders With Label Holder
OFF-BI-10003981,Office Supplies,Binders,"Avery Durable Plastic 1"" Binders"
OFF-LA-10000452,Office Supplies,Labels,Avery 488
OFF-PA-10000130,Office Supplies,Paper,Xerox 199
OFF-PA-10001878,Office Supplies,Paper,Xerox 1891
OFF-PA-10002787,Office Supplies,Paper,Xerox 227
OFF-ST-10002352,Office Supplies,Storage,Iris Project Case
TEC-AC-10004227,Technology,Accessories,SanDisk Ultra 16 GB MicroSDHC Class 10 Memory Card
TEC-PH-10002624,Technology,Phones,Samsung Galaxy S4 Mini
TEC-PH-10003580,Technology,Phones,Cisco IP Phone 7961G-GE VoIP phone
OFF-AR-10000203,Office Supplies,Art,Newell 336
OFF-BI-10002412,Office Supplies,Binders,Wilson Jones “Snap” Scratch Pad Binder Tool for Ring Binders
OFF-PA-10001937,Office Supplies,Paper,Xerox 21
TEC-AC-10001142,Technology,Accessories,First Data FD10 PIN Pad
TEC-AC-10002217,Technology,Accessories,Imation Clip USB flash drive - 8 GB
FUR-BO-10003893,Furniture,Bookcases,Sauder Camden County Collection Library
FUR-CH-10002335,Furniture,Chairs,Hon GuestStacker Chair
FUR-CH-10003379,Furniture,Chairs,Global Commerce Series High-Back Swivel/Tilt Chairs
FUR-FU-10000193,Furniture,Furnishings,Tenex Chairmats For Use with Hard Floors
OFF-AR-10002053,Office Supplies,Art,"Premium Writing Pencils, Soft, #2 by Central Association for the Blind"
OFF-AR-10003602,Office Supplies,Art,"Quartet Omega Colored Chalk, 12/Pack"
OFF-BI-10001098,Office Supplies,Binders,Acco D-Ring Binder w/DublLock
OFF-BI-10004519,Office Supplies,Binders,GBC DocuBind P100 Manual Binding Machine
OFF-PA-10000157,Office Supplies,Paper,Xerox 191
OFF-PA-10001947,Office Supplies,Paper,Xerox 1974
OFF-PA-10003625,Office Supplies,Paper,Xerox 1979
OFF-PA-10003657,Office Supplies,Paper,Xerox 1927
OFF-ST-10000736,Office Supplies,Storage,Carina Double Wide Media Storage Towers in Natural & Black
OFF-ST-10002574,Office Supplies,Storage,"SAFCO Commercial Wire Shelving, Black"
OFF-SU-10001935,Office Supplies,Supplies,Staple remover
TEC-AC-10000290,Technology,Accessories,Sabrent 4-Port USB 2.0 Hub
OFF-AR-10000390,Office Supplies,Art,Newell Chalk Holder
OFF-BI-10003694,Office Supplies,Binders,"Avery 3 1/2"" Diskette Storage Pages, 10/Pack"
OFF-AP-10000696,Office Supplies,Appliances,Holmes Odor Grabber
OFF-AP-10000828,Office Supplies,Appliances,Avanti 4.4 Cu. Ft. Refrigerator
OFF-AP-10001492,Office Supplies,Appliances,"Acco Six-Outlet Power Strip, 4' Cord Length"
OFF-FA-10003021,Office Supplies,Fasteners,Staples
OFF-LA-10003190,Office Supplies,Labels,Avery 474
OFF-PA-10000809,Office Supplies,Paper,Xerox 206
OFF-PA-10002319,Office Supplies,Paper,Xerox 1944
OFF-PA-10002499,Office Supplies,Paper,Xerox 1890
OFF-PA-10003893,Office Supplies,Paper,Xerox 1962
OFF-SU-10004231,Office Supplies,Supplies,Acme Tagit Stainless Steel Antibacterial Scissors
TEC-AC-10004568,Technology,Accessories,Maxell LTO Ultrium - 800 GB
FUR-FU-10000010,Furniture,Furnishings,"DAX Value U-Channel Document Frames, Easel Back"
FUR-TA-10001539,Furniture,Tables,Chromcraft Rectangular Conference Tables
FUR-TA-10001768,Furniture,Tables,Hon Racetrack Conference Tables
OFF-AR-10002053,Office Supplies,Art,"Premium Writing Pencils, Soft, #2 by Central Association for the Blind"
OFF-BI-10003981,Office Supplies,Binders,"Avery Durable Plastic 1"" Binders"
OFF-LA-10003190,Office Supplies,Labels,Avery 474
OFF-ST-10001490,Office Supplies,Storage,"Hot File 7-Pocket, Floor Stand"
OFF-ST-10001511,Office Supplies,Storage,Space Solutions Commercial Steel Shelving
OFF-ST-10003208,Office Supplies,Storage,Adjustable Depth Letter/Legal Cart
TEC-AC-10001266,Technology,Accessories,Memorex Micro Travel Drive 8 GB
TEC-AC-10003289,Technology,Accessories,Anker Ultra-Slim Mini Bluetooth 3.0 Wireless Keyboard
TEC-MA-10000864,Technology,Machines,Cisco 9971 IP Video Phone Charcoal
TEC-PH-10000923,Technology,Phones,"Belkin SportFit Armband For iPhone 5s/5c, Fuchsia"
TEC-PH-10001619,Technology,Phones,LG G3
FUR-CH-10002774,Furniture,Chairs,"Global Deluxe Stacking Chair, Gray"
FUR-FU-10001473,Furniture,Furnishings,"Eldon Executive Woodline II Desk Accessories, Mahogany"
FUR-FU-10002240,Furniture,Furnishings,Nu-Dell EZ-Mount Plastic Wall Frames
OFF-AP-10002765,Office Supplies,Appliances,Fellowes Advanced Computer Series Surge Protectors
OFF-BI-10000315,Office Supplies,Binders,Poly Designer Cover & Back
OFF-BI-10001249,Office Supplies,Binders,Avery Heavy-Duty EZD View Binder with Locking Rings
OFF-LA-10000134,Office Supplies,Labels,Avery 511
OFF-PA-10002968,Office Supplies,Paper,Xerox 1973
OFF-ST-10000046,Office Supplies,Storage,Fellowes Super Stor/Drawer Files
OFF-SU-10001218,Office Supplies,Supplies,Fiskars Softgrip Scissors
FUR-BO-10004695,Furniture,Bookcases,O'Sullivan 2-Door Barrister Bookcase in Odessa Pine
FUR-FU-10003981,Furniture,Furnishings,Eldon Wave Desk Accessories
FUR-TA-10004607,Furniture,Tables,Hon 2111 Invitation Series Straight Table
OFF-BI-10001617,Office Supplies,Binders,GBC Wire Binding Combs
OFF-ST-10000736,Office Supplies,Storage,Carina Double Wide Media Storage Towers in Natural & Black
OFF-ST-10001490,Office Supplies,Storage,"Hot File 7-Pocket, Floor Stand"
OFF-ST-10001837,Office Supplies,Storage,"SAFCO Mobile Desk Side File, Wire Frame"
TEC-CO-10001046,Technology,Copiers,Canon Imageclass D680 Copier / Fax
TEC-PH-10003589,Technology,Phones,invisibleSHIELD by ZAGG Smudge-Free Screen Protector
TEC-PH-10004165,Technology,Phones,Mitel MiVoice 5330e IP Phone
TEC-AC-10004510,Technology,Accessories,Logitech Desktop MK120 Mouse and keyboard Combo
TEC-PH-10001750,Technology,Phones,Samsung Rugby III
FUR-BO-10002545,Furniture,Bookcases,"Atlantic Metals Mobile 3-Shelf Bookcases, Custom Colors"
OFF-BI-10002735,Office Supplies,Binders,GBC Prestige Therm-A-Bind Covers
OFF-PA-10003441,Office Supplies,Paper,Xerox 226
OFF-PA-10003883,Office Supplies,Paper,"Message Book, Phone, Wirebound Standard Line Memo, 2 3/4"" X 5"""
TEC-AC-10004864,Technology,Accessories,Memorex Micro Travel Drive 32 GB
TEC-MA-10000597,Technology,Machines,Lexmark S315 Color Inkjet Printer
TEC-PH-10004447,Technology,Phones,Toshiba IPT2010-SD IP Telephone
FUR-CH-10003817,Furniture,Chairs,"Global Value Steno Chair, Gray"
FUR-FU-10000308,Furniture,Furnishings,Deflect-o Glass Clear Studded Chair Mats
OFF-BI-10001510,Office Supplies,Binders,Deluxe Heavy-Duty Vinyl Round Ring Binder
OFF-BI-10001922,Office Supplies,Binders,Storex Dura Pro Binders
OFF-BI-10004140,Office Supplies,Binders,Avery Non-Stick Binders
OFF-ST-10003208,Office Supplies,Storage,Adjustable Depth Letter/Legal Cart
TEC-CO-10001449,Technology,Copiers,Hewlett Packard LaserJet 3310 Copier
FUR-CH-10002372,Furniture,Chairs,Office Star - Ergonomically Designed Knee Chair
FUR-FU-10002937,Furniture,Furnishings,"GE 48"" Fluorescent Tube, Cool White Energy Saver, 34 Watts, 30/Box"
OFF-AP-10002311,Office Supplies,Appliances,"Holmes Replacement Filter for HEPA Air Cleaner, Very Large Room, HEPA Filter"
OFF-BI-10003274,Office Supplies,Binders,"Avery Durable Slant Ring Binders, No Labels"
OFF-EN-10000927,Office Supplies,Envelopes,Jet-Pak Recycled Peel 'N' Seal Padded Mailers
OFF-EN-10001335,Office Supplies,Envelopes,"White Business Envelopes with Contemporary Seam, Recycled White Business Envelopes"
OFF-LA-10001982,Office Supplies,Labels,Smead Alpha-Z Color-Coded Name Labels First Letter Starter Set
OFF-ST-10001325,Office Supplies,Storage,Sterilite Officeware Hinged File Box
OFF-ST-10001526,Office Supplies,Storage,Iceberg Mobile Mega Data/Printer Cart
OFF-ST-10004963,Office Supplies,Storage,Eldon Gobal File Keepers
OFF-SU-10002881,Office Supplies,Supplies,Martin Yale Chadless Opener Electric Letter Opener
TEC-AC-10003038,Technology,Accessories,Kingston Digital DataTraveler 16GB USB 2.0
TEC-AC-10003590,Technology,Accessories,"TRENDnet 56K USB 2.0 Phone, Internet and Fax Modem"
TEC-PH-10004959,Technology,Phones,Classic Ivory Antique Telephone ZL1810
OFF-BI-10000962,Office Supplies,Binders,"Acco Flexible ACCOHIDE Square Ring Data Binder, Dark Blue, 11 1/2"" X 14"" 7/8"""
OFF-BI-10001249,Office Supplies,Binders,Avery Heavy-Duty EZD View Binder with Locking Rings
OFF-EN-10004459,Office Supplies,Envelopes,Security-Tint Envelopes
OFF-PA-10000141,Office Supplies,Paper,"Ampad Evidence Wirebond Steno Books, 6"" x 9"""
OFF-PA-10001970,Office Supplies,Paper,Xerox 1908
TEC-AC-10000109,Technology,Accessories,Sony Micro Vault Click 16 GB USB 2.0 Flash Drive
TEC-AC-10002049,Technology,Accessories,Logitech G19 Programmable Gaming Keyboard
FUR-BO-10000330,Furniture,Bookcases,"Sauder Camden County Barrister Bookcase, Planked Cherry Finish"
FUR-BO-10003159,Furniture,Bookcases,"Sauder Camden County Collection Libraries, Planked Cherry Finish"
FUR-FU-10000820,Furniture,Furnishings,Tensor Brushed Steel Torchiere Floor Lamp
FUR-FU-10001706,Furniture,Furnishings,Longer-Life Soft White Bulbs
OFF-BI-10000962,Office Supplies,Binders,"Acco Flexible ACCOHIDE Square Ring Data Binder, Dark Blue, 11 1/2"" X 14"" 7/8"""
OFF-BI-10001900,Office Supplies,Binders,"DXL Angle-View Binders with Locking Rings, Black"
OFF-BI-10003708,Office Supplies,Binders,"Acco Four Pocket Poly Ring Binder with Label Holder, Smoke, 1"""
OFF-PA-10001970,Office Supplies,Paper,Xerox 1881
OFF-SU-10003567,Office Supplies,Supplies,Stiletto Hand Letter Openers
FUR-CH-10000665,Furniture,Chairs,"Global Airflow Leather Mesh Back Chair, Black"
FUR-FU-10004748,Furniture,Furnishings,"Howard Miller 16"" Diameter Gallery Wall Clock"
FUR-TA-10001039,Furniture,Tables,KI Adjustable-Height Table
OFF-AP-10001962,Office Supplies,Appliances,Black & Decker Filter for Double Action Dustbuster Cordless Vac BLDV7210
OFF-BI-10002160,Office Supplies,Binders,Acco Hanging Data Binders
OFF-BI-10002799,Office Supplies,Binders,"SlimView Poly Binder, 3/8"""
OFF-BI-10003166,Office Supplies,Binders,GBC Plasticlear Binding Covers
OFF-FA-10003059,Office Supplies,Fasteners,Assorted Color Push Pins
TEC-AC-10003499,Technology,Accessories,Memorex Mini Travel Drive 8 GB USB 2.0 Flash Drive
TEC-PH-10002922,Technology,Phones,ShoreTel ShorePhone IP 230 VoIP phone
FUR-CH-10000553,Furniture,Chairs,"Metal Folding Chairs, Beige, 4/Carton"
FUR-TA-10003569,Furniture,Tables,Bretford CR8500 Series Meeting Room Furniture
FUR-TA-10003837,Furniture,Tables,Anderson Hickey Conga Table Tops & Accessories
OFF-AR-10001953,Office Supplies,Art,Boston 1645 Deluxe Heavier-Duty Electric Pencil Sharpener
OFF-BI-10000605,Office Supplies,Binders,"Acco Pressboard Covers with Storage Hooks, 9 1/2"" x 11"", Executive Red"
OFF-BI-10000848,Office Supplies,Binders,Angle-D Ring Binders
OFF-BI-10004781,Office Supplies,Binders,GBC Wire Binding Strips
OFF-FA-10003059,Office Supplies,Fasteners,Assorted Color Push Pins
OFF-ST-10002486,Office Supplies,Storage,Eldon Shelf Savers Cubes and Bins
OFF-ST-10003638,Office Supplies,Storage,Mobile Personal File Cube
OFF-ST-10003656,Office Supplies,Storage,Safco Industrial Wire Shelving
TEC-AC-10002305,Technology,Accessories,KeyTronic E03601U1 - Keyboard - Beige
TEC-AC-10002402,Technology,Accessories,Razer Kraken PRO Over Ear PC and Music Headset
TEC-PH-10002680,Technology,Phones,Samsung Galaxy Note 3
FUR-FU-10001731,Furniture,Furnishings,Acrylic Self-Standing Desk Frames
OFF-PA-10002606,Office Supplies,Paper,Xerox 1928
OFF-ST-10002486,Office Supplies,Storage,Eldon Shelf Savers Cubes and Bins
OFF-ST-10001321,Office Supplies,Storage,"Decoflex Hanging Personal Folder File, Blue"
FUR-BO-10004695,Furniture,Bookcases,O'Sullivan 2-Door Barrister Bookcase in Odessa Pine
FUR-CH-10003981,Furniture,Chairs,Global Commerce Series Low-Back Swivel/Tilt Chairs
FUR-FU-10003799,Furniture,Furnishings,"Seth Thomas 13 1/2"" Wall Clock"
OFF-AP-10003842,Office Supplies,Appliances,Euro-Pro Shark Turbo Vacuum
OFF-AR-10000817,Office Supplies,Art,Manco Dry-Lighter Erasable Highlighter
OFF-PA-10000477,Office Supplies,Paper,Xerox 1952
OFF-PA-10003039,Office Supplies,Paper,Xerox 1960
OFF-ST-10003994,Office Supplies,Storage,"Belkin 19"" Center-Weighted Shelf, Gray"
OFF-SU-10004498,Office Supplies,Supplies,Martin-Yale Premier Letter Opener
FUR-FU-10000073,Furniture,Furnishings,Deflect-O Glasstique Clear Desk Accessories
FUR-FU-10000277,Furniture,Furnishings,Deflect-o DuraMat Antistatic Studded Beveled Mat for Medium Pile Carpeting
FUR-FU-10002107,Furniture,Furnishings,Eldon Pizzaz Desk Accessories
OFF-AP-10003860,Office Supplies,Appliances,Fellowes Advanced 8 Outlet Surge Suppressor with Phone/Fax Protection
OFF-AR-10000380,Office Supplies,Art,"Hunt PowerHouse Electric Pencil Sharpener, Blue"
OFF-AR-10004648,Office Supplies,Art,Boston 19500 Mighty Mite Electric Pencil Sharpener
OFF-BI-10004593,Office Supplies,Binders,Ibico Laser Imprintable Binding System Covers
OFF-LA-10000414,Office Supplies,Labels,Avery 503
OFF-LA-10003190,Office Supplies,Labels,Avery 474
OFF-PA-10000556,Office Supplies,Paper,Xerox 208
OFF-ST-10001932,Office Supplies,Storage,Fellowes Staxonsteel Drawer Files
OFF-ST-10003641,Office Supplies,Storage,Space Solutions Industrial Galvanized Steel Shelving.
TEC-AC-10001998,Technology,Accessories,Logitech LS21 Speaker System - PC Multimedia - 2.1-CH - Wired
OFF-AR-10004685,Office Supplies,Art,"Binney & Smith Crayola Metallic Colored Pencils, 8-Color Set"
OFF-EN-10002504,Office Supplies,Envelopes,"Tyvek  Top-Opening Peel & Seel Envelopes, Plain White"
OFF-FA-10000490,Office Supplies,Fasteners,"OIC Binder Clips, Mini, 1/4"" Capacity, Black"
OFF-LA-10001317,Office Supplies,Labels,Avery 520
OFF-LA-10002043,Office Supplies,Labels,Avery 489
OFF-PA-10002464,Office Supplies,Paper,HP Office Recycled Paper (20Lb. and 87 Bright)
OFF-ST-10001713,Office Supplies,Storage,"Gould Plastics 9-Pocket Panel Bin, 18-3/8w x 5-1/4d x 20-1/2h, Black"
TEC-AC-10004209,Technology,Accessories,Memorex Froggy Flash Drive 4 GB
TEC-CO-10000971,Technology,Copiers,Hewlett Packard 310 Color Digital Copier
FUR-CH-10000015,Furniture,Chairs,Hon Multipurpose Stacking Arm Chairs
FUR-CH-10000155,Furniture,Chairs,Global Comet Stacking Armless Chair
FUR-CH-10003817,Furniture,Chairs,"Global Value Steno Chair, Gray"
FUR-FU-10002379,Furniture,Furnishings,Eldon Econocleat Chair Mats for Low Pile Carpets
FUR-FU-10003975,Furniture,Furnishings,Eldon Advantage Chair Mats for Low to Medium Pile Carpets
FUR-FU-10004018,Furniture,Furnishings,Tensor Computer Mounted Lamp
FUR-FU-10004973,Furniture,Furnishings,Flat Face Poster Frame
OFF-BI-10000014,Office Supplies,Binders,Heavy-Duty E-Z-D Binders
OFF-BI-10001628,Office Supplies,Binders,"Acco Data Flex Cable Posts For Top & Bottom Load Binders, 6"" Capacity"
OFF-BI-10004209,Office Supplies,Binders,"Fellowes Twister Kit, Gray/Clear, 3/pkg"
OFF-EN-10002621,Office Supplies,Envelopes,Staple envelope
OFF-PA-10000994,Office Supplies,Paper,Xerox 1915
OFF-PA-10001712,Office Supplies,Paper,Xerox 1948
TEC-AC-10001314,Technology,Accessories,Case Logic 2.4GHz Wireless Keyboard
FUR-TA-10002607,Furniture,Tables,KI Conference Tables
FUR-TA-10003008,Furniture,Tables,"Lesro Round Back Collection Coffee Table, End Table"
OFF-BI-10002012,Office Supplies,Binders,Wilson Jones Easy Flow II Sheet Lifters
OFF-BI-10004040,Office Supplies,Binders,Wilson Jones Impact Binders
OFF-ST-10000585,Office Supplies,Storage,Economy Rollaway Files
OFF-ST-10001809,Office Supplies,Storage,Fellowes Officeware Wire Shelving
TEC-CO-10001571,Technology,Copiers,Sharp 1540cs Digital Laser Copier
FUR-BO-10004709,Furniture,Bookcases,"Bush Westfield Collection Bookcases, Medium Cherry Finish"
FUR-CH-10004853,Furniture,Chairs,"Global Manager's Adjustable Task Chair, Storm"
FUR-FU-10002268,Furniture,Furnishings,Ultra Door Push Plate
FUR-FU-10003394,Furniture,Furnishings,"Tenex ""The Solids"" Textured Chair Mats"
FUR-TA-10003569,Furniture,Tables,Bretford CR8500 Series Meeting Room Furniture
OFF-AR-10000817,Office Supplies,Art,Manco Dry-Lighter Erasable Highlighter
OFF-BI-10002082,Office Supplies,Binders,GBC Twin Loop Wire Binding Elements
OFF-BI-10002609,Office Supplies,Binders,Avery Hidden Tab Dividers for Binding Systems
OFF-PA-10001937,Office Supplies,Paper,Xerox 21
OFF-PA-10002365,Office Supplies,Paper,Xerox 1967
OFF-ST-10000025,Office Supplies,Storage,Fellowes Stor/Drawer Steel Plus Storage Drawers
OFF-ST-10001321,Office Supplies,Storage,"Decoflex Hanging Personal Folder File, Blue"
OFF-ST-10001522,Office Supplies,Storage,"Gould Plastics 18-Pocket Panel Bin, 34w x 5-1/4d x 20-1/2h"
TEC-PH-10003187,Technology,Phones,Anker Astro Mini 3000mAh Ultra-Compact Portable Charger
OFF-EN-10001539,Office Supplies,Envelopes,Staple envelope
FUR-BO-10002213,Furniture,Bookcases,DMI Eclipse Executive Suite Bookcases
FUR-BO-10004834,Furniture,Bookcases,"Riverside Palais Royal Lawyers Bookcase, Royale Cherry Finish"
FUR-BO-10004834,Furniture,Bookcases,"Riverside Palais Royal Lawyers Bookcase, Royale Cherry Finish"
FUR-CH-10001973,Furniture,Chairs,Office Star Flex Back Scooter Chair with White Frame
FUR-FU-10003535,Furniture,Furnishings,Howard Miller Distant Time Traveler Alarm Clock
FUR-FU-10004848,Furniture,Furnishings,"Howard Miller 13-3/4"" Diameter Brushed Chrome Round Wall Clock"
FUR-TA-10004154,Furniture,Tables,"Riverside Furniture Oval Coffee Table, Oval End Table, End Table with Drawer"
OFF-AR-10001683,Office Supplies,Art,Lumber Crayons
OFF-AR-10004042,Office Supplies,Art,"BOSTON Model 1800 Electric Pencil Sharpeners, Putty/Woodgrain"
OFF-BI-10000088,Office Supplies,Binders,GBC Imprintable Covers
OFF-BI-10000474,Office Supplies,Binders,Avery Recycled Flexi-View Covers for Binding Systems
OFF-BI-10001525,Office Supplies,Binders,"Acco Pressboard Covers with Storage Hooks, 14 7/8"" x 11"", Executive Red"
OFF-BI-10001628,Office Supplies,Binders,"Acco Data Flex Cable Posts For Top & Bottom Load Binders, 6"" Capacity"
OFF-EN-10001509,Office Supplies,Envelopes,Poly String Tie Envelopes
OFF-LA-10002762,Office Supplies,Labels,Avery 485
OFF-PA-10004071,Office Supplies,Paper,"Eaton Premium Continuous-Feed Paper, 25% Cotton, Letter Size, White, 1000 Shts/Box"
OFF-PA-10004100,Office Supplies,Paper,Xerox 216
OFF-ST-10000617,Office Supplies,Storage,Woodgrain Magazine Files by Perma
OFF-ST-10003058,Office Supplies,Storage,Eldon Mobile Mega Data Cart  Mega Stackable  Add-On Trays
TEC-AC-10001465,Technology,Accessories,SanDisk Cruzer 64 GB USB Flash Drive
TEC-AC-10003033,Technology,Accessories,Plantronics CS510 - Over-the-Head monaural Wireless Headset System
TEC-PH-10000169,Technology,Phones,ARKON Windshield Dashboard Air Vent Car Mount Holder
TEC-PH-10002170,Technology,Phones,ClearSounds CSC500 Amplified Spirit Phone Corded phone
FUR-FU-10001591,Furniture,Furnishings,Advantus Panel Wall Certificate Holder - 8.5x11
OFF-AR-10003602,Office Supplies,Art,"Quartet Omega Colored Chalk, 12/Pack"
OFF-BI-10000962,Office Supplies,Binders,"Acco Flexible ACCOHIDE Square Ring Data Binder, Dark Blue, 11 1/2"" X 14"" 7/8"""
OFF-PA-10001450,Office Supplies,Paper,Rediform S.O.S. Phone Message Books
OFF-PA-10001776,Office Supplies,Paper,"Wirebound Message Books, Four 2 3/4"" x 5"" Forms per Page, 600 Sets per Book"
OFF-PA-10004530,Office Supplies,Paper,Personal Creations Ink Jet Cards and Labels
OFF-ST-10004123,Office Supplies,Storage,Safco Industrial Wire Shelving System
OFF-ST-10004186,Office Supplies,Storage,"Stur-D-Stor Shelving, Vertical 5-Shelf: 72""H x 36""W x 18 1/2""D"
OFF-ST-10004950,Office Supplies,Storage,Acco Perma 3000 Stacking Storage Drawers
OFF-SU-10001574,Office Supplies,Supplies,Acme Value Line Scissors
OFF-SU-10004782,Office Supplies,Supplies,"Elite 5"" Scissors"
TEC-AC-10003198,Technology,Accessories,Enermax Acrylux Wireless Keyboard
TEC-PH-10000730,Technology,Phones,Samsung Galaxy S4 Active
TEC-PH-10000895,Technology,Phones,Polycom VVX 310 VoIP phone
FUR-BO-10003433,Furniture,Bookcases,Sauder Cornerstone Collection Library
FUR-FU-10003464,Furniture,Furnishings,"Seth Thomas 8 1/2"" Cubicle Clock"
OFF-AR-10001972,Office Supplies,Art,Newell 323
OFF-PA-10004530,Office Supplies,Paper,Personal Creations Ink Jet Cards and Labels
TEC-AC-10000682,Technology,Accessories,Kensington K72356US Mouse-in-a-Box USB Desktop Mouse
TEC-PH-10000011,Technology,Phones,PureGear Roll-On Screen Protector
OFF-BI-10000138,Office Supplies,Binders,Acco Translucent Poly Ring Binders
OFF-BI-10000545,Office Supplies,Binders,GBC Ibimaster 500 Manual ProClick Binding System
OFF-BI-10001308,Office Supplies,Binders,GBC Standard Plastic Binding Systems' Combs
OFF-BI-10002437,Office Supplies,Binders,Recycled Premium Regency Composition Covers
OFF-BI-10004040,Office Supplies,Binders,Wilson Jones Impact Binders
OFF-PA-10001970,Office Supplies,Paper,Xerox 1881
OFF-ST-10001522,Office Supplies,Storage,"Gould Plastics 18-Pocket Panel Bin, 34w x 5-1/4d x 20-1/2h"
OFF-BI-10001308,Office Supplies,Binders,GBC Standard Plastic Binding Systems' Combs
FUR-BO-10000468,Furniture,Bookcases,O'Sullivan 2-Shelf Heavy-Duty Bookcases
FUR-CH-10000309,Furniture,Chairs,Global Comet Stacking Arm Chair
FUR-CH-10000785,Furniture,Chairs,Global Ergonomic Managers Chair
FUR-CH-10004997,Furniture,Chairs,Hon Every-Day Series Multi-Task Chairs
FUR-FU-10001706,Furniture,Furnishings,Longer-Life Soft White Bulbs
FUR-FU-10004006,Furniture,Furnishings,"Deflect-o DuraMat Lighweight, Studded, Beveled Mat for Low Pile Carpeting"
OFF-AR-10001044,Office Supplies,Art,"BOSTON Ranger #55 Pencil Sharpener, Black"
OFF-BI-10000050,Office Supplies,Binders,"Angle-D Binders with Locking Rings, Label Holders"
OFF-EN-10001453,Office Supplies,Envelopes,"Tyvek Interoffice Envelopes, 9 1/2"" x 12 1/2"", 100/Box"
OFF-FA-10002763,Office Supplies,Fasteners,Advantus Map Pennant Flags and Round Head Tacks
OFF-PA-10001801,Office Supplies,Paper,Xerox 193
OFF-ST-10000563,Office Supplies,Storage,Fellowes Bankers Box Stor/Drawer Steel Plus
OFF-ST-10002444,Office Supplies,Storage,Recycled Eldon Regeneration Jumbo File
OFF-ST-10003123,Office Supplies,Storage,Fellowes Bases and Tops For Staxonsteel/High-Stak Systems
OFF-ST-10004186,Office Supplies,Storage,"Stur-D-Stor Shelving, Vertical 5-Shelf: 72""H x 36""W x 18 1/2""D"
TEC-AC-10004353,Technology,Accessories,Hypercom P1300 Pinpad
TEC-PH-10000369,Technology,Phones,HTC One Mini
TEC-PH-10002415,Technology,Phones,Polycom VoiceStation 500 Conference phone
TEC-PH-10002538,Technology,Phones,Grandstream GXP1160 VoIP phone
TEC-PH-10002922,Technology,Phones,ShoreTel ShorePhone IP 230 VoIP phone
FUR-FU-10002554,Furniture,Furnishings,"Westinghouse Floor Lamp with Metal Mesh Shade, Black"
FUR-FU-10004188,Furniture,Furnishings,Luxo Professional Combination Clamp-On Lamps
OFF-AP-10004532,Office Supplies,Appliances,Kensington 6 Outlet Guardian Standard Surge Protector
OFF-AR-10001315,Office Supplies,Art,Newell 310
OFF-BI-10000042,Office Supplies,Binders,"Pressboard Data Binder, Crimson, 12"" X 8 1/2"""
OFF-LA-10003714,Office Supplies,Labels,Avery 510
OFF-PA-10001972,Office Supplies,Paper,Xerox 214
OFF-ST-10002289,Office Supplies,Storage,"Safco Wire Cube Shelving System, For Use as 4 or 5 14"" Cubes, Black"
OFF-ST-10003716,Office Supplies,Storage,Tennsco Double-Tier Lockers
OFF-SU-10000898,Office Supplies,Supplies,"Acme Hot Forged Carbon Steel Scissors with Nickel-Plated Handles, 3 7/8"" Cut, 8""L"
TEC-AC-10003832,Technology,Accessories,Logitech P710e Mobile Speakerphone
FUR-CH-10000988,Furniture,Chairs,Hon Olson Stacker Stools
FUR-CH-10001270,Furniture,Chairs,Harbour Creations Steel Folding Chair
FUR-FU-10000010,Furniture,Furnishings,"DAX Value U-Channel Document Frames, Easel Back"
OFF-AP-10002651,Office Supplies,Appliances,Hoover Upright Vacuum With Dirt Cup
OFF-AR-10000634,Office Supplies,Art,Newell 320
OFF-AR-10001246,Office Supplies,Art,Newell 317
OFF-AR-10003179,Office Supplies,Art,Dixon Ticonderoga Core-Lock Colored Pencils
OFF-AR-10003504,Office Supplies,Art,Newell 347
OFF-AR-10004042,Office Supplies,Art,"BOSTON Model 1800 Electric Pencil Sharpeners, Putty/Woodgrain"
OFF-BI-10001097,Office Supplies,Binders,Avery Hole Reinforcements
OFF-BI-10001525,Office Supplies,Binders,"Acco Pressboard Covers with Storage Hooks, 14 7/8"" x 11"", Executive Red"
OFF-BI-10003196,Office Supplies,Binders,Accohide Poly Flexible Ring Binders
OFF-EN-10003055,Office Supplies,Envelopes,"Blue String-Tie & Button Interoffice Envelopes, 10 x 13"
OFF-EN-10003068,Office Supplies,Envelopes,#6 3/4 Gummed Flap White Envelopes
OFF-LA-10003510,Office Supplies,Labels,"Avery 4027 File Folder Labels for Dot Matrix Printers, 5000 Labels per Box, White"
OFF-ST-10001172,Office Supplies,Storage,"Tennsco Lockers, Sand"
TEC-AC-10002345,Technology,Accessories,HP Standard 104 key PS/2 Keyboard
TEC-PH-10003095,Technology,Phones,Samsung HM1900 Bluetooth Headset
TEC-PH-10004120,Technology,Phones,AT&T 1080 Phone
FUR-CH-10001545,Furniture,Chairs,Hon Comfortask Task/Swivel Chairs
FUR-CH-10004289,Furniture,Chairs,Global Super Steno Chair
FUR-TA-10000577,Furniture,Tables,Bretford CR4500 Series Slim Rectangular Table
OFF-AR-10004602,Office Supplies,Art,Boston KS Multi-Size Manual Pencil Sharpener
OFF-AR-10004930,Office Supplies,Art,Turquoise Lead Holder with Pocket Clip
OFF-BI-10000822,Office Supplies,Binders,"Acco PRESSTEX Data Binder with Storage Hooks, Light Blue, 9 1/2"" X 11"""
OFF-BI-10001116,Office Supplies,Binders,"Wilson Jones 1"" Hanging DublLock Ring Binders"
OFF-BI-10001982,Office Supplies,Binders,Wilson Jones Custom Binder Spines & Labels
OFF-BI-10002735,Office Supplies,Binders,GBC Prestige Therm-A-Bind Covers
OFF-BI-10003314,Office Supplies,Binders,Tuff Stuff Recycled Round Ring Binders
OFF-BI-10003712,Office Supplies,Binders,"Acco Pressboard Covers with Storage Hooks, 14 7/8"" x 11"", Light Blue"
OFF-BI-10004506,Office Supplies,Binders,Wilson Jones data.warehouse D-Ring Binders with DublLock
OFF-EN-10000461,Office Supplies,Envelopes,"#10- 4 1/8"" x 9 1/2"" Recycled Envelopes"
OFF-LA-10002945,Office Supplies,Labels,"Permanent Self-Adhesive File Folder Labels for Typewriters, 1 1/8 x 3 1/2, White"
OFF-PA-10002222,Office Supplies,Paper,"Xerox Color Copier Paper, 11"" x 17"", Ream"
OFF-PA-10002947,Office Supplies,Paper,Xerox 1923
OFF-PA-10004665,Office Supplies,Paper,Advantus Motivational Note Cards
TEC-AC-10002006,Technology,Accessories,Memorex Micro Travel Drive 16 GB
TEC-AC-10002567,Technology,Accessories,Logitech G602 Wireless Gaming Mouse
TEC-AC-10004171,Technology,Accessories,Razer Kraken 7.1 Surround Sound Over Ear USB Gaming Headset
TEC-PH-10002726,Technology,Phones,netTALK DUO VoIP Telephone Service
OFF-AP-10004980,Office Supplies,Appliances,3M Replacement Filter for Office Air Cleaner for 20' x 33' Room
OFF-BI-10000088,Office Supplies,Binders,GBC Imprintable Covers
OFF-BI-10000778,Office Supplies,Binders,GBC VeloBinder Electric Binding Machine
OFF-BI-10003984,Office Supplies,Binders,Lock-Up Easel 'Spel-Binder'
OFF-BI-10004224,Office Supplies,Binders,Catalog Binders with Expanding Posts
OFF-BI-10004967,Office Supplies,Binders,Round Ring Binders
OFF-EN-10000056,Office Supplies,Envelopes,Cameo Buff Policy Envelopes
OFF-FA-10004854,Office Supplies,Fasteners,"Vinyl Coated Wire Paper Clips in Organizer Box, 800/Box"
OFF-PA-10000474,Office Supplies,Paper,Easy-staple paper
OFF-PA-10000501,Office Supplies,Paper,Petty Cash Envelope
OFF-PA-10004100,Office Supplies,Paper,Xerox 216
OFF-ST-10000798,Office Supplies,Storage,2300 Heavy-Duty Transfer File Systems by Perma
OFF-ST-10002370,Office Supplies,Storage,"Sortfiler Multipurpose Personal File Organizer, Black"
OFF-ST-10002743,Office Supplies,Storage,SAFCO Boltless Steel Shelving
TEC-AC-10001590,Technology,Accessories,Dell Slim USB Multimedia Keyboard
TEC-AC-10001956,Technology,Accessories,Microsoft Arc Touch Mouse
TEC-MA-10002859,Technology,Machines,Ativa MDM8000 8-Sheet Micro-Cut Shredder
TEC-PH-10001750,Technology,Phones,Samsung Rugby III
TEC-PH-10001760,Technology,Phones,Bose SoundLink Bluetooth Speaker
TEC-PH-10003357,Technology,Phones,Grandstream GXP2100 Mainstream Business Phone
FUR-FU-10003849,Furniture,Furnishings,"DAX Metal Frame, Desktop, Stepped-Edge"
OFF-AR-10000127,Office Supplies,Art,Newell 321
OFF-AR-10002067,Office Supplies,Art,Newell 334
OFF-BI-10001670,Office Supplies,Binders,Vinyl Sectional Post Binders
OFF-PA-10001125,Office Supplies,Paper,Xerox 1988
OFF-PA-10002377,Office Supplies,Paper,Xerox 1916
OFF-PA-10003172,Office Supplies,Paper,Xerox 1996
OFF-PA-10003441,Office Supplies,Paper,Xerox 226
OFF-ST-10001328,Office Supplies,Storage,"Personal Filing Tote with Lid, Black/Gray"
TEC-PH-10002496,Technology,Phones,Cisco SPA301
OFF-AP-10000696,Office Supplies,Appliances,Holmes Odor Grabber
OFF-AP-10002082,Office Supplies,Appliances,Holmes HEPA Air Purifier
OFF-AP-10002495,Office Supplies,Appliances,"Acco Smartsocket Table Surge Protector, 6 Color-Coded Adapter Outlets"
OFF-AP-10002578,Office Supplies,Appliances,"Fellowes Premier Superior Surge Suppressor, 10-Outlet, With Phone and Remote"
OFF-BI-10002012,Office Supplies,Binders,Wilson Jones Easy Flow II Sheet Lifters
OFF-BI-10004001,Office Supplies,Binders,GBC Recycled VeloBinder Covers
OFF-EN-10004483,Office Supplies,Envelopes,"#10 White Business Envelopes,4 1/8 x 9 1/2"
OFF-FA-10003021,Office Supplies,Fasteners,Staples
OFF-SU-10004884,Office Supplies,Supplies,Acme Galleria Hot Forged Steel Scissors with Colored Handles
TEC-PH-10003012,Technology,Phones,Nortel Meridian M3904 Professional Digital phone
TEC-PH-10003555,Technology,Phones,Motorola HK250 Universal Bluetooth Headset
OFF-BI-10000829,Office Supplies,Binders,Avery Non-Stick Binders
OFF-BI-10003196,Office Supplies,Binders,Accohide Poly Flexible Ring Binders
OFF-ST-10002974,Office Supplies,Storage,"Trav-L-File Heavy-Duty Shuttle II, Black"
TEC-AC-10003657,Technology,Accessories,Lenovo 17-Key USB Numeric Keypad
TEC-PH-10001817,Technology,Phones,Wilson Electronics DB Pro Signal Booster
TEC-PH-10002496,Technology,Phones,Cisco SPA301
FUR-FU-10000629,Furniture,Furnishings,9-3/4 Diameter Round Wall Clock
OFF-BI-10000320,Office Supplies,Binders,GBC Plastic Binding Combs
OFF-BI-10001078,Office Supplies,Binders,"Acco PRESSTEX Data Binder with Storage Hooks, Dark Blue, 14 7/8"" X 11"""
OFF-BI-10001757,Office Supplies,Binders,Pressboard Hanging Data Binders for Unburst Sheets
OFF-BI-10001757,Office Supplies,Binders,Pressboard Hanging Data Binders for Unburst Sheets
OFF-BI-10004817,Office Supplies,Binders,GBC Personal VeloBind Strips
OFF-BI-10004828,Office Supplies,Binders,GBC Poly Designer Binding Covers
OFF-EN-10002500,Office Supplies,Envelopes,Globe Weis Peel & Seel First Class Envelopes
OFF-PA-10001295,Office Supplies,Paper,Computer Printout Paper with Letter-Trim Perforations
OFF-PA-10001870,Office Supplies,Paper,Xerox 202
OFF-ST-10000943,Office Supplies,Storage,Eldon ProFile File 'N Store Portable File Tub Letter/Legal Size Black
OFF-SU-10004290,Office Supplies,Supplies,"Acme Design Line 8"" Stainless Steel Bent Scissors w/Champagne Handles, 3-1/8"" Cut"
TEC-AC-10000892,Technology,Accessories,NETGEAR N750 Dual Band Wi-Fi Gigabit Router
TEC-AC-10002323,Technology,Accessories,SanDisk Ultra 32 GB MicroSDHC Class 10 Memory Card
TEC-PH-10000369,Technology,Phones,HTC One Mini
FUR-BO-10004409,Furniture,Bookcases,"Safco Value Mate Series Steel Bookcases, Baked Enamel Finish on Steel, Gray"
FUR-BO-10004409,Furniture,Bookcases,"Safco Value Mate Series Steel Bookcases, Baked Enamel Finish on Steel, Gray"
OFF-BI-10001098,Office Supplies,Binders,Acco D-Ring Binder w/DublLock
OFF-ST-10002562,Office Supplies,Storage,Staple magnet
TEC-AC-10000057,Technology,Accessories,Microsoft Natural Ergonomic Keyboard 4000
TEC-AC-10002167,Technology,Accessories,Imation 8gb Micro Traveldrive Usb 2.0 Flash Drive
FUR-CH-10001482,Furniture,Chairs,Office Star - Mesh Screen back chair with Vinyl seat
FUR-FU-10003623,Furniture,Furnishings,"DataProducts Ampli Magnifier Task Lamp, Black,"
OFF-PA-10001293,Office Supplies,Paper,Xerox 1946
OFF-ST-10001590,Office Supplies,Storage,"Tenex Personal Project File with Scoop Front Design, Black"
FUR-BO-10003660,Furniture,Bookcases,"Bush Cubix Collection Bookcases, Fully Assembled"
FUR-CH-10000422,Furniture,Chairs,Global Highback Leather Tilter in Burgundy
OFF-AP-10000696,Office Supplies,Appliances,Holmes Odor Grabber
OFF-AR-10000658,Office Supplies,Art,Newell 324
OFF-ST-10001328,Office Supplies,Storage,"Personal Filing Tote with Lid, Black/Gray"
TEC-AC-10000892,Technology,Accessories,NETGEAR N750 Dual Band Wi-Fi Gigabit Router
TEC-AC-10002323,Technology,Accessories,SanDisk Ultra 32 GB MicroSDHC Class 10 Memory Card
FUR-FU-10001588,Furniture,Furnishings,"Deflect-o SuperTray Unbreakable Stackable Tray, Letter, Black"
FUR-FU-10003708,Furniture,Furnishings,"Tenex Traditional Chairmats for Medium Pile Carpet, Standard Lip, 36"" x 48"""
OFF-AR-10000657,Office Supplies,Art,"Binney & Smith inkTank Desk Highlighter, Chisel Tip, Yellow, 12/Box"
FUR-CH-10000513,Furniture,Chairs,High-Back Leather Manager's Chair
OFF-AP-10002191,Office Supplies,Appliances,Belkin 8 Outlet SurgeMaster II Gold Surge Protector
OFF-AP-10003971,Office Supplies,Appliances,Belkin 6 Outlet Metallic Surge Strip
OFF-AR-10001761,Office Supplies,Art,Avery Hi-Liter Smear-Safe Highlighters
OFF-BI-10000145,Office Supplies,Binders,Zipper Ring Binder Pockets
OFF-BI-10002498,Office Supplies,Binders,Clear Mylar Reinforcing Strips
OFF-EN-10003286,Office Supplies,Envelopes,Staple envelope
OFF-PA-10002245,Office Supplies,Paper,Xerox 1895
OFF-ST-10001321,Office Supplies,Storage,"Decoflex Hanging Personal Folder File, Blue"
TEC-AC-10002049,Technology,Accessories,Logitech G19 Programmable Gaming Keyboard
TEC-PH-10001835,Technology,Phones,Jawbone JAMBOX Wireless Bluetooth Speaker
TEC-PH-10003875,Technology,Phones,KLD Oscar II Style Snap-on Ultra Thin Side Flip Synthetic Leather Cover Case for HTC One HTC M7
FUR-CH-10001714,Furniture,Chairs,"Global Leather & Oak Executive Chair, Burgundy"
OFF-AR-10003183,Office Supplies,Art,Avery Fluorescent Highlighter Four-Color Set
OFF-LA-10000414,Office Supplies,Labels,Avery 503
OFF-PA-10004101,Office Supplies,Paper,Xerox 1894
OFF-ST-10004459,Office Supplies,Storage,Tennsco Single-Tier Lockers
FUR-TA-10000577,Furniture,Tables,Bretford CR4500 Series Slim Rectangular Table
OFF-ST-10000760,Office Supplies,Storage,Eldon Fold 'N Roll Cart System
TEC-AC-10002550,Technology,Accessories,"Memorex 25GB 6X Branded Blu-Ray Recordable Disc, 30/Pack"
FUR-BO-10002545,Furniture,Bookcases,"Atlantic Metals Mobile 3-Shelf Bookcases, Custom Colors"
FUR-BO-10002613,Furniture,Bookcases,"Atlantic Metals Mobile 4-Shelf Bookcases, Custom Colors"
FUR-TA-10001307,Furniture,Tables,"SAFCO PlanMaster Heigh-Adjustable Drafting Table Base, 43w x 30d x 30-37h, Black"
OFF-AR-10003514,Office Supplies,Art,4009 Highlighters by Sanford
OFF-BI-10001308,Office Supplies,Binders,GBC Standard Plastic Binding Systems' Combs
OFF-PA-10000061,Office Supplies,Paper,Xerox 205
OFF-ST-10000934,Office Supplies,Storage,"Contico 72""H Heavy-Duty Storage System"
TEC-AC-10003038,Technology,Accessories,Kingston Digital DataTraveler 16GB USB 2.0
TEC-PH-10001552,Technology,Phones,I Need's 3d Hello Kitty Hybrid Silicone Case Cover for HTC One X 4g with 3d Hello Kitty Stylus Pen Green/pink
TEC-PH-10001750,Technology,Phones,Samsung Rugby III
TEC-PH-10002890,Technology,Phones,AT&T 17929 Lendline Telephone
FUR-CH-10001891,Furniture,Chairs,Global Deluxe Office Fabric Chairs
TEC-PH-10001552,Technology,Phones,I Need's 3d Hello Kitty Hybrid Silicone Case Cover for HTC One X 4g with 3d Hello Kitty Stylus Pen Green/pink
FUR-CH-10002024,Furniture,Chairs,HON 5400 Series Task Chairs for Big and Tall
FUR-FU-10000719,Furniture,Furnishings,"DAX Cubicle Frames, 8-1/2 x 11"
FUR-FU-10004952,Furniture,Furnishings,"C-Line Cubicle Keepers Polyproplyene Holder w/Velcro Back, 8-1/2x11, 25/Bx"
OFF-BI-10002813,Office Supplies,Binders,Avery Reinforcements for Hole-Punch Pages
OFF-EN-10001415,Office Supplies,Envelopes,Staple envelope
OFF-PA-10003001,Office Supplies,Paper,Xerox 1986
TEC-AC-10000844,Technology,Accessories,Logitech Gaming G510s - Keyboard
TEC-AC-10004975,Technology,Accessories,Plantronics Audio 995 Wireless Stereo Headset
TEC-PH-10004165,Technology,Phones,Mitel MiVoice 5330e IP Phone
OFF-ST-10003479,Office Supplies,Storage,"Eldon Base for stackable storage shelf, platinum"
FUR-FU-10002505,Furniture,Furnishings,Eldon 100 Class Desk Accessories
OFF-AP-10000026,Office Supplies,Appliances,Tripp Lite Isotel 6 Outlet Surge Protector with Fax/Modem Protection
OFF-PA-10001184,Office Supplies,Paper,Xerox 1903
TEC-AC-10000521,Technology,Accessories,"Verbatim Slim CD and DVD Storage Cases, 50/Pack"
TEC-PH-10004094,Technology,Phones,Motorola L703CM
OFF-AP-10000275,Office Supplies,Appliances,"Sanyo Counter Height Refrigerator with Crisper, 3.6 Cubic Foot, Stainless Steel/Black"
OFF-BI-10000404,Office Supplies,Binders,Avery Printable Repositionable Plastic Tabs
OFF-BI-10001249,Office Supplies,Binders,Avery Heavy-Duty EZD View Binder with Locking Rings
OFF-PA-10003591,Office Supplies,Paper,Southworth 100% Cotton The Best Paper
TEC-AC-10000892,Technology,Accessories,NETGEAR N750 Dual Band Wi-Fi Gigabit Router
TEC-PH-10002564,Technology,Phones,OtterBox Defender Series Case - Samsung Galaxy S4
TEC-PH-10004922,Technology,Phones,RCA Visys Integrated PBX 8-Line Router
FUR-FU-10001731,Furniture,Furnishings,Acrylic Self-Standing Desk Frames
FUR-FU-10003424,Furniture,Furnishings,Nu-Dell Oak Frame
FUR-TA-10001086,Furniture,Tables,"SAFCO PlanMaster Boards, 60w x 37-1/2d, White Melamine"
OFF-PA-10000249,Office Supplies,Paper,Easy-staple paper
TEC-AC-10002567,Technology,Accessories,Logitech G602 Wireless Gaming Mouse
OFF-BI-10000301,Office Supplies,Binders,GBC Instant Report Kit
OFF-ST-10000876,Office Supplies,Storage,Eldon Simplefile Box Office
FUR-CH-10001854,Furniture,Chairs,Office Star - Professional Matrix Back Chair with 2-to-1 Synchro Tilt and Mesh Fabric Seat
FUR-CH-10004495,Furniture,Chairs,"Global Leather and Oak Executive Chair, Black"
FUR-CH-10004540,Furniture,Chairs,Global Chrome Stack Chair
OFF-AR-10002656,Office Supplies,Art,Sanford Liquid Accent Highlighters
OFF-BI-10000977,Office Supplies,Binders,Ibico Plastic Spiral Binding Combs
OFF-BI-10004140,Office Supplies,Binders,Avery Non-Stick Binders
OFF-EN-10002600,Office Supplies,Envelopes,"Redi-Strip #10 Envelopes, 4 1/8 x 9 1/2"
OFF-PA-10000069,Office Supplies,Paper,"TOPS 4 x 6 Fluorescent Color Memo Sheets, 500 Sheets per Pack"
OFF-PA-10004621,Office Supplies,Paper,Xerox 212
OFF-PA-10004971,Office Supplies,Paper,Xerox 196
TEC-AC-10000710,Technology,Accessories,Maxell DVD-RAM Discs
TEC-CO-10001943,Technology,Copiers,Canon PC-428 Personal Copier
TEC-PH-10002103,Technology,Phones,Jabra SPEAK 410
TEC-PH-10004897,Technology,Phones,Mediabridge Sport Armband iPhone 5s
TEC-PH-10004924,Technology,Phones,"SKILCRAFT Telephone Shoulder Rest, 2"" x 6.5"" x 2.5"", Black"
FUR-CH-10003956,Furniture,Chairs,Novimex High-Tech Fabric Mesh Task Chair
FUR-TA-10002607,Furniture,Tables,KI Conference Tables
OFF-BI-10004140,Office Supplies,Binders,Avery Non-Stick Binders
OFF-PA-10001166,Office Supplies,Paper,Xerox 2
OFF-PA-10003177,Office Supplies,Paper,Xerox 1999
FUR-CH-10000422,Furniture,Chairs,Global Highback Leather Tilter in Burgundy
FUR-CH-10002439,Furniture,Chairs,"Iceberg Nesting Folding Chair, 19w x 6d x 43h"
FUR-TA-10001857,Furniture,Tables,Balt Solid Wood Rectangular Table
OFF-AR-10001955,Office Supplies,Art,Newell 319
OFF-AR-10004648,Office Supplies,Art,Boston 19500 Mighty Mite Electric Pencil Sharpener
TEC-PH-10004042,Technology,Phones,ClearOne Communications CHAT 70 OC Speaker Phone
OFF-AP-10003287,Office Supplies,Appliances,Tripp Lite TLP810NET Broadband Surge for Modem/Fax
OFF-BI-10002982,Office Supplies,Binders,Avery Self-Adhesive Photo Pockets for Polaroid Photos
OFF-LA-10001474,Office Supplies,Labels,Avery 477
OFF-LA-10004008,Office Supplies,Labels,Avery 507
OFF-PA-10001497,Office Supplies,Paper,Xerox 1914
OFF-ST-10001809,Office Supplies,Storage,Fellowes Officeware Wire Shelving
TEC-PH-10001527,Technology,Phones,Plantronics MX500i Earset
TEC-PH-10001700,Technology,Phones,Panasonic KX-TG6844B Expandable Digital Cordless Telephone
FUR-FU-10001918,Furniture,Furnishings,C-Line Cubicle Keepers Polyproplyene Holder With Velcro Backings
FUR-FU-10002885,Furniture,Furnishings,Magna Visual Magnetic Picture Hangers
OFF-EN-10003862,Office Supplies,Envelopes,Laser & Ink Jet Business Envelopes
OFF-ST-10004258,Office Supplies,Storage,Portable Personal File Box
OFF-EN-10001434,Office Supplies,Envelopes,"Strathmore #10 Envelopes, Ultimate White"
OFF-PA-10002986,Office Supplies,Paper,Xerox 1898
FUR-FU-10003026,Furniture,Furnishings,"Eldon Regeneration Recycled Desk Accessories, Black"
OFF-AP-10000026,Office Supplies,Appliances,Tripp Lite Isotel 6 Outlet Surge Protector with Fax/Modem Protection
TEC-CO-10001571,Technology,Copiers,Sharp 1540cs Digital Laser Copier
TEC-MA-10000597,Technology,Machines,Lexmark S315 Color Inkjet Printer
TEC-MA-10004552,Technology,Machines,Star Micronics TSP100 TSP143LAN Receipt Printer
TEC-PH-10001809,Technology,Phones,Panasonic KX T7736-B Digital phone
TEC-PH-10004531,Technology,Phones,OtterBox Commuter Series Case - iPhone 5 & 5s
FUR-BO-10002213,Furniture,Bookcases,DMI Eclipse Executive Suite Bookcases
FUR-CH-10004218,Furniture,Chairs,"Global Fabric Manager's Chair, Dark Gray"
OFF-AR-10000369,Office Supplies,Art,Design Ebony Sketching Pencil
OFF-AR-10004272,Office Supplies,Art,Newell 308
OFF-BI-10002949,Office Supplies,Binders,Prestige Round Ring Binders
OFF-BI-10003708,Office Supplies,Binders,"Acco Four Pocket Poly Ring Binder with Label Holder, Smoke, 1"""
OFF-BI-10004519,Office Supplies,Binders,GBC DocuBind P100 Manual Binding Machine
OFF-EN-10001509,Office Supplies,Envelopes,Poly String Tie Envelopes
OFF-EN-10002600,Office Supplies,Envelopes,"Redi-Strip #10 Envelopes, 4 1/8 x 9 1/2"
OFF-EN-10003055,Office Supplies,Envelopes,"Blue String-Tie & Button Interoffice Envelopes, 10 x 13"
OFF-FA-10000585,Office Supplies,Fasteners,OIC Bulk Pack Metal Binder Clips
OFF-LA-10003510,Office Supplies,Labels,"Avery 4027 File Folder Labels for Dot Matrix Printers, 5000 Labels per Box, White"
OFF-PA-10000157,Office Supplies,Paper,Xerox 191
OFF-ST-10003638,Office Supplies,Storage,Mobile Personal File Cube
OFF-SU-10002573,Office Supplies,Supplies,"Acme 10"" Easy Grip Assistive Scissors"
OFF-SU-10004231,Office Supplies,Supplies,Acme Tagit Stainless Steel Antibacterial Scissors
TEC-PH-10001578,Technology,Phones,Polycom SoundStation2 EX Conference phone
FUR-CH-10000422,Furniture,Chairs,Global Highback Leather Tilter in Burgundy
FUR-CH-10001545,Furniture,Chairs,Hon Comfortask Task/Swivel Chairs
FUR-FU-10000965,Furniture,Furnishings,"Howard Miller 11-1/2"" Diameter Ridgewood Wall Clock"
FUR-TA-10002530,Furniture,Tables,"Iceberg OfficeWorks 42"" Round Tables"
OFF-AR-10001683,Office Supplies,Art,Lumber Crayons
OFF-FA-10001135,Office Supplies,Fasteners,"Brites Rubber Bands, 1 1/2 oz. Box"
OFF-PA-10002659,Office Supplies,Paper,Avoid Verbal Orders Carbonless Minifold Book
TEC-AC-10001838,Technology,Accessories,Razer Tiamat Over Ear 7.1 Surround Sound PC Gaming Headset
TEC-AC-10002323,Technology,Accessories,SanDisk Ultra 32 GB MicroSDHC Class 10 Memory Card
TEC-PH-10000347,Technology,Phones,Cush Cases Heavy Duty Rugged Cover Case for Samsung Galaxy S5 - Purple
TEC-PH-10001527,Technology,Phones,Plantronics MX500i Earset
TEC-PH-10002597,Technology,Phones,Xblue XB-1670-86 X16 Small Office Telephone - Titanium
FUR-BO-10004357,Furniture,Bookcases,O'Sullivan Living Dimensions 3-Shelf Bookcases
FUR-CH-10002073,Furniture,Chairs,Hon Olson Stacker Chairs
FUR-CH-10003535,Furniture,Chairs,"Global Armless Task Chair, Royal Blue"
FUR-FU-10004909,Furniture,Furnishings,Contemporary Wood/Metal Frame
FUR-TA-10002903,Furniture,Tables,"Bevis Round Bullnose 29"" High Table Top"
OFF-AP-10003099,Office Supplies,Appliances,"Eureka Hand Vacuum, Bagless"
OFF-BI-10001524,Office Supplies,Binders,GBC Premium Transparent Covers with Diagonal Lined Pattern
OFF-BI-10001524,Office Supplies,Binders,GBC Premium Transparent Covers with Diagonal Lined Pattern
OFF-BI-10003355,Office Supplies,Binders,Cardinal Holdit Business Card Pockets
TEC-AC-10001552,Technology,Accessories,Logitech K350 2.4Ghz Wireless Keyboard
TEC-PH-10002200,Technology,Phones,Aastra 6757i CT Wireless VoIP phone
FUR-CH-10004983,Furniture,Chairs,Office Star - Mid Back Dual function Ergonomic High Back Chair with 2-Way Adjustable Arms
FUR-FU-10003347,Furniture,Furnishings,Coloredge Poster Frame
OFF-EN-10001137,Office Supplies,Envelopes,"#10 Gummed Flap White Envelopes, 100/Box"
TEC-AC-10001109,Technology,Accessories,Logitech Trackman Marble Mouse
TEC-PH-10003580,Technology,Phones,Cisco IP Phone 7961G-GE VoIP phone
FUR-CH-10001270,Furniture,Chairs,Harbour Creations Steel Folding Chair
OFF-AP-10000576,Office Supplies,Appliances,"Belkin 325VA UPS Surge Protector, 6'"
OFF-BI-10000773,Office Supplies,Binders,Insertable Tab Post Binder Dividers
OFF-BI-10001116,Office Supplies,Binders,"Wilson Jones 1"" Hanging DublLock Ring Binders"
OFF-BI-10002794,Office Supplies,Binders,"Avery Trapezoid Ring Binder, 3"" Capacity, Black, 1040 sheets"
OFF-LA-10004484,Office Supplies,Labels,Avery 476
OFF-ST-10000649,Office Supplies,Storage,Hanging Personal Folder File
OFF-SU-10004661,Office Supplies,Supplies,Acme Titanium Bonded Scissors
OFF-BI-10002049,Office Supplies,Binders,UniKeep View Case Binders
OFF-EN-10002600,Office Supplies,Envelopes,"Redi-Strip #10 Envelopes, 4 1/8 x 9 1/2"
FUR-CH-10000595,Furniture,Chairs,Safco Contoured Stacking Chairs
FUR-CH-10000595,Furniture,Chairs,Safco Contoured Stacking Chairs
FUR-FU-10000193,Furniture,Furnishings,Tenex Chairmats For Use with Hard Floors
OFF-AR-10001683,Office Supplies,Art,Lumber Crayons
OFF-BI-10000474,Office Supplies,Binders,Avery Recycled Flexi-View Covers for Binding Systems
OFF-BI-10001359,Office Supplies,Binders,GBC DocuBind TL300 Electric Binding System
OFF-BI-10003305,Office Supplies,Binders,Avery Hanging File Binders
OFF-EN-10000483,Office Supplies,Envelopes,"White Envelopes, White Envelopes with Clear Poly Window"
OFF-FA-10004968,Office Supplies,Fasteners,Rubber Band Ball
OFF-PA-10001274,Office Supplies,Paper,Loose Memo Sheets
OFF-PA-10001357,Office Supplies,Paper,Xerox 1886
OFF-ST-10000129,Office Supplies,Storage,Fellowes Recycled Storage Drawers
OFF-ST-10001713,Office Supplies,Storage,"Gould Plastics 9-Pocket Panel Bin, 18-3/8w x 5-1/4d x 20-1/2h, Black"
TEC-MA-10001016,Technology,Machines,Canon PC170 Desktop Personal Copier
FUR-BO-10004834,Furniture,Bookcases,"Riverside Palais Royal Lawyers Bookcase, Royale Cherry Finish"
FUR-CH-10003746,Furniture,Chairs,Hon 4070 Series Pagoda Round Back Stacking Chairs
FUR-FU-10000023,Furniture,Furnishings,Eldon Wave Desk Accessories
FUR-FU-10000308,Furniture,Furnishings,Deflect-o Glass Clear Studded Chair Mats
FUR-FU-10002240,Furniture,Furnishings,Nu-Dell EZ-Mount Plastic Wall Frames
FUR-FU-10004090,Furniture,Furnishings,"Executive Impressions 14"" Contract Wall Clock"
OFF-AP-10003266,Office Supplies,Appliances,"Holmes Replacement Filter for HEPA Air Cleaner, Large Room"
OFF-AR-10000122,Office Supplies,Art,Newell 314
OFF-AR-10000380,Office Supplies,Art,"Hunt PowerHouse Electric Pencil Sharpener, Blue"
OFF-AR-10001573,Office Supplies,Art,American Pencil
OFF-BI-10000315,Office Supplies,Binders,Poly Designer Cover & Back
OFF-BI-10001510,Office Supplies,Binders,Deluxe Heavy-Duty Vinyl Round Ring Binder
OFF-BI-10001922,Office Supplies,Binders,Storex Dura Pro Binders
OFF-BI-10003291,Office Supplies,Binders,Wilson Jones Leather-Like Binders with DublLock Round Rings
OFF-FA-10000624,Office Supplies,Fasteners,OIC Binder Clips
OFF-FA-10002280,Office Supplies,Fasteners,Advantus Plastic Paper Clips
OFF-FA-10002701,Office Supplies,Fasteners,Alliance Rubber Bands
OFF-LA-10002945,Office Supplies,Labels,"Permanent Self-Adhesive File Folder Labels for Typewriters, 1 1/8 x 3 1/2, White"
OFF-PA-10001125,Office Supplies,Paper,Xerox 1988
OFF-PA-10001667,Office Supplies,Paper,Great White Multi-Use Recycled Paper (20Lb. and 84 Bright)
OFF-ST-10000885,Office Supplies,Storage,Fellowes Desktop Hanging File Manager
TEC-AC-10001956,Technology,Accessories,Microsoft Arc Touch Mouse
TEC-AC-10002049,Technology,Accessories,Logitech G19 Programmable Gaming Keyboard
TEC-MA-10000045,Technology,Machines,Zebra ZM400 Thermal Label Printer
TEC-PH-10002890,Technology,Phones,AT&T 17929 Lendline Telephone
TEC-PH-10003885,Technology,Phones,Cisco SPA508G
TEC-PH-10004165,Technology,Phones,Mitel MiVoice 5330e IP Phone
FUR-TA-10002855,Furniture,Tables,Bevis Round Conference Table Top & Single Column Base
OFF-BI-10001890,Office Supplies,Binders,Avery Poly Binder Pockets
OFF-BI-10002393,Office Supplies,Binders,Binder Posts
OFF-EN-10000781,Office Supplies,Envelopes,"#10- 4 1/8"" x 9 1/2"" Recycled Envelopes"
OFF-EN-10001509,Office Supplies,Envelopes,Poly String Tie Envelopes
OFF-FA-10000490,Office Supplies,Fasteners,"OIC Binder Clips, Mini, 1/4"" Capacity, Black"
OFF-PA-10002160,Office Supplies,Paper,Xerox 1978
OFF-PA-10004000,Office Supplies,Paper,"While You Were Out Pads, 50 per Pad, 4 x 5 1/4, Green Cycle"
OFF-ST-10001505,Office Supplies,Storage,"Perma STOR-ALL Hanging File Box, 13 1/8""W x 12 1/4""D x 10 1/2""H"
OFF-ST-10002554,Office Supplies,Storage,Tennsco Industrial Shelving
TEC-AC-10002018,Technology,Accessories,AmazonBasics 3-Button USB Wired Mouse
TEC-AC-10002637,Technology,Accessories,Logitech VX Revolution Cordless Laser Mouse for Notebooks (Black)
TEC-MA-10000045,Technology,Machines,Zebra ZM400 Thermal Label Printer
FUR-FU-10004351,Furniture,Furnishings,Staple-based wall hangings
OFF-AP-10003849,Office Supplies,Appliances,Hoover Shoulder Vac Commercial Portable Vacuum
OFF-BI-10001658,Office Supplies,Binders,GBC Standard Therm-A-Bind Covers
OFF-ST-10000078,Office Supplies,Storage,Tennsco 6- and 18-Compartment Lockers
OFF-ST-10001526,Office Supplies,Storage,Iceberg Mobile Mega Data/Printer Cart
OFF-ST-10003306,Office Supplies,Storage,Letter Size Cart
TEC-AC-10004469,Technology,Accessories,Microsoft Sculpt Comfort Mouse
TEC-CO-10001571,Technology,Copiers,Sharp 1540cs Digital Laser Copier
OFF-AP-10002311,Office Supplies,Appliances,"Holmes Replacement Filter for HEPA Air Cleaner, Very Large Room, HEPA Filter"
OFF-ST-10003282,Office Supplies,Storage,"Advantus 10-Drawer Portable Organizer, Chrome Metal Frame, Smoke Drawers"
FUR-CH-10003298,Furniture,Chairs,"Office Star - Contemporary Task Swivel chair with Loop Arms, Charcoal"
FUR-CH-10004477,Furniture,Chairs,"Global Push Button Manager's Chair, Indigo"
OFF-AR-10001246,Office Supplies,Art,Newell 317
OFF-BI-10002799,Office Supplies,Binders,"SlimView Poly Binder, 3/8"""
OFF-BI-10003291,Office Supplies,Binders,Wilson Jones Leather-Like Binders with DublLock Round Rings
OFF-EN-10001539,Office Supplies,Envelopes,Staple envelope
OFF-EN-10003055,Office Supplies,Envelopes,"Blue String-Tie & Button Interoffice Envelopes, 10 x 13"
OFF-PA-10003016,Office Supplies,Paper,"Adams ""While You Were Out"" Message Pads"
OFF-PA-10003349,Office Supplies,Paper,Xerox 1957
OFF-ST-10002344,Office Supplies,Storage,"Carina 42""Hx23 3/4""W Media Storage Unit"
TEC-PH-10000441,Technology,Phones,VTech DS6151
FUR-BO-10001811,Furniture,Bookcases,"Atlantic Metals Mobile 5-Shelf Bookcases, Custom Colors"
FUR-BO-10004357,Furniture,Bookcases,O'Sullivan Living Dimensions 3-Shelf Bookcases
FUR-BO-10004467,Furniture,Bookcases,Bestar Classic Bookcase
FUR-FU-10000794,Furniture,Furnishings,"Eldon Stackable Tray, Side-Load, Legal, Smoke"
FUR-FU-10001025,Furniture,Furnishings,"Eldon Imàge Series Desk Accessories, Clear"
FUR-FU-10004006,Furniture,Furnishings,"Deflect-o DuraMat Lighweight, Studded, Beveled Mat for Low Pile Carpeting"
OFF-BI-10001267,Office Supplies,Binders,"Universal Recycled Hanging Pressboard Report Binders, Letter Size"
OFF-BI-10002794,Office Supplies,Binders,"Avery Trapezoid Ring Binder, 3"" Capacity, Black, 1040 sheets"
OFF-BI-10004224,Office Supplies,Binders,Catalog Binders with Expanding Posts
OFF-PA-10000726,Office Supplies,Paper,"Black Print Carbonless Snap-Off Rapid Letter, 8 1/2"" x 7"""
OFF-PA-10001560,Office Supplies,Paper,"Adams Telephone Message Books, 5 1/4” x 11”"
OFF-PA-10001790,Office Supplies,Paper,Xerox 1910
OFF-PA-10001790,Office Supplies,Paper,Xerox 1910
OFF-PA-10004610,Office Supplies,Paper,Xerox 1900
OFF-ST-10003572,Office Supplies,Storage,Portfile Personal File Boxes
TEC-AC-10001552,Technology,Accessories,Logitech K350 2.4Ghz Wireless Keyboard
TEC-AC-10004568,Technology,Accessories,Maxell LTO Ultrium - 800 GB
TEC-PH-10001536,Technology,Phones,Spigen Samsung Galaxy S5 Case Wallet
TEC-PH-10001819,Technology,Phones,Innergie mMini Combo Duo USB Travel Charging Kit
TEC-PH-10003691,Technology,Phones,BlackBerry Q10
TEC-PH-10004908,Technology,Phones,Panasonic KX TS3282W Corded phone
FUR-CH-10001891,Furniture,Chairs,Global Deluxe Office Fabric Chairs
FUR-CH-10004287,Furniture,Chairs,SAFCO Arco Folding Chair
FUR-FU-10004017,Furniture,Furnishings,"Executive Impressions 13"" Chairman Wall Clock"
OFF-AP-10003057,Office Supplies,Appliances,Honeywell Enviracaire Portable HEPA Air Cleaner for 16' x 20' Room
OFF-BI-10002571,Office Supplies,Binders,"Avery Framed View Binder, EZD Ring (Locking), Navy, 1 1/2"""
OFF-EN-10001532,Office Supplies,Envelopes,Brown Kraft Recycled Envelopes
OFF-FA-10000304,Office Supplies,Fasteners,Advantus Push Pins
OFF-PA-10004041,Office Supplies,Paper,"It's Hot Message Books with Stickers, 2 3/4"" x 5"""
TEC-AC-10000358,Technology,Accessories,Imation Secure Drive + Hardware Encrypted USB flash drive - 16 GB
TEC-AC-10001090,Technology,Accessories,Micro Innovations Wireless Classic Keyboard with Mouse
TEC-AC-10001267,Technology,Accessories,Imation 32GB Pocket Pro USB 3.0 Flash Drive - 32 GB - Black - 1 P ...
TEC-AC-10002217,Technology,Accessories,Imation Clip USB flash drive - 8 GB
TEC-AC-10002800,Technology,Accessories,Plantronics Audio 478 Stereo USB Headset
FUR-FU-10002759,Furniture,Furnishings,12-1/2 Diameter Round Wall Clock
OFF-AR-10001955,Office Supplies,Art,Newell 319
OFF-BI-10002133,Office Supplies,Binders,"Wilson Jones Elliptical Ring 3 1/2"" Capacity Binders, 800 sheets"
OFF-BI-10003963,Office Supplies,Binders,Cardinal Holdit Data Disk Pockets
OFF-BI-10004738,Office Supplies,Binders,Flexible Leather- Look Classic Collection Ring Binder
OFF-ST-10000604,Office Supplies,Storage,Home/Office Personal File Carts
OFF-ST-10003058,Office Supplies,Storage,Eldon Mobile Mega Data Cart  Mega Stackable  Add-On Trays
OFF-SU-10001935,Office Supplies,Supplies,Staple remover
FUR-FU-10001185,Furniture,Furnishings,"Advantus Employee of the Month Certificate Frame, 11 x 13-1/2"
FUR-FU-10001215,Furniture,Furnishings,"Howard Miller 11-1/2"" Diameter Brentwood Wall Clock"
FUR-TA-10000577,Furniture,Tables,Bretford CR4500 Series Slim Rectangular Table
FUR-TA-10000688,Furniture,Tables,"Chromcraft Bull-Nose Wood Round Conference Table Top, Wood Base"
FUR-TA-10001520,Furniture,Tables,"Lesro Sheffield Collection Coffee Table, End Table, Center Table, Corner Table"
OFF-AP-10002457,Office Supplies,Appliances,"Eureka The Boss Plus 12-Amp Hard Box Upright Vacuum, Red"
OFF-LA-10003148,Office Supplies,Labels,Avery 51
OFF-PA-10000157,Office Supplies,Paper,Xerox 191
OFF-ST-10000344,Office Supplies,Storage,"Neat Ideas Personal Hanging Folder Files, Black"
TEC-AC-10004145,Technology,Accessories,Logitech diNovo Edge Keyboard
TEC-PH-10001051,Technology,Phones,HTC One
TEC-PH-10001254,Technology,Phones,Jabra BIZ 2300 Duo QD Duo Corded Headset
FUR-CH-10001708,Furniture,Chairs,Office Star - Contemporary Swivel Chair with Padded Adjustable Arms and Flex Back
FUR-CH-10002073,Furniture,Chairs,Hon Olson Stacker Chairs
FUR-FU-10001591,Furniture,Furnishings,Advantus Panel Wall Certificate Holder - 8.5x11
FUR-FU-10002813,Furniture,Furnishings,"DAX Contemporary Wood Frame with Silver Metal Mat, Desktop, 11 x 14 Size"
OFF-PA-10000474,Office Supplies,Paper,Easy-staple paper
OFF-PA-10001639,Office Supplies,Paper,Xerox 203
OFF-ST-10000129,Office Supplies,Storage,Fellowes Recycled Storage Drawers
OFF-ST-10001418,Office Supplies,Storage,Carina Media Storage Towers in Natural & Black
OFF-ST-10002756,Office Supplies,Storage,"Tennsco Stur-D-Stor Boltless Shelving, 5 Shelves, 24"" Deep, Sand"
OFF-SU-10002537,Office Supplies,Supplies,Acme Box Cutter Scissors
TEC-PH-10003174,Technology,Phones,RCA ViSYS 25825 Wireless digital phone
FUR-FU-10000305,Furniture,Furnishings,"Tenex V2T-RE Standard Weight Series Chair Mat, 45"" x 53"", Lip 25"" x 12"""
OFF-AP-10004868,Office Supplies,Appliances,Hoover Commercial Soft Guard Upright Vacuum And Disposable Filtration Bags
OFF-BI-10003196,Office Supplies,Binders,Accohide Poly Flexible Ring Binders
TEC-PH-10002200,Technology,Phones,Aastra 6757i CT Wireless VoIP phone
FUR-BO-10001337,Furniture,Bookcases,O'Sullivan Living Dimensions 2-Shelf Bookcases
FUR-BO-10001519,Furniture,Bookcases,O'Sullivan 3-Shelf Heavy-Duty Bookcases
FUR-BO-10002268,Furniture,Bookcases,Sauder Barrister Bookcases
FUR-CH-10000595,Furniture,Chairs,Safco Contoured Stacking Chairs
FUR-CH-10002880,Furniture,Chairs,"Global High-Back Leather Tilter, Burgundy"
FUR-FU-10001546,Furniture,Furnishings,Dana Swing-Arm Lamps
FUR-FU-10002364,Furniture,Furnishings,"Eldon Expressions Wood Desk Accessories, Oak"
FUR-FU-10002874,Furniture,Furnishings,Ultra Commercial Grade Dual Valve Door Closer
OFF-AR-10002067,Office Supplies,Art,Newell 334
OFF-AR-10002578,Office Supplies,Art,Newell 335
OFF-AR-10003732,Office Supplies,Art,Newell 333
OFF-AR-10004648,Office Supplies,Art,Boston 19500 Mighty Mite Electric Pencil Sharpener
OFF-BI-10001758,Office Supplies,Binders,Wilson Jones 14 Line Acrylic Coated Pressboard Data Binders
OFF-BI-10001982,Office Supplies,Binders,Wilson Jones Custom Binder Spines & Labels
OFF-BI-10002854,Office Supplies,Binders,"Performers Binder/Pad Holder, Black"
OFF-BI-10004528,Office Supplies,Binders,Cardinal Poly Pocket Divider Pockets for Ring Binders
OFF-BI-10004593,Office Supplies,Binders,Ibico Laser Imprintable Binding System Covers
OFF-BI-10004728,Office Supplies,Binders,Wilson Jones Turn Tabs Binder Tool for Ring Binders
OFF-LA-10002762,Office Supplies,Labels,Avery 485
OFF-PA-10003883,Office Supplies,Paper,"Message Book, Phone, Wirebound Standard Line Memo, 2 3/4"" X 5"""
OFF-ST-10000918,Office Supplies,Storage,Crate-A-Files
OFF-ST-10003994,Office Supplies,Storage,"Belkin 19"" Center-Weighted Shelf, Gray"
TEC-AC-10002018,Technology,Accessories,AmazonBasics 3-Button USB Wired Mouse
TEC-MA-10002790,Technology,Machines,NeatDesk Desktop Scanner & Digital Filing System
TEC-PH-10004774,Technology,Phones,Gear Head AU3700S Headset
FUR-BO-10002598,Furniture,Bookcases,"Hon Metal Bookcases, Putty"
FUR-BO-10003965,Furniture,Bookcases,O'Sullivan Manor Hill 2-Door Library in Brianna Oak
FUR-CH-10004698,Furniture,Chairs,"Padded Folding Chairs, Black, 4/Carton"
FUR-FU-10000087,Furniture,Furnishings,"Executive Impressions 14"" Two-Color Numerals Wall Clock"
FUR-TA-10002958,Furniture,Tables,"Bevis Oval Conference Table, Walnut"
OFF-AP-10002867,Office Supplies,Appliances,Fellowes Command Center 5-outlet power strip
OFF-AP-10004052,Office Supplies,Appliances,"Hoover Replacement Belts For Soft Guard & Commercial Ltweight Upright Vacs, 2/Pk"
OFF-AP-10004136,Office Supplies,Appliances,Kensington 6 Outlet SmartSocket Surge Protector
OFF-AR-10002257,Office Supplies,Art,"Eldon Spacemaker Box, Quick-Snap Lid, Clear"
OFF-AR-10003759,Office Supplies,Art,"Crayola Anti Dust Chalk, 12/Pack"
OFF-BI-10000756,Office Supplies,Binders,Storex DuraTech Recycled Plastic Frosted Binders
OFF-BI-10002194,Office Supplies,Binders,Cardinal Hold-It CD Pocket
OFF-BI-10002225,Office Supplies,Binders,"Square Ring Data Binders, Rigid 75 Pt. Covers, 11"" x 14-7/8"""
OFF-LA-10000240,Office Supplies,Labels,Self-Adhesive Address Labels for Typewriters by Universal
OFF-LA-10003121,Office Supplies,Labels,Avery 506
OFF-SU-10002189,Office Supplies,Supplies,Acme Rosewood Handle Letter Opener
TEC-AC-10000990,Technology,Accessories,Imation Bio 2GB USB Flash Drive Imation Corp
TEC-AC-10002718,Technology,Accessories,Belkin Standard 104 key USB Keyboard
TEC-CO-10001571,Technology,Copiers,Sharp 1540cs Digital Laser Copier
TEC-MA-10002930,Technology,Machines,Ricoh - Ink Collector Unit for GX3000 Series Printers
TEC-PH-10002923,Technology,Phones,"Logitech B530 USB Headset - headset - Full size, Binaural"
FUR-TA-10004607,Furniture,Tables,Hon 2111 Invitation Series Straight Table
OFF-AP-10002311,Office Supplies,Appliances,"Holmes Replacement Filter for HEPA Air Cleaner, Very Large Room, HEPA Filter"
OFF-AR-10003056,Office Supplies,Art,Newell 341
OFF-BI-10000756,Office Supplies,Binders,Storex DuraTech Recycled Plastic Frosted Binders
OFF-BI-10003638,Office Supplies,Binders,GBC Durable Plastic Covers
OFF-BI-10003712,Office Supplies,Binders,"Acco Pressboard Covers with Storage Hooks, 14 7/8"" x 11"", Light Blue"
OFF-FA-10004854,Office Supplies,Fasteners,"Vinyl Coated Wire Paper Clips in Organizer Box, 800/Box"
OFF-PA-10000176,Office Supplies,Paper,Xerox 1887
OFF-PA-10000300,Office Supplies,Paper,Xerox 1936
OFF-PA-10000327,Office Supplies,Paper,Xerox 1971
OFF-PA-10002586,Office Supplies,Paper,Xerox 1970
OFF-ST-10004634,Office Supplies,Storage,"Personal Folder Holder, Ebony"
TEC-AC-10004127,Technology,Accessories,SanDisk Cruzer 8 GB USB Flash Drive
TEC-MA-10000423,Technology,Machines,Texas Instruments TI-34 Scientific Calculator
OFF-AP-10000275,Office Supplies,Appliances,"Sanyo Counter Height Refrigerator with Crisper, 3.6 Cubic Foot, Stainless Steel/Black"
OFF-AR-10001940,Office Supplies,Art,"Sanford Colorific Eraseable Coloring Pencils, 12 Count"
OFF-AR-10004999,Office Supplies,Art,Newell 315
OFF-BI-10002867,Office Supplies,Binders,GBC Recycled Regency Composition Covers
OFF-EN-10003286,Office Supplies,Envelopes,Staple envelope
OFF-PA-10000994,Office Supplies,Paper,Xerox 1915
OFF-PA-10001583,Office Supplies,Paper,"1/4 Fold Party Design Invitations & White Envelopes, 24 8-1/2"" X 11"" Cards, 25 Env./Pack"
OFF-PA-10003441,Office Supplies,Paper,Xerox 226
OFF-ST-10001291,Office Supplies,Storage,"Tenex Personal Self-Stacking Standard File Box, Black/Gray"
TEC-PH-10003012,Technology,Phones,Nortel Meridian M3904 Professional Digital phone
FUR-FU-10000397,Furniture,Furnishings,Luxo Economy Swing Arm Lamp
OFF-AR-10003045,Office Supplies,Art,Prang Colored Pencils
OFF-BI-10001078,Office Supplies,Binders,"Acco PRESSTEX Data Binder with Storage Hooks, Dark Blue, 14 7/8"" X 11"""
OFF-BI-10002706,Office Supplies,Binders,Avery Premier Heavy-Duty Binder with Round Locking Rings
OFF-BI-10002813,Office Supplies,Binders,Avery Reinforcements for Hole-Punch Pages
OFF-PA-10000675,Office Supplies,Paper,Xerox 1919
OFF-PA-10002005,Office Supplies,Paper,Xerox 225
OFF-PA-10003892,Office Supplies,Paper,Xerox 1943
OFF-ST-10000060,Office Supplies,Storage,Fellowes Bankers Box Staxonsteel Drawer File/Stacking System
TEC-AC-10004633,Technology,Accessories,"Verbatim 25 GB 6x Blu-ray Single Layer Recordable Disc, 3/Pack"
OFF-AR-10001177,Office Supplies,Art,Newell 349
FUR-FU-10003930,Furniture,Furnishings,Howard Miller 12-3/4 Diameter Accuwave DS  Wall Clock
OFF-BI-10000343,Office Supplies,Binders,"Pressboard Covers with Storage Hooks, 9 1/2"" x 11"", Light Blue"
OFF-BI-10003707,Office Supplies,Binders,Aluminum Screw Posts
OFF-PA-10001274,Office Supplies,Paper,Loose Memo Sheets
OFF-ST-10001172,Office Supplies,Storage,"Tennsco Lockers, Sand"
TEC-CO-10002313,Technology,Copiers,Canon PC1080F Personal Copier
FUR-BO-10002916,Furniture,Bookcases,"Rush Hierlooms Collection 1"" Thick Stackable Bookcases"
FUR-CH-10002647,Furniture,Chairs,"Situations Contoured Folding Chairs, 4/Set"
FUR-FU-10002506,Furniture,Furnishings,"Tensor ""Hersey Kiss"" Styled Floor Lamp"
FUR-TA-10000617,Furniture,Tables,"Hon Practical Foundations 30 x 60 Training Table, Light Gray/Charcoal"
FUR-TA-10004619,Furniture,Tables,Hon Non-Folding Utility Tables
OFF-AR-10001915,Office Supplies,Art,Peel-Off China Markers
OFF-BI-10000145,Office Supplies,Binders,Zipper Ring Binder Pockets
OFF-PA-10000482,Office Supplies,Paper,"Snap-A-Way Black Print Carbonless Ruled Speed Letter, Triplicate"
OFF-PA-10000743,Office Supplies,Paper,Xerox 1977
OFF-PA-10001019,Office Supplies,Paper,Xerox 1884
OFF-PA-10003823,Office Supplies,Paper,Xerox 197
TEC-AC-10000158,Technology,Accessories,Sony 64GB Class 10 Micro SDHC R40 Memory Card
TEC-AC-10000397,Technology,Accessories,"Perixx PERIBOARD-512B, Ergonomic Split Keyboard"
TEC-AC-10002335,Technology,Accessories,Logitech Media Keyboard K200
TEC-AC-10003095,Technology,Accessories,Logitech G35 7.1-Channel Surround Sound Headset
TEC-PH-10002350,Technology,Phones,Apple EarPods with Remote and Mic
TEC-PH-10002789,Technology,Phones,LG Exalt
FUR-FU-10000087,Furniture,Furnishings,"Executive Impressions 14"" Two-Color Numerals Wall Clock"
FUR-FU-10002505,Furniture,Furnishings,Eldon 100 Class Desk Accessories
FUR-FU-10003799,Furniture,Furnishings,"Seth Thomas 13 1/2"" Wall Clock"
FUR-FU-10004017,Furniture,Furnishings,"Tenex Contemporary Contur Chairmats for Low and Medium Pile Carpet, Computer, 39"" x 49"""
FUR-FU-10004904,Furniture,Furnishings,"Eldon ""L"" Workstation Diamond Chairmat"
OFF-AP-10004655,Office Supplies,Appliances,"Holmes Visible Mist Ultrasonic Humidifier with 2.3-Gallon Output per Day, Replacement Filter"
OFF-AR-10004441,Office Supplies,Art,BIC Brite Liner Highlighters
OFF-EN-10001539,Office Supplies,Envelopes,Staple envelope
OFF-FA-10003021,Office Supplies,Fasteners,Staples
OFF-PA-10003395,Office Supplies,Paper,Xerox 1941
OFF-ST-10001590,Office Supplies,Storage,"Tenex Personal Project File with Scoop Front Design, Black"
OFF-ST-10004804,Office Supplies,Storage,"Belkin 19"" Vented Equipment Shelf, Black"
TEC-PH-10001580,Technology,Phones,Logitech Mobile Speakerphone P710e - speaker phone
FUR-CH-10002880,Furniture,Chairs,"Global High-Back Leather Tilter, Burgundy"
FUR-CH-10004853,Furniture,Chairs,"Global Manager's Adjustable Task Chair, Storm"
OFF-AP-10000179,Office Supplies,Appliances,Honeywell Enviracaire Portable HEPA Air Cleaner for up to 10 x 16 Room
OFF-AR-10003582,Office Supplies,Art,"Boston Electric Pencil Sharpener, Model 1818, Charcoal Black"
OFF-AR-10004042,Office Supplies,Art,"BOSTON Model 1800 Electric Pencil Sharpeners, Putty/Woodgrain"
OFF-BI-10000088,Office Supplies,Binders,GBC Imprintable Covers
OFF-BI-10001078,Office Supplies,Binders,"Acco PRESSTEX Data Binder with Storage Hooks, Dark Blue, 14 7/8"" X 11"""
OFF-PA-10000349,Office Supplies,Paper,Easy-staple paper
OFF-ST-10001272,Office Supplies,Storage,"Mini 13-1/2 Capacity Data Binder Rack, Pearl"
TEC-AC-10003038,Technology,Accessories,Kingston Digital DataTraveler 16GB USB 2.0
FUR-BO-10001608,Furniture,Bookcases,"Hon Metal Bookcases, Black"
FUR-FU-10000576,Furniture,Furnishings,Luxo Professional Fluorescent Magnifier Lamp with Clamp-Mount Base
FUR-FU-10001546,Furniture,Furnishings,Dana Swing-Arm Lamps
FUR-FU-10002813,Furniture,Furnishings,"DAX Contemporary Wood Frame with Silver Metal Mat, Desktop, 11 x 14 Size"
OFF-AP-10001293,Office Supplies,Appliances,Belkin 8 Outlet Surge Protector
OFF-BI-10000301,Office Supplies,Binders,GBC Instant Report Kit
OFF-BI-10000546,Office Supplies,Binders,Avery Durable Binders
OFF-BI-10003656,Office Supplies,Binders,Fellowes PB200 Plastic Comb Binding Machine
OFF-EN-10000461,Office Supplies,Envelopes,"#10- 4 1/8"" x 9 1/2"" Recycled Envelopes"
OFF-EN-10002831,Office Supplies,Envelopes,"Tyvek  Top-Opening Peel & Seel  Envelopes, Gray"
OFF-FA-10000053,Office Supplies,Fasteners,Revere Boxed Rubber Bands by Revere
OFF-PA-10002659,Office Supplies,Paper,Avoid Verbal Orders Carbonless Minifold Book
OFF-PA-10003848,Office Supplies,Paper,Xerox 1997
TEC-PH-10001198,Technology,Phones,Avaya 4621SW VoIP phone
TEC-PH-10002807,Technology,Phones,Motorla HX550 Universal Bluetooth Headset
FUR-CH-10001215,Furniture,Chairs,Global Troy Executive Leather Low-Back Tilter
FUR-CH-10003973,Furniture,Chairs,GuestStacker Chair with Chrome Finish Legs
FUR-FU-10004270,Furniture,Furnishings,"Eldon Image Series Desk Accessories, Burgundy"
FUR-TA-10001705,Furniture,Tables,Bush Advantage Collection Round Conference Table
OFF-AR-10000823,Office Supplies,Art,Newell 307
OFF-AR-10003251,Office Supplies,Art,Prang Drawing Pencil Set
OFF-BI-10001765,Office Supplies,Binders,Wilson Jones Heavy-Duty Casebound Ring Binders with Metal Hinges
OFF-BI-10004233,Office Supplies,Binders,"GBC Pre-Punched Binding Paper, Plastic, White, 8-1/2"" x 11"""
OFF-PA-10001776,Office Supplies,Paper,"Wirebound Message Books, Four 2 3/4"" x 5"" Forms per Page, 600 Sets per Book"
OFF-PA-10001826,Office Supplies,Paper,Xerox 207
OFF-PA-10002222,Office Supplies,Paper,"Xerox Color Copier Paper, 11"" x 17"", Ream"
OFF-PA-10004255,Office Supplies,Paper,Xerox 219
OFF-ST-10001321,Office Supplies,Storage,"Decoflex Hanging Personal Folder File, Blue"
OFF-ST-10002554,Office Supplies,Storage,Tennsco Industrial Shelving
FUR-FU-10001588,Furniture,Furnishings,"Deflect-o SuperTray Unbreakable Stackable Tray, Letter, Black"
FUR-FU-10002759,Furniture,Furnishings,12-1/2 Diameter Round Wall Clock
OFF-AR-10000940,Office Supplies,Art,Newell 343
FUR-BO-10002213,Furniture,Bookcases,"Sauder Forest Hills Library, Woodland Oak Finish"
FUR-FU-10000222,Furniture,Furnishings,"Seth Thomas 16"" Steel Case Clock"
FUR-FU-10001935,Furniture,Furnishings,3M Hangers With Command Adhesive
OFF-AR-10004078,Office Supplies,Art,Newell 312
OFF-BI-10001718,Office Supplies,Binders,GBC DocuBind P50 Personal Binding Machine
OFF-BI-10003718,Office Supplies,Binders,GBC Therma-A-Bind 250T Electric Binding System
OFF-BI-10004528,Office Supplies,Binders,Cardinal Poly Pocket Divider Pockets for Ring Binders
OFF-PA-10000174,Office Supplies,Paper,"Message Book, Wirebound, Four 5 1/2"" X 4"" Forms/Pg., 200 Dupl. Sets/Book"
OFF-PA-10003656,Office Supplies,Paper,Xerox 1935
TEC-AC-10000171,Technology,Accessories,"Verbatim 25 GB 6x Blu-ray Single Layer Recordable Disc, 25/Pack"
TEC-MA-10001681,Technology,Machines,Lexmark MarkNet N8150 Wireless Print Server
TEC-PH-10001700,Technology,Phones,Panasonic KX-TG6844B Expandable Digital Cordless Telephone
FUR-CH-10002372,Furniture,Chairs,Office Star - Ergonomically Designed Knee Chair
FUR-CH-10002965,Furniture,Chairs,"Global Leather Highback Executive Chair with Pneumatic Height Adjustment, Black"
FUR-CH-10003535,Furniture,Chairs,"Global Armless Task Chair, Royal Blue"
FUR-FU-10002111,Furniture,Furnishings,"Master Caster Door Stop, Large Brown"
FUR-FU-10002445,Furniture,Furnishings,"DAX Two-Tone Rosewood/Black Document Frame, Desktop, 5 x 7"
FUR-FU-10004270,Furniture,Furnishings,"Eldon Image Series Desk Accessories, Burgundy"
OFF-AR-10003723,Office Supplies,Art,Avery Hi-Liter Fluorescent Desk Style Markers
OFF-AR-10003752,Office Supplies,Art,Deluxe Chalkboard Eraser Cleaner
OFF-BI-10000545,Office Supplies,Binders,GBC Ibimaster 500 Manual ProClick Binding System
OFF-BI-10001553,Office Supplies,Binders,SpineVue Locking Slant-D Ring Binders by Cardinal
OFF-EN-10003296,Office Supplies,Envelopes,Tyvek Side-Opening Peel & Seel Expanding Envelopes
OFF-EN-10004147,Office Supplies,Envelopes,Wausau Papers Astrobrights Colored Envelopes
OFF-PA-10001970,Office Supplies,Paper,Xerox 1881
TEC-PH-10000193,Technology,Phones,Jensen SMPS-640 - speaker phone
TEC-PH-10000376,Technology,Phones,Square Credit Card Reader
TEC-PH-10004586,Technology,Phones,Wilson SignalBoost 841262 DB PRO Amplifier Kit
FUR-FU-10004270,Furniture,Furnishings,"Eldon Image Series Desk Accessories, Burgundy"
OFF-AR-10003723,Office Supplies,Art,Avery Hi-Liter Fluorescent Desk Style Markers
FUR-CH-10003535,Furniture,Chairs,"Global Armless Task Chair, Royal Blue"
FUR-CH-10004477,Furniture,Chairs,"Global Push Button Manager's Chair, Indigo"
FUR-FU-10004090,Furniture,Furnishings,"Executive Impressions 14"" Contract Wall Clock"
OFF-AR-10003582,Office Supplies,Art,"Boston Electric Pencil Sharpener, Model 1818, Charcoal Black"
OFF-BI-10000666,Office Supplies,Binders,Surelock Post Binders
OFF-BI-10001107,Office Supplies,Binders,"GBC White Gloss Covers, Plain Front"
OFF-BI-10002026,Office Supplies,Binders,Avery Arch Ring Binders
OFF-EN-10004459,Office Supplies,Envelopes,Security-Tint Envelopes
OFF-LA-10000452,Office Supplies,Labels,Avery 488
OFF-PA-10004156,Office Supplies,Paper,Xerox 188
TEC-AC-10001266,Technology,Accessories,Memorex Micro Travel Drive 8 GB
TEC-AC-10003280,Technology,Accessories,Belkin F8E887 USB Wired Ergonomic Keyboard
FUR-CH-10004860,Furniture,Chairs,Global Low Back Tilter Chair
FUR-FU-10002253,Furniture,Furnishings,"Howard Miller 13"" Diameter Pewter Finish Round Wall Clock"
FUR-FU-10002878,Furniture,Furnishings,"Seth Thomas 14"" Day/Date Wall Clock"
OFF-AP-10001626,Office Supplies,Appliances,"Commercial WindTunnel Clean Air Upright Vacuum, Replacement Belts, Filtration Bags"
OFF-AR-10002952,Office Supplies,Art,Stanley Contemporary Battery Pencil Sharpeners
OFF-AR-10004042,Office Supplies,Art,"BOSTON Model 1800 Electric Pencil Sharpeners, Putty/Woodgrain"
OFF-AR-10004078,Office Supplies,Art,Newell 312
OFF-BI-10002813,Office Supplies,Binders,Avery Reinforcements for Hole-Punch Pages
OFF-BI-10002852,Office Supplies,Binders,Ibico Standard Transparent Covers
OFF-LA-10004853,Office Supplies,Labels,Avery 483
OFF-PA-10000048,Office Supplies,Paper,Xerox 20
OFF-PA-10001184,Office Supplies,Paper,Xerox 1903
OFF-PA-10002586,Office Supplies,Paper,Xerox 1970
OFF-PA-10003039,Office Supplies,Paper,Xerox 1960
OFF-PA-10003883,Office Supplies,Paper,"Message Book, Phone, Wirebound Standard Line Memo, 2 3/4"" X 5"""
OFF-PA-10004255,Office Supplies,Paper,Xerox 219
OFF-PA-10004519,Office Supplies,Paper,Spiral Phone Message Books with Labels by Adams
OFF-ST-10000078,Office Supplies,Storage,Tennsco 6- and 18-Compartment Lockers
OFF-ST-10004804,Office Supplies,Storage,"Belkin 19"" Vented Equipment Shelf, Black"
TEC-AC-10002637,Technology,Accessories,Logitech VX Revolution Cordless Laser Mouse for Notebooks (Black)
TEC-CO-10002095,Technology,Copiers,Hewlett Packard 610 Color Digital Copier / Printer
TEC-PH-10000576,Technology,Phones,AT&T 1080 Corded phone
TEC-PH-10001578,Technology,Phones,Polycom SoundStation2 EX Conference phone
TEC-PH-10001615,Technology,Phones,AT&T CL82213
FUR-CH-10002647,Furniture,Chairs,"Situations Contoured Folding Chairs, 4/Set"
FUR-FU-10002759,Furniture,Furnishings,12-1/2 Diameter Round Wall Clock
OFF-AP-10001271,Office Supplies,Appliances,Eureka The Boss Cordless Rechargeable Stick Vac
OFF-BI-10001031,Office Supplies,Binders,Pressboard Data Binders by Wilson Jones
OFF-BI-10003727,Office Supplies,Binders,Avery Durable Slant Ring Binders With Label Holder
OFF-FA-10003467,Office Supplies,Fasteners,"Alliance Big Bands Rubber Bands, 12/Pack"
OFF-LA-10000634,Office Supplies,Labels,Avery 509
OFF-PA-10003953,Office Supplies,Paper,Xerox 218
TEC-PH-10001336,Technology,Phones,Digium D40 VoIP phone
OFF-PA-10000100,Office Supplies,Paper,Xerox 1945
OFF-PA-10000533,Office Supplies,Paper,Southworth Parchment Paper & Envelopes
OFF-ST-10004186,Office Supplies,Storage,"Stur-D-Stor Shelving, Vertical 5-Shelf: 72""H x 36""W x 18 1/2""D"
TEC-AC-10000865,Technology,Accessories,WD My Passport Ultra 500GB Portable External Hard Drive
TEC-PH-10001817,Technology,Phones,Wilson Electronics DB Pro Signal Booster
TEC-PH-10004896,Technology,Phones,Nokia Lumia 521 (T-Mobile)
OFF-PA-10004156,Office Supplies,Paper,Xerox 188
FUR-CH-10000785,Furniture,Chairs,Global Ergonomic Managers Chair
FUR-CH-10004289,Furniture,Chairs,Global Super Steno Chair
FUR-TA-10003569,Furniture,Tables,Bretford CR8500 Series Meeting Room Furniture
OFF-AP-10004980,Office Supplies,Appliances,3M Replacement Filter for Office Air Cleaner for 20' x 33' Room
OFF-AR-10000817,Office Supplies,Art,Manco Dry-Lighter Erasable Highlighter
OFF-AR-10001149,Office Supplies,Art,"Avery Hi-Liter Comfort Grip Fluorescent Highlighter, Yellow Ink"
OFF-AR-10003087,Office Supplies,Art,Staples in misc. colors
OFF-AR-10003582,Office Supplies,Art,"Boston Electric Pencil Sharpener, Model 1818, Charcoal Black"
OFF-LA-10001045,Office Supplies,Labels,Permanent Self-Adhesive File Folder Labels for Typewriters by Universal
OFF-LA-10001613,Office Supplies,Labels,Avery File Folder Labels
OFF-LA-10004093,Office Supplies,Labels,Avery 486
OFF-PA-10000143,Office Supplies,Paper,Astroparche Fine Business Paper
OFF-PA-10000520,Office Supplies,Paper,Xerox 201
OFF-PA-10001509,Office Supplies,Paper,"Recycled Desk Saver Line ""While You Were Out"" Book, 5 1/2"" X 4"""
OFF-PA-10002254,Office Supplies,Paper,Xerox 1883
OFF-PA-10002713,Office Supplies,Paper,"Adams Phone Message Book, 200 Message Capacity, 8 1/16” x 11”"
TEC-AC-10001553,Technology,Accessories,"Memorex 25GB 6X Branded Blu-Ray Recordable Disc, 15/Pack"
TEC-AC-10002550,Technology,Accessories,Maxell 4.7GB DVD-RW 3/Pack
TEC-CO-10002095,Technology,Copiers,Hewlett Packard 610 Color Digital Copier / Printer
TEC-PH-10004667,Technology,Phones,Cisco 8x8 Inc. 6753i IP Business Phone System
FUR-BO-10003450,Furniture,Bookcases,"Bush Westfield Collection Bookcases, Dark Cherry Finish"
FUR-FU-10001473,Furniture,Furnishings,DAX Wood Document Frame
FUR-FU-10002456,Furniture,Furnishings,"Master Caster Door Stop, Large Neon Orange"
FUR-TA-10000849,Furniture,Tables,Bevis Rectangular Conference Tables
OFF-AR-10001473,Office Supplies,Art,Newell 313
OFF-AR-10001545,Office Supplies,Art,Newell 326
OFF-BI-10001098,Office Supplies,Binders,Acco D-Ring Binder w/DublLock
OFF-BI-10003166,Office Supplies,Binders,GBC Plasticlear Binding Covers
OFF-BI-10004230,Office Supplies,Binders,GBC Recycled Grain Textured Covers
OFF-BI-10004965,Office Supplies,Binders,Ibico Covers for Plastic or Wire Binding Elements
OFF-LA-10003930,Office Supplies,Labels,"Dot Matrix Printer Tape Reel Labels, White, 5000/Box"
OFF-PA-10001166,Office Supplies,Paper,Xerox 1932
OFF-PA-10003256,Office Supplies,Paper,Avery Personal Creations Heavyweight Cards
OFF-ST-10000943,Office Supplies,Storage,Eldon ProFile File 'N Store Portable File Tub Letter/Legal Size Black
TEC-AC-10001606,Technology,Accessories,Logitech Wireless Performance Mouse MX for PC and Mac
TEC-AC-10004396,Technology,Accessories,Logitech Keyboard K120
TEC-AC-10004761,Technology,Accessories,Maxell 4.7GB DVD+RW 3/Pack
TEC-PH-10003691,Technology,Phones,BlackBerry Q10
FUR-CH-10004675,Furniture,Chairs,"Lifetime Advantage Folding Chairs, 4/Carton"
FUR-FU-10004597,Furniture,Furnishings,Eldon Cleatmat Chair Mats for Medium Pile Carpets
OFF-AR-10001547,Office Supplies,Art,Newell 311
OFF-AR-10001662,Office Supplies,Art,Rogers Handheld Barrel Pencil Sharpener
OFF-BI-10002437,Office Supplies,Binders,Recycled Premium Regency Composition Covers
OFF-EN-10003072,Office Supplies,Envelopes,Peel & Seel Envelopes
OFF-FA-10001229,Office Supplies,Fasteners,Staples
OFF-PA-10000726,Office Supplies,Paper,"Black Print Carbonless Snap-Off Rapid Letter, 8 1/2"" x 7"""
OFF-PA-10002036,Office Supplies,Paper,Xerox 1930
OFF-PA-10002377,Office Supplies,Paper,Xerox 1916
OFF-ST-10001496,Office Supplies,Storage,Standard Rollaway File with Lock
OFF-SU-10001225,Office Supplies,Supplies,Staple remover
TEC-AC-10002018,Technology,Accessories,AmazonBasics 3-Button USB Wired Mouse
TEC-AC-10002926,Technology,Accessories,Logitech Wireless Marathon Mouse M705
OFF-AR-10001547,Office Supplies,Art,Newell 311
OFF-EN-10003072,Office Supplies,Envelopes,Peel & Seel Envelopes
OFF-PA-10000726,Office Supplies,Paper,"Black Print Carbonless Snap-Off Rapid Letter, 8 1/2"" x 7"""
OFF-AP-10003040,Office Supplies,Appliances,Fellowes 8 Outlet Superior Workstation Surge Protector w/o Phone/Fax/Modem Protection
OFF-BI-10000050,Office Supplies,Binders,"Angle-D Binders with Locking Rings, Label Holders"
OFF-BI-10004738,Office Supplies,Binders,Flexible Leather- Look Classic Collection Ring Binder
OFF-LA-10001771,Office Supplies,Labels,Avery 513
OFF-PA-10000289,Office Supplies,Paper,Xerox 213
OFF-PA-10004451,Office Supplies,Paper,Xerox 222
TEC-AC-10001552,Technology,Accessories,Logitech K350 2.4Ghz Wireless Keyboard
TEC-AC-10003399,Technology,Accessories,Memorex Mini Travel Drive 64 GB USB 2.0 Flash Drive
TEC-PH-10001530,Technology,Phones,Plantronics Voyager Pro Legend
FUR-FU-10002963,Furniture,Furnishings,"Master Caster Door Stop, Gray"
FUR-FU-10003829,Furniture,Furnishings,Stackable Trays
FUR-FU-10004351,Furniture,Furnishings,Staple-based wall hangings
FUR-TA-10002622,Furniture,Tables,"Bush Andora Conference Table, Maple/Graphite Gray Finish"
OFF-AR-10003582,Office Supplies,Art,"Boston Electric Pencil Sharpener, Model 1818, Charcoal Black"
OFF-BI-10000948,Office Supplies,Binders,"GBC Laser Imprintable Binding System Covers, Desert Sand"
OFF-BI-10001153,Office Supplies,Binders,Ibico Recycled Grain-Textured Covers
OFF-BI-10002432,Office Supplies,Binders,Wilson Jones Standard D-Ring Binders
OFF-BI-10004187,Office Supplies,Binders,3-ring staple pack
OFF-PA-10004983,Office Supplies,Paper,Xerox 23
TEC-AC-10003063,Technology,Accessories,Micro Innovations USB RF Wireless Keyboard with Mouse
TEC-PH-10001051,Technology,Phones,HTC One
FUR-FU-10004091,Furniture,Furnishings,"Howard Miller 13"" Diameter Goldtone Round Wall Clock"
OFF-AP-10002472,Office Supplies,Appliances,3M Office Air Cleaner
OFF-AR-10001940,Office Supplies,Art,"Sanford Colorific Eraseable Coloring Pencils, 12 Count"
OFF-BI-10001098,Office Supplies,Binders,Acco D-Ring Binder w/DublLock
TEC-AC-10002049,Technology,Accessories,Plantronics Savi W720 Multi-Device Wireless Headset System
TEC-AC-10004571,Technology,Accessories,Logitech G700s Rechargeable Gaming Mouse
TEC-MA-10000418,Technology,Machines,Cubify CubeX 3D Printer Double Head Print
TEC-PH-10001433,Technology,Phones,Cisco Small Business SPA 502G VoIP phone
TEC-PH-10004908,Technology,Phones,Panasonic KX TS3282W Corded phone
OFF-PA-10004948,Office Supplies,Paper,Xerox 190
FUR-CH-10003817,Furniture,Chairs,"Global Value Steno Chair, Gray"
FUR-CH-10003846,Furniture,Chairs,Hon Valutask Swivel Chairs
FUR-CH-10004875,Furniture,Chairs,Harbour Creations 67200 Series Stacking Chairs
FUR-FU-10000965,Furniture,Furnishings,"Howard Miller 11-1/2"" Diameter Ridgewood Wall Clock"
FUR-FU-10002116,Furniture,Furnishings,"Tenex Carpeted, Granite-Look or Clear Contemporary Contour Shape Chair Mats"
OFF-AR-10001940,Office Supplies,Art,"Sanford Colorific Eraseable Coloring Pencils, 12 Count"
OFF-AR-10003829,Office Supplies,Art,Newell 35
OFF-AR-10003903,Office Supplies,Art,Sanford 52201 APSCO Electric Pencil Sharpener
OFF-BI-10000320,Office Supplies,Binders,GBC Plastic Binding Combs
OFF-BI-10002026,Office Supplies,Binders,Avery Arch Ring Binders
OFF-ST-10003716,Office Supplies,Storage,Tennsco Double-Tier Lockers
TEC-PH-10004908,Technology,Phones,Panasonic KX TS3282W Corded phone
FUR-FU-10000221,Furniture,Furnishings,"Master Caster Door Stop, Brown"
OFF-AR-10000634,Office Supplies,Art,Newell 320
OFF-EN-10000461,Office Supplies,Envelopes,"#10- 4 1/8"" x 9 1/2"" Recycled Envelopes"
OFF-LA-10004008,Office Supplies,Labels,Avery 507
OFF-PA-10003441,Office Supplies,Paper,Xerox 226
OFF-ST-10001809,Office Supplies,Storage,Fellowes Officeware Wire Shelving
TEC-AC-10002253,Technology,Accessories,Imation Bio 8GB USB Flash Drive Imation Corp
FUR-TA-10003473,Furniture,Tables,Bretford Rectangular Conference Table Tops
OFF-AP-10000828,Office Supplies,Appliances,Avanti 4.4 Cu. Ft. Refrigerator
OFF-AP-10002906,Office Supplies,Appliances,Hoover Replacement Belt for Commercial Guardsman Heavy-Duty Upright Vacuum
OFF-AP-10003860,Office Supplies,Appliances,Fellowes Advanced 8 Outlet Surge Suppressor with Phone/Fax Protection
OFF-BI-10003094,Office Supplies,Binders,Self-Adhesive Ring Binder Labels
OFF-FA-10003472,Office Supplies,Fasteners,Bagged Rubber Bands
OFF-LA-10003190,Office Supplies,Labels,Avery 474
OFF-PA-10001184,Office Supplies,Paper,Xerox 1903
OFF-PA-10001289,Office Supplies,Paper,White Computer Printout Paper by Universal
TEC-AC-10002049,Technology,Accessories,Plantronics Savi W720 Multi-Device Wireless Headset System
TEC-AC-10004145,Technology,Accessories,Logitech diNovo Edge Keyboard
TEC-AC-10004761,Technology,Accessories,Maxell 4.7GB DVD+RW 3/Pack
TEC-PH-10001750,Technology,Phones,Samsung Rugby III
TEC-PH-10002922,Technology,Phones,ShoreTel ShorePhone IP 230 VoIP phone
FUR-BO-10003966,Furniture,Bookcases,"Sauder Facets Collection Library, Sky Alder Finish"
FUR-FU-10002088,Furniture,Furnishings,Nu-Dell Float Frame 11 x 14 1/2
OFF-AP-10003281,Office Supplies,Appliances,Acco 6 Outlet Guardian Standard Surge Suppressor
OFF-EN-10003068,Office Supplies,Envelopes,#6 3/4 Gummed Flap White Envelopes
OFF-LA-10004093,Office Supplies,Labels,Avery 486
OFF-PA-10004071,Office Supplies,Paper,"Eaton Premium Continuous-Feed Paper, 25% Cotton, Letter Size, White, 1000 Shts/Box"
OFF-PA-10004947,Office Supplies,Paper,Easy-staple paper
OFF-ST-10000107,Office Supplies,Storage,Fellowes Super Stor/Drawer
TEC-AC-10000736,Technology,Accessories,Logitech G600 MMO Gaming Mouse
TEC-AC-10004353,Technology,Accessories,Hypercom P1300 Pinpad
TEC-PH-10001061,Technology,Phones,Apple iPhone 5C
FUR-FU-10003039,Furniture,Furnishings,"Howard Miller 11-1/2"" Diameter Grantwood Wall Clock"
FUR-TA-10003748,Furniture,Tables,Bevis 36 x 72 Conference Tables
OFF-AP-10003971,Office Supplies,Appliances,Belkin 6 Outlet Metallic Surge Strip
OFF-AR-10001468,Office Supplies,Art,"Sanford Prismacolor Professional Thick Lead Art Pencils, 36-Color Set"
OFF-AR-10001919,Office Supplies,Art,"OIC #2 Pencils, Medium Soft"
OFF-EN-10003798,Office Supplies,Envelopes,"Recycled Interoffice Envelopes with Re-Use-A-Seal Closure, 10 x 13"
TEC-AC-10003198,Technology,Accessories,Enermax Acrylux Wireless Keyboard
TEC-AC-10003198,Technology,Accessories,Enermax Acrylux Wireless Keyboard
TEC-AC-10003237,Technology,Accessories,Memorex Micro Travel Drive 4 GB
TEC-MA-10004241,Technology,Machines,Star Micronics TSP800 TSP847IIU Receipt Printer
TEC-PH-10002293,Technology,Phones,Anker 36W 4-Port USB Wall Charger Travel Power Adapter for iPhone 5s 5c 5
FUR-CH-10001270,Furniture,Chairs,Harbour Creations Steel Folding Chair
OFF-AR-10000203,Office Supplies,Art,Newell 336
OFF-ST-10001172,Office Supplies,Storage,"Tennsco Lockers, Sand"
OFF-AP-10001563,Office Supplies,Appliances,Belkin Premiere Surge Master II 8-outlet surge protector
FUR-BO-10002613,Furniture,Bookcases,"Atlantic Metals Mobile 4-Shelf Bookcases, Custom Colors"
FUR-CH-10004287,Furniture,Chairs,SAFCO Arco Folding Chair
FUR-FU-10000087,Furniture,Furnishings,"Executive Impressions 14"" Two-Color Numerals Wall Clock"
FUR-FU-10002885,Furniture,Furnishings,Magna Visual Magnetic Picture Hangers
FUR-FU-10003026,Furniture,Furnishings,"Eldon Regeneration Recycled Desk Accessories, Black"
OFF-AR-10001958,Office Supplies,Art,Stanley Bostitch Contemporary Electric Pencil Sharpeners
OFF-AR-10003405,Office Supplies,Art,"Dixon My First Ticonderoga Pencil, #2"
OFF-BI-10001097,Office Supplies,Binders,Avery Hole Reinforcements
OFF-BI-10002852,Office Supplies,Binders,Ibico Standard Transparent Covers
OFF-FA-10000585,Office Supplies,Fasteners,OIC Bulk Pack Metal Binder Clips
OFF-FA-10004854,Office Supplies,Fasteners,"Vinyl Coated Wire Paper Clips in Organizer Box, 800/Box"
OFF-LA-10002271,Office Supplies,Labels,Smead Alpha-Z Color-Coded Second Alphabetical Labels and Starter Set
OFF-PA-10000176,Office Supplies,Paper,Xerox 1887
OFF-PA-10001295,Office Supplies,Paper,Computer Printout Paper with Letter-Trim Perforations
OFF-PA-10002365,Office Supplies,Paper,Xerox 1967
OFF-PA-10004000,Office Supplies,Paper,"While You Were Out Pads, 50 per Pad, 4 x 5 1/4, Green Cycle"
TEC-CO-10003763,Technology,Copiers,Canon PC1060 Personal Laser Copier
TEC-MA-10001148,Technology,Machines,Swingline SM12-08 MicroCut Jam Free Shredder
TEC-PH-10002170,Technology,Phones,ClearSounds CSC500 Amplified Spirit Phone Corded phone
FUR-BO-10002613,Furniture,Bookcases,"Atlantic Metals Mobile 4-Shelf Bookcases, Custom Colors"
FUR-BO-10004360,Furniture,Bookcases,Rush Hierlooms Collection Rich Wood Bookcases
FUR-FU-10000747,Furniture,Furnishings,Tenex B1-RE Series Chair Mats for Low Pile Carpets
FUR-FU-10001468,Furniture,Furnishings,Tenex Antistatic Computer Chair Mats
OFF-AP-10003779,Office Supplies,Appliances,Kensington 7 Outlet MasterPiece Power Center with Fax/Phone Line Protection
OFF-AR-10002375,Office Supplies,Art,Newell 351
OFF-BI-10004492,Office Supplies,Binders,Tuf-Vin Binders
OFF-LA-10003190,Office Supplies,Labels,Avery 474
OFF-PA-10001307,Office Supplies,Paper,"Important Message Pads, 50 4-1/4 x 5-1/2 Forms per Pad"
OFF-PA-10001526,Office Supplies,Paper,Xerox 1949
OFF-PA-10001667,Office Supplies,Paper,Great White Multi-Use Recycled Paper (20Lb. and 84 Bright)
OFF-PA-10002160,Office Supplies,Paper,Xerox 1978
OFF-PA-10002787,Office Supplies,Paper,Xerox 227
TEC-AC-10002049,Technology,Accessories,Plantronics Savi W720 Multi-Device Wireless Headset System
TEC-CO-10004202,Technology,Copiers,Brother DCP1000 Digital 3 in 1 Multifunction Machine
TEC-PH-10002923,Technology,Phones,"Logitech B530 USB Headset - headset - Full size, Binaural"
FUR-CH-10002044,Furniture,Chairs,"Office Star - Contemporary Task Swivel chair with 2-way adjustable arms, Plum"
FUR-TA-10004086,Furniture,Tables,KI Adjustable-Height Table
OFF-FA-10002815,Office Supplies,Fasteners,Staples
OFF-PA-10003302,Office Supplies,Paper,Xerox 1906
OFF-FA-10002815,Office Supplies,Fasteners,Staples
FUR-BO-10002545,Furniture,Bookcases,"Atlantic Metals Mobile 3-Shelf Bookcases, Custom Colors"
FUR-BO-10002853,Furniture,Bookcases,O'Sullivan 5-Shelf Heavy-Duty Bookcases
FUR-CH-10004218,Furniture,Chairs,"Global Fabric Manager's Chair, Dark Gray"
FUR-FU-10002030,Furniture,Furnishings,"Executive Impressions 14"" Contract Wall Clock with Quartz Movement"
FUR-TA-10004154,Furniture,Tables,"Riverside Furniture Oval Coffee Table, Oval End Table, End Table with Drawer"
OFF-AP-10000240,Office Supplies,Appliances,Belkin F9G930V10-GRY 9 Outlet Surge
OFF-AP-10002518,Office Supplies,Appliances,Kensington 7 Outlet MasterPiece Power Center
OFF-EN-10001434,Office Supplies,Envelopes,"Strathmore #10 Envelopes, Ultimate White"
OFF-EN-10002986,Office Supplies,Envelopes,"#10-4 1/8"" x 9 1/2"" Premium Diagonal Seam Envelopes"
OFF-EN-10003286,Office Supplies,Envelopes,Staple envelope
OFF-LA-10002381,Office Supplies,Labels,Avery 497
OFF-PA-10000605,Office Supplies,Paper,Xerox 1950
OFF-PA-10003228,Office Supplies,Paper,Xerox 1917
OFF-ST-10000046,Office Supplies,Storage,Fellowes Super Stor/Drawer Files
OFF-ST-10002562,Office Supplies,Storage,Staple magnet
OFF-ST-10002957,Office Supplies,Storage,Sterilite Show Offs Storage Containers
TEC-AC-10002370,Technology,Accessories,Maxell CD-R Discs
TEC-AC-10003709,Technology,Accessories,Maxell 4.7GB DVD-R 5/Pack
TEC-AC-10004227,Technology,Accessories,SanDisk Ultra 16 GB MicroSDHC Class 10 Memory Card
TEC-PH-10000486,Technology,Phones,Plantronics HL10 Handset Lifter
TEC-PH-10003505,Technology,Phones,Geemarc AmpliPOWER60
TEC-PH-10004345,Technology,Phones,Cisco SPA 502G IP Phone
OFF-ST-10004950,Office Supplies,Storage,"Tenex Personal Filing Tote With Secure Closure Lid, Black/Frost"
TEC-AC-10003657,Technology,Accessories,Lenovo 17-Key USB Numeric Keypad
OFF-SU-10003936,Office Supplies,Supplies,Acme Serrated Blade Letter Opener
OFF-EN-10003296,Office Supplies,Envelopes,Tyvek Side-Opening Peel & Seel Expanding Envelopes
OFF-PA-10000595,Office Supplies,Paper,Xerox 1929
OFF-ST-10000798,Office Supplies,Storage,2300 Heavy-Duty Transfer File Systems by Perma
TEC-MA-10004002,Technology,Machines,Zebra GX420t Direct Thermal/Thermal Transfer Printer
TEC-PH-10004345,Technology,Phones,Cisco SPA 502G IP Phone
FUR-FU-10002364,Furniture,Furnishings,"Eldon Expressions Wood Desk Accessories, Oak"
OFF-BI-10000977,Office Supplies,Binders,Ibico Plastic Spiral Binding Combs
OFF-BI-10001072,Office Supplies,Binders,"GBC Clear Cover, 8-1/2 x 11, unpunched, 25 covers per pack"
OFF-BI-10002954,Office Supplies,Binders,Newell 3-Hole Punched Plastic Slotted Magazine Holders for Binders
OFF-BI-10003707,Office Supplies,Binders,Aluminum Screw Posts
OFF-BI-10004139,Office Supplies,Binders,Fellowes Presentation Covers for Comb Binding Machines
OFF-BI-10004492,Office Supplies,Binders,Tuf-Vin Binders
OFF-BI-10004632,Office Supplies,Binders,Ibico Hi-Tech Manual Binding System
OFF-FA-10001561,Office Supplies,Fasteners,Stockwell Push Pins
OFF-ST-10000025,Office Supplies,Storage,Fellowes Stor/Drawer Steel Plus Storage Drawers
OFF-SU-10001225,Office Supplies,Supplies,Staple remover
FUR-BO-10004709,Furniture,Bookcases,"Bush Westfield Collection Bookcases, Medium Cherry Finish"
TEC-PH-10000455,Technology,Phones,GE 30522EE2
FUR-TA-10000617,Furniture,Tables,"Hon Practical Foundations 30 x 60 Training Table, Light Gray/Charcoal"
OFF-BI-10004364,Office Supplies,Binders,Storex Dura Pro Binders
OFF-ST-10003692,Office Supplies,Storage,Recycled Steel Personal File for Hanging File Folders
TEC-AC-10002217,Technology,Accessories,Imation Clip USB flash drive - 8 GB
TEC-AC-10002942,Technology,Accessories,WD My Passport Ultra 1TB Portable External Hard Drive
TEC-PH-10002890,Technology,Phones,AT&T 17929 Lendline Telephone
OFF-AR-10004078,Office Supplies,Art,Newell 312
OFF-BI-10002026,Office Supplies,Binders,Avery Arch Ring Binders
TEC-CO-10000971,Technology,Copiers,Hewlett Packard 310 Color Digital Copier
OFF-AR-10003958,Office Supplies,Art,Newell 337
TEC-AC-10001714,Technology,Accessories,Logitech MX Performance Wireless Mouse
TEC-PH-10002923,Technology,Phones,"Logitech B530 USB Headset - headset - Full size, Binaural"
FUR-FU-10004270,Furniture,Furnishings,"Executive Impressions 13"" Clairmont Wall Clock"
OFF-AR-10003696,Office Supplies,Art,Panasonic KP-350BK Electric Pencil Sharpener with Auto Stop
OFF-PA-10004621,Office Supplies,Paper,Xerox 212
FUR-BO-10002545,Furniture,Bookcases,"Atlantic Metals Mobile 3-Shelf Bookcases, Custom Colors"
OFF-AR-10001955,Office Supplies,Art,Newell 319
OFF-BI-10001460,Office Supplies,Binders,Plastic Binding Combs
OFF-BI-10004236,Office Supplies,Binders,"XtraLife ClearVue Slant-D Ring Binder, White, 3"""
TEC-PH-10004080,Technology,Phones,Avaya 5410 Digital phone
FUR-FU-10002445,Furniture,Furnishings,"DAX Two-Tone Rosewood/Black Document Frame, Desktop, 5 x 7"
TEC-AC-10000420,Technology,Accessories,Logitech G500s Laser Gaming Mouse with Adjustable Weight Tuning
TEC-PH-10002726,Technology,Phones,netTALK DUO VoIP Telephone Service
FUR-FU-10000010,Furniture,Furnishings,"DAX Value U-Channel Document Frames, Easel Back"
FUR-FU-10000076,Furniture,Furnishings,24-Hour Round Wall Clock
TEC-AC-10002335,Technology,Accessories,Logitech Media Keyboard K200
FUR-FU-10002268,Furniture,Furnishings,Ultra Door Push Plate
OFF-PA-10001166,Office Supplies,Paper,Xerox 2
OFF-PA-10003656,Office Supplies,Paper,Xerox 1935
TEC-PH-10000148,Technology,Phones,Cyber Acoustics AC-202b Speech Recognition Stereo Headset
FUR-FU-10003374,Furniture,Furnishings,Electrix Fluorescent Magnifier Lamps & Weighted Base
OFF-PA-10004039,Office Supplies,Paper,Xerox 1882
FUR-TA-10002903,Furniture,Tables,"Bevis Round Bullnose 29"" High Table Top"
OFF-AR-10001573,Office Supplies,Art,American Pencil
OFF-BI-10002225,Office Supplies,Binders,"Square Ring Data Binders, Rigid 75 Pt. Covers, 11"" x 14-7/8"""
OFF-EN-10001137,Office Supplies,Envelopes,"#10 Gummed Flap White Envelopes, 100/Box"
OFF-EN-10003040,Office Supplies,Envelopes,Quality Park Security Envelopes
OFF-PA-10001033,Office Supplies,Paper,Xerox 1893
OFF-PA-10004285,Office Supplies,Paper,Xerox 1959
TEC-AC-10000844,Technology,Accessories,Logitech Gaming G510s - Keyboard
OFF-BI-10001634,Office Supplies,Binders,Wilson Jones Active Use Binders
TEC-AC-10003027,Technology,Accessories,Imation 8GB Mini TravelDrive USB 2.0 Flash Drive
FUR-FU-10004017,Furniture,Furnishings,"Tenex Contemporary Contur Chairmats for Low and Medium Pile Carpet, Computer, 39"" x 49"""
TEC-AC-10001142,Technology,Accessories,First Data FD10 PIN Pad
TEC-AC-10002049,Technology,Accessories,Logitech G19 Programmable Gaming Keyboard
TEC-AC-10003628,Technology,Accessories,Logitech 910-002974 M325 Wireless Mouse for Web Scrolling
OFF-AR-10003183,Office Supplies,Art,Avery Fluorescent Highlighter Four-Color Set
FUR-CH-10000785,Furniture,Chairs,Global Ergonomic Managers Chair
FUR-CH-10004289,Furniture,Chairs,Global Super Steno Chair
FUR-FU-10001025,Furniture,Furnishings,"Eldon Imàge Series Desk Accessories, Clear"
FUR-FU-10002445,Furniture,Furnishings,"DAX Two-Tone Rosewood/Black Document Frame, Desktop, 5 x 7"
FUR-FU-10002960,Furniture,Furnishings,"Eldon 200 Class Desk Accessories, Burgundy"
OFF-PA-10002689,Office Supplies,Paper,Weyerhaeuser First Choice Laser/Copy Paper (20Lb. and 88 Bright)
TEC-PH-10001300,Technology,Phones,"iKross Bluetooth Portable Keyboard + Cell Phone Stand Holder + Brush for Apple iPhone 5S 5C 5, 4S 4"
FUR-BO-10002213,Furniture,Bookcases,"Sauder Forest Hills Library, Woodland Oak Finish"
FUR-FU-10001475,Furniture,Furnishings,"Contract Clock, 14"", Brown"
FUR-FU-10002107,Furniture,Furnishings,Eldon Pizzaz Desk Accessories
OFF-AP-10000692,Office Supplies,Appliances,Fellowes Mighty 8 Compact Surge Protector
OFF-BI-10004506,Office Supplies,Binders,Wilson Jones data.warehouse D-Ring Binders with DublLock
OFF-FA-10003472,Office Supplies,Fasteners,Bagged Rubber Bands
OFF-LA-10003498,Office Supplies,Labels,Avery 475
OFF-LA-10004484,Office Supplies,Labels,Avery 476
OFF-PA-10003953,Office Supplies,Paper,Xerox 218
TEC-AC-10000171,Technology,Accessories,"Verbatim 25 GB 6x Blu-ray Single Layer Recordable Disc, 25/Pack"
TEC-PH-10004093,Technology,Phones,Panasonic Kx-TS550
FUR-FU-10000719,Furniture,Furnishings,"DAX Cubicle Frames, 8-1/2 x 11"
OFF-AR-10003477,Office Supplies,Art,4009 Highlighters
OFF-ST-10001526,Office Supplies,Storage,Iceberg Mobile Mega Data/Printer Cart
TEC-AC-10002926,Technology,Accessories,Logitech Wireless Marathon Mouse M705
OFF-BI-10000285,Office Supplies,Binders,XtraLife ClearVue Slant-D Ring Binders by Cardinal
FUR-FU-10000747,Furniture,Furnishings,Tenex B1-RE Series Chair Mats for Low Pile Carpets
FUR-TA-10001095,Furniture,Tables,Chromcraft Round Conference Tables
OFF-AR-10000315,Office Supplies,Art,"Dixon Ticonderoga Maple Cedar Pencil, #2"
OFF-BI-10003676,Office Supplies,Binders,"GBC Standard Recycled Report Covers, Clear Plastic Sheets"
OFF-PA-10000007,Office Supplies,Paper,"Telephone Message Books with Fax/Mobile Section, 4 1/4"" x 6"""
OFF-ST-10004337,Office Supplies,Storage,"SAFCO Commercial Wire Shelving, 72h"
OFF-AR-10000588,Office Supplies,Art,Newell 345
FUR-BO-10000468,Furniture,Bookcases,O'Sullivan 2-Shelf Heavy-Duty Bookcases
FUR-CH-10001190,Furniture,Chairs,Global Deluxe High-Back Office Chair in Storm
FUR-TA-10004256,Furniture,Tables,Bretford “Just In Time” Height-Adjustable Multi-Task Work Tables
OFF-BI-10000014,Office Supplies,Binders,Heavy-Duty E-Z-D Binders
OFF-BI-10000546,Office Supplies,Binders,Avery Durable Binders
OFF-BI-10004781,Office Supplies,Binders,GBC Wire Binding Strips
OFF-LA-10004689,Office Supplies,Labels,Avery 512
OFF-PA-10003892,Office Supplies,Paper,Xerox 1943
OFF-ST-10000675,Office Supplies,Storage,"File Shuttle II and Handi-File, Black"
TEC-PH-10004241,Technology,Phones,Nokia Lumia 1020
OFF-BI-10003527,Office Supplies,Binders,Fellowes PB500 Electric Punch Plastic Comb Binding Machine with Manual Bind
OFF-EN-10003134,Office Supplies,Envelopes,Staple envelope
OFF-EN-10004483,Office Supplies,Envelopes,"#10 White Business Envelopes,4 1/8 x 9 1/2"
OFF-PA-10002764,Office Supplies,Paper,Easy-staple paper
OFF-PA-10003936,Office Supplies,Paper,Xerox 1994
TEC-PH-10004120,Technology,Phones,AT&T 1080 Phone
OFF-PA-10002254,Office Supplies,Paper,Xerox 1883
OFF-ST-10002214,Office Supplies,Storage,X-Rack File for Hanging Folders
FUR-FU-10001731,Furniture,Furnishings,Acrylic Self-Standing Desk Frames
FUR-FU-10003601,Furniture,Furnishings,"Deflect-o RollaMat Studded, Beveled Mat for Medium Pile Carpeting"
OFF-BI-10002557,Office Supplies,Binders,Presstex Flexible Ring Binders
OFF-ST-10003994,Office Supplies,Storage,"Belkin 19"" Center-Weighted Shelf, Gray"
TEC-MA-10001127,Technology,Machines,"HP Designjet T520 Inkjet Large Format Printer - 24"" Color"
FUR-CH-10000015,Furniture,Chairs,Hon Multipurpose Stacking Arm Chairs
FUR-FU-10002088,Furniture,Furnishings,Nu-Dell Float Frame 11 x 14 1/2
OFF-ST-10004180,Office Supplies,Storage,Safco Commercial Shelving
TEC-PH-10002890,Technology,Phones,AT&T 17929 Lendline Telephone
FUR-BO-10004015,Furniture,Bookcases,"Bush Andora Bookcase, Maple/Graphite Gray Finish"
FUR-FU-10004091,Furniture,Furnishings,"Eldon 200 Class Desk Accessories, Black"
FUR-TA-10001095,Furniture,Tables,Chromcraft Round Conference Tables
OFF-EN-10003001,Office Supplies,Envelopes,Ames Color-File Green Diamond Border X-ray Mailers
OFF-FA-10000053,Office Supplies,Fasteners,Revere Boxed Rubber Bands by Revere
OFF-LA-10003223,Office Supplies,Labels,Avery 508
OFF-PA-10000357,Office Supplies,Paper,"White Dual Perf Computer Printout Paper, 2700 Sheets, 1 Part, Heavyweight, 20 lbs., 14 7/8 x 11"
OFF-PA-10001289,Office Supplies,Paper,White Computer Printout Paper by Universal
OFF-PA-10003892,Office Supplies,Paper,Xerox 1943
OFF-ST-10002344,Office Supplies,Storage,"Carina 42""Hx23 3/4""W Media Storage Unit"
OFF-ST-10004340,Office Supplies,Storage,"Fellowes Mobile File Cart, Black"
OFF-ST-10004804,Office Supplies,Storage,"Belkin 19"" Vented Equipment Shelf, Black"
TEC-PH-10000215,Technology,Phones,Plantronics Cordless Phone Headset with In-line Volume - M214C
TEC-PH-10001448,Technology,Phones,Anker Astro 15000mAh USB Portable Charger
TEC-PH-10003645,Technology,Phones,Aastra 57i VoIP phone
FUR-FU-10000723,Furniture,Furnishings,"Deflect-o EconoMat Studded, No Bevel Mat for Low Pile Carpeting"
OFF-LA-10001045,Office Supplies,Labels,Permanent Self-Adhesive File Folder Labels for Typewriters by Universal
OFF-PA-10003465,Office Supplies,Paper,Xerox 1912
TEC-AC-10003063,Technology,Accessories,Micro Innovations USB RF Wireless Keyboard with Mouse
TEC-PH-10004094,Technology,Phones,Motorola L703CM
FUR-CH-10001270,Furniture,Chairs,Harbour Creations Steel Folding Chair
TEC-PH-10002624,Technology,Phones,Samsung Galaxy S4 Mini
TEC-AC-10003628,Technology,Accessories,Logitech 910-002974 M325 Wireless Mouse for Web Scrolling
TEC-AC-10004761,Technology,Accessories,Maxell 4.7GB DVD+RW 3/Pack
TEC-PH-10004897,Technology,Phones,Mediabridge Sport Armband iPhone 5s
OFF-BI-10003274,Office Supplies,Binders,"Avery Durable Slant Ring Binders, No Labels"
OFF-ST-10003716,Office Supplies,Storage,Tennsco Double-Tier Lockers
OFF-PA-10004092,Office Supplies,Paper,Tops Green Bar Computer Printout Paper
FUR-FU-10003274,Furniture,Furnishings,Regeneration Desk Collection
FUR-TA-10002356,Furniture,Tables,Bevis Boat-Shaped Conference Table
OFF-AR-10001770,Office Supplies,Art,Economy #2 Pencils
OFF-AR-10002240,Office Supplies,Art,Panasonic KP-150 Electric Pencil Sharpener
OFF-PA-10000791,Office Supplies,Paper,"Wirebound Message Books, Four 2 3/4 x 5 Forms per Page, 200 Sets per Book"
OFF-BI-10004519,Office Supplies,Binders,GBC DocuBind P100 Manual Binding Machine
OFF-FA-10000304,Office Supplies,Fasteners,Advantus Push Pins
FUR-CH-10001545,Furniture,Chairs,Hon Comfortask Task/Swivel Chairs
FUR-CH-10001802,Furniture,Chairs,Hon Every-Day Chair Series Swivel Task Chairs
FUR-CH-10004754,Furniture,Chairs,"Global Stack Chair with Arms, Black"
FUR-FU-10003773,Furniture,Furnishings,Eldon Cleatmat Plus Chair Mats for High Pile Carpets
OFF-AP-10004233,Office Supplies,Appliances,Honeywell Enviracaire Portable Air Cleaner for up to 8 x 10 Room
OFF-BI-10002412,Office Supplies,Binders,Wilson Jones “Snap” Scratch Pad Binder Tool for Ring Binders
OFF-FA-10000304,Office Supplies,Fasteners,Advantus Push Pins
OFF-PA-10000809,Office Supplies,Paper,Xerox 206
TEC-AC-10003628,Technology,Accessories,Logitech 910-002974 M325 Wireless Mouse for Web Scrolling
FUR-FU-10004090,Furniture,Furnishings,"Executive Impressions 14"" Contract Wall Clock"
OFF-LA-10004425,Office Supplies,Labels,Staple-on labels
OFF-PA-10001736,Office Supplies,Paper,Xerox 1880
OFF-ST-10000736,Office Supplies,Storage,Carina Double Wide Media Storage Towers in Natural & Black
OFF-SU-10001664,Office Supplies,Supplies,Acme Office Executive Series Stainless Steel Trimmers
OFF-PA-10004996,Office Supplies,Paper,"Speediset Carbonless Redi-Letter 7"" x 8 1/2"""
FUR-FU-10000629,Furniture,Furnishings,9-3/4 Diameter Round Wall Clock
FUR-FU-10001861,Furniture,Furnishings,"Floodlight Indoor Halogen Bulbs, 1 Bulb per Pack, 60 Watts"
OFF-BI-10000174,Office Supplies,Binders,"Wilson Jones Clip & Carry Folder Binder Tool for Ring Binders, Clear"
OFF-BI-10002026,Office Supplies,Binders,Avery Arch Ring Binders
OFF-BI-10002309,Office Supplies,Binders,Avery Heavy-Duty EZD  Binder With Locking Rings
OFF-BI-10003727,Office Supplies,Binders,Avery Durable Slant Ring Binders With Label Holder
OFF-ST-10000036,Office Supplies,Storage,"Recycled Data-Pak for Archival Bound Computer Printouts, 12-1/2 x 12-1/2 x 16"
OFF-ST-10001496,Office Supplies,Storage,Standard Rollaway File with Lock
OFF-ST-10001809,Office Supplies,Storage,Fellowes Officeware Wire Shelving
TEC-AC-10004227,Technology,Accessories,SanDisk Ultra 16 GB MicroSDHC Class 10 Memory Card
TEC-PH-10002583,Technology,Phones,iOttie HLCRIO102 Car Mount
OFF-AP-10001205,Office Supplies,Appliances,Belkin 5 Outlet SurgeMaster Power Centers
OFF-FA-10000992,Office Supplies,Fasteners,"Acco Clips to Go Binder Clips, 24 Clips in Two Sizes"
TEC-AC-10003399,Technology,Accessories,Memorex Mini Travel Drive 64 GB USB 2.0 Flash Drive
TEC-PH-10002398,Technology,Phones,AT&T 1070 Corded Phone
OFF-EN-10004386,Office Supplies,Envelopes,"Recycled Interoffice Envelopes with String and Button Closure, 10 x 13"
OFF-EN-10003134,Office Supplies,Envelopes,Staple envelope
FUR-FU-10004053,Furniture,Furnishings,DAX Two-Tone Silver Metal Document Frame
OFF-AP-10004336,Office Supplies,Appliances,"Conquest 14 Commercial Heavy-Duty Upright Vacuum, Collection System, Accessory Kit"
OFF-BI-10004738,Office Supplies,Binders,Flexible Leather- Look Classic Collection Ring Binder
OFF-AR-10001615,Office Supplies,Art,Newell 34
OFF-FA-10003495,Office Supplies,Fasteners,Staples
FUR-TA-10001095,Furniture,Tables,Chromcraft Round Conference Tables
OFF-PA-10003127,Office Supplies,Paper,Easy-staple paper
OFF-ST-10003208,Office Supplies,Storage,Adjustable Depth Letter/Legal Cart
TEC-MA-10003979,Technology,Machines,Ativa V4110MDD Micro-Cut Shredder
TEC-PH-10003535,Technology,Phones,RCA ViSYS 25423RE1 Corded phone
FUR-CH-10004983,Furniture,Chairs,Office Star - Mid Back Dual function Ergonomic High Back Chair with 2-Way Adjustable Arms
FUR-FU-10000672,Furniture,Furnishings,"Executive Impressions 10"" Spectator Wall Clock"
FUR-TA-10004915,Furniture,Tables,"Office Impressions End Table, 20-1/2""H x 24""W x 20""D"
OFF-BI-10001071,Office Supplies,Binders,GBC ProClick Punch Binding System
OFF-EN-10000483,Office Supplies,Envelopes,"White Envelopes, White Envelopes with Clear Poly Window"
OFF-FA-10001332,Office Supplies,Fasteners,"Acco Banker's Clasps, 5 3/4""-Long"
OFF-PA-10001892,Office Supplies,Paper,"Rediform Wirebound ""Phone Memo"" Message Book, 11 x 5-3/4"
OFF-PA-10001977,Office Supplies,Paper,Xerox 194
OFF-SU-10000151,Office Supplies,Supplies,High Speed Automatic Electric Letter Opener
OFF-SU-10004782,Office Supplies,Supplies,"Elite 5"" Scissors"
TEC-AC-10002857,Technology,Accessories,"Verbatim 25 GB 6x Blu-ray Single Layer Recordable Disc, 1/Pack"
TEC-MA-10001016,Technology,Machines,Canon PC170 Desktop Personal Copier
TEC-PH-10000895,Technology,Phones,Polycom VVX 310 VoIP phone
TEC-PH-10001557,Technology,Phones,Pyle PMP37LED
TEC-PH-10003171,Technology,Phones,Plantronics Encore H101 Dual Earpieces Headset
OFF-AR-10003727,Office Supplies,Art,Berol Giant Pencil Sharpener
OFF-BI-10003876,Office Supplies,Binders,"Green Canvas Binder for 8-1/2"" x 14"" Sheets"
OFF-LA-10001641,Office Supplies,Labels,Avery 518
TEC-AC-10002567,Technology,Accessories,Logitech G602 Wireless Gaming Mouse
OFF-EN-10000056,Office Supplies,Envelopes,Cameo Buff Policy Envelopes
OFF-ST-10001558,Office Supplies,Storage,Acco Perma 4000 Stacking Storage Drawers
FUR-FU-10003773,Furniture,Furnishings,Eldon Cleatmat Plus Chair Mats for High Pile Carpets
FUR-TA-10000849,Furniture,Tables,Bevis Rectangular Conference Tables
OFF-AP-10001626,Office Supplies,Appliances,"Commercial WindTunnel Clean Air Upright Vacuum, Replacement Belts, Filtration Bags"
OFF-BI-10002982,Office Supplies,Binders,Avery Self-Adhesive Photo Pockets for Polaroid Photos
OFF-BI-10004656,Office Supplies,Binders,Peel & Stick Add-On Corner Pockets
TEC-PH-10002538,Technology,Phones,Grandstream GXP1160 VoIP phone
TEC-PH-10004586,Technology,Phones,Wilson SignalBoost 841262 DB PRO Amplifier Kit
TEC-PH-10002365,Technology,Phones,Belkin Grip Candy Sheer Case / Cover for iPhone 5 and 5S
FUR-FU-10003347,Furniture,Furnishings,Coloredge Poster Frame
FUR-FU-10004006,Furniture,Furnishings,"Deflect-o DuraMat Lighweight, Studded, Beveled Mat for Low Pile Carpeting"
OFF-AP-10004233,Office Supplies,Appliances,Honeywell Enviracaire Portable Air Cleaner for up to 8 x 10 Room
OFF-AR-10002766,Office Supplies,Art,Prang Drawing Pencil Set
OFF-BI-10000632,Office Supplies,Binders,Satellite Sectional Post Binders
OFF-BI-10001757,Office Supplies,Binders,Pressboard Hanging Data Binders for Unburst Sheets
OFF-BI-10003676,Office Supplies,Binders,"GBC Standard Recycled Report Covers, Clear Plastic Sheets"
OFF-EN-10001453,Office Supplies,Envelopes,"Tyvek Interoffice Envelopes, 9 1/2"" x 12 1/2"", 100/Box"
OFF-FA-10004968,Office Supplies,Fasteners,Rubber Band Ball
OFF-PA-10001934,Office Supplies,Paper,Xerox 1993
TEC-AC-10004633,Technology,Accessories,"Verbatim 25 GB 6x Blu-ray Single Layer Recordable Disc, 3/Pack"
TEC-PH-10001530,Technology,Phones,Cisco Unified IP Phone 7945G VoIP phone
TEC-PH-10002890,Technology,Phones,AT&T 17929 Lendline Telephone
FUR-CH-10002647,Furniture,Chairs,"Situations Contoured Folding Chairs, 4/Set"
OFF-BI-10004632,Office Supplies,Binders,GBC Binding covers
OFF-PA-10001801,Office Supplies,Paper,Xerox 193
OFF-ST-10004634,Office Supplies,Storage,"Personal Folder Holder, Ebony"
TEC-AC-10004469,Technology,Accessories,Microsoft Sculpt Comfort Mouse
FUR-BO-10003272,Furniture,Bookcases,O'Sullivan Living Dimensions 5-Shelf Bookcases
OFF-PA-10004405,Office Supplies,Paper,Rediform Voice Mail Log Books
OFF-ST-10001272,Office Supplies,Storage,"Mini 13-1/2 Capacity Data Binder Rack, Pearl"
TEC-AC-10002800,Technology,Accessories,Plantronics Audio 478 Stereo USB Headset
TEC-AC-10003038,Technology,Accessories,Kingston Digital DataTraveler 16GB USB 2.0
TEC-MA-10000984,Technology,Machines,Okidata MB760 Printer
TEC-PH-10002885,Technology,Phones,Apple iPhone 5
FUR-FU-10001037,Furniture,Furnishings,"DAX Charcoal/Nickel-Tone Document Frame, 5 x 7"
FUR-FU-10004270,Furniture,Furnishings,"Executive Impressions 13"" Clairmont Wall Clock"
FUR-TA-10001095,Furniture,Tables,Chromcraft Round Conference Tables
OFF-BI-10003291,Office Supplies,Binders,Wilson Jones Leather-Like Binders with DublLock Round Rings
OFF-ST-10001526,Office Supplies,Storage,Iceberg Mobile Mega Data/Printer Cart
TEC-AC-10000171,Technology,Accessories,"Verbatim 25 GB 6x Blu-ray Single Layer Recordable Disc, 25/Pack"
FUR-CH-10003746,Furniture,Chairs,Hon 4070 Series Pagoda Round Back Stacking Chairs
OFF-AP-10003842,Office Supplies,Appliances,Euro-Pro Shark Turbo Vacuum
OFF-EN-10001099,Office Supplies,Envelopes,Staple envelope
OFF-EN-10004459,Office Supplies,Envelopes,Security-Tint Envelopes
OFF-PA-10003953,Office Supplies,Paper,Xerox 218
OFF-PA-10004022,Office Supplies,Paper,Hammermill Color Copier Paper (28Lb. and 96 Bright)
OFF-ST-10002756,Office Supplies,Storage,"Tennsco Stur-D-Stor Boltless Shelving, 5 Shelves, 24"" Deep, Sand"
FUR-CH-10004287,Furniture,Chairs,SAFCO Arco Folding Chair
FUR-FU-10004712,Furniture,Furnishings,"Westinghouse Mesh Shade Clip-On Gooseneck Lamp, Black"
FUR-FU-10004864,Furniture,Furnishings,"Howard Miller 14-1/2"" Diameter Chrome Round Wall Clock"
FUR-TA-10004619,Furniture,Tables,Hon Non-Folding Utility Tables
OFF-AP-10000326,Office Supplies,Appliances,Belkin 7 Outlet SurgeMaster Surge Protector with Phone Protection
OFF-AP-10004540,Office Supplies,Appliances,"Eureka The Boss Lite 10-Amp Upright Vacuum, Blue"
OFF-BI-10001036,Office Supplies,Binders,Cardinal EasyOpen D-Ring Binders
OFF-BI-10002353,Office Supplies,Binders,GBC VeloBind Cover Sets
OFF-BI-10004141,Office Supplies,Binders,Insertable Tab Indexes For Data Binders
OFF-BI-10004318,Office Supplies,Binders,Ibico EB-19 Dual Function Manual Binding System
OFF-BI-10004965,Office Supplies,Binders,Ibico Covers for Plastic or Wire Binding Elements
OFF-PA-10000659,Office Supplies,Paper,"TOPS Carbonless Receipt Book, Four 2-3/4 x 7-1/4 Money Receipts per Page"
OFF-PA-10004996,Office Supplies,Paper,"Speediset Carbonless Redi-Letter 7"" x 8 1/2"""
OFF-ST-10002574,Office Supplies,Storage,"SAFCO Commercial Wire Shelving, Black"
OFF-ST-10003641,Office Supplies,Storage,Space Solutions Industrial Galvanized Steel Shelving.
OFF-SU-10000151,Office Supplies,Supplies,High Speed Automatic Electric Letter Opener
TEC-AC-10000474,Technology,Accessories,Kensington Expert Mouse Optical USB Trackball for PC or Mac
TEC-MA-10001148,Technology,Machines,Okidata MB491 Multifunction Printer
TEC-PH-10001254,Technology,Phones,Jabra BIZ 2300 Duo QD Duo Corded Headset
TEC-PH-10001494,Technology,Phones,Polycom CX600 IP Phone VoIP phone
FUR-CH-10004063,Furniture,Chairs,Global Deluxe High-Back Manager's Chair
FUR-FU-10001979,Furniture,Furnishings,Dana Halogen Swing-Arm Architect Lamp
FUR-BO-10004409,Furniture,Bookcases,"Safco Value Mate Series Steel Bookcases, Baked Enamel Finish on Steel, Gray"
FUR-CH-10002880,Furniture,Chairs,"Global High-Back Leather Tilter, Burgundy"
FUR-FU-10003724,Furniture,Furnishings,Westinghouse Clip-On Gooseneck Lamps
FUR-FU-10004020,Furniture,Furnishings,Advantus Panel Wall Acrylic Frame
OFF-AR-10001044,Office Supplies,Art,"BOSTON Ranger #55 Pencil Sharpener, Black"
OFF-BI-10003291,Office Supplies,Binders,Wilson Jones Leather-Like Binders with DublLock Round Rings
OFF-PA-10001934,Office Supplies,Paper,Xerox 1993
FUR-CH-10000309,Furniture,Chairs,Global Comet Stacking Arm Chair
FUR-CH-10000863,Furniture,Chairs,Novimex Swivel Fabric Task Chair
OFF-BI-10003529,Office Supplies,Binders,Avery Round Ring Poly Binders
OFF-BI-10004233,Office Supplies,Binders,"GBC Pre-Punched Binding Paper, Plastic, White, 8-1/2"" x 11"""
OFF-PA-10001954,Office Supplies,Paper,Xerox 1964
OFF-PA-10001954,Office Supplies,Paper,Xerox 1964
TEC-AC-10004855,Technology,Accessories,V7 USB Numeric Keypad
FUR-FU-10004306,Furniture,Furnishings,Electrix Halogen Magnifier Lamp
OFF-AP-10002945,Office Supplies,Appliances,Honeywell Enviracaire Portable HEPA Air Cleaner for 17' x 22' Room
OFF-AR-10000588,Office Supplies,Art,Newell 345
OFF-BI-10000962,Office Supplies,Binders,"Acco Flexible ACCOHIDE Square Ring Data Binder, Dark Blue, 11 1/2"" X 14"" 7/8"""
OFF-EN-10003055,Office Supplies,Envelopes,"Blue String-Tie & Button Interoffice Envelopes, 10 x 13"
TEC-PH-10000673,Technology,Phones,Plantronics Voyager Pro HD - Bluetooth Headset
TEC-PH-10003800,Technology,Phones,i.Sound Portable Power - 8000 mAh
FUR-TA-10001857,Furniture,Tables,Balt Solid Wood Rectangular Table
OFF-AP-10003590,Office Supplies,Appliances,Hoover WindTunnel Plus Canister Vacuum
FUR-BO-10002202,Furniture,Bookcases,"Atlantic Metals Mobile 2-Shelf Bookcases, Custom Colors"
FUR-FU-10000221,Furniture,Furnishings,"Master Caster Door Stop, Brown"
FUR-FU-10000409,Furniture,Furnishings,"GE 4 Foot Flourescent Tube, 40 Watt"
OFF-BI-10001153,Office Supplies,Binders,Ibico Recycled Grain-Textured Covers
FUR-BO-10002202,Furniture,Bookcases,"Atlantic Metals Mobile 2-Shelf Bookcases, Custom Colors"
FUR-FU-10003691,Furniture,Furnishings,"Eldon Image Series Desk Accessories, Ebony"
FUR-TA-10001095,Furniture,Tables,Chromcraft Round Conference Tables
OFF-BI-10002498,Office Supplies,Binders,Clear Mylar Reinforcing Strips
OFF-PA-10002005,Office Supplies,Paper,Xerox 225
OFF-PA-10004101,Office Supplies,Paper,Xerox 1894
TEC-PH-10000004,Technology,Phones,Belkin iPhone and iPad Lightning Cable
TEC-PH-10003800,Technology,Phones,i.Sound Portable Power - 8000 mAh
FUR-CH-10000665,Furniture,Chairs,"Global Airflow Leather Mesh Back Chair, Black"
FUR-TA-10004767,Furniture,Tables,Safco Drafting Table
OFF-AR-10001868,Office Supplies,Art,Prang Dustless Chalk Sticks
OFF-AR-10004956,Office Supplies,Art,Newell 33
OFF-BI-10004465,Office Supplies,Binders,Avery Durable Slant Ring Binders
FUR-CH-10004754,Furniture,Chairs,"Global Stack Chair with Arms, Black"
TEC-AC-10001013,Technology,Accessories,Logitech ClearChat Comfort/USB Headset H390
FUR-BO-10004357,Furniture,Bookcases,O'Sullivan Living Dimensions 3-Shelf Bookcases
OFF-AR-10000475,Office Supplies,Art,"Hunt BOSTON Vista Battery-Operated Pencil Sharpener, Black"
OFF-PA-10001994,Office Supplies,Paper,"Ink Jet Note and Greeting Cards, 8-1/2"" x 5-1/2"" Card Size"
TEC-PH-10003691,Technology,Phones,BlackBerry Q10
OFF-AR-10001955,Office Supplies,Art,Newell 319
TEC-AC-10003832,Technology,Accessories,Logitech P710e Mobile Speakerphone
OFF-BI-10002215,Office Supplies,Binders,"Wilson Jones Hanging View Binder, White, 1"""
OFF-PA-10001838,Office Supplies,Paper,"Adams Telephone Message Book W/Dividers/Space For Phone Numbers, 5 1/4""X8 1/2"", 300/Messages"
OFF-ST-10001291,Office Supplies,Storage,"Tenex Personal Self-Stacking Standard File Box, Black/Gray"
OFF-ST-10001522,Office Supplies,Storage,"Gould Plastics 18-Pocket Panel Bin, 34w x 5-1/4d x 20-1/2h"
TEC-AC-10001314,Technology,Accessories,Case Logic 2.4GHz Wireless Keyboard
FUR-FU-10003731,Furniture,Furnishings,"Eldon Expressions Wood and Plastic Desk Accessories, Oak"
FUR-FU-10004053,Furniture,Furnishings,DAX Two-Tone Silver Metal Document Frame
OFF-BI-10000962,Office Supplies,Binders,"Acco Flexible ACCOHIDE Square Ring Data Binder, Dark Blue, 11 1/2"" X 14"" 7/8"""
OFF-PA-10001243,Office Supplies,Paper,Xerox 1983
OFF-ST-10000649,Office Supplies,Storage,Hanging Personal Folder File
OFF-ST-10002485,Office Supplies,Storage,Rogers Deluxe File Chest
FUR-BO-10004015,Furniture,Bookcases,"Bush Andora Bookcase, Maple/Graphite Gray Finish"
FUR-CH-10002965,Furniture,Chairs,"Global Leather Highback Executive Chair with Pneumatic Height Adjustment, Black"
FUR-FU-10004848,Furniture,Furnishings,"Howard Miller 13-3/4"" Diameter Brushed Chrome Round Wall Clock"
OFF-BI-10000320,Office Supplies,Binders,GBC Plastic Binding Combs
OFF-BI-10003708,Office Supplies,Binders,"Acco Four Pocket Poly Ring Binder with Label Holder, Smoke, 1"""
OFF-PA-10000466,Office Supplies,Paper,"Memo Book, 100 Message Capacity, 5 3/8” x 11”"
OFF-PA-10001295,Office Supplies,Paper,Computer Printout Paper with Letter-Trim Perforations
TEC-PH-10000141,Technology,Phones,Clearsounds A400
TEC-PH-10001254,Technology,Phones,Jabra BIZ 2300 Duo QD Duo Corded Headset
OFF-PA-10004156,Office Supplies,Paper,Xerox 188
FUR-CH-10003817,Furniture,Chairs,"Global Value Steno Chair, Gray"
TEC-AC-10003289,Technology,Accessories,Anker Ultra-Slim Mini Bluetooth 3.0 Wireless Keyboard
TEC-PH-10002789,Technology,Phones,LG Exalt
FUR-CH-10000454,Furniture,Chairs,"Hon Deluxe Fabric Upholstered Stacking Chairs, Rounded Back"
FUR-FU-10003274,Furniture,Furnishings,Regeneration Desk Collection
OFF-AP-10002350,Office Supplies,Appliances,Belkin F9H710-06 7 Outlet SurgeMaster Surge Protector
OFF-AR-10000588,Office Supplies,Art,Newell 345
OFF-AR-10001953,Office Supplies,Art,Boston 1645 Deluxe Heavier-Duty Electric Pencil Sharpener
OFF-AR-10002956,Office Supplies,Art,Boston 16801 Nautilus Battery Pencil Sharpener
OFF-AR-10003156,Office Supplies,Art,50 Colored Long Pencils
OFF-AR-10004974,Office Supplies,Art,Newell 342
OFF-BI-10003305,Office Supplies,Binders,Avery Hanging File Binders
OFF-BI-10004140,Office Supplies,Binders,Avery Non-Stick Binders
OFF-FA-10003112,Office Supplies,Fasteners,Staples
OFF-LA-10001297,Office Supplies,Labels,Avery 473
OFF-ST-10001469,Office Supplies,Storage,Fellowes Bankers Box Recycled Super Stor/Drawer
OFF-SU-10000946,Office Supplies,Supplies,Staple remover
OFF-SU-10001574,Office Supplies,Supplies,Acme Value Line Scissors
TEC-PH-10000148,Technology,Phones,Cyber Acoustics AC-202b Speech Recognition Stereo Headset
TEC-PH-10002365,Technology,Phones,Belkin Grip Candy Sheer Case / Cover for iPhone 5 and 5S
FUR-CH-10000847,Furniture,Chairs,Global Executive Mid-Back Manager's Chair
FUR-FU-10003799,Furniture,Furnishings,"Seth Thomas 13 1/2"" Wall Clock"
OFF-BI-10004330,Office Supplies,Binders,"GBC Velobind Prepunched Cover Sets, Regency Series"
OFF-PA-10003893,Office Supplies,Paper,Xerox 1962
TEC-PH-10000673,Technology,Phones,Plantronics Voyager Pro HD - Bluetooth Headset
FUR-FU-10000723,Furniture,Furnishings,"Deflect-o EconoMat Studded, No Bevel Mat for Low Pile Carpeting"
OFF-BI-10004600,Office Supplies,Binders,Ibico Ibimaster 300 Manual Binding System
OFF-PA-10001776,Office Supplies,Paper,"Wirebound Message Books, Four 2 3/4"" x 5"" Forms per Page, 600 Sets per Book"
OFF-ST-10003455,Office Supplies,Storage,"Tenex File Box, Personal Filing Tote with Lid, Black"
TEC-AC-10001109,Technology,Accessories,Logitech Trackman Marble Mouse
TEC-PH-10001448,Technology,Phones,Anker Astro 15000mAh USB Portable Charger
OFF-ST-10003442,Office Supplies,Storage,Eldon Portable Mobile Manager
OFF-SU-10000646,Office Supplies,Supplies,Premier Automatic Letter Opener
TEC-PH-10000141,Technology,Phones,Clearsounds A400
TEC-PH-10002555,Technology,Phones,Nortel Meridian M5316 Digital phone
FUR-CH-10000454,Furniture,Chairs,"Hon Deluxe Fabric Upholstered Stacking Chairs, Rounded Back"
OFF-AP-10003278,Office Supplies,Appliances,Belkin 7-Outlet SurgeMaster Home Series
OFF-AR-10002833,Office Supplies,Art,Newell 322
OFF-PA-10004243,Office Supplies,Paper,Xerox 1939
OFF-ST-10001627,Office Supplies,Storage,Eldon Jumbo ProFile Portable File Boxes Graphite/Black
TEC-CO-10002095,Technology,Copiers,Hewlett Packard 610 Color Digital Copier / Printer
FUR-BO-10001608,Furniture,Bookcases,"Hon Metal Bookcases, Black"
FUR-BO-10002268,Furniture,Bookcases,Sauder Barrister Bookcases
FUR-CH-10004540,Furniture,Chairs,Global Chrome Stack Chair
FUR-FU-10002597,Furniture,Furnishings,"C-Line Magnetic Cubicle Keepers, Clear Polypropylene"
FUR-FU-10003268,Furniture,Furnishings,Eldon Radial Chair Mat for Low to Medium Pile Carpets
OFF-AR-10002399,Office Supplies,Art,"Dixon Prang Watercolor Pencils, 10-Color Set with Brush"
OFF-BI-10004224,Office Supplies,Binders,Catalog Binders with Expanding Posts
OFF-BI-10004995,Office Supplies,Binders,GBC DocuBind P400 Electric Binding System
OFF-EN-10001137,Office Supplies,Envelopes,"#10 Gummed Flap White Envelopes, 100/Box"
OFF-EN-10002312,Office Supplies,Envelopes,#10 Self-Seal White Envelopes
OFF-EN-10002973,Office Supplies,Envelopes,Ampad #10 Peel & Seel Holiday Envelopes
OFF-FA-10002280,Office Supplies,Fasteners,Advantus Plastic Paper Clips
OFF-PA-10000019,Office Supplies,Paper,Xerox 1931
OFF-PA-10001934,Office Supplies,Paper,Xerox 1993
OFF-PA-10002713,Office Supplies,Paper,"Adams Phone Message Book, 200 Message Capacity, 8 1/16” x 11”"
OFF-PA-10002947,Office Supplies,Paper,Xerox 1923
OFF-ST-10002583,Office Supplies,Storage,Fellowes Neat Ideas Storage Cubes
TEC-AC-10001990,Technology,Accessories,Kensington Orbit Wireless Mobile Trackball for PC and Mac
FUR-BO-10001798,Furniture,Bookcases,Bush Somerset Collection Bookcase
OFF-BI-10000831,Office Supplies,Binders,Storex Flexible Poly Binders with Double Pockets
OFF-BI-10003712,Office Supplies,Binders,"Acco Pressboard Covers with Storage Hooks, 14 7/8"" x 11"", Light Blue"
TEC-PH-10002555,Technology,Phones,Nortel Meridian M5316 Digital phone
OFF-AP-10004980,Office Supplies,Appliances,3M Replacement Filter for Office Air Cleaner for 20' x 33' Room
OFF-AR-10000034,Office Supplies,Art,"BIC Brite Liner Grip Highlighters, Assorted, 5/Pack"
OFF-BI-10000069,Office Supplies,Binders,"GBC Prepunched Paper, 19-Hole, for Binding Systems, 24-lb"
OFF-BI-10000174,Office Supplies,Binders,"Wilson Jones Clip & Carry Folder Binder Tool for Ring Binders, Clear"
OFF-BI-10004716,Office Supplies,Binders,Wilson Jones Hanging Recycled Pressboard Data Binders
OFF-PA-10002787,Office Supplies,Paper,Xerox 227
OFF-ST-10000636,Office Supplies,Storage,Rogers Profile Extra Capacity Storage Tub
OFF-ST-10001932,Office Supplies,Storage,Fellowes Staxonsteel Drawer Files
FUR-CH-10000225,Furniture,Chairs,"Global Geo Office Task Chair, Gray"
FUR-CH-10001545,Furniture,Chairs,Hon Comfortask Task/Swivel Chairs
FUR-TA-10004086,Furniture,Tables,KI Adjustable-Height Table
OFF-BI-10003707,Office Supplies,Binders,Aluminum Screw Posts
OFF-BI-10004826,Office Supplies,Binders,JM Magazine Binder
OFF-EN-10002500,Office Supplies,Envelopes,Globe Weis Peel & Seel First Class Envelopes
OFF-PA-10000100,Office Supplies,Paper,Xerox 1945
OFF-PA-10000807,Office Supplies,Paper,"TOPS ""Important Message"" Pads, Canary, 4-1/4 x 5-1/2, 50 Sheets per Pad"
OFF-PA-10000809,Office Supplies,Paper,Xerox 206
OFF-ST-10000060,Office Supplies,Storage,Fellowes Bankers Box Staxonsteel Drawer File/Stacking System
OFF-ST-10001469,Office Supplies,Storage,Fellowes Bankers Box Recycled Super Stor/Drawer
OFF-EN-10001509,Office Supplies,Envelopes,Poly String Tie Envelopes
FUR-CH-10004086,Furniture,Chairs,Hon 4070 Series Pagoda Armless Upholstered Stacking Chairs
FUR-CH-10004886,Furniture,Chairs,Bevis Steel Folding Chairs
OFF-BI-10002414,Office Supplies,Binders,GBC ProClick Spines for 32-Hole Punch
OFF-ST-10001228,Office Supplies,Storage,"Fellowes Personal Hanging Folder Files, Navy"
OFF-ST-10001558,Office Supplies,Storage,Acco Perma 4000 Stacking Storage Drawers
FUR-CH-10002024,Furniture,Chairs,HON 5400 Series Task Chairs for Big and Tall
OFF-AR-10001221,Office Supplies,Art,"Dixon Ticonderoga Erasable Colored Pencil Set, 12-Color"
OFF-BI-10004584,Office Supplies,Binders,GBC ProClick 150 Presentation Binding System
OFF-FA-10002988,Office Supplies,Fasteners,Ideal Clamps
OFF-PA-10004327,Office Supplies,Paper,Xerox 1911
OFF-ST-10000617,Office Supplies,Storage,Woodgrain Magazine Files by Perma
TEC-AC-10004659,Technology,Accessories,Imation Secure+ Hardware Encrypted USB 2.0 Flash Drive; 16GB
TEC-AC-10004659,Technology,Accessories,Imation Secure+ Hardware Encrypted USB 2.0 Flash Drive; 16GB
FUR-FU-10000550,Furniture,Furnishings,Stacking Trays by OIC
OFF-AR-10003056,Office Supplies,Art,Newell 341
OFF-BI-10002432,Office Supplies,Binders,Wilson Jones Standard D-Ring Binders
OFF-PA-10003022,Office Supplies,Paper,Standard Line “While You Were Out” Hardbound Telephone Message Book
OFF-SU-10003567,Office Supplies,Supplies,Stiletto Hand Letter Openers
TEC-AC-10004209,Technology,Accessories,Memorex Froggy Flash Drive 4 GB
TEC-MA-10001047,Technology,Machines,"3D Systems Cube Printer, 2nd Generation, Magenta"
FUR-BO-10003441,Furniture,Bookcases,"Bush Westfield Collection Bookcases, Fully Assembled"
FUR-FU-10000206,Furniture,Furnishings,"GE General Purpose, Extra Long Life, Showcase & Floodlight Incandescent Bulbs"
FUR-FU-10003798,Furniture,Furnishings,"Ultra Door Kickplate, 8""H x 34""W"
OFF-FA-10000134,Office Supplies,Fasteners,"Advantus Push Pins, Aluminum Head"
TEC-PH-10003092,Technology,Phones,Motorola L804
FUR-BO-10003441,Furniture,Bookcases,"Bush Westfield Collection Bookcases, Fully Assembled"
FUR-CH-10002880,Furniture,Chairs,"Global High-Back Leather Tilter, Burgundy"
FUR-FU-10004748,Furniture,Furnishings,"Howard Miller 16"" Diameter Gallery Wall Clock"
OFF-AP-10001271,Office Supplies,Appliances,Eureka The Boss Cordless Rechargeable Stick Vac
OFF-AR-10001573,Office Supplies,Art,American Pencil
OFF-PA-10001560,Office Supplies,Paper,"Adams Telephone Message Books, 5 1/4” x 11”"
OFF-ST-10001780,Office Supplies,Storage,Tennsco 16-Compartment Lockers with Coat Rack
OFF-ST-10003656,Office Supplies,Storage,Safco Industrial Wire Shelving
OFF-SU-10004290,Office Supplies,Supplies,"Acme Design Line 8"" Stainless Steel Bent Scissors w/Champagne Handles, 3-1/8"" Cut"
TEC-PH-10004924,Technology,Phones,"SKILCRAFT Telephone Shoulder Rest, 2"" x 6.5"" x 2.5"", Black"
FUR-TA-10002622,Furniture,Tables,"Bush Andora Conference Table, Maple/Graphite Gray Finish"
OFF-AR-10000823,Office Supplies,Art,Newell 307
OFF-AR-10004022,Office Supplies,Art,Panasonic KP-380BK Classic Electric Pencil Sharpener
OFF-AR-10004456,Office Supplies,Art,Panasonic KP-4ABK Battery-Operated Pencil Sharpener
OFF-AR-10004582,Office Supplies,Art,BIC Brite Liner Grip Highlighters
OFF-BI-10000050,Office Supplies,Binders,"Angle-D Binders with Locking Rings, Label Holders"
OFF-BI-10000174,Office Supplies,Binders,"Wilson Jones Clip & Carry Folder Binder Tool for Ring Binders, Clear"
OFF-BI-10000591,Office Supplies,Binders,Avery Binder Labels
OFF-PA-10000418,Office Supplies,Paper,Xerox 189
OFF-PA-10002377,Office Supplies,Paper,"Adams Telephone Message Book W/Dividers/Space For Phone Numbers, 5 1/4""X8 1/2"", 200/Messages"
OFF-ST-10000991,Office Supplies,Storage,Space Solutions HD Industrial Steel Shelving.
OFF-SU-10001218,Office Supplies,Supplies,Fiskars Softgrip Scissors
OFF-SU-10002522,Office Supplies,Supplies,Acme Kleen Earth Office Shears
TEC-PH-10004700,Technology,Phones,PowerGen Dual USB Car Charger
TEC-PH-10004774,Technology,Phones,Gear Head AU3700S Headset
OFF-AP-10004487,Office Supplies,Appliances,Kensington 4 Outlet MasterPiece Compact Power Control Center
OFF-AR-10004817,Office Supplies,Art,Colorific Watercolor Pencils
OFF-BI-10002854,Office Supplies,Binders,"Performers Binder/Pad Holder, Black"
OFF-BI-10004967,Office Supplies,Binders,Round Ring Binders
OFF-PA-10003797,Office Supplies,Paper,Xerox 209
OFF-ST-10000563,Office Supplies,Storage,Fellowes Bankers Box Stor/Drawer Steel Plus
FUR-FU-10000023,Furniture,Furnishings,Eldon Wave Desk Accessories
FUR-FU-10001889,Furniture,Furnishings,Ultra Door Pull Handle
FUR-FU-10003975,Furniture,Furnishings,Eldon Advantage Chair Mats for Low to Medium Pile Carpets
FUR-TA-10001889,Furniture,Tables,Bush Advantage Collection Racetrack Conference Table
OFF-AP-10002578,Office Supplies,Appliances,"Fellowes Premier Superior Surge Suppressor, 10-Outlet, With Phone and Remote"
OFF-AR-10000614,Office Supplies,Art,Barrel Sharpener
OFF-AR-10003190,Office Supplies,Art,Newell 32
OFF-BI-10000315,Office Supplies,Binders,Poly Designer Cover & Back
OFF-ST-10002406,Office Supplies,Storage,Pizazz Global Quick File
OFF-SU-10003505,Office Supplies,Supplies,Premier Electric Letter Opener
OFF-BI-10002764,Office Supplies,Binders,Recycled Pressboard Report Cover with Reinforced Top Hinge
OFF-BI-10004593,Office Supplies,Binders,Ibico Laser Imprintable Binding System Covers
OFF-EN-10004386,Office Supplies,Envelopes,"Recycled Interoffice Envelopes with String and Button Closure, 10 x 13"
OFF-PA-10002421,Office Supplies,Paper,Embossed Ink Jet Note Cards
OFF-PA-10002666,Office Supplies,Paper,Southworth 25% Cotton Linen-Finish Paper & Envelopes
OFF-PA-10002923,Office Supplies,Paper,Xerox 1942
OFF-ST-10000760,Office Supplies,Storage,Eldon Fold 'N Roll Cart System
TEC-AC-10001908,Technology,Accessories,Logitech Wireless Headset h800
FUR-CH-10004287,Furniture,Chairs,SAFCO Arco Folding Chair
OFF-BI-10003355,Office Supplies,Binders,Cardinal Holdit Business Card Pockets
OFF-BI-10004040,Office Supplies,Binders,Wilson Jones Impact Binders
OFF-PA-10003441,Office Supplies,Paper,Xerox 226
TEC-AC-10003174,Technology,Accessories,Plantronics S12 Corded Telephone Headset System
OFF-BI-10001153,Office Supplies,Binders,Ibico Recycled Grain-Textured Covers
OFF-BI-10001982,Office Supplies,Binders,Wilson Jones Custom Binder Spines & Labels
TEC-PH-10004614,Technology,Phones,AT&T 841000 Phone
FUR-CH-10004983,Furniture,Chairs,Office Star - Mid Back Dual function Ergonomic High Back Chair with 2-Way Adjustable Arms
FUR-CH-10002304,Furniture,Chairs,"Global Stack Chair without Arms, Black"
FUR-FU-10001602,Furniture,Furnishings,"Eldon Delta Triangular Chair Mat, 52"" x 58"", Clear"
OFF-LA-10004345,Office Supplies,Labels,Avery 493
OFF-PA-10001970,Office Supplies,Paper,Xerox 1881
TEC-PH-10003012,Technology,Phones,Nortel Meridian M3904 Professional Digital phone
FUR-FU-10002759,Furniture,Furnishings,12-1/2 Diameter Round Wall Clock
FUR-FU-10004973,Furniture,Furnishings,Flat Face Poster Frame
OFF-BI-10003314,Office Supplies,Binders,Tuff Stuff Recycled Round Ring Binders
FUR-TA-10004534,Furniture,Tables,Bevis 44 x 96 Conference Tables
OFF-AR-10000716,Office Supplies,Art,DIXON Ticonderoga Erasable Checking Pencils
OFF-BI-10002954,Office Supplies,Binders,Newell 3-Hole Punched Plastic Slotted Magazine Holders for Binders
OFF-LA-10001569,Office Supplies,Labels,Avery 499
OFF-PA-10001497,Office Supplies,Paper,Xerox 1914
OFF-PA-10003936,Office Supplies,Paper,Xerox 1994
FUR-CH-10002304,Furniture,Chairs,"Global Stack Chair without Arms, Black"
FUR-CH-10003298,Furniture,Chairs,"Office Star - Contemporary Task Swivel chair with Loop Arms, Charcoal"
FUR-FU-10000732,Furniture,Furnishings,Eldon 200 Class Desk Accessories
FUR-FU-10002253,Furniture,Furnishings,"Howard Miller 13"" Diameter Pewter Finish Round Wall Clock"
OFF-AR-10004022,Office Supplies,Art,Panasonic KP-380BK Classic Electric Pencil Sharpener
OFF-BI-10000315,Office Supplies,Binders,Poly Designer Cover & Back
OFF-BI-10001670,Office Supplies,Binders,Vinyl Sectional Post Binders
OFF-LA-10000973,Office Supplies,Labels,Avery 502
OFF-PA-10000533,Office Supplies,Paper,Southworth Parchment Paper & Envelopes
OFF-ST-10000321,Office Supplies,Storage,Akro Stacking Bins
OFF-ST-10001580,Office Supplies,Storage,Super Decoflex Portable Personal File
OFF-ST-10002957,Office Supplies,Storage,Sterilite Show Offs Storage Containers
FUR-FU-10001876,Furniture,Furnishings,"Computer Room Manger, 14"""
OFF-AP-10002403,Office Supplies,Appliances,Acco Smartsocket Color-Coded Six-Outlet AC Adapter Model Surge Protectors
OFF-AR-10003217,Office Supplies,Art,Newell 316
OFF-BI-10000014,Office Supplies,Binders,Heavy-Duty E-Z-D Binders
OFF-LA-10000081,Office Supplies,Labels,Avery 496
OFF-ST-10002554,Office Supplies,Storage,Tennsco Industrial Shelving
TEC-AC-10002637,Technology,Accessories,Logitech VX Revolution Cordless Laser Mouse for Notebooks (Black)
TEC-AC-10003832,Technology,Accessories,Imation 16GB Mini TravelDrive USB 2.0 Flash Drive
TEC-MA-10003589,Technology,Machines,Cisco 8961 IP Phone Charcoal
FUR-FU-10004270,Furniture,Furnishings,"Eldon Image Series Desk Accessories, Burgundy"
FUR-TA-10001676,Furniture,Tables,Hon 61000 Series Interactive Training Tables
FUR-TA-10003392,Furniture,Tables,Global Adaptabilities Conference Tables
FUR-TA-10003748,Furniture,Tables,Bevis 36 x 72 Conference Tables
OFF-BI-10001890,Office Supplies,Binders,Avery Poly Binder Pockets
OFF-BI-10003784,Office Supplies,Binders,Computer Printout Index Tabs
OFF-PA-10001001,Office Supplies,Paper,"Snap-A-Way Black Print Carbonless Speed Message, No Reply Area, Duplicate"
OFF-PA-10003641,Office Supplies,Paper,Xerox 1909
OFF-PA-10003971,Office Supplies,Paper,Xerox 1965
OFF-ST-10001505,Office Supplies,Storage,"Perma STOR-ALL Hanging File Box, 13 1/8""W x 12 1/4""D x 10 1/2""H"
TEC-PH-10001198,Technology,Phones,Avaya 4621SW VoIP phone
TEC-PH-10001433,Technology,Phones,Cisco Small Business SPA 502G VoIP phone
FUR-FU-10001617,Furniture,Furnishings,"Executive Impressions 8-1/2"" Career Panel/Partition Cubicle Clock"
FUR-FU-10004848,Furniture,Furnishings,DAX Solid Wood Frames
OFF-AP-10001205,Office Supplies,Appliances,Belkin 5 Outlet SurgeMaster Power Centers
OFF-BI-10000773,Office Supplies,Binders,Insertable Tab Post Binder Dividers
OFF-FA-10004248,Office Supplies,Fasteners,Advantus T-Pin Paper Clips
OFF-PA-10002581,Office Supplies,Paper,Xerox 1951
TEC-AC-10004510,Technology,Accessories,Logitech Desktop MK120 Mouse and keyboard Combo
FUR-CH-10002084,Furniture,Chairs,Hon Mobius Operator's Chair
FUR-FU-10001940,Furniture,Furnishings,Staple-based wall hangings
OFF-BI-10000309,Office Supplies,Binders,"GBC Twin Loop Wire Binding Elements, 9/16"" Spine, Black"
OFF-LA-10003923,Office Supplies,Labels,Alphabetical Labels for Top Tab Filing
TEC-AC-10001767,Technology,Accessories,SanDisk Ultra 64 GB MicroSDHC Class 10 Memory Card
TEC-MA-10000488,Technology,Machines,Bady BDG101FRU Card Printer
FUR-CH-10004675,Furniture,Chairs,"Lifetime Advantage Folding Chairs, 4/Carton"
FUR-TA-10003469,Furniture,Tables,Balt Split Level Computer Training Table
OFF-AR-10002578,Office Supplies,Art,Newell 335
OFF-BI-10001078,Office Supplies,Binders,"Acco PRESSTEX Data Binder with Storage Hooks, Dark Blue, 14 7/8"" X 11"""
FUR-FU-10001488,Furniture,Furnishings,"Tenex 46"" x 60"" Computer Anti-Static Chairmat, Rectangular Shaped"
OFF-PA-10002751,Office Supplies,Paper,Xerox 1920
OFF-PA-10002986,Office Supplies,Paper,Xerox 1898
OFF-PA-10004451,Office Supplies,Paper,Xerox 222
OFF-ST-10000649,Office Supplies,Storage,Hanging Personal Folder File
OFF-ST-10002011,Office Supplies,Storage,Smead Adjustable Mobile File Trolley with Lockable Top
TEC-AC-10001465,Technology,Accessories,SanDisk Cruzer 64 GB USB Flash Drive
OFF-AP-10000390,Office Supplies,Appliances,Euro Pro Shark Stick Mini Vacuum
OFF-AR-10000462,Office Supplies,Art,Sanford Pocket Accent Highlighters
OFF-AR-10001955,Office Supplies,Art,Newell 319
OFF-AR-10003514,Office Supplies,Art,4009 Highlighters by Sanford
OFF-BI-10002353,Office Supplies,Binders,GBC VeloBind Cover Sets
OFF-BI-10002852,Office Supplies,Binders,Ibico Standard Transparent Covers
OFF-EN-10003134,Office Supplies,Envelopes,Staple envelope
OFF-PA-10001260,Office Supplies,Paper,"TOPS Money Receipt Book, Consecutively Numbered in Red,"
OFF-PA-10004327,Office Supplies,Paper,Xerox 1911
OFF-ST-10001490,Office Supplies,Storage,"Hot File 7-Pocket, Floor Stand"
TEC-AC-10000991,Technology,Accessories,Sony Micro Vault Click 8 GB USB 2.0 Flash Drive
TEC-PH-10001552,Technology,Phones,I Need's 3d Hello Kitty Hybrid Silicone Case Cover for HTC One X 4g with 3d Hello Kitty Stylus Pen Green/pink
OFF-EN-10001535,Office Supplies,Envelopes,Grip Seal Envelopes
OFF-PA-10003971,Office Supplies,Paper,Xerox 1965
TEC-PH-10001795,Technology,Phones,ClearOne CHATAttach 160 - speaker phone
OFF-PA-10002751,Office Supplies,Paper,Xerox 1920
FUR-FU-10000320,Furniture,Furnishings,OIC Stacking Trays
OFF-AP-10002222,Office Supplies,Appliances,Staple holder
OFF-AR-10001662,Office Supplies,Art,Rogers Handheld Barrel Pencil Sharpener
OFF-EN-10001141,Office Supplies,Envelopes,"Manila Recycled Extra-Heavyweight Clasp Envelopes, 6"" x 9"""
OFF-ST-10004804,Office Supplies,Storage,"Belkin 19"" Vented Equipment Shelf, Black"
TEC-AC-10004518,Technology,Accessories,Memorex Mini Travel Drive 32 GB USB 2.0 Flash Drive
TEC-PH-10001835,Technology,Phones,Jawbone JAMBOX Wireless Bluetooth Speaker
FUR-FU-10002396,Furniture,Furnishings,"DAX Copper Panel Document Frame, 5 x 7 Size"
FUR-FU-10002937,Furniture,Furnishings,"GE 48"" Fluorescent Tube, Cool White Energy Saver, 34 Watts, 30/Box"
OFF-AR-10002467,Office Supplies,Art,Dixon Ticonderoga Pencils
OFF-BI-10001718,Office Supplies,Binders,GBC DocuBind P50 Personal Binding Machine
OFF-BI-10002309,Office Supplies,Binders,Avery Heavy-Duty EZD  Binder With Locking Rings
OFF-BI-10004002,Office Supplies,Binders,Wilson Jones International Size A4 Ring Binders
OFF-PA-10004983,Office Supplies,Paper,Xerox 23
TEC-AC-10003832,Technology,Accessories,Imation 16GB Mini TravelDrive USB 2.0 Flash Drive
TEC-PH-10003988,Technology,Phones,"LF Elite 3D Dazzle Designer Hard Case Cover, Lf Stylus Pen and Wiper For Apple Iphone 5c Mini Lite"
OFF-AR-10003856,Office Supplies,Art,Newell 344
OFF-AR-10004602,Office Supplies,Art,Boston KS Multi-Size Manual Pencil Sharpener
OFF-BI-10000301,Office Supplies,Binders,GBC Instant Report Kit
OFF-BI-10001718,Office Supplies,Binders,GBC DocuBind P50 Personal Binding Machine
OFF-BI-10002393,Office Supplies,Binders,Binder Posts
OFF-PA-10000697,Office Supplies,Paper,"TOPS Voice Message Log Book, Flash Format"
FUR-FU-10002116,Furniture,Furnishings,"Tenex Carpeted, Granite-Look or Clear Contemporary Contour Shape Chair Mats"
OFF-LA-10002195,Office Supplies,Labels,Avery 481
OFF-PA-10004971,Office Supplies,Paper,Xerox 196
OFF-ST-10002574,Office Supplies,Storage,"SAFCO Commercial Wire Shelving, Black"
FUR-FU-10003975,Furniture,Furnishings,Eldon Advantage Chair Mats for Low to Medium Pile Carpets
FUR-FU-10004973,Furniture,Furnishings,Flat Face Poster Frame
OFF-BI-10000069,Office Supplies,Binders,"GBC Prepunched Paper, 19-Hole, for Binding Systems, 24-lb"
OFF-BI-10000279,Office Supplies,Binders,"Acco Recycled 2"" Capacity Laser Printer Hanging Data Binders"
OFF-BI-10001757,Office Supplies,Binders,Pressboard Hanging Data Binders for Unburst Sheets
OFF-FA-10000936,Office Supplies,Fasteners,Acco Hot Clips Clips to Go
OFF-LA-10002475,Office Supplies,Labels,Avery 519
OFF-PA-10000791,Office Supplies,Paper,"Wirebound Message Books, Four 2 3/4 x 5 Forms per Page, 200 Sets per Book"
OFF-SU-10000381,Office Supplies,Supplies,Acme Forged Steel Scissors with Black Enamel Handles
OFF-PA-10004040,Office Supplies,Paper,Universal Premium White Copier/Laser Paper (20Lb. and 87 Bright)
OFF-ST-10000604,Office Supplies,Storage,Home/Office Personal File Carts
FUR-CH-10003746,Furniture,Chairs,Hon 4070 Series Pagoda Round Back Stacking Chairs
FUR-FU-10000010,Furniture,Furnishings,"DAX Value U-Channel Document Frames, Easel Back"
FUR-FU-10002088,Furniture,Furnishings,Nu-Dell Float Frame 11 x 14 1/2
OFF-AP-10001366,Office Supplies,Appliances,Staple holder
OFF-AP-10001563,Office Supplies,Appliances,Belkin Premiere Surge Master II 8-outlet surge protector
OFF-AR-10003056,Office Supplies,Art,Newell 341
OFF-BI-10002824,Office Supplies,Binders,Recycled Easel Ring Binders
OFF-BI-10004817,Office Supplies,Binders,GBC Personal VeloBind Strips
OFF-ST-10004123,Office Supplies,Storage,Safco Industrial Wire Shelving System
FUR-FU-10000576,Furniture,Furnishings,Luxo Professional Fluorescent Magnifier Lamp with Clamp-Mount Base
OFF-BI-10003638,Office Supplies,Binders,GBC Durable Plastic Covers
OFF-BI-10004140,Office Supplies,Binders,Avery Non-Stick Binders
OFF-BI-10004728,Office Supplies,Binders,Wilson Jones Turn Tabs Binder Tool for Ring Binders
TEC-PH-10001530,Technology,Phones,Cisco Unified IP Phone 7945G VoIP phone
OFF-BI-10000343,Office Supplies,Binders,"Pressboard Covers with Storage Hooks, 9 1/2"" x 11"", Light Blue"
OFF-BI-10003429,Office Supplies,Binders,"Cardinal HOLDit! Binder Insert Strips,Extra Strips"
OFF-PA-10000565,Office Supplies,Paper,Easy-staple paper
OFF-PA-10003591,Office Supplies,Paper,Southworth 100% Cotton The Best Paper
TEC-AC-10003832,Technology,Accessories,Imation 16GB Mini TravelDrive USB 2.0 Flash Drive
TEC-MA-10000112,Technology,Machines,Panasonic KX MB2061 Multifunction Printer
TEC-PH-10003555,Technology,Phones,Motorola HK250 Universal Bluetooth Headset
FUR-TA-10003748,Furniture,Tables,Bevis 36 x 72 Conference Tables
OFF-AP-10003217,Office Supplies,Appliances,Eureka Sanitaire  Commercial Upright
OFF-EN-10002973,Office Supplies,Envelopes,Ampad #10 Peel & Seel Holiday Envelopes
OFF-LA-10004345,Office Supplies,Labels,Avery 493
TEC-AC-10002399,Technology,Accessories,SanDisk Cruzer 32 GB USB Flash Drive
TEC-PH-10001336,Technology,Phones,Digium D40 VoIP phone
TEC-PH-10001918,Technology,Phones,Nortel Business Series Terminal T7208 Digital phone
TEC-PH-10004614,Technology,Phones,AT&T 841000 Phone
FUR-FU-10003691,Furniture,Furnishings,"Eldon Image Series Desk Accessories, Ebony"
OFF-BI-10004308,Office Supplies,Binders,Avery Legal 4-Ring Binder
OFF-PA-10000029,Office Supplies,Paper,Xerox 224
OFF-PA-10001526,Office Supplies,Paper,Xerox 1949
TEC-CO-10004722,Technology,Copiers,Canon imageCLASS 2200 Advanced Copier
TEC-PH-10004080,Technology,Phones,Avaya 5410 Digital phone
TEC-PH-10004165,Technology,Phones,Mitel MiVoice 5330e IP Phone
OFF-AR-10001860,Office Supplies,Art,BIC Liqua Brite Liner
OFF-PA-10004327,Office Supplies,Paper,Xerox 1911
OFF-SU-10000898,Office Supplies,Supplies,"Acme Hot Forged Carbon Steel Scissors with Nickel-Plated Handles, 3 7/8"" Cut, 8""L"
FUR-FU-10000755,Furniture,Furnishings,Eldon Expressions Mahogany Wood Desk Collection
OFF-PA-10002893,Office Supplies,Paper,"Wirebound Service Call Books, 5 1/2"" x 4"""
OFF-ST-10000689,Office Supplies,Storage,"Fellowes Strictly Business Drawer File, Letter/Legal Size"
FUR-CH-10001973,Furniture,Chairs,Office Star Flex Back Scooter Chair with White Frame
FUR-CH-10004860,Furniture,Chairs,Global Low Back Tilter Chair
FUR-FU-10000629,Furniture,Furnishings,9-3/4 Diameter Round Wall Clock
FUR-FU-10002088,Furniture,Furnishings,Nu-Dell Float Frame 11 x 14 1/2
OFF-AP-10002082,Office Supplies,Appliances,Holmes HEPA Air Purifier
OFF-AR-10001919,Office Supplies,Art,"OIC #2 Pencils, Medium Soft"
OFF-BI-10004728,Office Supplies,Binders,Wilson Jones Turn Tabs Binder Tool for Ring Binders
OFF-FA-10003467,Office Supplies,Fasteners,"Alliance Big Bands Rubber Bands, 12/Pack"
OFF-PA-10001293,Office Supplies,Paper,Xerox 1946
OFF-PA-10002689,Office Supplies,Paper,Weyerhaeuser First Choice Laser/Copy Paper (20Lb. and 88 Bright)
OFF-PA-10004040,Office Supplies,Paper,Universal Premium White Copier/Laser Paper (20Lb. and 87 Bright)
OFF-PA-10004621,Office Supplies,Paper,Xerox 212
OFF-PA-10004675,Office Supplies,Paper,"Telephone Message Books with Fax/Mobile Section, 5 1/2"" x 3 3/16"""
OFF-ST-10000532,Office Supplies,Storage,Advantus Rolling Drawer Organizers
TEC-AC-10000580,Technology,Accessories,Logitech G13 Programmable Gameboard with LCD Display
TEC-AC-10001267,Technology,Accessories,Imation 32GB Pocket Pro USB 3.0 Flash Drive - 32 GB - Black - 1 P ...
TEC-MA-10002428,Technology,Machines,Fellowes Powershred HS-440 4-Sheet High Security Shredder
TEC-PH-10003885,Technology,Phones,Cisco SPA508G
FUR-CH-10002024,Furniture,Chairs,HON 5400 Series Task Chairs for Big and Tall
FUR-FU-10002191,Furniture,Furnishings,G.E. Halogen Desk Lamp Bulbs
FUR-FU-10003247,Furniture,Furnishings,36X48 HARDFLOOR CHAIRMAT
OFF-PA-10000575,Office Supplies,Paper,"Wirebound Message Books, Four 2 3/4 x 5 White Forms per Page"
OFF-PA-10000994,Office Supplies,Paper,Xerox 1915
OFF-PA-10001790,Office Supplies,Paper,Xerox 1910
OFF-ST-10001496,Office Supplies,Storage,Standard Rollaway File with Lock
FUR-CH-10003833,Furniture,Chairs,Novimex Fabric Task Chair
OFF-AP-10000891,Office Supplies,Appliances,Kensington 7 Outlet MasterPiece HOMEOFFICE Power Control Center
OFF-AR-10003373,Office Supplies,Art,"Boston School Pro Electric Pencil Sharpener, 1670"
OFF-BI-10002215,Office Supplies,Binders,"Wilson Jones Hanging View Binder, White, 1"""
OFF-PA-10001667,Office Supplies,Paper,Great White Multi-Use Recycled Paper (20Lb. and 84 Bright)
OFF-PA-10003790,Office Supplies,Paper,Xerox 1991
OFF-SU-10001218,Office Supplies,Supplies,Fiskars Softgrip Scissors
TEC-AC-10002217,Technology,Accessories,Imation Clip USB flash drive - 8 GB
TEC-MA-10001972,Technology,Machines,Okidata C331dn Printer
TEC-PH-10001817,Technology,Phones,Wilson Electronics DB Pro Signal Booster
FUR-FU-10001085,Furniture,Furnishings,3M Polarizing Light Filter Sleeves
OFF-AR-10003732,Office Supplies,Art,Newell 333
OFF-BI-10002414,Office Supplies,Binders,GBC ProClick Spines for 32-Hole Punch
OFF-BI-10002557,Office Supplies,Binders,Presstex Flexible Ring Binders
TEC-PH-10000984,Technology,Phones,Panasonic KX-TG9471B
FUR-CH-10001215,Furniture,Chairs,Global Troy Executive Leather Low-Back Tilter
FUR-FU-10001037,Furniture,Furnishings,"DAX Charcoal/Nickel-Tone Document Frame, 5 x 7"
FUR-FU-10003247,Furniture,Furnishings,36X48 HARDFLOOR CHAIRMAT
FUR-TA-10002645,Furniture,Tables,Hon Rectangular Conference Tables
OFF-AP-10002684,Office Supplies,Appliances,"Acco 7-Outlet Masterpiece Power Center, Wihtout Fax/Phone Line Protection"
OFF-AP-10003842,Office Supplies,Appliances,Euro-Pro Shark Turbo Vacuum
OFF-AR-10000940,Office Supplies,Art,Newell 343
OFF-AR-10003732,Office Supplies,Art,Newell 333
OFF-BI-10000831,Office Supplies,Binders,Storex Flexible Poly Binders with Double Pockets
OFF-BI-10000848,Office Supplies,Binders,Angle-D Ring Binders
OFF-BI-10001658,Office Supplies,Binders,GBC Standard Therm-A-Bind Covers
OFF-BI-10001670,Office Supplies,Binders,Vinyl Sectional Post Binders
OFF-EN-10002600,Office Supplies,Envelopes,"Redi-Strip #10 Envelopes, 4 1/8 x 9 1/2"
OFF-LA-10001297,Office Supplies,Labels,Avery 473
OFF-PA-10000357,Office Supplies,Paper,"White Dual Perf Computer Printout Paper, 2700 Sheets, 1 Part, Heavyweight, 20 lbs., 14 7/8 x 11"
OFF-PA-10000994,Office Supplies,Paper,Xerox 1915
OFF-PA-10004782,Office Supplies,Paper,Xerox 228
OFF-PA-10004888,Office Supplies,Paper,Xerox 217
OFF-ST-10000876,Office Supplies,Storage,Eldon Simplefile Box Office
TEC-AC-10000109,Technology,Accessories,Sony Micro Vault Click 16 GB USB 2.0 Flash Drive
TEC-AC-10000109,Technology,Accessories,Sony Micro Vault Click 16 GB USB 2.0 Flash Drive
TEC-AC-10003033,Technology,Accessories,Plantronics CS510 - Over-the-Head monaural Wireless Headset System
TEC-CO-10001046,Technology,Copiers,Canon Imageclass D680 Copier / Fax
TEC-PH-10000441,Technology,Phones,VTech DS6151
TEC-PH-10002293,Technology,Phones,Anker 36W 4-Port USB Wall Charger Travel Power Adapter for iPhone 5s 5c 5
FUR-CH-10000422,Furniture,Chairs,Global Highback Leather Tilter in Burgundy
FUR-FU-10001379,Furniture,Furnishings,"Executive Impressions 16-1/2"" Circular Wall Clock"
OFF-BI-10002609,Office Supplies,Binders,Avery Hidden Tab Dividers for Binding Systems
OFF-PA-10001846,Office Supplies,Paper,Xerox 1899
OFF-PA-10004621,Office Supplies,Paper,Xerox 212
TEC-PH-10003215,Technology,Phones,Jackery Bar Premium Fast-charging Portable Charger
OFF-BI-10000138,Office Supplies,Binders,Acco Translucent Poly Ring Binders
OFF-BI-10001078,Office Supplies,Binders,"Acco PRESSTEX Data Binder with Storage Hooks, Dark Blue, 14 7/8"" X 11"""
OFF-PA-10000246,Office Supplies,Paper,Riverleaf Stik-Withit Designer Note Cubes
OFF-ST-10000736,Office Supplies,Storage,Carina Double Wide Media Storage Towers in Natural & Black
FUR-TA-10001676,Furniture,Tables,Hon 61000 Series Interactive Training Tables
FUR-BO-10000362,Furniture,Bookcases,Sauder Inglewood Library Bookcases
FUR-FU-10000576,Furniture,Furnishings,Luxo Professional Fluorescent Magnifier Lamp with Clamp-Mount Base
FUR-FU-10002505,Furniture,Furnishings,Eldon 100 Class Desk Accessories
FUR-FU-10003878,Furniture,Furnishings,"Linden 10"" Round Wall Clock, Black"
FUR-FU-10004351,Furniture,Furnishings,Staple-based wall hangings
FUR-TA-10002607,Furniture,Tables,KI Conference Tables
OFF-AR-10004685,Office Supplies,Art,"Binney & Smith Crayola Metallic Colored Pencils, 8-Color Set"
OFF-PA-10000349,Office Supplies,Paper,Easy-staple paper
OFF-PA-10000482,Office Supplies,Paper,"Snap-A-Way Black Print Carbonless Ruled Speed Letter, Triplicate"
OFF-PA-10003349,Office Supplies,Paper,Xerox 1957
TEC-MA-10003356,Technology,Machines,Panasonic KX MC6040 Color Laser Multifunction Printer
TEC-PH-10000011,Technology,Phones,PureGear Roll-On Screen Protector
OFF-AP-10004859,Office Supplies,Appliances,Acco 6 Outlet Guardian Premium Surge Suppressor
OFF-AR-10000122,Office Supplies,Art,Newell 314
OFF-BI-10000829,Office Supplies,Binders,Avery Non-Stick Binders
OFF-LA-10000407,Office Supplies,Labels,Avery White Multi-Purpose Labels
OFF-LA-10000973,Office Supplies,Labels,Avery 502
OFF-ST-10001496,Office Supplies,Storage,Standard Rollaway File with Lock
OFF-ST-10003479,Office Supplies,Storage,"Eldon Base for stackable storage shelf, platinum"
OFF-SU-10002537,Office Supplies,Supplies,Acme Box Cutter Scissors
FUR-FU-10004306,Furniture,Furnishings,Electrix Halogen Magnifier Lamp
FUR-FU-10004845,Furniture,Furnishings,"Deflect-o EconoMat Nonstudded, No Bevel Mat"
OFF-BI-10000591,Office Supplies,Binders,Avery Binder Labels
OFF-BI-10001721,Office Supplies,Binders,Trimflex Flexible Post Binders
OFF-LA-10000452,Office Supplies,Labels,Avery 488
OFF-PA-10000157,Office Supplies,Paper,Xerox 191
OFF-PA-10000210,Office Supplies,Paper,Xerox Blank Computer Paper
OFF-PA-10001534,Office Supplies,Paper,Xerox 230
OFF-PA-10003656,Office Supplies,Paper,Xerox 1935
OFF-ST-10003306,Office Supplies,Storage,Letter Size Cart
TEC-AC-10001109,Technology,Accessories,Logitech Trackman Marble Mouse
TEC-AC-10002134,Technology,Accessories,Rosewill 107 Normal Keys USB Wired Standard Keyboard
TEC-AC-10003038,Technology,Accessories,Kingston Digital DataTraveler 16GB USB 2.0
TEC-AC-10003174,Technology,Accessories,Plantronics S12 Corded Telephone Headset System
TEC-PH-10001433,Technology,Phones,Cisco Small Business SPA 502G VoIP phone
TEC-PH-10001459,Technology,Phones,Samsung Galaxy Mega 6.3
TEC-PH-10001760,Technology,Phones,Bose SoundLink Bluetooth Speaker
OFF-BI-10003305,Office Supplies,Binders,Avery Hanging File Binders
OFF-FA-10002988,Office Supplies,Fasteners,Ideal Clamps
OFF-PA-10003441,Office Supplies,Paper,Xerox 226
OFF-PA-10004000,Office Supplies,Paper,"While You Were Out Pads, 50 per Pad, 4 x 5 1/4, Green Cycle"
FUR-CH-10002774,Furniture,Chairs,"Global Deluxe Stacking Chair, Gray"
FUR-TA-10001771,Furniture,Tables,"Bush Cubix Conference Tables, Fully Assembled"
TEC-MA-10002178,Technology,Machines,Cisco CP-7937G Unified IP Conference Station Phone
TEC-PH-10001198,Technology,Phones,Avaya 4621SW VoIP phone
FUR-TA-10004256,Furniture,Tables,Bretford “Just In Time” Height-Adjustable Multi-Task Work Tables
OFF-LA-10001297,Office Supplies,Labels,Avery 473
OFF-LA-10003720,Office Supplies,Labels,Avery 487
OFF-PA-10003441,Office Supplies,Paper,Xerox 226
FUR-FU-10004415,Furniture,Furnishings,"Stacking Tray, Side-Loading, Legal, Smoke"
FUR-TA-10003473,Furniture,Tables,Bretford Rectangular Conference Table Tops
OFF-BI-10001617,Office Supplies,Binders,GBC Wire Binding Combs
OFF-BI-10003784,Office Supplies,Binders,Computer Printout Index Tabs
OFF-BI-10004728,Office Supplies,Binders,Wilson Jones Turn Tabs Binder Tool for Ring Binders
OFF-LA-10004093,Office Supplies,Labels,Avery 486
TEC-AC-10002402,Technology,Accessories,Razer Kraken PRO Over Ear PC and Music Headset
TEC-AC-10003095,Technology,Accessories,Logitech G35 7.1-Channel Surround Sound Headset
FUR-CH-10000229,Furniture,Chairs,Global Enterprise Series Seating High-Back Swivel/Tilt Chairs
FUR-FU-10001424,Furniture,Furnishings,Dax Clear Box Frame
FUR-FU-10002157,Furniture,Furnishings,Artistic Insta-Plaque
OFF-AP-10001242,Office Supplies,Appliances,APC 7 Outlet Network SurgeArrest Surge Protector
OFF-AP-10002118,Office Supplies,Appliances,"1.7 Cubic Foot Compact ""Cube"" Office Refrigerators"
OFF-AP-10004036,Office Supplies,Appliances,Bionaire 99.97% HEPA Air Cleaner
OFF-AR-10003469,Office Supplies,Art,Nontoxic Chalk
OFF-BI-10001525,Office Supplies,Binders,"Acco Pressboard Covers with Storage Hooks, 14 7/8"" x 11"", Executive Red"
OFF-BI-10002309,Office Supplies,Binders,Avery Heavy-Duty EZD  Binder With Locking Rings
OFF-BI-10003910,Office Supplies,Binders,DXL Angle-View Binders with Locking Rings by Samsill
OFF-EN-10002500,Office Supplies,Envelopes,Globe Weis Peel & Seel First Class Envelopes
OFF-LA-10000240,Office Supplies,Labels,Self-Adhesive Address Labels for Typewriters by Universal
OFF-PA-10000232,Office Supplies,Paper,Xerox 1975
OFF-PA-10000241,Office Supplies,Paper,"IBM Multi-Purpose Copy Paper, 8 1/2 x 11"", Case"
OFF-PA-10000241,Office Supplies,Paper,"IBM Multi-Purpose Copy Paper, 8 1/2 x 11"", Case"
OFF-PA-10001970,Office Supplies,Paper,Xerox 1908
OFF-PA-10002160,Office Supplies,Paper,Xerox 1978
OFF-PA-10004782,Office Supplies,Paper,Xerox 228
OFF-ST-10000777,Office Supplies,Storage,"Companion Letter/Legal File, Black"
OFF-ST-10002562,Office Supplies,Storage,Staple magnet
TEC-MA-10002937,Technology,Machines,"Canon Color ImageCLASS MF8580Cdw Wireless Laser All-In-One Printer, Copier, Scanner"
TEC-PH-10003875,Technology,Phones,KLD Oscar II Style Snap-on Ultra Thin Side Flip Synthetic Leather Cover Case for HTC One HTC M7
FUR-CH-10001270,Furniture,Chairs,Harbour Creations Steel Folding Chair
FUR-CH-10004495,Furniture,Chairs,"Global Leather and Oak Executive Chair, Black"
OFF-AR-10003696,Office Supplies,Art,Panasonic KP-350BK Electric Pencil Sharpener with Auto Stop
OFF-BI-10002414,Office Supplies,Binders,GBC ProClick Spines for 32-Hole Punch
OFF-BI-10001989,Office Supplies,Binders,Premium Transparent Presentation Covers by GBC
OFF-LA-10003148,Office Supplies,Labels,Avery 51
TEC-PH-10003484,Technology,Phones,Ooma Telo VoIP Home Phone System
FUR-BO-10004218,Furniture,Bookcases,"Bush Heritage Pine Collection 5-Shelf Bookcase, Albany Pine Finish, *Special Order"
FUR-FU-10000206,Furniture,Furnishings,"GE General Purpose, Extra Long Life, Showcase & Floodlight Incandescent Bulbs"
FUR-TA-10001771,Furniture,Tables,"Bush Cubix Conference Tables, Fully Assembled"
FUR-TA-10003392,Furniture,Tables,Global Adaptabilities Conference Tables
FUR-TA-10004619,Furniture,Tables,Hon Non-Folding Utility Tables
OFF-AR-10001545,Office Supplies,Art,Newell 326
OFF-AR-10002255,Office Supplies,Art,Newell 346
OFF-BI-10002082,Office Supplies,Binders,GBC Twin Loop Wire Binding Elements
TEC-AC-10000521,Technology,Accessories,"Verbatim Slim CD and DVD Storage Cases, 50/Pack"
TEC-AC-10001013,Technology,Accessories,Logitech ClearChat Comfort/USB Headset H390
OFF-PA-10000483,Office Supplies,Paper,Xerox 19
OFF-LA-10001641,Office Supplies,Labels,Avery 518
OFF-PA-10001776,Office Supplies,Paper,"Wirebound Message Books, Four 2 3/4"" x 5"" Forms per Page, 600 Sets per Book"
TEC-MA-10003493,Technology,Machines,Penpower WorldCard Pro Card Scanner
FUR-BO-10004218,Furniture,Bookcases,"Bush Heritage Pine Collection 5-Shelf Bookcase, Albany Pine Finish, *Special Order"
FUR-CH-10003968,Furniture,Chairs,Novimex Turbo Task Chair
FUR-CH-10004853,Furniture,Chairs,"Global Manager's Adjustable Task Chair, Storm"
FUR-FU-10002298,Furniture,Furnishings,"Rubbermaid ClusterMat Chairmats, Mat Size- 66"" x 60"", Lip 20"" x 11"" -90 Degree Angle"
FUR-TA-10003715,Furniture,Tables,Hon 2111 Invitation Series Corner Table
OFF-AR-10001868,Office Supplies,Art,Prang Dustless Chalk Sticks
OFF-AR-10003829,Office Supplies,Art,Newell 35
OFF-BI-10001460,Office Supplies,Binders,Plastic Binding Combs
OFF-BI-10002003,Office Supplies,Binders,Ibico Presentation Index for Binding Systems
OFF-LA-10000081,Office Supplies,Labels,Avery 496
OFF-PA-10000587,Office Supplies,Paper,"Array Parchment Paper, Assorted Colors"
OFF-PA-10000806,Office Supplies,Paper,Xerox 1934
OFF-PA-10001497,Office Supplies,Paper,Xerox 1914
OFF-PA-10001569,Office Supplies,Paper,Xerox 232
OFF-ST-10000419,Office Supplies,Storage,"Rogers Jumbo File, Granite"
OFF-ST-10000604,Office Supplies,Storage,Home/Office Personal File Carts
TEC-AC-10002167,Technology,Accessories,Imation 8gb Micro Traveldrive Usb 2.0 Flash Drive
TEC-PH-10004539,Technology,Phones,Wireless Extenders zBoost YX545 SOHO Signal Booster
OFF-AP-10001394,Office Supplies,Appliances,Harmony Air Purifier
OFF-BI-10003910,Office Supplies,Binders,DXL Angle-View Binders with Locking Rings by Samsill
OFF-PA-10003134,Office Supplies,Paper,Xerox 1937
OFF-PA-10004610,Office Supplies,Paper,Xerox 1900
OFF-PA-10003022,Office Supplies,Paper,Xerox 1992
OFF-PA-10000350,Office Supplies,Paper,"Message Book, Standard Line ""While You Were Out"", 5 1/2"" X 4"", 200 Sets/Book"
FUR-CH-10003846,Furniture,Chairs,Hon Valutask Swivel Chairs
FUR-FU-10004270,Furniture,Furnishings,"Executive Impressions 13"" Clairmont Wall Clock"
OFF-AP-10001058,Office Supplies,Appliances,Sanyo 2.5 Cubic Foot Mid-Size Office Refrigerators
OFF-AP-10003971,Office Supplies,Appliances,Belkin 6 Outlet Metallic Surge Strip
OFF-AR-10002335,Office Supplies,Art,DIXON Oriole Pencils
OFF-BI-10000320,Office Supplies,Binders,GBC Plastic Binding Combs
OFF-BI-10004826,Office Supplies,Binders,JM Magazine Binder
OFF-PA-10000809,Office Supplies,Paper,Xerox 206
OFF-PA-10001745,Office Supplies,Paper,"Wirebound Message Books, 2 7/8"" x 5"", 3 Forms per Page"
OFF-PA-10001870,Office Supplies,Paper,Xerox 202
OFF-PA-10001870,Office Supplies,Paper,Xerox 202
OFF-PA-10002986,Office Supplies,Paper,Xerox 1898
OFF-ST-10001469,Office Supplies,Storage,Fellowes Bankers Box Recycled Super Stor/Drawer
TEC-AC-10001109,Technology,Accessories,Logitech Trackman Marble Mouse
TEC-AC-10002167,Technology,Accessories,Imation 8gb Micro Traveldrive Usb 2.0 Flash Drive
TEC-AC-10004877,Technology,Accessories,Imation 30456 USB Flash Drive 8GB
TEC-PH-10003988,Technology,Phones,"LF Elite 3D Dazzle Designer Hard Case Cover, Lf Stylus Pen and Wiper For Apple Iphone 5c Mini Lite"
FUR-BO-10003272,Furniture,Bookcases,O'Sullivan Living Dimensions 5-Shelf Bookcases
OFF-BI-10001553,Office Supplies,Binders,SpineVue Locking Slant-D Ring Binders by Cardinal
OFF-BI-10003007,Office Supplies,Binders,"Premium Transparent Presentation Covers, No Pattern/Clear, 8 1/2"" x 11"""
OFF-BI-10003727,Office Supplies,Binders,Avery Durable Slant Ring Binders With Label Holder
OFF-FA-10004076,Office Supplies,Fasteners,Translucent Push Pins by OIC
OFF-LA-10000248,Office Supplies,Labels,Avery 52
OFF-LA-10001934,Office Supplies,Labels,Avery 516
OFF-LA-10003510,Office Supplies,Labels,"Avery 4027 File Folder Labels for Dot Matrix Printers, 5000 Labels per Box, White"
OFF-LA-10003720,Office Supplies,Labels,Avery 487
OFF-PA-10001019,Office Supplies,Paper,Xerox 1884
OFF-PA-10003129,Office Supplies,Paper,Tops White Computer Printout Paper
OFF-ST-10000060,Office Supplies,Storage,Fellowes Bankers Box Staxonsteel Drawer File/Stacking System
OFF-ST-10003638,Office Supplies,Storage,Mobile Personal File Cube
OFF-SU-10000157,Office Supplies,Supplies,Compact Automatic Electric Letter Opener
TEC-PH-10003012,Technology,Phones,Nortel Meridian M3904 Professional Digital phone
OFF-AP-10001242,Office Supplies,Appliances,APC 7 Outlet Network SurgeArrest Surge Protector
OFF-AP-10002082,Office Supplies,Appliances,Holmes HEPA Air Purifier
OFF-PA-10000418,Office Supplies,Paper,Xerox 189
TEC-MA-10000984,Technology,Machines,Okidata MB760 Printer
TEC-PH-10001305,Technology,Phones,Panasonic KX TS208W Corded phone
TEC-PH-10004833,Technology,Phones,Macally Suction Cup Mount
FUR-CH-10001146,Furniture,Chairs,"Global Value Mid-Back Manager's Chair, Gray"
FUR-CH-10002965,Furniture,Chairs,"Global Leather Highback Executive Chair with Pneumatic Height Adjustment, Black"
FUR-FU-10003919,Furniture,Furnishings,Eldon Executive Woodline II Cherry Finish Desk Accessories
OFF-AP-10000692,Office Supplies,Appliances,Fellowes Mighty 8 Compact Surge Protector
OFF-BI-10004781,Office Supplies,Binders,GBC Wire Binding Strips
OFF-ST-10001713,Office Supplies,Storage,"Gould Plastics 9-Pocket Panel Bin, 18-3/8w x 5-1/4d x 20-1/2h, Black"
FUR-FU-10002364,Furniture,Furnishings,"Eldon Expressions Wood Desk Accessories, Oak"
FUR-FU-10003976,Furniture,Furnishings,"DAX Executive Solid Wood Document Frame, Desktop or Hang, Mahogany, 5 x 7"
OFF-AR-10001547,Office Supplies,Art,Newell 311
OFF-AR-10003045,Office Supplies,Art,Prang Colored Pencils
OFF-BI-10000773,Office Supplies,Binders,Insertable Tab Post Binder Dividers
OFF-FA-10000624,Office Supplies,Fasteners,OIC Binder Clips
OFF-PA-10000357,Office Supplies,Paper,"White Dual Perf Computer Printout Paper, 2700 Sheets, 1 Part, Heavyweight, 20 lbs., 14 7/8 x 11"
OFF-PA-10002870,Office Supplies,Paper,"Ampad Phone Message Book, Recycled, 400 Message Capacity, 5 ¾” x 11”"
OFF-ST-10000617,Office Supplies,Storage,Woodgrain Magazine Files by Perma
OFF-ST-10000689,Office Supplies,Storage,"Fellowes Strictly Business Drawer File, Letter/Legal Size"
OFF-ST-10001837,Office Supplies,Storage,"SAFCO Mobile Desk Side File, Wire Frame"
OFF-SU-10003505,Office Supplies,Supplies,Premier Electric Letter Opener
TEC-AC-10000397,Technology,Accessories,"Perixx PERIBOARD-512B, Ergonomic Split Keyboard"
TEC-AC-10002018,Technology,Accessories,AmazonBasics 3-Button USB Wired Mouse
TEC-AC-10003133,Technology,Accessories,Memorex Mini Travel Drive 4 GB USB 2.0 Flash Drive
TEC-PH-10004434,Technology,Phones,Cisco IP Phone 7961G VoIP phone - Dark gray
FUR-CH-10003981,Furniture,Chairs,Global Commerce Series Low-Back Swivel/Tilt Chairs
OFF-PA-10000575,Office Supplies,Paper,"Wirebound Message Books, Four 2 3/4 x 5 White Forms per Page"
TEC-PH-10003484,Technology,Phones,Ooma Telo VoIP Home Phone System
FUR-CH-10003535,Furniture,Chairs,"Global Armless Task Chair, Royal Blue"
OFF-AP-10000595,Office Supplies,Appliances,Disposable Triple-Filter Dust Bags
OFF-AP-10002311,Office Supplies,Appliances,"Holmes Replacement Filter for HEPA Air Cleaner, Very Large Room, HEPA Filter"
OFF-BI-10001524,Office Supplies,Binders,GBC Premium Transparent Covers with Diagonal Lined Pattern
OFF-BI-10002003,Office Supplies,Binders,Ibico Presentation Index for Binding Systems
OFF-BI-10002764,Office Supplies,Binders,Recycled Pressboard Report Cover with Reinforced Top Hinge
OFF-PA-10003039,Office Supplies,Paper,Xerox 1960
TEC-PH-10001299,Technology,Phones,Polycom CX300 Desktop Phone USB VoIP phone
OFF-ST-10001321,Office Supplies,Storage,"Decoflex Hanging Personal Folder File, Blue"
OFF-ST-10000563,Office Supplies,Storage,Fellowes Bankers Box Stor/Drawer Steel Plus
FUR-BO-10004695,Furniture,Bookcases,O'Sullivan 2-Door Barrister Bookcase in Odessa Pine
OFF-AR-10004344,Office Supplies,Art,Bulldog Vacuum Base Pencil Sharpener
TEC-AC-10003038,Technology,Accessories,Kingston Digital DataTraveler 16GB USB 2.0
OFF-BI-10000145,Office Supplies,Binders,Zipper Ring Binder Pockets
OFF-BI-10002215,Office Supplies,Binders,"Wilson Jones Hanging View Binder, White, 1"""
OFF-BI-10003364,Office Supplies,Binders,Binding Machine Supplies
OFF-LA-10001474,Office Supplies,Labels,Avery 477
OFF-PA-10000788,Office Supplies,Paper,Xerox 210
OFF-PA-10001950,Office Supplies,Paper,Southworth 25% Cotton Antique Laid Paper & Envelopes
TEC-AC-10001635,Technology,Accessories,KeyTronic KT400U2 - Keyboard - Black
TEC-CO-10000971,Technology,Copiers,Hewlett Packard 310 Color Digital Copier
FUR-CH-10000665,Furniture,Chairs,"Global Airflow Leather Mesh Back Chair, Black"
FUR-CH-10002126,Furniture,Chairs,Hon Deluxe Fabric Upholstered Stacking Chairs
OFF-AR-10003986,Office Supplies,Art,Avery Hi-Liter Pen Style Six-Color Fluorescent Set
OFF-PA-10000520,Office Supplies,Paper,Xerox 201
OFF-AP-10000938,Office Supplies,Appliances,Avanti 1.7 Cu. Ft. Refrigerator
OFF-FA-10001135,Office Supplies,Fasteners,"Brites Rubber Bands, 1 1/2 oz. Box"
OFF-PA-10000167,Office Supplies,Paper,Xerox 1925
OFF-PA-10000552,Office Supplies,Paper,Xerox 200
FUR-BO-10001811,Furniture,Bookcases,"Atlantic Metals Mobile 5-Shelf Bookcases, Custom Colors"
FUR-FU-10000221,Furniture,Furnishings,"Master Caster Door Stop, Brown"
FUR-FU-10000221,Furniture,Furnishings,"Master Caster Door Stop, Brown"
OFF-EN-10003567,Office Supplies,Envelopes,"Inter-Office Recycled Envelopes, Brown Kraft, Button-String,10"" x 13"" , 100/Box"
OFF-ST-10002486,Office Supplies,Storage,Eldon Shelf Savers Cubes and Bins
TEC-PH-10001198,Technology,Phones,Avaya 4621SW VoIP phone
TEC-PH-10002564,Technology,Phones,OtterBox Defender Series Case - Samsung Galaxy S4
FUR-CH-10000785,Furniture,Chairs,Global Ergonomic Managers Chair
FUR-CH-10003061,Furniture,Chairs,"Global Leather Task Chair, Black"
FUR-FU-10003039,Furniture,Furnishings,"Howard Miller 11-1/2"" Diameter Grantwood Wall Clock"
FUR-FU-10004973,Furniture,Furnishings,Flat Face Poster Frame
OFF-AR-10004602,Office Supplies,Art,Boston KS Multi-Size Manual Pencil Sharpener
OFF-BI-10001308,Office Supplies,Binders,GBC Standard Plastic Binding Systems' Combs
OFF-BI-10001525,Office Supplies,Binders,"Acco Pressboard Covers with Storage Hooks, 14 7/8"" x 11"", Executive Red"
OFF-FA-10000936,Office Supplies,Fasteners,Acco Hot Clips Clips to Go
OFF-LA-10002945,Office Supplies,Labels,"Permanent Self-Adhesive File Folder Labels for Typewriters, 1 1/8 x 3 1/2, White"
OFF-PA-10001609,Office Supplies,Paper,Tops Wirebound Message Log Books
OFF-PA-10002923,Office Supplies,Paper,Xerox 1942
OFF-PA-10003441,Office Supplies,Paper,Xerox 226
OFF-SU-10004664,Office Supplies,Supplies,Acme Softgrip Scissors
TEC-CO-10003763,Technology,Copiers,Canon PC1060 Personal Laser Copier
TEC-PH-10002310,Technology,Phones,Panasonic KX T7731-B Digital phone
FUR-CH-10004287,Furniture,Chairs,SAFCO Arco Folding Chair
OFF-AR-10000588,Office Supplies,Art,Newell 345
OFF-BI-10001634,Office Supplies,Binders,Wilson Jones Active Use Binders
OFF-BI-10002082,Office Supplies,Binders,GBC Twin Loop Wire Binding Elements
OFF-BI-10004209,Office Supplies,Binders,"Fellowes Twister Kit, Gray/Clear, 3/pkg"
OFF-PA-10000289,Office Supplies,Paper,Xerox 213
OFF-PA-10004965,Office Supplies,Paper,Xerox 1921
OFF-ST-10001505,Office Supplies,Storage,"Perma STOR-ALL Hanging File Box, 13 1/8""W x 12 1/4""D x 10 1/2""H"
TEC-PH-10001580,Technology,Phones,Logitech Mobile Speakerphone P710e - speaker phone
TEC-PH-10002824,Technology,Phones,Jabra SPEAK 410 Multidevice Speakerphone
TEC-PH-10004345,Technology,Phones,Cisco SPA 502G IP Phone
FUR-CH-10004287,Furniture,Chairs,SAFCO Arco Folding Chair
OFF-BI-10001634,Office Supplies,Binders,Wilson Jones Active Use Binders
OFF-BI-10002082,Office Supplies,Binders,GBC Twin Loop Wire Binding Elements
OFF-ST-10001505,Office Supplies,Storage,"Perma STOR-ALL Hanging File Box, 13 1/8""W x 12 1/4""D x 10 1/2""H"
FUR-CH-10002335,Furniture,Chairs,Hon GuestStacker Chair
FUR-FU-10000723,Furniture,Furnishings,"Deflect-o EconoMat Studded, No Bevel Mat for Low Pile Carpeting"
OFF-AR-10002135,Office Supplies,Art,Boston Heavy-Duty Trimline Electric Pencil Sharpeners
OFF-BI-10001658,Office Supplies,Binders,GBC Standard Therm-A-Bind Covers
OFF-ST-10000689,Office Supplies,Storage,"Fellowes Strictly Business Drawer File, Letter/Legal Size"
OFF-ST-10001325,Office Supplies,Storage,Sterilite Officeware Hinged File Box
TEC-MA-10000904,Technology,Machines,"Brother MFC-9340CDW LED All-In-One Printer, Copier Scanner"
TEC-PH-10000149,Technology,Phones,Cisco SPA525G2 IP Phone - Wireless
FUR-BO-10004695,Furniture,Bookcases,O'Sullivan 2-Door Barrister Bookcase in Odessa Pine
FUR-FU-10000073,Furniture,Furnishings,Deflect-O Glasstique Clear Desk Accessories
FUR-FU-10004848,Furniture,Furnishings,"Howard Miller 13-3/4"" Diameter Brushed Chrome Round Wall Clock"
OFF-AP-10002998,Office Supplies,Appliances,Holmes 99% HEPA Air Purifier
OFF-AR-10004999,Office Supplies,Art,Newell 315
OFF-BI-10001031,Office Supplies,Binders,Pressboard Data Binders by Wilson Jones
OFF-BI-10002160,Office Supplies,Binders,Acco Hanging Data Binders
OFF-BI-10003963,Office Supplies,Binders,Cardinal Holdit Data Disk Pockets
OFF-BI-10004094,Office Supplies,Binders,GBC Standard Plastic Binding Systems Combs
OFF-FA-10000936,Office Supplies,Fasteners,Acco Hot Clips Clips to Go
OFF-FA-10002988,Office Supplies,Fasteners,Ideal Clamps
OFF-PA-10001497,Office Supplies,Paper,Xerox 1914
OFF-ST-10004634,Office Supplies,Storage,"Personal Folder Holder, Ebony"
OFF-SU-10004115,Office Supplies,Supplies,Acme Stainless Steel Office Snips
TEC-AC-10002345,Technology,Accessories,HP Standard 104 key PS/2 Keyboard
TEC-PH-10002262,Technology,Phones,LG Electronics Tone+ HBS-730 Bluetooth Headset
TEC-PH-10003437,Technology,Phones,Blue Parrot B250XT Professional Grade Wireless Bluetooth Headset with
TEC-PH-10004093,Technology,Phones,Panasonic Kx-TS550
FUR-CH-10004886,Furniture,Chairs,Bevis Steel Folding Chairs
OFF-PA-10003641,Office Supplies,Paper,Xerox 1909
OFF-SU-10000952,Office Supplies,Supplies,Fiskars Home & Office Scissors
FUR-FU-10001940,Furniture,Furnishings,Staple-based wall hangings
OFF-AR-10003338,Office Supplies,Art,"Eberhard Faber 3 1/2"" Golf Pencils"
OFF-BI-10002764,Office Supplies,Binders,Recycled Pressboard Report Cover with Reinforced Top Hinge
OFF-BI-10004728,Office Supplies,Binders,Wilson Jones Turn Tabs Binder Tool for Ring Binders
OFF-EN-10001509,Office Supplies,Envelopes,Poly String Tie Envelopes
OFF-PA-10001461,Office Supplies,Paper,HP Office Paper (20Lb. and 87 Bright)
OFF-PA-10001950,Office Supplies,Paper,Southworth 25% Cotton Antique Laid Paper & Envelopes
OFF-ST-10001328,Office Supplies,Storage,"Personal Filing Tote with Lid, Black/Gray"
OFF-SU-10001574,Office Supplies,Supplies,Acme Value Line Scissors
TEC-AC-10000358,Technology,Accessories,Imation Secure Drive + Hardware Encrypted USB flash drive - 16 GB
TEC-PH-10001425,Technology,Phones,Mophie Juice Pack Helium for iPhone
TEC-PH-10003963,Technology,Phones,GE 2-Jack Phone Line Splitter
FUR-FU-10001847,Furniture,Furnishings,Eldon Image Series Black Desk Accessories
FUR-FU-10004164,Furniture,Furnishings,"Eldon 300 Class Desk Accessories, Black"
OFF-AP-10002892,Office Supplies,Appliances,Belkin F5C206VTEL 6 Outlet Surge
OFF-AP-10004487,Office Supplies,Appliances,Kensington 4 Outlet MasterPiece Compact Power Control Center
OFF-BI-10000042,Office Supplies,Binders,"Pressboard Data Binder, Crimson, 12"" X 8 1/2"""
OFF-LA-10001074,Office Supplies,Labels,Round Specialty Laser Printer Labels
OFF-PA-10001471,Office Supplies,Paper,Strathmore Photo Frame Cards
OFF-PA-10001892,Office Supplies,Paper,"Rediform Wirebound ""Phone Memo"" Message Book, 11 x 5-3/4"
OFF-PA-10001934,Office Supplies,Paper,Xerox 1993
OFF-PA-10004071,Office Supplies,Paper,"Eaton Premium Continuous-Feed Paper, 25% Cotton, Letter Size, White, 1000 Shts/Box"
OFF-ST-10000078,Office Supplies,Storage,Tennsco 6- and 18-Compartment Lockers
OFF-ST-10000604,Office Supplies,Storage,Home/Office Personal File Carts
OFF-ST-10002344,Office Supplies,Storage,"Carina 42""Hx23 3/4""W Media Storage Unit"
OFF-ST-10003479,Office Supplies,Storage,"Eldon Base for stackable storage shelf, platinum"
TEC-AC-10004595,Technology,Accessories,First Data TMFD35 PIN Pad
TEC-PH-10000148,Technology,Phones,Cyber Acoustics AC-202b Speech Recognition Stereo Headset
TEC-PH-10001760,Technology,Phones,Bose SoundLink Bluetooth Speaker
FUR-CH-10000988,Furniture,Chairs,Hon Olson Stacker Stools
FUR-CH-10002331,Furniture,Chairs,Hon 4700 Series Mobuis Mid-Back Task Chairs with Adjustable Arms
FUR-CH-10002335,Furniture,Chairs,Hon GuestStacker Chair
OFF-AR-10001545,Office Supplies,Art,Newell 326
OFF-BI-10004967,Office Supplies,Binders,Round Ring Binders
OFF-PA-10004971,Office Supplies,Paper,Xerox 196
OFF-ST-10000689,Office Supplies,Storage,"Fellowes Strictly Business Drawer File, Letter/Legal Size"
OFF-ST-10001476,Office Supplies,Storage,Steel Personal Filing/Posting Tote
OFF-ST-10002292,Office Supplies,Storage,"Sauder Facets Collection Locker/File Cabinet, Sky Alder Finish"
OFF-SU-10004782,Office Supplies,Supplies,"Elite 5"" Scissors"
TEC-AC-10000487,Technology,Accessories,SanDisk Cruzer 4 GB USB Flash Drive
TEC-PH-10001924,Technology,Phones,iHome FM Clock Radio with Lightning Dock
FUR-BO-10003546,Furniture,Bookcases,Hon 4-Shelf Metal Bookcases
FUR-FU-10001185,Furniture,Furnishings,"Advantus Employee of the Month Certificate Frame, 11 x 13-1/2"
OFF-BI-10000404,Office Supplies,Binders,Avery Printable Repositionable Plastic Tabs
OFF-BI-10003007,Office Supplies,Binders,"Premium Transparent Presentation Covers, No Pattern/Clear, 8 1/2"" x 11"""
OFF-PA-10001033,Office Supplies,Paper,Xerox 1893
OFF-ST-10002485,Office Supplies,Storage,Rogers Deluxe File Chest
TEC-AC-10003095,Technology,Accessories,Logitech G35 7.1-Channel Surround Sound Headset
TEC-PH-10002070,Technology,Phones,Griffin GC36547 PowerJolt SE Lightning Charger
TEC-PH-10003589,Technology,Phones,invisibleSHIELD by ZAGG Smudge-Free Screen Protector
FUR-CH-10002961,Furniture,Chairs,"Leather Task Chair, Black"
OFF-AR-10000914,Office Supplies,Art,Boston 16765 Mini Stand Up Battery Pencil Sharpener
OFF-BI-10000301,Office Supplies,Binders,GBC Instant Report Kit
OFF-BI-10001116,Office Supplies,Binders,"Wilson Jones 1"" Hanging DublLock Ring Binders"
OFF-EN-10003001,Office Supplies,Envelopes,Ames Color-File Green Diamond Border X-ray Mailers
OFF-LA-10000262,Office Supplies,Labels,Avery 494
OFF-LA-10003766,Office Supplies,Labels,Self-Adhesive Removable Labels
OFF-ST-10002276,Office Supplies,Storage,Safco Steel Mobile File Cart
OFF-ST-10004340,Office Supplies,Storage,"Fellowes Mobile File Cart, Black"
FUR-FU-10000794,Furniture,Furnishings,"Eldon Stackable Tray, Side-Load, Legal, Smoke"
FUR-FU-10002456,Furniture,Furnishings,"Master Caster Door Stop, Large Neon Orange"
OFF-AP-10002350,Office Supplies,Appliances,Belkin F9H710-06 7 Outlet SurgeMaster Surge Protector
OFF-AR-10001761,Office Supplies,Art,Avery Hi-Liter Smear-Safe Highlighters
OFF-AR-10002221,Office Supplies,Art,12 Colored Short Pencils
OFF-BI-10002012,Office Supplies,Binders,Wilson Jones Easy Flow II Sheet Lifters
OFF-LA-10003766,Office Supplies,Labels,Self-Adhesive Removable Labels
OFF-PA-10002262,Office Supplies,Paper,Xerox 192
OFF-PA-10004100,Office Supplies,Paper,Xerox 216
OFF-ST-10001932,Office Supplies,Storage,Fellowes Staxonsteel Drawer Files
OFF-SU-10004261,Office Supplies,Supplies,"Fiskars 8"" Scissors, 2/Pack"
TEC-AC-10004975,Technology,Accessories,Plantronics Audio 995 Wireless Stereo Headset
OFF-AP-10003266,Office Supplies,Appliances,"Holmes Replacement Filter for HEPA Air Cleaner, Large Room"
OFF-AR-10001216,Office Supplies,Art,Newell 339
OFF-AR-10001953,Office Supplies,Art,Boston 1645 Deluxe Heavier-Duty Electric Pencil Sharpener
OFF-AR-10002956,Office Supplies,Art,Boston 16801 Nautilus Battery Pencil Sharpener
OFF-BI-10000948,Office Supplies,Binders,"GBC Laser Imprintable Binding System Covers, Desert Sand"
OFF-BI-10004364,Office Supplies,Binders,Storex Dura Pro Binders
OFF-PA-10004355,Office Supplies,Paper,Xerox 231
OFF-SU-10001165,Office Supplies,Supplies,Acme Elite Stainless Steel Scissors
TEC-MA-10004002,Technology,Machines,Zebra GX420t Direct Thermal/Thermal Transfer Printer
TEC-PH-10004100,Technology,Phones,Griffin GC17055 Auxiliary Audio Cable
FUR-CH-10001708,Furniture,Chairs,Office Star - Contemporary Swivel Chair with Padded Adjustable Arms and Flex Back
OFF-AR-10004456,Office Supplies,Art,Panasonic KP-4ABK Battery-Operated Pencil Sharpener
FUR-CH-10002602,Furniture,Chairs,DMI Arturo Collection Mission-style Design Wood Chair
FUR-CH-10004626,Furniture,Chairs,Office Star Flex Back Scooter Chair with Aluminum Finish Frame
FUR-FU-10000073,Furniture,Furnishings,Deflect-O Glasstique Clear Desk Accessories
FUR-FU-10001756,Furniture,Furnishings,"Eldon Expressions Desk Accessory, Wood Photo Frame, Mahogany"
FUR-FU-10004864,Furniture,Furnishings,"Howard Miller 14-1/2"" Diameter Chrome Round Wall Clock"
FUR-TA-10004915,Furniture,Tables,"Office Impressions End Table, 20-1/2""H x 24""W x 20""D"
OFF-AP-10000026,Office Supplies,Appliances,Tripp Lite Isotel 6 Outlet Surge Protector with Fax/Modem Protection
OFF-AR-10001419,Office Supplies,Art,Newell 325
OFF-BI-10002498,Office Supplies,Binders,Clear Mylar Reinforcing Strips
OFF-BI-10003694,Office Supplies,Binders,"Avery 3 1/2"" Diskette Storage Pages, 10/Pack"
OFF-EN-10003040,Office Supplies,Envelopes,Quality Park Security Envelopes
OFF-FA-10000624,Office Supplies,Fasteners,OIC Binder Clips
OFF-LA-10004345,Office Supplies,Labels,Avery 493
OFF-PA-10004665,Office Supplies,Paper,Advantus Motivational Note Cards
OFF-PA-10004996,Office Supplies,Paper,"Speediset Carbonless Redi-Letter 7"" x 8 1/2"""
OFF-ST-10000321,Office Supplies,Storage,Akro Stacking Bins
TEC-AC-10003116,Technology,Accessories,Memorex Froggy Flash Drive 8 GB
TEC-CO-10001449,Technology,Copiers,Hewlett Packard LaserJet 3310 Copier
TEC-PH-10002262,Technology,Phones,LG Electronics Tone+ HBS-730 Bluetooth Headset
FUR-BO-10004409,Furniture,Bookcases,"Safco Value Mate Series Steel Bookcases, Baked Enamel Finish on Steel, Gray"
FUR-FU-10003691,Furniture,Furnishings,"Eldon Image Series Desk Accessories, Ebony"
FUR-FU-10003806,Furniture,Furnishings,"Tenex Chairmat w/ Average Lip, 45"" x 53"""
OFF-AP-10004052,Office Supplies,Appliances,"Hoover Replacement Belts For Soft Guard & Commercial Ltweight Upright Vacs, 2/Pk"
OFF-BI-10000545,Office Supplies,Binders,GBC Ibimaster 500 Manual ProClick Binding System
OFF-FA-10000735,Office Supplies,Fasteners,Staples
OFF-LA-10000305,Office Supplies,Labels,Avery 495
OFF-PA-10002120,Office Supplies,Paper,Xerox 1889
OFF-BI-10000201,Office Supplies,Binders,"Avery Triangle Shaped Sheet Lifters, Black, 2/Pack"
OFF-BI-10002429,Office Supplies,Binders,"Premier Elliptical Ring Binder, Black"
OFF-ST-10001713,Office Supplies,Storage,"Gould Plastics 9-Pocket Panel Bin, 18-3/8w x 5-1/4d x 20-1/2h, Black"
OFF-ST-10003816,Office Supplies,Storage,Fellowes High-Stak Drawer Files
OFF-AP-10003849,Office Supplies,Appliances,Hoover Shoulder Vac Commercial Portable Vacuum
OFF-BI-10002353,Office Supplies,Binders,GBC VeloBind Cover Sets
OFF-LA-10003663,Office Supplies,Labels,Avery 498
OFF-ST-10001780,Office Supplies,Storage,Tennsco 16-Compartment Lockers with Coat Rack
FUR-FU-10002918,Furniture,Furnishings,Eldon ClusterMat Chair Mat with Cordless Antistatic Protection
FUR-TA-10002774,Furniture,Tables,Laminate Occasional Tables
OFF-AP-10001005,Office Supplies,Appliances,Honeywell Quietcare HEPA Air Cleaner
TEC-PH-10001079,Technology,Phones,Polycom SoundPoint Pro SE-225 Corded phone
TEC-PH-10004042,Technology,Phones,ClearOne Communications CHAT 70 OC Speaker Phone
FUR-FU-10004864,Furniture,Furnishings,Eldon 500 Class Desk Accessories
OFF-AP-10002892,Office Supplies,Appliances,Belkin F5C206VTEL 6 Outlet Surge
OFF-PA-10000249,Office Supplies,Paper,Easy-staple paper
TEC-PH-10002885,Technology,Phones,Apple iPhone 5
FUR-TA-10001691,Furniture,Tables,"Barricks Non-Folding Utility Table with Steel Legs, Laminate Tops"
OFF-BI-10000285,Office Supplies,Binders,XtraLife ClearVue Slant-D Ring Binders by Cardinal
TEC-PH-10001918,Technology,Phones,Nortel Business Series Terminal T7208 Digital phone
OFF-EN-10002504,Office Supplies,Envelopes,"Tyvek  Top-Opening Peel & Seel Envelopes, Plain White"
TEC-AC-10004803,Technology,Accessories,Sony Micro Vault Click 4 GB USB 2.0 Flash Drive
FUR-FU-10001591,Furniture,Furnishings,Advantus Panel Wall Certificate Holder - 8.5x11
OFF-BI-10000343,Office Supplies,Binders,"Pressboard Covers with Storage Hooks, 9 1/2"" x 11"", Light Blue"
OFF-BI-10002003,Office Supplies,Binders,Ibico Presentation Index for Binding Systems
OFF-BI-10003291,Office Supplies,Binders,Wilson Jones Leather-Like Binders with DublLock Round Rings
OFF-LA-10002034,Office Supplies,Labels,Avery 478
OFF-LA-10004484,Office Supplies,Labels,Avery 476
OFF-SU-10002573,Office Supplies,Supplies,"Acme 10"" Easy Grip Assistive Scissors"
TEC-PH-10002275,Technology,Phones,Mitel 5320 IP Phone VoIP phone
OFF-AR-10000538,Office Supplies,Art,"Boston Model 1800 Electric Pencil Sharpener, Gray"
OFF-AR-10002399,Office Supplies,Art,"Dixon Prang Watercolor Pencils, 10-Color Set with Brush"
OFF-PA-10000474,Office Supplies,Paper,Easy-staple paper
TEC-PH-10001700,Technology,Phones,Panasonic KX-TG6844B Expandable Digital Cordless Telephone
TEC-AC-10003610,Technology,Accessories,Logitech Illuminated - Keyboard
FUR-TA-10001932,Furniture,Tables,"Chromcraft 48"" x 96"" Racetrack Double Pedestal Table"
OFF-AP-10004487,Office Supplies,Appliances,Kensington 4 Outlet MasterPiece Compact Power Control Center
OFF-BI-10002160,Office Supplies,Binders,Acco Hanging Data Binders
OFF-FA-10000585,Office Supplies,Fasteners,OIC Bulk Pack Metal Binder Clips
OFF-FA-10001883,Office Supplies,Fasteners,"Alliance Super-Size Bands, Assorted Sizes"
OFF-PA-10001994,Office Supplies,Paper,"Ink Jet Note and Greeting Cards, 8-1/2"" x 5-1/2"" Card Size"
OFF-PA-10003270,Office Supplies,Paper,Xerox 1954
OFF-AP-10004336,Office Supplies,Appliances,"Conquest 14 Commercial Heavy-Duty Upright Vacuum, Collection System, Accessory Kit"
OFF-AR-10004587,Office Supplies,Art,"Boston 1827 Commercial Additional Cutter, Drive Gear & Gear Rack for 1606"
OFF-BI-10001718,Office Supplies,Binders,GBC DocuBind P50 Personal Binding Machine
OFF-AP-10002518,Office Supplies,Appliances,Kensington 7 Outlet MasterPiece Power Center
OFF-BI-10003314,Office Supplies,Binders,Tuff Stuff Recycled Round Ring Binders
OFF-BI-10004465,Office Supplies,Binders,Avery Durable Slant Ring Binders
OFF-PA-10000130,Office Supplies,Paper,Xerox 199
TEC-PH-10002350,Technology,Phones,Apple EarPods with Remote and Mic
OFF-BI-10003007,Office Supplies,Binders,"Premium Transparent Presentation Covers, No Pattern/Clear, 8 1/2"" x 11"""
OFF-BI-10003305,Office Supplies,Binders,Avery Hanging File Binders
OFF-PA-10001870,Office Supplies,Paper,Xerox 202
FUR-CH-10000225,Furniture,Chairs,"Global Geo Office Task Chair, Gray"
FUR-TA-10001095,Furniture,Tables,Chromcraft Round Conference Tables
FUR-TA-10002533,Furniture,Tables,BPI Conference Tables
OFF-AR-10000914,Office Supplies,Art,Boston 16765 Mini Stand Up Battery Pencil Sharpener
OFF-PA-10000029,Office Supplies,Paper,Xerox 224
OFF-ST-10000078,Office Supplies,Storage,Tennsco 6- and 18-Compartment Lockers
TEC-AC-10004145,Technology,Accessories,Logitech diNovo Edge Keyboard
FUR-BO-10001337,Furniture,Bookcases,O'Sullivan Living Dimensions 2-Shelf Bookcases
OFF-AP-10002222,Office Supplies,Appliances,Staple holder
OFF-AP-10002534,Office Supplies,Appliances,3.6 Cubic Foot Counter Height Office Refrigerator
OFF-BI-10000138,Office Supplies,Binders,Acco Translucent Poly Ring Binders
OFF-BI-10002309,Office Supplies,Binders,Avery Heavy-Duty EZD  Binder With Locking Rings
OFF-BI-10003529,Office Supplies,Binders,Avery Round Ring Poly Binders
OFF-LA-10003923,Office Supplies,Labels,Alphabetical Labels for Top Tab Filing
OFF-PA-10004947,Office Supplies,Paper,Easy-staple paper
OFF-SU-10003505,Office Supplies,Supplies,Premier Electric Letter Opener
TEC-AC-10000158,Technology,Accessories,Sony 64GB Class 10 Micro SDHC R40 Memory Card
OFF-PA-10000551,Office Supplies,Paper,Array Memo Cubes
OFF-PA-10000552,Office Supplies,Paper,Xerox 200
TEC-AC-10000420,Technology,Accessories,Logitech G500s Laser Gaming Mouse with Adjustable Weight Tuning
TEC-MA-10000423,Technology,Machines,Texas Instruments TI-34 Scientific Calculator
TEC-PH-10001530,Technology,Phones,Plantronics Voyager Pro Legend
TEC-PH-10003580,Technology,Phones,Cisco IP Phone 7961G-GE VoIP phone
FUR-CH-10000988,Furniture,Chairs,Hon Olson Stacker Stools
FUR-FU-10004071,Furniture,Furnishings,Luxo Professional Magnifying Clamp-On Fluorescent Lamps
OFF-AP-10003287,Office Supplies,Appliances,Tripp Lite TLP810NET Broadband Surge for Modem/Fax
OFF-BI-10001989,Office Supplies,Binders,Premium Transparent Presentation Covers by GBC
OFF-LA-10000452,Office Supplies,Labels,Avery 488
OFF-PA-10004911,Office Supplies,Paper,"Rediform S.O.S. 1-Up Phone Message Bk, 4-1/4x3-1/16 Bk, 1 Form/Pg, 40 Messages/Bk, 3/Pk"
OFF-ST-10001505,Office Supplies,Storage,"Perma STOR-ALL Hanging File Box, 13 1/8""W x 12 1/4""D x 10 1/2""H"
TEC-PH-10000369,Technology,Phones,HTC One Mini
TEC-PH-10004614,Technology,Phones,AT&T 841000 Phone
TEC-PH-10004896,Technology,Phones,Nokia Lumia 521 (T-Mobile)
FUR-TA-10004152,Furniture,Tables,"Barricks 18"" x 48"" Non-Folding Utility Table with Bottom Storage Shelf"
OFF-EN-10004030,Office Supplies,Envelopes,Convenience Packs of Business Envelopes
OFF-PA-10000019,Office Supplies,Paper,Xerox 1931
OFF-BI-10003712,Office Supplies,Binders,"Acco Pressboard Covers with Storage Hooks, 14 7/8"" x 11"", Light Blue"
FUR-FU-10000320,Furniture,Furnishings,OIC Stacking Trays
FUR-FU-10001940,Furniture,Furnishings,Staple-based wall hangings
OFF-AP-10000576,Office Supplies,Appliances,Belkin 7 Outlet SurgeMaster II
OFF-BI-10001617,Office Supplies,Binders,GBC Wire Binding Combs
OFF-PA-10004665,Office Supplies,Paper,Advantus Motivational Note Cards
TEC-PH-10000439,Technology,Phones,GE DSL Phone Line Filter
OFF-BI-10000666,Office Supplies,Binders,Surelock Post Binders
OFF-BI-10003429,Office Supplies,Binders,"Cardinal HOLDit! Binder Insert Strips,Extra Strips"
OFF-BI-10004318,Office Supplies,Binders,Ibico EB-19 Dual Function Manual Binding System
TEC-PH-10004924,Technology,Phones,"SKILCRAFT Telephone Shoulder Rest, 2"" x 6.5"" x 2.5"", Black"
FUR-CH-10002961,Furniture,Chairs,"Leather Task Chair, Black"
FUR-TA-10002530,Furniture,Tables,"Iceberg OfficeWorks 42"" Round Tables"
FUR-TA-10003569,Furniture,Tables,Bretford CR8500 Series Meeting Room Furniture
OFF-BI-10003727,Office Supplies,Binders,Avery Durable Slant Ring Binders With Label Holder
OFF-BI-10004465,Office Supplies,Binders,Avery Durable Slant Ring Binders
OFF-LA-10004559,Office Supplies,Labels,Avery 49
OFF-PA-10002606,Office Supplies,Paper,Xerox 1928
OFF-PA-10003848,Office Supplies,Paper,Xerox 1997
OFF-SU-10002573,Office Supplies,Supplies,"Acme 10"" Easy Grip Assistive Scissors"
TEC-AC-10000844,Technology,Accessories,Logitech Gaming G510s - Keyboard
TEC-PH-10003187,Technology,Phones,Anker Astro Mini 3000mAh Ultra-Compact Portable Charger
TEC-PH-10003555,Technology,Phones,Motorola HK250 Universal Bluetooth Headset
FUR-FU-10001979,Furniture,Furnishings,Dana Halogen Swing-Arm Architect Lamp
OFF-AP-10002439,Office Supplies,Appliances,Tripp Lite Isotel 8 Ultra 8 Outlet Metal Surge
OFF-AR-10002255,Office Supplies,Art,Newell 346
OFF-BI-10000088,Office Supplies,Binders,GBC Imprintable Covers
OFF-BI-10002827,Office Supplies,Binders,Avery Durable Poly Binders
OFF-BI-10003676,Office Supplies,Binders,"GBC Standard Recycled Report Covers, Clear Plastic Sheets"
OFF-EN-10002230,Office Supplies,Envelopes,Airmail Envelopes
OFF-PA-10001870,Office Supplies,Paper,Xerox 202
FUR-CH-10001973,Furniture,Chairs,Office Star Flex Back Scooter Chair with White Frame
FUR-FU-10004973,Furniture,Furnishings,Flat Face Poster Frame
OFF-AP-10001492,Office Supplies,Appliances,"Acco Six-Outlet Power Strip, 4' Cord Length"
OFF-AP-10002118,Office Supplies,Appliances,"1.7 Cubic Foot Compact ""Cube"" Office Refrigerators"
OFF-AR-10001954,Office Supplies,Art,Newell 331
OFF-AR-10002399,Office Supplies,Art,"Dixon Prang Watercolor Pencils, 10-Color Set with Brush"
OFF-EN-10002504,Office Supplies,Envelopes,"Tyvek  Top-Opening Peel & Seel Envelopes, Plain White"
OFF-LA-10002945,Office Supplies,Labels,"Permanent Self-Adhesive File Folder Labels for Typewriters, 1 1/8 x 3 1/2, White"
OFF-LA-10003537,Office Supplies,Labels,Avery 515
OFF-PA-10002160,Office Supplies,Paper,Xerox 1978
OFF-ST-10002406,Office Supplies,Storage,Pizazz Global Quick File
OFF-ST-10002743,Office Supplies,Storage,SAFCO Boltless Steel Shelving
OFF-SU-10002189,Office Supplies,Supplies,Acme Rosewood Handle Letter Opener
TEC-AC-10002842,Technology,Accessories,WD My Passport Ultra 2TB Portable External Hard Drive
TEC-AC-10003433,Technology,Accessories,Maxell 4.7GB DVD+R 5/Pack
TEC-MA-10001972,Technology,Machines,Okidata C331dn Printer
FUR-CH-10001215,Furniture,Chairs,Global Troy Executive Leather Low-Back Tilter
FUR-CH-10002126,Furniture,Chairs,Hon Deluxe Fabric Upholstered Stacking Chairs
FUR-FU-10000308,Furniture,Furnishings,Deflect-o Glass Clear Studded Chair Mats
FUR-TA-10004147,Furniture,Tables,Hon 4060 Series Tables
OFF-AR-10000390,Office Supplies,Art,Newell Chalk Holder
OFF-AR-10002578,Office Supplies,Art,Newell 335
OFF-AR-10004165,Office Supplies,Art,"Binney & Smith inkTank Erasable Pocket Highlighter, Chisel Tip, Yellow"
OFF-BI-10001510,Office Supplies,Binders,Deluxe Heavy-Duty Vinyl Round Ring Binder
OFF-FA-10002983,Office Supplies,Fasteners,Advantus SlideClip Paper Clips
OFF-PA-10000019,Office Supplies,Paper,Xerox 1931
OFF-PA-10000605,Office Supplies,Paper,Xerox 1950
OFF-PA-10002319,Office Supplies,Paper,Xerox 1944
OFF-PA-10003625,Office Supplies,Paper,Xerox 1979
TEC-AC-10001109,Technology,Accessories,Logitech Trackman Marble Mouse
TEC-AC-10002006,Technology,Accessories,Memorex Micro Travel Drive 16 GB
TEC-AC-10002800,Technology,Accessories,Plantronics Audio 478 Stereo USB Headset
TEC-AC-10003911,Technology,Accessories,NETGEAR AC1750 Dual Band Gigabit Smart WiFi Router
TEC-AC-10004571,Technology,Accessories,Logitech G700s Rechargeable Gaming Mouse
TEC-PH-10002170,Technology,Phones,ClearSounds CSC500 Amplified Spirit Phone Corded phone
TEC-PH-10003442,Technology,Phones,Samsung Replacement EH64AVFWE Premium Headset
FUR-TA-10001307,Furniture,Tables,"SAFCO PlanMaster Heigh-Adjustable Drafting Table Base, 43w x 30d x 30-37h, Black"
OFF-BI-10000174,Office Supplies,Binders,"Wilson Jones Clip & Carry Folder Binder Tool for Ring Binders, Clear"
OFF-FA-10000735,Office Supplies,Fasteners,Staples
OFF-LA-10002473,Office Supplies,Labels,Avery 484
OFF-PA-10000675,Office Supplies,Paper,Xerox 1919
OFF-PA-10002615,Office Supplies,Paper,"Ampad Gold Fibre Wirebound Steno Books, 6"" x 9"", Gregg Ruled"
OFF-PA-10002666,Office Supplies,Paper,Southworth 25% Cotton Linen-Finish Paper & Envelopes
OFF-PA-10004353,Office Supplies,Paper,Southworth 25% Cotton Premium Laser Paper and Envelopes
OFF-PA-10004971,Office Supplies,Paper,Xerox 196
OFF-ST-10003572,Office Supplies,Storage,Portfile Personal File Boxes
OFF-SU-10004261,Office Supplies,Supplies,"Fiskars 8"" Scissors, 2/Pack"
OFF-SU-10004498,Office Supplies,Supplies,Martin-Yale Premier Letter Opener
TEC-PH-10000011,Technology,Phones,PureGear Roll-On Screen Protector
FUR-BO-10003159,Furniture,Bookcases,"Sauder Camden County Collection Libraries, Planked Cherry Finish"
OFF-BI-10000050,Office Supplies,Binders,"Angle-D Binders with Locking Rings, Label Holders"
OFF-BI-10002414,Office Supplies,Binders,GBC ProClick Spines for 32-Hole Punch
OFF-BI-10004099,Office Supplies,Binders,GBC VeloBinder Strips
OFF-PA-10002246,Office Supplies,Paper,"Wirebound Four 2-3/4 x 5 Forms per Page, 400 Sets per Book"
TEC-PH-10002890,Technology,Phones,AT&T 17929 Lendline Telephone
FUR-BO-10002853,Furniture,Bookcases,O'Sullivan 5-Shelf Heavy-Duty Bookcases
FUR-TA-10004152,Furniture,Tables,"Barricks 18"" x 48"" Non-Folding Utility Table with Bottom Storage Shelf"
OFF-BI-10002071,Office Supplies,Binders,Fellowes Black Plastic Comb Bindings
OFF-BI-10002609,Office Supplies,Binders,Avery Hidden Tab Dividers for Binding Systems
OFF-FA-10000053,Office Supplies,Fasteners,Revere Boxed Rubber Bands by Revere
OFF-PA-10003256,Office Supplies,Paper,Avery Personal Creations Heavyweight Cards
OFF-SU-10000381,Office Supplies,Supplies,Acme Forged Steel Scissors with Black Enamel Handles
TEC-AC-10001767,Technology,Accessories,SanDisk Ultra 64 GB MicroSDHC Class 10 Memory Card
TEC-PH-10003442,Technology,Phones,Samsung Replacement EH64AVFWE Premium Headset
FUR-CH-10003312,Furniture,Chairs,Hon 2090 “Pillow Soft” Series Mid Back Swivel/Tilt Chairs
FUR-FU-10000672,Furniture,Furnishings,"Executive Impressions 10"" Spectator Wall Clock"
OFF-BI-10001524,Office Supplies,Binders,GBC Premium Transparent Covers with Diagonal Lined Pattern
OFF-LA-10001074,Office Supplies,Labels,Round Specialty Laser Printer Labels
OFF-ST-10000675,Office Supplies,Storage,"File Shuttle II and Handi-File, Black"
TEC-PH-10003645,Technology,Phones,Aastra 57i VoIP phone
TEC-PH-10004908,Technology,Phones,Panasonic KX TS3282W Corded phone
OFF-ST-10001580,Office Supplies,Storage,Super Decoflex Portable Personal File
FUR-FU-10004864,Furniture,Furnishings,"Howard Miller 14-1/2"" Diameter Chrome Round Wall Clock"
OFF-AP-10002457,Office Supplies,Appliances,"Eureka The Boss Plus 12-Amp Hard Box Upright Vacuum, Red"
OFF-AR-10004999,Office Supplies,Art,Newell 315
OFF-BI-10000320,Office Supplies,Binders,GBC Plastic Binding Combs
OFF-BI-10001116,Office Supplies,Binders,"Wilson Jones 1"" Hanging DublLock Ring Binders"
OFF-BI-10002160,Office Supplies,Binders,Acco Hanging Data Binders
OFF-BI-10004728,Office Supplies,Binders,Wilson Jones Turn Tabs Binder Tool for Ring Binders
OFF-BI-10004995,Office Supplies,Binders,GBC DocuBind P400 Electric Binding System
OFF-EN-10001335,Office Supplies,Envelopes,"White Business Envelopes with Contemporary Seam, Recycled White Business Envelopes"
OFF-EN-10002500,Office Supplies,Envelopes,Globe Weis Peel & Seel First Class Envelopes
OFF-FA-10002780,Office Supplies,Fasteners,Staples
OFF-PA-10001970,Office Supplies,Paper,Xerox 1881
OFF-PA-10001970,Office Supplies,Paper,Xerox 1881
OFF-PA-10004675,Office Supplies,Paper,"Telephone Message Books with Fax/Mobile Section, 5 1/2"" x 3 3/16"""
OFF-SU-10001574,Office Supplies,Supplies,Acme Value Line Scissors
TEC-AC-10000290,Technology,Accessories,Sabrent 4-Port USB 2.0 Hub
TEC-AC-10001432,Technology,Accessories,Enermax Aurora Lite Keyboard
TEC-AC-10003399,Technology,Accessories,Memorex Mini Travel Drive 64 GB USB 2.0 Flash Drive
TEC-PH-10002293,Technology,Phones,Anker 36W 4-Port USB Wall Charger Travel Power Adapter for iPhone 5s 5c 5
TEC-PH-10002365,Technology,Phones,Belkin Grip Candy Sheer Case / Cover for iPhone 5 and 5S
FUR-CH-10003061,Furniture,Chairs,"Global Leather Task Chair, Black"
FUR-FU-10000277,Furniture,Furnishings,Deflect-o DuraMat Antistatic Studded Beveled Mat for Medium Pile Carpeting
FUR-FU-10001889,Furniture,Furnishings,Ultra Door Pull Handle
FUR-FU-10001967,Furniture,Furnishings,Telescoping Adjustable Floor Lamp
FUR-TA-10001539,Furniture,Tables,Chromcraft Rectangular Conference Tables
FUR-TA-10001768,Furniture,Tables,Hon Racetrack Conference Tables
OFF-AP-10000159,Office Supplies,Appliances,Belkin F9M820V08 8 Outlet Surge
OFF-AR-10002240,Office Supplies,Art,Panasonic KP-150 Electric Pencil Sharpener
OFF-AR-10003560,Office Supplies,Art,Zebra Zazzle Fluorescent Highlighters
OFF-AR-10004752,Office Supplies,Art,Blackstonian Pencils
OFF-BI-10000014,Office Supplies,Binders,Heavy-Duty E-Z-D Binders
OFF-BI-10001132,Office Supplies,Binders,"Acco PRESSTEX Data Binder with Storage Hooks, Dark Blue, 9 1/2"" X 11"""
OFF-BI-10001553,Office Supplies,Binders,SpineVue Locking Slant-D Ring Binders by Cardinal
OFF-BI-10003166,Office Supplies,Binders,GBC Plasticlear Binding Covers
OFF-BI-10004970,Office Supplies,Binders,"ACCOHIDE 3-Ring Binder, Blue, 1"""
OFF-EN-10003567,Office Supplies,Envelopes,"Inter-Office Recycled Envelopes, Brown Kraft, Button-String,10"" x 13"" , 100/Box"
OFF-FA-10002676,Office Supplies,Fasteners,Colored Push Pins
OFF-LA-10000240,Office Supplies,Labels,Self-Adhesive Address Labels for Typewriters by Universal
OFF-ST-10000321,Office Supplies,Storage,Akro Stacking Bins
OFF-ST-10002485,Office Supplies,Storage,Rogers Deluxe File Chest
OFF-ST-10003455,Office Supplies,Storage,"Tenex File Box, Personal Filing Tote with Lid, Black"
TEC-AC-10001714,Technology,Accessories,Logitech MX Performance Wireless Mouse
TEC-AC-10002049,Technology,Accessories,Plantronics Savi W720 Multi-Device Wireless Headset System
TEC-CO-10002095,Technology,Copiers,Hewlett Packard 610 Color Digital Copier / Printer
TEC-MA-10003230,Technology,Machines,Okidata C610n Printer
TEC-PH-10001530,Technology,Phones,Cisco Unified IP Phone 7945G VoIP phone
FUR-BO-10003159,Furniture,Bookcases,"Sauder Camden County Collection Libraries, Planked Cherry Finish"
FUR-BO-10003894,Furniture,Bookcases,"Safco Value Mate Steel Bookcase, Baked Enamel Finish on Steel, Black"
FUR-FU-10002364,Furniture,Furnishings,"Eldon Expressions Wood Desk Accessories, Oak"
FUR-FU-10003394,Furniture,Furnishings,"Tenex ""The Solids"" Textured Chair Mats"
OFF-BI-10000014,Office Supplies,Binders,Heavy-Duty E-Z-D Binders
OFF-BI-10000545,Office Supplies,Binders,GBC Ibimaster 500 Manual ProClick Binding System
OFF-BI-10003350,Office Supplies,Binders,Acco Expandable Hanging Binders
OFF-BI-10004236,Office Supplies,Binders,"XtraLife ClearVue Slant-D Ring Binder, White, 3"""
OFF-LA-10004093,Office Supplies,Labels,Avery 486
OFF-PA-10002246,Office Supplies,Paper,"Wirebound Four 2-3/4 x 5 Forms per Page, 400 Sets per Book"
OFF-PA-10002713,Office Supplies,Paper,"Adams Phone Message Book, 200 Message Capacity, 8 1/16” x 11”"
OFF-ST-10000918,Office Supplies,Storage,Crate-A-Files
TEC-PH-10002496,Technology,Phones,Cisco SPA301
FUR-FU-10000260,Furniture,Furnishings,"6"" Cubicle Wall Clock, Black"
FUR-FU-10003347,Furniture,Furnishings,Coloredge Poster Frame
FUR-FU-10004748,Furniture,Furnishings,"Howard Miller 16"" Diameter Gallery Wall Clock"
OFF-AP-10001205,Office Supplies,Appliances,Belkin 5 Outlet SurgeMaster Power Centers
OFF-AR-10001044,Office Supplies,Art,"BOSTON Ranger #55 Pencil Sharpener, Black"
OFF-AR-10002804,Office Supplies,Art,Faber Castell Col-Erase Pencils
OFF-AR-10002987,Office Supplies,Art,Prismacolor Color Pencil Set
OFF-AR-10003469,Office Supplies,Art,Nontoxic Chalk
OFF-BI-10000315,Office Supplies,Binders,Poly Designer Cover & Back
OFF-BI-10001460,Office Supplies,Binders,Plastic Binding Combs
OFF-EN-10003286,Office Supplies,Envelopes,Staple envelope
OFF-PA-10001357,Office Supplies,Paper,Xerox 1886
OFF-PA-10002195,Office Supplies,Paper,"RSVP Cards & Envelopes, Blank White, 8-1/2"" X 11"", 24 Cards/25 Envelopes/Set"
OFF-ST-10001490,Office Supplies,Storage,"Hot File 7-Pocket, Floor Stand"
OFF-ST-10002583,Office Supplies,Storage,Fellowes Neat Ideas Storage Cubes
OFF-SU-10002503,Office Supplies,Supplies,Acme Preferred Stainless Steel Scissors
TEC-AC-10000109,Technology,Accessories,Sony Micro Vault Click 16 GB USB 2.0 Flash Drive
TEC-CO-10003763,Technology,Copiers,Canon PC1060 Personal Laser Copier
FUR-CH-10000309,Furniture,Chairs,Global Comet Stacking Arm Chair
FUR-CH-10001146,Furniture,Chairs,"Global Task Chair, Black"
FUR-CH-10002372,Furniture,Chairs,Office Star - Ergonomically Designed Knee Chair
FUR-CH-10002647,Furniture,Chairs,"Situations Contoured Folding Chairs, 4/Set"
FUR-CH-10004477,Furniture,Chairs,"Global Push Button Manager's Chair, Indigo"
FUR-FU-10000246,Furniture,Furnishings,Aluminum Document Frame
FUR-FU-10000260,Furniture,Furnishings,"6"" Cubicle Wall Clock, Black"
FUR-FU-10004671,Furniture,Furnishings,"Executive Impressions 12"" Wall Clock"
FUR-FU-10004848,Furniture,Furnishings,"Howard Miller 13-3/4"" Diameter Brushed Chrome Round Wall Clock"
FUR-TA-10003238,Furniture,Tables,"Chromcraft Bull-Nose Wood 48"" x 96"" Rectangular Conference Tables"
OFF-AP-10002457,Office Supplies,Appliances,"Eureka The Boss Plus 12-Amp Hard Box Upright Vacuum, Red"
OFF-AR-10000896,Office Supplies,Art,Newell 329
OFF-AR-10004022,Office Supplies,Art,Panasonic KP-380BK Classic Electric Pencil Sharpener
OFF-BI-10000050,Office Supplies,Binders,"Angle-D Binders with Locking Rings, Label Holders"
OFF-BI-10001597,Office Supplies,Binders,"Wilson Jones Ledger-Size, Piano-Hinge Binder, 2"", Blue"
OFF-BI-10001757,Office Supplies,Binders,Pressboard Hanging Data Binders for Unburst Sheets
OFF-BI-10002824,Office Supplies,Binders,Recycled Easel Ring Binders
OFF-BI-10004410,Office Supplies,Binders,"C-Line Peel & Stick Add-On Filing Pockets, 8-3/4 x 5-1/8, 10/Pack"
OFF-EN-10001099,Office Supplies,Envelopes,Staple envelope
OFF-FA-10000304,Office Supplies,Fasteners,Advantus Push Pins
OFF-FA-10001843,Office Supplies,Fasteners,Staples
OFF-FA-10002763,Office Supplies,Fasteners,Advantus Map Pennant Flags and Round Head Tacks
OFF-LA-10001317,Office Supplies,Labels,Avery 520
OFF-LA-10004545,Office Supplies,Labels,Avery 50
OFF-PA-10000327,Office Supplies,Paper,Xerox 1971
OFF-PA-10001815,Office Supplies,Paper,Xerox 1885
OFF-PA-10001870,Office Supplies,Paper,Xerox 202
OFF-PA-10002036,Office Supplies,Paper,Xerox 1930
OFF-PA-10002222,Office Supplies,Paper,"Xerox Color Copier Paper, 11"" x 17"", Ream"
OFF-PA-10004381,Office Supplies,Paper,14-7/8 x 11 Blue Bar Computer Printout Paper
OFF-PA-10004971,Office Supplies,Paper,Xerox 196
OFF-ST-10000060,Office Supplies,Storage,Fellowes Bankers Box Staxonsteel Drawer File/Stacking System
OFF-ST-10003058,Office Supplies,Storage,Eldon Mobile Mega Data Cart  Mega Stackable  Add-On Trays
OFF-ST-10003479,Office Supplies,Storage,"Eldon Base for stackable storage shelf, platinum"
TEC-AC-10002345,Technology,Accessories,HP Standard 104 key PS/2 Keyboard
TEC-PH-10002660,Technology,Phones,Nortel Networks T7316 E Nt8 B27
TEC-PH-10003505,Technology,Phones,Geemarc AmpliPOWER60
TEC-PH-10003988,Technology,Phones,"LF Elite 3D Dazzle Designer Hard Case Cover, Lf Stylus Pen and Wiper For Apple Iphone 5c Mini Lite"
FUR-BO-10001811,Furniture,Bookcases,"Atlantic Metals Mobile 5-Shelf Bookcases, Custom Colors"
OFF-AP-10000358,Office Supplies,Appliances,Fellowes Basic Home/Office Series Surge Protectors
OFF-BI-10001031,Office Supplies,Binders,Pressboard Data Binders by Wilson Jones
OFF-EN-10003055,Office Supplies,Envelopes,"Blue String-Tie & Button Interoffice Envelopes, 10 x 13"
OFF-PA-10004665,Office Supplies,Paper,Advantus Motivational Note Cards
OFF-ST-10001590,Office Supplies,Storage,"Tenex Personal Project File with Scoop Front Design, Black"
TEC-AC-10004761,Technology,Accessories,Maxell 4.7GB DVD+RW 3/Pack
TEC-PH-10002447,Technology,Phones,AT&T CL83451 4-Handset Telephone
FUR-BO-10003450,Furniture,Bookcases,"Bush Westfield Collection Bookcases, Dark Cherry Finish"
FUR-BO-10004834,Furniture,Bookcases,"Riverside Palais Royal Lawyers Bookcase, Royale Cherry Finish"
FUR-FU-10003039,Furniture,Furnishings,"Howard Miller 11-1/2"" Diameter Grantwood Wall Clock"
FUR-FU-10004671,Furniture,Furnishings,"Executive Impressions 12"" Wall Clock"
FUR-TA-10003008,Furniture,Tables,"Lesro Round Back Collection Coffee Table, End Table"
FUR-TA-10003569,Furniture,Tables,Bretford CR8500 Series Meeting Room Furniture
OFF-AP-10003779,Office Supplies,Appliances,Kensington 7 Outlet MasterPiece Power Center with Fax/Phone Line Protection
OFF-AR-10001953,Office Supplies,Art,Boston 1645 Deluxe Heavier-Duty Electric Pencil Sharpener
OFF-AR-10003338,Office Supplies,Art,"Eberhard Faber 3 1/2"" Golf Pencils"
OFF-BI-10001989,Office Supplies,Binders,Premium Transparent Presentation Covers by GBC
OFF-BI-10002225,Office Supplies,Binders,"Square Ring Data Binders, Rigid 75 Pt. Covers, 11"" x 14-7/8"""
OFF-LA-10000248,Office Supplies,Labels,Avery 52
OFF-PA-10000501,Office Supplies,Paper,Petty Cash Envelope
OFF-PA-10002615,Office Supplies,Paper,"Ampad Gold Fibre Wirebound Steno Books, 6"" x 9"", Gregg Ruled"
OFF-PA-10004610,Office Supplies,Paper,Xerox 1900
OFF-ST-10000934,Office Supplies,Storage,"Contico 72""H Heavy-Duty Storage System"
OFF-ST-10001272,Office Supplies,Storage,"Mini 13-1/2 Capacity Data Binder Rack, Pearl"
OFF-ST-10001580,Office Supplies,Storage,Super Decoflex Portable Personal File
TEC-AC-10000158,Technology,Accessories,Sony 64GB Class 10 Micro SDHC R40 Memory Card
TEC-AC-10004209,Technology,Accessories,Memorex Froggy Flash Drive 4 GB
TEC-PH-10000923,Technology,Phones,"Belkin SportFit Armband For iPhone 5s/5c, Fuchsia"
FUR-FU-10003832,Furniture,Furnishings,"Eldon Expressions Punched Metal & Wood Desk Accessories, Black & Cherry"
OFF-BI-10001036,Office Supplies,Binders,Cardinal EasyOpen D-Ring Binders
OFF-BI-10004654,Office Supplies,Binders,VariCap6 Expandable Binder
FUR-TA-10004086,Furniture,Tables,KI Adjustable-Height Table
OFF-AR-10000538,Office Supplies,Art,"Boston Model 1800 Electric Pencil Sharpener, Gray"
OFF-BI-10004318,Office Supplies,Binders,Ibico EB-19 Dual Function Manual Binding System
OFF-BI-10004364,Office Supplies,Binders,Storex Dura Pro Binders
OFF-BI-10004826,Office Supplies,Binders,JM Magazine Binder
OFF-LA-10003720,Office Supplies,Labels,Avery 487
OFF-PA-10000100,Office Supplies,Paper,Xerox 1945
OFF-PA-10000575,Office Supplies,Paper,"Wirebound Message Books, Four 2 3/4 x 5 White Forms per Page"
OFF-ST-10000352,Office Supplies,Storage,Acco Perma 2700 Stacking Storage Drawers
TEC-PH-10000895,Technology,Phones,Polycom VVX 310 VoIP phone
TEC-PH-10003505,Technology,Phones,Geemarc AmpliPOWER60
OFF-AR-10003759,Office Supplies,Art,"Crayola Anti Dust Chalk, 12/Pack"
OFF-BI-10001658,Office Supplies,Binders,GBC Standard Therm-A-Bind Covers
OFF-BI-10001658,Office Supplies,Binders,GBC Standard Therm-A-Bind Covers
OFF-BI-10004141,Office Supplies,Binders,Insertable Tab Indexes For Data Binders
OFF-EN-10000056,Office Supplies,Envelopes,Cameo Buff Policy Envelopes
OFF-EN-10002312,Office Supplies,Envelopes,#10 Self-Seal White Envelopes
OFF-LA-10001982,Office Supplies,Labels,Smead Alpha-Z Color-Coded Name Labels First Letter Starter Set
OFF-PA-10001204,Office Supplies,Paper,Xerox 1972
OFF-PA-10001667,Office Supplies,Paper,Great White Multi-Use Recycled Paper (20Lb. and 84 Bright)
OFF-PA-10001837,Office Supplies,Paper,Xerox 1976
OFF-PA-10004569,Office Supplies,Paper,"Wirebound Message Books, Two 4 1/4"" x 5"" Forms per Page"
OFF-ST-10002562,Office Supplies,Storage,Staple magnet
OFF-ST-10004186,Office Supplies,Storage,"Stur-D-Stor Shelving, Vertical 5-Shelf: 72""H x 36""W x 18 1/2""D"
TEC-AC-10003832,Technology,Accessories,Logitech P710e Mobile Speakerphone
TEC-CO-10001943,Technology,Copiers,Canon PC-428 Personal Copier
TEC-PH-10003171,Technology,Phones,Plantronics Encore H101 Dual Earpieces Headset
TEC-PH-10004667,Technology,Phones,Cisco 8x8 Inc. 6753i IP Business Phone System
FUR-CH-10002073,Furniture,Chairs,Hon Olson Stacker Chairs
FUR-CH-10002304,Furniture,Chairs,"Global Stack Chair without Arms, Black"
FUR-CH-10004086,Furniture,Chairs,Hon 4070 Series Pagoda Armless Upholstered Stacking Chairs
FUR-FU-10001756,Furniture,Furnishings,"Eldon Expressions Desk Accessory, Wood Photo Frame, Mahogany"
FUR-FU-10001918,Furniture,Furnishings,C-Line Cubicle Keepers Polyproplyene Holder With Velcro Backings
FUR-FU-10002813,Furniture,Furnishings,"DAX Contemporary Wood Frame with Silver Metal Mat, Desktop, 11 x 14 Size"
OFF-BI-10000301,Office Supplies,Binders,GBC Instant Report Kit
OFF-FA-10000585,Office Supplies,Fasteners,OIC Bulk Pack Metal Binder Clips
OFF-FA-10002975,Office Supplies,Fasteners,Staples
OFF-LA-10000634,Office Supplies,Labels,Avery 509
OFF-LA-10003720,Office Supplies,Labels,Avery 487
OFF-PA-10003790,Office Supplies,Paper,Xerox 1991
OFF-ST-10000419,Office Supplies,Storage,"Rogers Jumbo File, Granite"
TEC-AC-10004877,Technology,Accessories,Imation 30456 USB Flash Drive 8GB
TEC-PH-10001870,Technology,Phones,Lunatik TT5L-002 Taktik Strike Impact Protection System for iPhone 5
FUR-FU-10003664,Furniture,Furnishings,"Electrix Architect's Clamp-On Swing Arm Lamp, Black"
OFF-AP-10001394,Office Supplies,Appliances,Harmony Air Purifier
OFF-LA-10004559,Office Supplies,Labels,Avery 49
OFF-PA-10001838,Office Supplies,Paper,"Adams Telephone Message Book W/Dividers/Space For Phone Numbers, 5 1/4""X8 1/2"", 300/Messages"
OFF-PA-10002250,Office Supplies,Paper,Things To Do Today Pad
OFF-ST-10000419,Office Supplies,Storage,"Rogers Jumbo File, Granite"
OFF-ST-10004340,Office Supplies,Storage,"Fellowes Mobile File Cart, Black"
OFF-SU-10004782,Office Supplies,Supplies,"Elite 5"" Scissors"
TEC-PH-10001644,Technology,Phones,"BlueLounge Milo Smartphone Stand, White/Metallic"
TEC-PH-10004897,Technology,Phones,Mediabridge Sport Armband iPhone 5s
OFF-BI-10004390,Office Supplies,Binders,GBC DocuBind 200 Manual Binding Machine
OFF-PA-10000029,Office Supplies,Paper,Xerox 224
TEC-PH-10001944,Technology,Phones,Wi-Ex zBoost YX540 Cellular Phone Signal Booster
FUR-TA-10003473,Furniture,Tables,Bretford Rectangular Conference Table Tops
OFF-AR-10002445,Office Supplies,Art,SANFORD Major Accent Highlighters
OFF-BI-10001249,Office Supplies,Binders,Avery Heavy-Duty EZD View Binder with Locking Rings
OFF-BI-10002103,Office Supplies,Binders,"Cardinal Slant-D Ring Binder, Heavy Gauge Vinyl"
OFF-BI-10003650,Office Supplies,Binders,GBC DocuBind 300 Electric Binding Machine
OFF-PA-10000807,Office Supplies,Paper,"TOPS ""Important Message"" Pads, Canary, 4-1/4 x 5-1/2, 50 Sheets per Pad"
OFF-PA-10003651,Office Supplies,Paper,Xerox 1968
FUR-BO-10001918,Furniture,Bookcases,"Sauder Forest Hills Library with Doors, Woodland Oak Finish"
FUR-CH-10001146,Furniture,Chairs,"Global Value Mid-Back Manager's Chair, Gray"
OFF-AP-10002287,Office Supplies,Appliances,"Eureka Sanitaire  Multi-Pro Heavy-Duty Upright, Disposable Bags"
OFF-PA-10002195,Office Supplies,Paper,Xerox 1966
FUR-CH-10004875,Furniture,Chairs,Harbour Creations 67200 Series Stacking Chairs
FUR-FU-10002597,Furniture,Furnishings,"C-Line Magnetic Cubicle Keepers, Clear Polypropylene"
FUR-FU-10004864,Furniture,Furnishings,"Howard Miller 14-1/2"" Diameter Chrome Round Wall Clock"
FUR-FU-10004952,Furniture,Furnishings,"C-Line Cubicle Keepers Polyproplyene Holder w/Velcro Back, 8-1/2x11, 25/Bx"
OFF-AR-10002656,Office Supplies,Art,Sanford Liquid Accent Highlighters
OFF-AR-10004930,Office Supplies,Art,Turquoise Lead Holder with Pocket Clip
OFF-BI-10002026,Office Supplies,Binders,Avery Arch Ring Binders
OFF-LA-10002195,Office Supplies,Labels,Avery 481
OFF-PA-10000304,Office Supplies,Paper,Xerox 1995
OFF-ST-10002790,Office Supplies,Storage,Safco Industrial Shelving
TEC-MA-10004458,Technology,Machines,Lexmark X 9575 Professional All-in-One Color Printer
TEC-PH-10001944,Technology,Phones,Wi-Ex zBoost YX540 Cellular Phone Signal Booster
TEC-PH-10002085,Technology,Phones,Clarity 53712
TEC-PH-10004093,Technology,Phones,Panasonic Kx-TS550
FUR-CH-10001215,Furniture,Chairs,Global Troy Executive Leather Low-Back Tilter
FUR-CH-10001394,Furniture,Chairs,Global Leather Executive Chair
FUR-CH-10001854,Furniture,Chairs,Office Star - Professional Matrix Back Chair with 2-to-1 Synchro Tilt and Mesh Fabric Seat
FUR-CH-10002647,Furniture,Chairs,"Situations Contoured Folding Chairs, 4/Set"
FUR-CH-10002880,Furniture,Chairs,"Global High-Back Leather Tilter, Burgundy"
FUR-FU-10002107,Furniture,Furnishings,Eldon Pizzaz Desk Accessories
FUR-FU-10004053,Furniture,Furnishings,DAX Two-Tone Silver Metal Document Frame
FUR-TA-10001095,Furniture,Tables,Chromcraft Round Conference Tables
OFF-AR-10002257,Office Supplies,Art,"Eldon Spacemaker Box, Quick-Snap Lid, Clear"
OFF-BI-10004654,Office Supplies,Binders,Avery Binding System Hidden Tab Executive Style Index Sets
OFF-LA-10002787,Office Supplies,Labels,Avery 480
OFF-PA-10000100,Office Supplies,Paper,Xerox 1945
OFF-PA-10000533,Office Supplies,Paper,Southworth Parchment Paper & Envelopes
OFF-ST-10003716,Office Supplies,Storage,Tennsco Double-Tier Lockers
TEC-PH-10001299,Technology,Phones,Polycom CX300 Desktop Phone USB VoIP phone
FUR-CH-10001215,Furniture,Chairs,Global Troy Executive Leather Low-Back Tilter
FUR-CH-10004675,Furniture,Chairs,"Lifetime Advantage Folding Chairs, 4/Carton"
FUR-FU-10003424,Furniture,Furnishings,Nu-Dell Oak Frame
OFF-BI-10000756,Office Supplies,Binders,Storex DuraTech Recycled Plastic Frosted Binders
OFF-BI-10002309,Office Supplies,Binders,Avery Heavy-Duty EZD  Binder With Locking Rings
OFF-BI-10003355,Office Supplies,Binders,Cardinal Holdit Business Card Pockets
OFF-BI-10004654,Office Supplies,Binders,Avery Binding System Hidden Tab Executive Style Index Sets
OFF-BI-10004826,Office Supplies,Binders,JM Magazine Binder
OFF-PA-10002222,Office Supplies,Paper,"Xerox Color Copier Paper, 11"" x 17"", Ream"
OFF-PA-10002377,Office Supplies,Paper,"Adams Telephone Message Book W/Dividers/Space For Phone Numbers, 5 1/4""X8 1/2"", 200/Messages"
OFF-ST-10000604,Office Supplies,Storage,Home/Office Personal File Carts
OFF-ST-10001490,Office Supplies,Storage,"Hot File 7-Pocket, Floor Stand"
OFF-SU-10000381,Office Supplies,Supplies,Acme Forged Steel Scissors with Black Enamel Handles
OFF-SU-10001212,Office Supplies,Supplies,Kleencut Forged Office Shears by Acme United Corporation
OFF-SU-10003002,Office Supplies,Supplies,Letter Slitter
TEC-AC-10002926,Technology,Accessories,Logitech Wireless Marathon Mouse M705
FUR-BO-10002853,Furniture,Bookcases,O'Sullivan 5-Shelf Heavy-Duty Bookcases
FUR-CH-10002880,Furniture,Chairs,"Global High-Back Leather Tilter, Burgundy"
FUR-FU-10001546,Furniture,Furnishings,Dana Swing-Arm Lamps
OFF-AP-10001005,Office Supplies,Appliances,Honeywell Quietcare HEPA Air Cleaner
OFF-AR-10000940,Office Supplies,Art,Newell 343
OFF-BI-10000977,Office Supplies,Binders,Ibico Plastic Spiral Binding Combs
OFF-BI-10003656,Office Supplies,Binders,Fellowes PB200 Plastic Comb Binding Machine
OFF-BI-10004828,Office Supplies,Binders,GBC Poly Designer Binding Covers
OFF-PA-10001471,Office Supplies,Paper,Strathmore Photo Frame Cards
OFF-PA-10002319,Office Supplies,Paper,Xerox 1944
OFF-BI-10001308,Office Supplies,Binders,GBC Standard Plastic Binding Systems' Combs
FUR-FU-10000246,Furniture,Furnishings,Aluminum Document Frame
FUR-FU-10002445,Furniture,Furnishings,"DAX Two-Tone Rosewood/Black Document Frame, Desktop, 5 x 7"
FUR-FU-10004586,Furniture,Furnishings,G.E. Longer-Life Indoor Recessed Floodlight Bulbs
OFF-AR-10003481,Office Supplies,Art,Newell 348
OFF-AR-10003727,Office Supplies,Art,Berol Giant Pencil Sharpener
OFF-BI-10004022,Office Supplies,Binders,Acco Suede Grain Vinyl Round Ring Binder
OFF-EN-10003055,Office Supplies,Envelopes,"Blue String-Tie & Button Interoffice Envelopes, 10 x 13"
OFF-LA-10001158,Office Supplies,Labels,"Avery Address/Shipping Labels for Typewriters, 4"" x 2"""
OFF-LA-10004484,Office Supplies,Labels,Avery 476
OFF-PA-10002195,Office Supplies,Paper,"RSVP Cards & Envelopes, Blank White, 8-1/2"" X 11"", 24 Cards/25 Envelopes/Set"
OFF-PA-10002245,Office Supplies,Paper,Xerox 1895
OFF-ST-10002370,Office Supplies,Storage,"Sortfiler Multipurpose Personal File Organizer, Black"
TEC-PH-10001305,Technology,Phones,Panasonic KX TS208W Corded phone
TEC-PH-10004071,Technology,Phones,PayAnywhere Card Reader
FUR-FU-10000246,Furniture,Furnishings,Aluminum Document Frame
FUR-CH-10002084,Furniture,Chairs,Hon Mobius Operator's Chair
FUR-CH-10003396,Furniture,Chairs,Global Deluxe Steno Chair
FUR-FU-10002298,Furniture,Furnishings,"Rubbermaid ClusterMat Chairmats, Mat Size- 66"" x 60"", Lip 20"" x 11"" -90 Degree Angle"
FUR-FU-10004963,Furniture,Furnishings,"Eldon 400 Class Desk Accessories, Black Carbon"
OFF-AR-10000315,Office Supplies,Art,"Dixon Ticonderoga Maple Cedar Pencil, #2"
OFF-BI-10002071,Office Supplies,Binders,Fellowes Black Plastic Comb Bindings
OFF-BI-10004187,Office Supplies,Binders,3-ring staple pack
OFF-BI-10004970,Office Supplies,Binders,"ACCOHIDE 3-Ring Binder, Blue, 1"""
OFF-EN-10001509,Office Supplies,Envelopes,Poly String Tie Envelopes
OFF-LA-10003148,Office Supplies,Labels,Avery 51
OFF-PA-10002586,Office Supplies,Paper,Xerox 1970
OFF-ST-10003058,Office Supplies,Storage,Eldon Mobile Mega Data Cart  Mega Stackable  Add-On Trays
OFF-SU-10004737,Office Supplies,Supplies,Acme Design Stainless Steel Bent Scissors
FUR-CH-10000988,Furniture,Chairs,Hon Olson Stacker Stools
FUR-CH-10003199,Furniture,Chairs,Office Star - Contemporary Task Swivel Chair
FUR-FU-10002501,Furniture,Furnishings,Nu-Dell Executive Frame
FUR-FU-10002671,Furniture,Furnishings,Electrix 20W Halogen Replacement Bulb for Zoom-In Desk Lamp
FUR-FU-10004006,Furniture,Furnishings,"Deflect-o DuraMat Lighweight, Studded, Beveled Mat for Low Pile Carpeting"
OFF-BI-10001249,Office Supplies,Binders,Avery Heavy-Duty EZD View Binder with Locking Rings
OFF-BI-10004584,Office Supplies,Binders,GBC ProClick 150 Presentation Binding System
OFF-EN-10001453,Office Supplies,Envelopes,"Tyvek Interoffice Envelopes, 9 1/2"" x 12 1/2"", 100/Box"
OFF-PA-10000380,Office Supplies,Paper,"REDIFORM Incoming/Outgoing Call Register, 11"" X 8 1/2"", 100 Messages"
OFF-PA-10001569,Office Supplies,Paper,Xerox 232
OFF-ST-10000642,Office Supplies,Storage,"Tennsco Lockers, Gray"
OFF-ST-10001370,Office Supplies,Storage,Sensible Storage WireTech Storage Systems
FUR-BO-10002613,Furniture,Bookcases,"Atlantic Metals Mobile 4-Shelf Bookcases, Custom Colors"
FUR-CH-10000665,Furniture,Chairs,"Global Airflow Leather Mesh Back Chair, Black"
FUR-CH-10004218,Furniture,Chairs,"Global Fabric Manager's Chair, Dark Gray"
FUR-FU-10000755,Furniture,Furnishings,Eldon Expressions Mahogany Wood Desk Collection
FUR-TA-10002356,Furniture,Tables,Bevis Boat-Shaped Conference Table
OFF-AP-10003849,Office Supplies,Appliances,Hoover Shoulder Vac Commercial Portable Vacuum
OFF-AR-10000817,Office Supplies,Art,Manco Dry-Lighter Erasable Highlighter
OFF-AR-10002255,Office Supplies,Art,Newell 346
OFF-AR-10004441,Office Supplies,Art,BIC Brite Liner Highlighters
OFF-BI-10004828,Office Supplies,Binders,GBC Poly Designer Binding Covers
OFF-LA-10001569,Office Supplies,Labels,Avery 499
OFF-LA-10001771,Office Supplies,Labels,Avery 513
OFF-LA-10003923,Office Supplies,Labels,Alphabetical Labels for Top Tab Filing
OFF-PA-10000141,Office Supplies,Paper,"Ampad Evidence Wirebond Steno Books, 6"" x 9"""
OFF-PA-10000380,Office Supplies,Paper,"REDIFORM Incoming/Outgoing Call Register, 11"" X 8 1/2"", 100 Messages"
OFF-ST-10002574,Office Supplies,Storage,"SAFCO Commercial Wire Shelving, Black"
OFF-ST-10004963,Office Supplies,Storage,Eldon Gobal File Keepers
TEC-AC-10001908,Technology,Accessories,Logitech Wireless Headset h800
TEC-CO-10001943,Technology,Copiers,Canon PC-428 Personal Copier
TEC-PH-10003356,Technology,Phones,"SmartStand Mobile Device Holder, Assorted Colors"
FUR-BO-10004467,Furniture,Bookcases,Bestar Classic Bookcase
FUR-CH-10000513,Furniture,Chairs,High-Back Leather Manager's Chair
FUR-CH-10002331,Furniture,Chairs,Hon 4700 Series Mobuis Mid-Back Task Chairs with Adjustable Arms
OFF-AP-10000576,Office Supplies,Appliances,Belkin 7 Outlet SurgeMaster II
OFF-AP-10001564,Office Supplies,Appliances,Hoover Commercial Lightweight Upright Vacuum with E-Z Empty Dirt Cup
OFF-AR-10002445,Office Supplies,Art,SANFORD Major Accent Highlighters
OFF-BI-10002026,Office Supplies,Binders,Ibico Recycled Linen-Style Covers
OFF-BI-10004001,Office Supplies,Binders,GBC Recycled VeloBinder Covers
OFF-EN-10001415,Office Supplies,Envelopes,Staple envelope
OFF-LA-10000262,Office Supplies,Labels,Avery 494
OFF-PA-10001667,Office Supplies,Paper,Great White Multi-Use Recycled Paper (20Lb. and 84 Bright)
OFF-PA-10004022,Office Supplies,Paper,Hammermill Color Copier Paper (28Lb. and 96 Bright)
OFF-PA-10004040,Office Supplies,Paper,Universal Premium White Copier/Laser Paper (20Lb. and 87 Bright)
OFF-PA-10004735,Office Supplies,Paper,Xerox 1905
OFF-ST-10004507,Office Supplies,Storage,Advantus Rolling Storage Box
TEC-AC-10002637,Technology,Accessories,Logitech VX Revolution Cordless Laser Mouse for Notebooks (Black)
TEC-AC-10003063,Technology,Accessories,Micro Innovations USB RF Wireless Keyboard with Mouse
OFF-PA-10004022,Office Supplies,Paper,Hammermill Color Copier Paper (28Lb. and 96 Bright)
FUR-BO-10000780,Furniture,Bookcases,O'Sullivan Plantations 2-Door Library in Landvery Oak
OFF-AR-10004685,Office Supplies,Art,"Binney & Smith Crayola Metallic Colored Pencils, 8-Color Set"
OFF-BI-10002764,Office Supplies,Binders,Recycled Pressboard Report Cover with Reinforced Top Hinge
OFF-PA-10003971,Office Supplies,Paper,Xerox 1965
TEC-PH-10002584,Technology,Phones,Samsung Galaxy S4
OFF-PA-10003039,Office Supplies,Paper,Xerox 1960
OFF-AR-10000255,Office Supplies,Art,Newell 328
OFF-AR-10001149,Office Supplies,Art,"Sanford Colorific Colored Pencils, 12/Box"
OFF-AR-10002375,Office Supplies,Art,Newell 351
OFF-BI-10001989,Office Supplies,Binders,Premium Transparent Presentation Covers by GBC
OFF-BI-10002982,Office Supplies,Binders,Avery Self-Adhesive Photo Pockets for Polaroid Photos
OFF-LA-10004853,Office Supplies,Labels,Avery 483
OFF-PA-10000176,Office Supplies,Paper,Xerox 1887
TEC-AC-10000420,Technology,Accessories,Logitech G500s Laser Gaming Mouse with Adjustable Weight Tuning
TEC-AC-10003399,Technology,Accessories,Memorex Mini Travel Drive 64 GB USB 2.0 Flash Drive
TEC-PH-10001817,Technology,Phones,Wilson Electronics DB Pro Signal Booster
FUR-BO-10003034,Furniture,Bookcases,"O'Sullivan Elevations Bookcase, Cherry Finish"
OFF-BI-10000343,Office Supplies,Binders,"Pressboard Covers with Storage Hooks, 9 1/2"" x 11"", Light Blue"
FUR-CH-10001146,Furniture,Chairs,"Global Value Mid-Back Manager's Chair, Gray"
FUR-FU-10003724,Furniture,Furnishings,Westinghouse Clip-On Gooseneck Lamps
FUR-TA-10003238,Furniture,Tables,"Chromcraft Bull-Nose Wood 48"" x 96"" Rectangular Conference Tables"
OFF-AR-10003631,Office Supplies,Art,Staples in misc. colors
OFF-BI-10004140,Office Supplies,Binders,Avery Non-Stick Binders
OFF-PA-10000474,Office Supplies,Paper,Easy-staple paper
TEC-AC-10003832,Technology,Accessories,Imation 16GB Mini TravelDrive USB 2.0 Flash Drive
TEC-PH-10000215,Technology,Phones,Plantronics Cordless Phone Headset with In-line Volume - M214C
OFF-AP-10004532,Office Supplies,Appliances,Kensington 6 Outlet Guardian Standard Surge Protector
OFF-AR-10001958,Office Supplies,Art,Stanley Bostitch Contemporary Electric Pencil Sharpeners
OFF-BI-10002429,Office Supplies,Binders,"Premier Elliptical Ring Binder, Black"
OFF-BI-10003712,Office Supplies,Binders,"Acco Pressboard Covers with Storage Hooks, 14 7/8"" x 11"", Light Blue"
OFF-BI-10004600,Office Supplies,Binders,Ibico Ibimaster 300 Manual Binding System
OFF-ST-10001558,Office Supplies,Storage,Acco Perma 4000 Stacking Storage Drawers
TEC-CO-10004722,Technology,Copiers,Canon imageCLASS 2200 Advanced Copier
FUR-CH-10003199,Furniture,Chairs,Office Star - Contemporary Task Swivel Chair
FUR-CH-10004063,Furniture,Chairs,Global Deluxe High-Back Manager's Chair
FUR-FU-10001756,Furniture,Furnishings,"Eldon Expressions Desk Accessory, Wood Photo Frame, Mahogany"
OFF-EN-10001099,Office Supplies,Envelopes,Staple envelope
OFF-LA-10002271,Office Supplies,Labels,Smead Alpha-Z Color-Coded Second Alphabetical Labels and Starter Set
OFF-PA-10001878,Office Supplies,Paper,Xerox 1891
OFF-PA-10004610,Office Supplies,Paper,Xerox 1900
FUR-FU-10002885,Furniture,Furnishings,Magna Visual Magnetic Picture Hangers
FUR-TA-10002622,Furniture,Tables,"Bush Andora Conference Table, Maple/Graphite Gray Finish"
OFF-BI-10000977,Office Supplies,Binders,Ibico Plastic Spiral Binding Combs
OFF-EN-10003862,Office Supplies,Envelopes,Laser & Ink Jet Business Envelopes
OFF-ST-10000136,Office Supplies,Storage,Letter Size File
TEC-CO-10001449,Technology,Copiers,Hewlett Packard LaserJet 3310 Copier
TEC-PH-10003095,Technology,Phones,Samsung HM1900 Bluetooth Headset
OFF-BI-10002571,Office Supplies,Binders,"Avery Framed View Binder, EZD Ring (Locking), Navy, 1 1/2"""
OFF-BI-10002824,Office Supplies,Binders,Recycled Easel Ring Binders
OFF-BI-10004654,Office Supplies,Binders,Avery Binding System Hidden Tab Executive Style Index Sets
TEC-AC-10001553,Technology,Accessories,"Memorex 25GB 6X Branded Blu-Ray Recordable Disc, 15/Pack"
TEC-MA-10001695,Technology,Machines,Zebra GK420t Direct Thermal/Thermal Transfer Printer
OFF-BI-10004001,Office Supplies,Binders,GBC Recycled VeloBinder Covers
OFF-FA-10001883,Office Supplies,Fasteners,"Alliance Super-Size Bands, Assorted Sizes"
OFF-LA-10000134,Office Supplies,Labels,Avery 511
OFF-PA-10000143,Office Supplies,Paper,Astroparche Fine Business Paper
TEC-MA-10001972,Technology,Machines,Okidata C331dn Printer
FUR-FU-10004909,Furniture,Furnishings,Contemporary Wood/Metal Frame
OFF-LA-10004545,Office Supplies,Labels,Avery 50
OFF-PA-10000167,Office Supplies,Paper,Xerox 1925
OFF-ST-10000676,Office Supplies,Storage,Fellowes Econo/Stor Drawers
FUR-FU-10001488,Furniture,Furnishings,"Tenex 46"" x 60"" Computer Anti-Static Chairmat, Rectangular Shaped"
FUR-FU-10004071,Furniture,Furnishings,Luxo Professional Magnifying Clamp-On Fluorescent Lamps
OFF-AR-10001315,Office Supplies,Art,Newell 310
OFF-PA-10001593,Office Supplies,Paper,Xerox 1947
TEC-PH-10004897,Technology,Phones,Mediabridge Sport Armband iPhone 5s
FUR-BO-10001567,Furniture,Bookcases,"Bush Westfield Collection Bookcases, Dark Cherry Finish, Fully Assembled"
FUR-CH-10004853,Furniture,Chairs,"Global Manager's Adjustable Task Chair, Storm"
FUR-FU-10004963,Furniture,Furnishings,"Eldon 400 Class Desk Accessories, Black Carbon"
OFF-BI-10001597,Office Supplies,Binders,"Wilson Jones Ledger-Size, Piano-Hinge Binder, 2"", Blue"
OFF-BI-10002557,Office Supplies,Binders,Presstex Flexible Ring Binders
OFF-SU-10004498,Office Supplies,Supplies,Martin-Yale Premier Letter Opener
TEC-PH-10002583,Technology,Phones,iOttie HLCRIO102 Car Mount
FUR-FU-10004963,Furniture,Furnishings,"Eldon 400 Class Desk Accessories, Black Carbon"
OFF-BI-10001597,Office Supplies,Binders,"Wilson Jones Ledger-Size, Piano-Hinge Binder, 2"", Blue"
OFF-AR-10001446,Office Supplies,Art,Newell 309
OFF-AR-10003183,Office Supplies,Art,Avery Fluorescent Highlighter Four-Color Set
FUR-FU-10001617,Furniture,Furnishings,"Executive Impressions 8-1/2"" Career Panel/Partition Cubicle Clock"
FUR-FU-10001706,Furniture,Furnishings,Longer-Life Soft White Bulbs
FUR-FU-10003394,Furniture,Furnishings,"Tenex ""The Solids"" Textured Chair Mats"
FUR-FU-10003535,Furniture,Furnishings,Howard Miller Distant Time Traveler Alarm Clock
FUR-TA-10004575,Furniture,Tables,Hon 5100 Series Wood Tables
OFF-AR-10001149,Office Supplies,Art,"Sanford Colorific Colored Pencils, 12/Box"
OFF-AR-10001860,Office Supplies,Art,BIC Liqua Brite Liner
OFF-AR-10002067,Office Supplies,Art,Newell 334
OFF-BI-10004140,Office Supplies,Binders,Avery Non-Stick Binders
OFF-BI-10004781,Office Supplies,Binders,GBC Wire Binding Strips
OFF-FA-10002988,Office Supplies,Fasteners,Ideal Clamps
OFF-LA-10000407,Office Supplies,Labels,Avery White Multi-Purpose Labels
OFF-PA-10000551,Office Supplies,Paper,Array Memo Cubes
OFF-PA-10001295,Office Supplies,Paper,Computer Printout Paper with Letter-Trim Perforations
OFF-PA-10001736,Office Supplies,Paper,Xerox 1880
OFF-PA-10001804,Office Supplies,Paper,Xerox 195
OFF-ST-10003123,Office Supplies,Storage,Fellowes Bases and Tops For Staxonsteel/High-Stak Systems
OFF-SU-10001218,Office Supplies,Supplies,Fiskars Softgrip Scissors
TEC-AC-10002402,Technology,Accessories,Razer Kraken PRO Over Ear PC and Music Headset
FUR-CH-10003606,Furniture,Chairs,SAFCO Folding Chair Trolley
OFF-EN-10001335,Office Supplies,Envelopes,"White Business Envelopes with Contemporary Seam, Recycled White Business Envelopes"
OFF-PA-10001970,Office Supplies,Paper,Xerox 1908
OFF-PA-10002319,Office Supplies,Paper,Xerox 1944
OFF-PA-10002377,Office Supplies,Paper,Xerox 1916
OFF-SU-10000946,Office Supplies,Supplies,Staple remover
TEC-AC-10000865,Technology,Accessories,WD My Passport Ultra 500GB Portable External Hard Drive
TEC-AC-10002473,Technology,Accessories,Maxell 4.7GB DVD-R
TEC-AC-10003033,Technology,Accessories,Plantronics CS510 - Over-the-Head monaural Wireless Headset System
TEC-PH-10004094,Technology,Phones,Motorola L703CM
OFF-AP-10000696,Office Supplies,Appliances,Holmes Odor Grabber
OFF-AP-10002651,Office Supplies,Appliances,Hoover Upright Vacuum With Dirt Cup
OFF-BI-10000977,Office Supplies,Binders,Ibico Plastic Spiral Binding Combs
OFF-BI-10001628,Office Supplies,Binders,"Acco Data Flex Cable Posts For Top & Bottom Load Binders, 6"" Capacity"
OFF-BI-10002082,Office Supplies,Binders,GBC Twin Loop Wire Binding Elements
OFF-EN-10002312,Office Supplies,Envelopes,#10 Self-Seal White Envelopes
OFF-LA-10003223,Office Supplies,Labels,Avery 508
OFF-LA-10004559,Office Supplies,Labels,Avery 49
OFF-PA-10000740,Office Supplies,Paper,Xerox 1982
OFF-PA-10001509,Office Supplies,Paper,"Recycled Desk Saver Line ""While You Were Out"" Book, 5 1/2"" X 4"""
OFF-PA-10003001,Office Supplies,Paper,Xerox 1986
OFF-PA-10003177,Office Supplies,Paper,Xerox 1999
TEC-PH-10003442,Technology,Phones,Samsung Replacement EH64AVFWE Premium Headset
FUR-TA-10001539,Furniture,Tables,Chromcraft Rectangular Conference Tables
FUR-BO-10001337,Furniture,Bookcases,O'Sullivan Living Dimensions 2-Shelf Bookcases
FUR-BO-10003894,Furniture,Bookcases,"Safco Value Mate Steel Bookcase, Baked Enamel Finish on Steel, Black"
OFF-AP-10003057,Office Supplies,Appliances,Honeywell Enviracaire Portable HEPA Air Cleaner for 16' x 20' Room
OFF-BI-10003981,Office Supplies,Binders,"Avery Durable Plastic 1"" Binders"
OFF-BI-10004584,Office Supplies,Binders,GBC ProClick 150 Presentation Binding System
TEC-PH-10003072,Technology,Phones,Panasonic KX-TG9541B DECT 6.0 Digital 2-Line Expandable Cordless Phone With Digital Answering System
FUR-CH-10003396,Furniture,Chairs,Global Deluxe Steno Chair
TEC-PH-10004922,Technology,Phones,RCA Visys Integrated PBX 8-Line Router
FUR-CH-10001802,Furniture,Chairs,Hon Every-Day Chair Series Swivel Task Chairs
FUR-CH-10002372,Furniture,Chairs,Office Star - Ergonomically Designed Knee Chair
FUR-FU-10000246,Furniture,Furnishings,Aluminum Document Frame
OFF-AR-10002053,Office Supplies,Art,"Premium Writing Pencils, Soft, #2 by Central Association for the Blind"
OFF-BI-10004209,Office Supplies,Binders,"Fellowes Twister Kit, Gray/Clear, 3/pkg"
OFF-FA-10003112,Office Supplies,Fasteners,Staples
OFF-PA-10000726,Office Supplies,Paper,"Black Print Carbonless Snap-Off Rapid Letter, 8 1/2"" x 7"""
OFF-ST-10000617,Office Supplies,Storage,Woodgrain Magazine Files by Perma
TEC-PH-10001300,Technology,Phones,"iKross Bluetooth Portable Keyboard + Cell Phone Stand Holder + Brush for Apple iPhone 5S 5C 5, 4S 4"
TEC-PH-10001557,Technology,Phones,Pyle PMP37LED
FUR-BO-10002545,Furniture,Bookcases,"Atlantic Metals Mobile 3-Shelf Bookcases, Custom Colors"
FUR-CH-10004626,Furniture,Chairs,Office Star Flex Back Scooter Chair with Aluminum Finish Frame
FUR-FU-10002878,Furniture,Furnishings,"Seth Thomas 14"" Day/Date Wall Clock"
FUR-FU-10003731,Furniture,Furnishings,"Eldon Expressions Wood and Plastic Desk Accessories, Oak"
FUR-TA-10003238,Furniture,Tables,"Chromcraft Bull-Nose Wood 48"" x 96"" Rectangular Conference Tables"
OFF-AR-10000390,Office Supplies,Art,Newell Chalk Holder
OFF-AR-10002240,Office Supplies,Art,Panasonic KP-150 Electric Pencil Sharpener
OFF-BI-10001120,Office Supplies,Binders,Ibico EPK-21 Electric Binding System
OFF-BI-10002412,Office Supplies,Binders,Wilson Jones “Snap” Scratch Pad Binder Tool for Ring Binders
OFF-BI-10002813,Office Supplies,Binders,Avery Reinforcements for Hole-Punch Pages
OFF-BI-10004817,Office Supplies,Binders,GBC Personal VeloBind Strips
OFF-PA-10001801,Office Supplies,Paper,Xerox 193
OFF-PA-10001892,Office Supplies,Paper,"Rediform Wirebound ""Phone Memo"" Message Book, 11 x 5-3/4"
OFF-ST-10002406,Office Supplies,Storage,Pizazz Global Quick File
OFF-ST-10002743,Office Supplies,Storage,SAFCO Boltless Steel Shelving
OFF-ST-10004804,Office Supplies,Storage,"Belkin 19"" Vented Equipment Shelf, Black"
OFF-ST-10004950,Office Supplies,Storage,"Tenex Personal Filing Tote With Secure Closure Lid, Black/Frost"
OFF-SU-10001225,Office Supplies,Supplies,Staple remover
TEC-AC-10002323,Technology,Accessories,SanDisk Ultra 32 GB MicroSDHC Class 10 Memory Card
TEC-AC-10004510,Technology,Accessories,Logitech Desktop MK120 Mouse and keyboard Combo
TEC-PH-10001305,Technology,Phones,Panasonic KX TS208W Corded phone
FUR-FU-10000732,Furniture,Furnishings,Eldon 200 Class Desk Accessories
FUR-FU-10003095,Furniture,Furnishings,"Linden 12"" Wall Clock With Oak Frame"
FUR-FU-10003731,Furniture,Furnishings,"Eldon Expressions Wood and Plastic Desk Accessories, Oak"
OFF-AR-10002766,Office Supplies,Art,Prang Drawing Pencil Set
OFF-PA-10003001,Office Supplies,Paper,Xerox 1986
FUR-FU-10001196,Furniture,Furnishings,DAX Cubicle Frames - 8x10
OFF-FA-10002983,Office Supplies,Fasteners,Advantus SlideClip Paper Clips
OFF-PA-10000482,Office Supplies,Paper,"Snap-A-Way Black Print Carbonless Ruled Speed Letter, Triplicate"
OFF-PA-10000595,Office Supplies,Paper,Xerox 1929
OFF-PA-10003072,Office Supplies,Paper,"Eureka Recycled Copy Paper 8 1/2"" x 11"", Ream"
TEC-AC-10000892,Technology,Accessories,NETGEAR N750 Dual Band Wi-Fi Gigabit Router
TEC-AC-10001838,Technology,Accessories,Razer Tiamat Over Ear 7.1 Surround Sound PC Gaming Headset
TEC-AC-10002637,Technology,Accessories,Logitech VX Revolution Cordless Laser Mouse for Notebooks (Black)
TEC-AC-10003063,Technology,Accessories,Micro Innovations USB RF Wireless Keyboard with Mouse
TEC-PH-10001061,Technology,Phones,Apple iPhone 5C
TEC-PH-10000984,Technology,Phones,Panasonic KX-TG9471B
FUR-CH-10000553,Furniture,Chairs,"Metal Folding Chairs, Beige, 4/Carton"
FUR-CH-10000847,Furniture,Chairs,Global Executive Mid-Back Manager's Chair
FUR-FU-10002671,Furniture,Furnishings,Electrix 20W Halogen Replacement Bulb for Zoom-In Desk Lamp
OFF-AP-10001366,Office Supplies,Appliances,Staple holder
OFF-BI-10001628,Office Supplies,Binders,"Acco Data Flex Cable Posts For Top & Bottom Load Binders, 6"" Capacity"
OFF-BI-10002949,Office Supplies,Binders,Prestige Round Ring Binders
OFF-BI-10004308,Office Supplies,Binders,Avery Legal 4-Ring Binder
OFF-FA-10000134,Office Supplies,Fasteners,"Advantus Push Pins, Aluminum Head"
OFF-ST-10000636,Office Supplies,Storage,Rogers Profile Extra Capacity Storage Tub
FUR-FU-10000076,Furniture,Furnishings,24-Hour Round Wall Clock
FUR-FU-10001861,Furniture,Furnishings,"Floodlight Indoor Halogen Bulbs, 1 Bulb per Pack, 60 Watts"
FUR-FU-10003268,Furniture,Furnishings,Eldon Radial Chair Mat for Low to Medium Pile Carpets
FUR-FU-10003553,Furniture,Furnishings,"Howard Miller 13-1/2"" Diameter Rosebrook Wall Clock"
FUR-FU-10003806,Furniture,Furnishings,"Tenex Chairmat w/ Average Lip, 45"" x 53"""
OFF-AR-10004441,Office Supplies,Art,BIC Brite Liner Highlighters
OFF-BI-10001191,Office Supplies,Binders,Canvas Sectional Post Binders
OFF-BI-10002225,Office Supplies,Binders,"Square Ring Data Binders, Rigid 75 Pt. Covers, 11"" x 14-7/8"""
OFF-BI-10002706,Office Supplies,Binders,Avery Premier Heavy-Duty Binder with Round Locking Rings
OFF-BI-10003719,Office Supplies,Binders,Large Capacity Hanging Post Binders
OFF-BI-10004236,Office Supplies,Binders,"XtraLife ClearVue Slant-D Ring Binder, White, 3"""
OFF-PA-10002105,Office Supplies,Paper,Xerox 223
OFF-PA-10004243,Office Supplies,Paper,Xerox 1939
OFF-PA-10004734,Office Supplies,Paper,Southworth Structures Collection
OFF-ST-10001328,Office Supplies,Storage,"Personal Filing Tote with Lid, Black/Gray"
OFF-ST-10002756,Office Supplies,Storage,"Tennsco Stur-D-Stor Boltless Shelving, 5 Shelves, 24"" Deep, Sand"
TEC-PH-10002563,Technology,Phones,Adtran 1202752G1
FUR-FU-10002671,Furniture,Furnishings,Electrix 20W Halogen Replacement Bulb for Zoom-In Desk Lamp
OFF-AP-10001626,Office Supplies,Appliances,"Commercial WindTunnel Clean Air Upright Vacuum, Replacement Belts, Filtration Bags"
OFF-BI-10004236,Office Supplies,Binders,"XtraLife ClearVue Slant-D Ring Binder, White, 3"""
OFF-ST-10000419,Office Supplies,Storage,"Rogers Jumbo File, Granite"
OFF-AR-10004078,Office Supplies,Art,Newell 312
OFF-AR-10004602,Office Supplies,Art,Boston KS Multi-Size Manual Pencil Sharpener
OFF-BI-10004817,Office Supplies,Binders,GBC Personal VeloBind Strips
OFF-FA-10003059,Office Supplies,Fasteners,Assorted Color Push Pins
FUR-CH-10000988,Furniture,Chairs,Hon Olson Stacker Stools
FUR-CH-10001854,Furniture,Chairs,Office Star - Professional Matrix Back Chair with 2-to-1 Synchro Tilt and Mesh Fabric Seat
FUR-CH-10002084,Furniture,Chairs,Hon Mobius Operator's Chair
OFF-AR-10004269,Office Supplies,Art,Newell 31
OFF-PA-10002986,Office Supplies,Paper,Xerox 1898
OFF-ST-10001128,Office Supplies,Storage,"Carina Mini System Audio Rack, Model AR050B"
OFF-ST-10002615,Office Supplies,Storage,"Dual Level, Single-Width Filing Carts"
OFF-SU-10001218,Office Supplies,Supplies,Fiskars Softgrip Scissors
OFF-EN-10002230,Office Supplies,Envelopes,Airmail Envelopes
OFF-ST-10004950,Office Supplies,Storage,"Tenex Personal Filing Tote With Secure Closure Lid, Black/Frost"
TEC-AC-10002473,Technology,Accessories,Maxell 4.7GB DVD-R
TEC-PH-10003988,Technology,Phones,"LF Elite 3D Dazzle Designer Hard Case Cover, Lf Stylus Pen and Wiper For Apple Iphone 5c Mini Lite"
FUR-CH-10001190,Furniture,Chairs,Global Deluxe High-Back Office Chair in Storm
FUR-CH-10004886,Furniture,Chairs,Bevis Steel Folding Chairs
FUR-FU-10002885,Furniture,Furnishings,Magna Visual Magnetic Picture Hangers
FUR-TA-10003392,Furniture,Tables,Global Adaptabilities Conference Tables
OFF-AP-10002998,Office Supplies,Appliances,Holmes 99% HEPA Air Purifier
OFF-AP-10003057,Office Supplies,Appliances,Honeywell Enviracaire Portable HEPA Air Cleaner for 16' x 20' Room
OFF-AR-10000380,Office Supplies,Art,"Hunt PowerHouse Electric Pencil Sharpener, Blue"
OFF-AR-10001770,Office Supplies,Art,Economy #2 Pencils
OFF-AR-10003394,Office Supplies,Art,Newell 332
OFF-AR-10003772,Office Supplies,Art,Boston 16750 Black Compact Battery Pencil Sharpener
OFF-BI-10002071,Office Supplies,Binders,Fellowes Black Plastic Comb Bindings
OFF-BI-10002813,Office Supplies,Binders,Avery Reinforcements for Hole-Punch Pages
OFF-BI-10003981,Office Supplies,Binders,"Avery Durable Plastic 1"" Binders"
OFF-BI-10003981,Office Supplies,Binders,"Avery Durable Plastic 1"" Binders"
OFF-FA-10001561,Office Supplies,Fasteners,Stockwell Push Pins
OFF-FA-10002280,Office Supplies,Fasteners,Advantus Plastic Paper Clips
OFF-LA-10004545,Office Supplies,Labels,Avery 50
OFF-PA-10000477,Office Supplies,Paper,Xerox 22
OFF-PA-10001725,Office Supplies,Paper,Xerox 1892
OFF-PA-10002160,Office Supplies,Paper,Xerox 1978
OFF-PA-10004359,Office Supplies,Paper,Multicolor Computer Printout Paper
TEC-AC-10000682,Technology,Accessories,Kensington K72356US Mouse-in-a-Box USB Desktop Mouse
TEC-AC-10000892,Technology,Accessories,NETGEAR N750 Dual Band Wi-Fi Gigabit Router
TEC-MA-10003337,Technology,Machines,Okidata B401 Printer
FUR-CH-10000229,Furniture,Chairs,Global Enterprise Series Seating High-Back Swivel/Tilt Chairs
FUR-CH-10003298,Furniture,Chairs,"Office Star - Contemporary Task Swivel chair with Loop Arms, Charcoal"
FUR-FU-10000723,Furniture,Furnishings,"Deflect-o EconoMat Studded, No Bevel Mat for Low Pile Carpeting"
FUR-FU-10001889,Furniture,Furnishings,Ultra Door Pull Handle
FUR-FU-10002445,Furniture,Furnishings,"DAX Two-Tone Rosewood/Black Document Frame, Desktop, 5 x 7"
FUR-FU-10003394,Furniture,Furnishings,"Tenex ""The Solids"" Textured Chair Mats"
FUR-FU-10004020,Furniture,Furnishings,Advantus Panel Wall Acrylic Frame
FUR-TA-10002533,Furniture,Tables,BPI Conference Tables
OFF-AR-10002135,Office Supplies,Art,Boston Heavy-Duty Trimline Electric Pencil Sharpeners
OFF-BI-10000494,Office Supplies,Binders,Acco Economy Flexible Poly Round Ring Binder
OFF-BI-10003314,Office Supplies,Binders,Tuff Stuff Recycled Round Ring Binders
OFF-FA-10000621,Office Supplies,Fasteners,"OIC Colored Binder Clips, Assorted Sizes"
OFF-LA-10003930,Office Supplies,Labels,"Dot Matrix Printer Tape Reel Labels, White, 5000/Box"
OFF-PA-10000176,Office Supplies,Paper,Xerox 1887
OFF-PA-10000295,Office Supplies,Paper,Xerox 229
OFF-PA-10004353,Office Supplies,Paper,Southworth 25% Cotton Premium Laser Paper and Envelopes
OFF-ST-10003442,Office Supplies,Storage,Eldon Portable Mobile Manager
OFF-SU-10002301,Office Supplies,Supplies,Serrated Blade or Curved Handle Hand Letter Openers
OFF-SU-10003505,Office Supplies,Supplies,Premier Electric Letter Opener
TEC-MA-10003176,Technology,Machines,Okidata B400 Printer
FUR-BO-10000780,Furniture,Bookcases,O'Sullivan Plantations 2-Door Library in Landvery Oak
FUR-CH-10004875,Furniture,Chairs,Harbour Creations 67200 Series Stacking Chairs
FUR-FU-10003806,Furniture,Furnishings,"Tenex Chairmat w/ Average Lip, 45"" x 53"""
FUR-FU-10004665,Furniture,Furnishings,"3M Polarizing Task Lamp with Clamp Arm, Light Gray"
FUR-TA-10002774,Furniture,Tables,Laminate Occasional Tables
OFF-AR-10002987,Office Supplies,Art,Prismacolor Color Pencil Set
OFF-BI-10001989,Office Supplies,Binders,Premium Transparent Presentation Covers by GBC
OFF-BI-10001989,Office Supplies,Binders,Premium Transparent Presentation Covers by GBC
OFF-BI-10002082,Office Supplies,Binders,GBC Twin Loop Wire Binding Elements
OFF-BI-10003963,Office Supplies,Binders,Cardinal Holdit Data Disk Pockets
OFF-BI-10004364,Office Supplies,Binders,Storex Dura Pro Binders
OFF-EN-10001434,Office Supplies,Envelopes,"Strathmore #10 Envelopes, Ultimate White"
OFF-LA-10000414,Office Supplies,Labels,Avery 503
OFF-LA-10002312,Office Supplies,Labels,Avery 490
TEC-AC-10000057,Technology,Accessories,Microsoft Natural Ergonomic Keyboard 4000
TEC-AC-10002305,Technology,Accessories,KeyTronic E03601U1 - Keyboard - Beige
TEC-AC-10004001,Technology,Accessories,Logitech Wireless Headset H600 Over-The-Head Design
TEC-AC-10004420,Technology,Accessories,Cherry 142-key Programmable Keyboard
TEC-PH-10003187,Technology,Phones,Anker Astro Mini 3000mAh Ultra-Compact Portable Charger
FUR-CH-10000513,Furniture,Chairs,High-Back Leather Manager's Chair
FUR-CH-10001146,Furniture,Chairs,"Global Task Chair, Black"
FUR-FU-10003773,Furniture,Furnishings,Eldon Cleatmat Plus Chair Mats for High Pile Carpets
FUR-FU-10004090,Furniture,Furnishings,"Executive Impressions 14"" Contract Wall Clock"
OFF-PA-10002421,Office Supplies,Paper,Embossed Ink Jet Note Cards
OFF-PA-10004071,Office Supplies,Paper,"Eaton Premium Continuous-Feed Paper, 25% Cotton, Letter Size, White, 1000 Shts/Box"
OFF-ST-10003442,Office Supplies,Storage,Eldon Portable Mobile Manager
FUR-CH-10001215,Furniture,Chairs,Global Troy Executive Leather Low-Back Tilter
FUR-FU-10002030,Furniture,Furnishings,"Executive Impressions 14"" Contract Wall Clock with Quartz Movement"
FUR-FU-10002597,Furniture,Furnishings,"C-Line Magnetic Cubicle Keepers, Clear Polypropylene"
OFF-BI-10001294,Office Supplies,Binders,Fellowes Binding Cases
OFF-BI-10001543,Office Supplies,Binders,GBC VeloBinder Manual Binding System
OFF-BI-10001636,Office Supplies,Binders,Ibico Plastic and Wire Spiral Binding Combs
OFF-BI-10004002,Office Supplies,Binders,Wilson Jones International Size A4 Ring Binders
OFF-BI-10004318,Office Supplies,Binders,Ibico EB-19 Dual Function Manual Binding System
OFF-FA-10004968,Office Supplies,Fasteners,Rubber Band Ball
OFF-LA-10004093,Office Supplies,Labels,Avery 486
OFF-PA-10002246,Office Supplies,Paper,"Wirebound Four 2-3/4 x 5 Forms per Page, 400 Sets per Book"
OFF-PA-10004983,Office Supplies,Paper,Xerox 23
OFF-ST-10001272,Office Supplies,Storage,"Mini 13-1/2 Capacity Data Binder Rack, Pearl"
OFF-ST-10003479,Office Supplies,Storage,"Eldon Base for stackable storage shelf, platinum"
OFF-SU-10002503,Office Supplies,Supplies,Acme Preferred Stainless Steel Scissors
TEC-AC-10002800,Technology,Accessories,Plantronics Audio 478 Stereo USB Headset
TEC-AC-10003911,Technology,Accessories,NETGEAR AC1750 Dual Band Gigabit Smart WiFi Router
TEC-PH-10000586,Technology,Phones,AT&T SB67148 SynJ
TEC-PH-10003811,Technology,Phones,Jabra Supreme Plus Driver Edition Headset
FUR-BO-10001798,Furniture,Bookcases,Bush Somerset Collection Bookcase
FUR-CH-10000454,Furniture,Chairs,"Hon Deluxe Fabric Upholstered Stacking Chairs, Rounded Back"
TEC-AC-10002001,Technology,Accessories,Logitech Wireless Gaming Headset G930
FUR-BO-10003966,Furniture,Bookcases,"Sauder Facets Collection Library, Sky Alder Finish"
FUR-FU-10000758,Furniture,Furnishings,DAX Natural Wood-Tone Poster Frame
FUR-FU-10000965,Furniture,Furnishings,"Howard Miller 11-1/2"" Diameter Ridgewood Wall Clock"
FUR-FU-10001085,Furniture,Furnishings,3M Polarizing Light Filter Sleeves
FUR-FU-10003731,Furniture,Furnishings,"Eldon Expressions Wood and Plastic Desk Accessories, Oak"
OFF-AP-10000055,Office Supplies,Appliances,Belkin F9S820V06 8 Outlet Surge
OFF-AP-10002457,Office Supplies,Appliances,"Eureka The Boss Plus 12-Amp Hard Box Upright Vacuum, Red"
OFF-AR-10001227,Office Supplies,Art,Newell 338
OFF-AR-10004999,Office Supplies,Art,Newell 315
OFF-BI-10001191,Office Supplies,Binders,Canvas Sectional Post Binders
OFF-BI-10001597,Office Supplies,Binders,"Wilson Jones Ledger-Size, Piano-Hinge Binder, 2"", Blue"
OFF-BI-10002082,Office Supplies,Binders,GBC Twin Loop Wire Binding Elements
OFF-BI-10002557,Office Supplies,Binders,Presstex Flexible Ring Binders
OFF-BI-10003364,Office Supplies,Binders,Binding Machine Supplies
OFF-BI-10003982,Office Supplies,Binders,Wilson Jones Century Plastic Molded Ring Binders
OFF-BI-10004656,Office Supplies,Binders,Peel & Stick Add-On Corner Pockets
OFF-BI-10004970,Office Supplies,Binders,"ACCOHIDE 3-Ring Binder, Blue, 1"""
OFF-LA-10001613,Office Supplies,Labels,Avery File Folder Labels
OFF-PA-10000682,Office Supplies,Paper,Xerox 1924
OFF-PA-10001363,Office Supplies,Paper,Xerox 1933
OFF-PA-10001776,Office Supplies,Paper,"Wirebound Message Books, Four 2 3/4"" x 5"" Forms per Page, 600 Sets per Book"
OFF-PA-10002421,Office Supplies,Paper,Embossed Ink Jet Note Cards
OFF-PA-10002787,Office Supplies,Paper,Xerox 227
OFF-PA-10003172,Office Supplies,Paper,Xerox 1996
OFF-PA-10004039,Office Supplies,Paper,Xerox 1882
OFF-ST-10000352,Office Supplies,Storage,Acco Perma 2700 Stacking Storage Drawers
OFF-ST-10001496,Office Supplies,Storage,Standard Rollaway File with Lock
OFF-ST-10001558,Office Supplies,Storage,Acco Perma 4000 Stacking Storage Drawers
OFF-ST-10002205,Office Supplies,Storage,File Shuttle I and Handi-File
OFF-SU-10001225,Office Supplies,Supplies,Staple remover
TEC-AC-10002550,Technology,Accessories,"Memorex 25GB 6X Branded Blu-Ray Recordable Disc, 30/Pack"
TEC-AC-10004901,Technology,Accessories,Kensington SlimBlade Notebook Wireless Mouse with Nano Receiver
TEC-PH-10000376,Technology,Phones,Square Credit Card Reader
TEC-PH-10000562,Technology,Phones,Samsung Convoy 3
TEC-PH-10003691,Technology,Phones,BlackBerry Q10
FUR-CH-10003774,Furniture,Chairs,"Global Wood Trimmed Manager's Task Chair, Khaki"
FUR-CH-10004540,Furniture,Chairs,Global Chrome Stack Chair
FUR-CH-10004997,Furniture,Chairs,Hon Every-Day Series Multi-Task Chairs
FUR-FU-10001852,Furniture,Furnishings,"Eldon Regeneration Recycled Desk Accessories, Smoke"
FUR-FU-10001934,Furniture,Furnishings,Magnifier Swing Arm Lamp
FUR-TA-10001950,Furniture,Tables,Balt Solid Wood Round Tables
OFF-AP-10001058,Office Supplies,Appliances,Sanyo 2.5 Cubic Foot Mid-Size Office Refrigerators
OFF-AR-10003373,Office Supplies,Art,"Boston School Pro Electric Pencil Sharpener, 1670"
OFF-AR-10003394,Office Supplies,Art,Newell 332
OFF-BI-10001510,Office Supplies,Binders,Deluxe Heavy-Duty Vinyl Round Ring Binder
OFF-BI-10001890,Office Supplies,Binders,Avery Poly Binder Pockets
OFF-BI-10002852,Office Supplies,Binders,Ibico Standard Transparent Covers
OFF-BI-10004236,Office Supplies,Binders,"XtraLife ClearVue Slant-D Ring Binder, White, 3"""
OFF-ST-10002276,Office Supplies,Storage,Safco Steel Mobile File Cart
OFF-ST-10002562,Office Supplies,Storage,Staple magnet
TEC-AC-10002305,Technology,Accessories,KeyTronic E03601U1 - Keyboard - Beige
TEC-AC-10003280,Technology,Accessories,Belkin F8E887 USB Wired Ergonomic Keyboard
TEC-AC-10003447,Technology,Accessories,Micropad Numeric Keypads
TEC-PH-10001336,Technology,Phones,Digium D40 VoIP phone
FUR-CH-10000454,Furniture,Chairs,"Hon Deluxe Fabric Upholstered Stacking Chairs, Rounded Back"
FUR-CH-10003746,Furniture,Chairs,Hon 4070 Series Pagoda Round Back Stacking Chairs
FUR-CH-10004495,Furniture,Chairs,"Global Leather and Oak Executive Chair, Black"
FUR-FU-10001037,Furniture,Furnishings,"DAX Charcoal/Nickel-Tone Document Frame, 5 x 7"
FUR-TA-10003392,Furniture,Tables,Global Adaptabilities Conference Tables
OFF-AP-10002311,Office Supplies,Appliances,"Holmes Replacement Filter for HEPA Air Cleaner, Very Large Room, HEPA Filter"
OFF-AP-10002350,Office Supplies,Appliances,Belkin F9H710-06 7 Outlet SurgeMaster Surge Protector
OFF-AR-10003394,Office Supplies,Art,Newell 332
OFF-BI-10002072,Office Supplies,Binders,Cardinal Slant-D Ring Binders
OFF-BI-10003727,Office Supplies,Binders,Avery Durable Slant Ring Binders With Label Holder
OFF-BI-10004967,Office Supplies,Binders,Round Ring Binders
OFF-EN-10002831,Office Supplies,Envelopes,"Tyvek  Top-Opening Peel & Seel  Envelopes, Gray"
OFF-FA-10000585,Office Supplies,Fasteners,OIC Bulk Pack Metal Binder Clips
OFF-PA-10001763,Office Supplies,Paper,Xerox 1896
TEC-AC-10003447,Technology,Accessories,Micropad Numeric Keypads
TEC-PH-10004908,Technology,Phones,Panasonic KX TS3282W Corded phone
FUR-FU-10003096,Furniture,Furnishings,"Master Giant Foot Doorstop, Safety Yellow"
FUR-FU-10004270,Furniture,Furnishings,"Eldon Image Series Desk Accessories, Burgundy"
FUR-FU-10004848,Furniture,Furnishings,DAX Solid Wood Frames
OFF-AR-10002956,Office Supplies,Art,Boston 16801 Nautilus Battery Pencil Sharpener
OFF-AR-10003582,Office Supplies,Art,"Boston Electric Pencil Sharpener, Model 1818, Charcoal Black"
OFF-BI-10000285,Office Supplies,Binders,XtraLife ClearVue Slant-D Ring Binders by Cardinal
OFF-LA-10001569,Office Supplies,Labels,Avery 499
OFF-PA-10001289,Office Supplies,Paper,White Computer Printout Paper by Universal
OFF-ST-10000876,Office Supplies,Storage,Eldon Simplefile Box Office
OFF-ST-10003455,Office Supplies,Storage,"Tenex File Box, Personal Filing Tote with Lid, Black"
OFF-ST-10004258,Office Supplies,Storage,Portable Personal File Box
OFF-SU-10000381,Office Supplies,Supplies,Acme Forged Steel Scissors with Black Enamel Handles
TEC-PH-10002114,Technology,Phones,Xiaomi Mi3
FUR-CH-10000785,Furniture,Chairs,Global Ergonomic Managers Chair
FUR-CH-10002335,Furniture,Chairs,Hon GuestStacker Chair
FUR-FU-10000550,Furniture,Furnishings,Stacking Trays by OIC
FUR-FU-10002813,Furniture,Furnishings,"DAX Contemporary Wood Frame with Silver Metal Mat, Desktop, 11 x 14 Size"
OFF-AR-10001725,Office Supplies,Art,Boston Home & Office Model 2000 Electric Pencil Sharpeners
OFF-AR-10003829,Office Supplies,Art,Newell 35
OFF-BI-10002393,Office Supplies,Binders,Binder Posts
OFF-BI-10004970,Office Supplies,Binders,"ACCOHIDE 3-Ring Binder, Blue, 1"""
OFF-LA-10000248,Office Supplies,Labels,Avery 52
OFF-PA-10001609,Office Supplies,Paper,Tops Wirebound Message Log Books
OFF-PA-10002479,Office Supplies,Paper,Xerox 4200 Series MultiUse Premium Copy Paper (20Lb. and 84 Bright)
OFF-ST-10001590,Office Supplies,Storage,"Tenex Personal Project File with Scoop Front Design, Black"
TEC-AC-10004145,Technology,Accessories,Logitech diNovo Edge Keyboard
TEC-CO-10004115,Technology,Copiers,Sharp AL-1530CS Digital Copier
TEC-PH-10001644,Technology,Phones,"BlueLounge Milo Smartphone Stand, White/Metallic"
TEC-PH-10003356,Technology,Phones,"SmartStand Mobile Device Holder, Assorted Colors"
FUR-TA-10001768,Furniture,Tables,Hon Racetrack Conference Tables
OFF-BI-10002982,Office Supplies,Binders,Avery Self-Adhesive Photo Pockets for Polaroid Photos
OFF-BI-10003527,Office Supplies,Binders,Fellowes PB500 Electric Punch Plastic Comb Binding Machine with Manual Bind
TEC-AC-10003832,Technology,Accessories,Imation 16GB Mini TravelDrive USB 2.0 Flash Drive
TEC-PH-10002549,Technology,Phones,Polycom SoundPoint IP 450 VoIP phone
OFF-BI-10004967,Office Supplies,Binders,Round Ring Binders
OFF-EN-10001990,Office Supplies,Envelopes,Staple envelope
OFF-BI-10004140,Office Supplies,Binders,Avery Non-Stick Binders
OFF-PA-10000697,Office Supplies,Paper,"TOPS Voice Message Log Book, Flash Format"
OFF-SU-10004231,Office Supplies,Supplies,Acme Tagit Stainless Steel Antibacterial Scissors
TEC-PH-10002350,Technology,Phones,Apple EarPods with Remote and Mic
FUR-CH-10000863,Furniture,Chairs,Novimex Swivel Fabric Task Chair
FUR-CH-10003817,Furniture,Chairs,"Global Value Steno Chair, Gray"
OFF-AP-10002867,Office Supplies,Appliances,Fellowes Command Center 5-outlet power strip
OFF-AP-10002998,Office Supplies,Appliances,Holmes 99% HEPA Air Purifier
OFF-AR-10003514,Office Supplies,Art,4009 Highlighters by Sanford
OFF-BI-10002437,Office Supplies,Binders,Recycled Premium Regency Composition Covers
OFF-LA-10003510,Office Supplies,Labels,"Avery 4027 File Folder Labels for Dot Matrix Printers, 5000 Labels per Box, White"
OFF-PA-10001970,Office Supplies,Paper,Xerox 1881
OFF-ST-10003470,Office Supplies,Storage,"Tennsco Snap-Together Open Shelving Units, Starter Sets and Add-On Units"
TEC-AC-10002842,Technology,Accessories,WD My Passport Ultra 2TB Portable External Hard Drive
TEC-AC-10003870,Technology,Accessories,Logitech Z-906 Speaker sys - home theater - 5.1-CH
TEC-PH-10003357,Technology,Phones,Grandstream GXP2100 Mainstream Business Phone
FUR-FU-10000206,Furniture,Furnishings,"GE General Purpose, Extra Long Life, Showcase & Floodlight Incandescent Bulbs"
FUR-FU-10000448,Furniture,Furnishings,Tenex Chairmats For Use With Carpeted Floors
OFF-AP-10000595,Office Supplies,Appliances,Disposable Triple-Filter Dust Bags
OFF-AP-10001947,Office Supplies,Appliances,Acco 6 Outlet Guardian Premium Plus Surge Suppressor
OFF-AR-10003752,Office Supplies,Art,Deluxe Chalkboard Eraser Cleaner
OFF-AR-10003770,Office Supplies,Art,Newell 340
OFF-BI-10000320,Office Supplies,Binders,GBC Plastic Binding Combs
OFF-BI-10002609,Office Supplies,Binders,Avery Hidden Tab Dividers for Binding Systems
OFF-BI-10003305,Office Supplies,Binders,Avery Hanging File Binders
OFF-BI-10003676,Office Supplies,Binders,"GBC Standard Recycled Report Covers, Clear Plastic Sheets"
OFF-EN-10003798,Office Supplies,Envelopes,"Recycled Interoffice Envelopes with Re-Use-A-Seal Closure, 10 x 13"
OFF-FA-10003495,Office Supplies,Fasteners,Staples
OFF-PA-10001509,Office Supplies,Paper,"Recycled Desk Saver Line ""While You Were Out"" Book, 5 1/2"" X 4"""
OFF-PA-10004735,Office Supplies,Paper,Xerox 1905
OFF-ST-10000642,Office Supplies,Storage,"Tennsco Lockers, Gray"
OFF-ST-10002583,Office Supplies,Storage,Fellowes Neat Ideas Storage Cubes
OFF-ST-10004507,Office Supplies,Storage,Advantus Rolling Storage Box
TEC-PH-10003589,Technology,Phones,invisibleSHIELD by ZAGG Smudge-Free Screen Protector
FUR-BO-10004695,Furniture,Bookcases,O'Sullivan 2-Door Barrister Bookcase in Odessa Pine
FUR-BO-10004709,Furniture,Bookcases,"Bush Westfield Collection Bookcases, Medium Cherry Finish"
FUR-CH-10003774,Furniture,Chairs,"Global Wood Trimmed Manager's Task Chair, Khaki"
FUR-FU-10000023,Furniture,Furnishings,Eldon Wave Desk Accessories
OFF-AP-10003622,Office Supplies,Appliances,"Bravo II Megaboss 12-Amp Hard Body Upright, Replacement Belts, 2 Belts per Pack"
OFF-BI-10000343,Office Supplies,Binders,"Pressboard Covers with Storage Hooks, 9 1/2"" x 11"", Light Blue"
OFF-BI-10000474,Office Supplies,Binders,Avery Recycled Flexi-View Covers for Binding Systems
OFF-BI-10002133,Office Supplies,Binders,"Wilson Jones Elliptical Ring 3 1/2"" Capacity Binders, 800 sheets"
OFF-BI-10003460,Office Supplies,Binders,Acco 3-Hole Punch
OFF-FA-10002983,Office Supplies,Fasteners,Advantus SlideClip Paper Clips
OFF-LA-10002475,Office Supplies,Labels,Avery 519
OFF-LA-10004689,Office Supplies,Labels,Avery 512
OFF-PA-10000418,Office Supplies,Paper,Xerox 189
OFF-PA-10000955,Office Supplies,Paper,Southworth 25% Cotton Granite Paper & Envelopes
OFF-PA-10001622,Office Supplies,Paper,"Ampad Poly Cover Wirebound Steno Book, 6"" x 9"" Assorted Colors, Gregg Ruled"
OFF-ST-10003327,Office Supplies,Storage,Akro-Mils 12-Gallon Tote
TEC-AC-10002001,Technology,Accessories,Logitech Wireless Gaming Headset G930
TEC-AC-10004803,Technology,Accessories,Sony Micro Vault Click 4 GB USB 2.0 Flash Drive
TEC-PH-10003095,Technology,Phones,Samsung HM1900 Bluetooth Headset
TEC-PH-10003357,Technology,Phones,Grandstream GXP2100 Mainstream Business Phone
TEC-PH-10004536,Technology,Phones,Avaya 5420 Digital phone
TEC-PH-10004539,Technology,Phones,Wireless Extenders zBoost YX545 SOHO Signal Booster
FUR-BO-10002598,Furniture,Bookcases,"Hon Metal Bookcases, Putty"
FUR-CH-10003817,Furniture,Chairs,"Global Value Steno Chair, Gray"
FUR-CH-10003833,Furniture,Chairs,Novimex Fabric Task Chair
FUR-FU-10001876,Furniture,Furnishings,"Computer Room Manger, 14"""
OFF-PA-10000232,Office Supplies,Paper,Xerox 1975
OFF-PA-10001790,Office Supplies,Paper,Xerox 1910
OFF-PA-10003845,Office Supplies,Paper,Xerox 1987
OFF-PA-10004451,Office Supplies,Paper,Xerox 222
OFF-ST-10001590,Office Supplies,Storage,"Tenex Personal Project File with Scoop Front Design, Black"
TEC-AC-10003657,Technology,Accessories,Lenovo 17-Key USB Numeric Keypad
TEC-MA-10000752,Technology,Machines,Texas Instrument TI-15 Fraction Calculator
TEC-PH-10001580,Technology,Phones,Logitech Mobile Speakerphone P710e - speaker phone
FUR-FU-10000397,Furniture,Furnishings,Luxo Economy Swing Arm Lamp
OFF-AR-10001860,Office Supplies,Art,BIC Liqua Brite Liner
OFF-AR-10003481,Office Supplies,Art,Newell 348
OFF-BI-10000605,Office Supplies,Binders,"Acco Pressboard Covers with Storage Hooks, 9 1/2"" x 11"", Executive Red"
OFF-BI-10001524,Office Supplies,Binders,GBC Premium Transparent Covers with Diagonal Lined Pattern
OFF-BI-10002852,Office Supplies,Binders,Ibico Standard Transparent Covers
OFF-BI-10003196,Office Supplies,Binders,Accohide Poly Flexible Ring Binders
OFF-BI-10004040,Office Supplies,Binders,Wilson Jones Impact Binders
OFF-LA-10000262,Office Supplies,Labels,Avery 494
TEC-AC-10000387,Technology,Accessories,KeyTronic KT800P2 - Keyboard - Black
FUR-FU-10002088,Furniture,Furnishings,Nu-Dell Float Frame 11 x 14 1/2
FUR-FU-10003976,Furniture,Furnishings,"DAX Executive Solid Wood Document Frame, Desktop or Hang, Mahogany, 5 x 7"
OFF-FA-10002763,Office Supplies,Fasteners,Advantus Map Pennant Flags and Round Head Tacks
FUR-BO-10001619,Furniture,Bookcases,O'Sullivan Cherrywood Estates Traditional Bookcase
FUR-CH-10001394,Furniture,Chairs,Global Leather Executive Chair
FUR-FU-10000010,Furniture,Furnishings,"DAX Value U-Channel Document Frames, Easel Back"
FUR-FU-10000965,Furniture,Furnishings,"Howard Miller 11-1/2"" Diameter Ridgewood Wall Clock"
FUR-FU-10003535,Furniture,Furnishings,Howard Miller Distant Time Traveler Alarm Clock
OFF-AP-10002765,Office Supplies,Appliances,Fellowes Advanced Computer Series Surge Protectors
OFF-AR-10003405,Office Supplies,Art,"Dixon My First Ticonderoga Pencil, #2"
OFF-BI-10000822,Office Supplies,Binders,"Acco PRESSTEX Data Binder with Storage Hooks, Light Blue, 9 1/2"" X 11"""
OFF-BI-10004632,Office Supplies,Binders,Ibico Hi-Tech Manual Binding System
OFF-EN-10001532,Office Supplies,Envelopes,Brown Kraft Recycled Envelopes
OFF-FA-10001754,Office Supplies,Fasteners,Stockwell Gold Paper Clips
OFF-FA-10002676,Office Supplies,Fasteners,Colored Push Pins
OFF-PA-10000167,Office Supplies,Paper,Xerox 1925
OFF-PA-10000241,Office Supplies,Paper,"IBM Multi-Purpose Copy Paper, 8 1/2 x 11"", Case"
OFF-PA-10001609,Office Supplies,Paper,Tops Wirebound Message Log Books
OFF-PA-10004888,Office Supplies,Paper,Xerox 217
OFF-PA-10004971,Office Supplies,Paper,Xerox 196
OFF-ST-10001325,Office Supplies,Storage,Sterilite Officeware Hinged File Box
OFF-SU-10004782,Office Supplies,Supplies,"Elite 5"" Scissors"
TEC-AC-10000420,Technology,Accessories,Logitech G500s Laser Gaming Mouse with Adjustable Weight Tuning
TEC-AC-10002049,Technology,Accessories,Logitech G19 Programmable Gaming Keyboard
TEC-AC-10002323,Technology,Accessories,SanDisk Ultra 32 GB MicroSDHC Class 10 Memory Card
TEC-AC-10003023,Technology,Accessories,Logitech G105 Gaming Keyboard
TEC-AC-10003033,Technology,Accessories,Plantronics CS510 - Over-the-Head monaural Wireless Headset System
TEC-AC-10004855,Technology,Accessories,V7 USB Numeric Keypad
TEC-PH-10001300,Technology,Phones,"iKross Bluetooth Portable Keyboard + Cell Phone Stand Holder + Brush for Apple iPhone 5S 5C 5, 4S 4"
TEC-PH-10004120,Technology,Phones,AT&T 1080 Phone
FUR-CH-10004698,Furniture,Chairs,"Padded Folding Chairs, Black, 4/Carton"
FUR-TA-10001095,Furniture,Tables,Chromcraft Round Conference Tables
OFF-BI-10000545,Office Supplies,Binders,GBC Ibimaster 500 Manual ProClick Binding System
OFF-BI-10004002,Office Supplies,Binders,Wilson Jones International Size A4 Ring Binders
OFF-PA-10004675,Office Supplies,Paper,"Telephone Message Books with Fax/Mobile Section, 5 1/2"" x 3 3/16"""
OFF-ST-10000689,Office Supplies,Storage,"Fellowes Strictly Business Drawer File, Letter/Legal Size"
OFF-ST-10001325,Office Supplies,Storage,Sterilite Officeware Hinged File Box
TEC-AC-10000926,Technology,Accessories,NETGEAR RangeMax WNR1000 Wireless Router
TEC-AC-10004518,Technology,Accessories,Memorex Mini Travel Drive 32 GB USB 2.0 Flash Drive
TEC-MA-10000418,Technology,Machines,Cubify CubeX 3D Printer Double Head Print
TEC-MA-10004255,Technology,Machines,Konica Minolta magicolor 1690MF Multifunction Printer
TEC-PH-10002564,Technology,Phones,OtterBox Defender Series Case - Samsung Galaxy S4
FUR-BO-10002213,Furniture,Bookcases,DMI Eclipse Executive Suite Bookcases
FUR-FU-10002937,Furniture,Furnishings,"GE 48"" Fluorescent Tube, Cool White Energy Saver, 34 Watts, 30/Box"
FUR-TA-10002958,Furniture,Tables,"Bevis Oval Conference Table, Walnut"
OFF-AP-10000055,Office Supplies,Appliances,Belkin F9S820V06 8 Outlet Surge
OFF-AR-10000716,Office Supplies,Art,DIXON Ticonderoga Erasable Checking Pencils
OFF-AR-10004269,Office Supplies,Art,Newell 31
OFF-BI-10000145,Office Supplies,Binders,Zipper Ring Binder Pockets
OFF-BI-10000666,Office Supplies,Binders,Surelock Post Binders
OFF-BI-10002954,Office Supplies,Binders,Newell 3-Hole Punched Plastic Slotted Magazine Holders for Binders
OFF-BI-10003364,Office Supplies,Binders,Binding Machine Supplies
OFF-BI-10004352,Office Supplies,Binders,Wilson Jones DublLock D-Ring Binders
OFF-PA-10001685,Office Supplies,Paper,Easy-staple paper
OFF-PA-10004285,Office Supplies,Paper,Xerox 1959
TEC-AC-10003447,Technology,Accessories,Micropad Numeric Keypads
TEC-MA-10000010,Technology,Machines,Hewlett-Packard Deskjet 3050a All-in-One Color Inkjet Printer
TEC-PH-10004165,Technology,Phones,Mitel MiVoice 5330e IP Phone
FUR-FU-10001889,Furniture,Furnishings,Ultra Door Pull Handle
FUR-TA-10001039,Furniture,Tables,KI Adjustable-Height Table
OFF-AP-10003842,Office Supplies,Appliances,Euro-Pro Shark Turbo Vacuum
OFF-AR-10000658,Office Supplies,Art,Newell 324
OFF-BI-10000977,Office Supplies,Binders,Ibico Plastic Spiral Binding Combs
OFF-BI-10004233,Office Supplies,Binders,"GBC Pre-Punched Binding Paper, Plastic, White, 8-1/2"" x 11"""
OFF-PA-10000100,Office Supplies,Paper,Xerox 1945
OFF-PA-10001246,Office Supplies,Paper,Xerox 215
OFF-ST-10000876,Office Supplies,Storage,Eldon Simplefile Box Office
OFF-ST-10004337,Office Supplies,Storage,"SAFCO Commercial Wire Shelving, 72h"
TEC-AC-10001266,Technology,Accessories,Memorex Micro Travel Drive 8 GB
TEC-AC-10004633,Technology,Accessories,"Verbatim 25 GB 6x Blu-ray Single Layer Recordable Disc, 3/Pack"
TEC-PH-10001944,Technology,Phones,Wi-Ex zBoost YX540 Cellular Phone Signal Booster
TEC-PH-10002483,Technology,Phones,Motorola Moto X
FUR-CH-10002647,Furniture,Chairs,"Situations Contoured Folding Chairs, 4/Set"
FUR-CH-10004477,Furniture,Chairs,"Global Push Button Manager's Chair, Indigo"
OFF-BI-10001890,Office Supplies,Binders,Avery Poly Binder Pockets
OFF-BI-10002976,Office Supplies,Binders,ACCOHIDE Binder by Acco
OFF-BI-10003166,Office Supplies,Binders,GBC Plasticlear Binding Covers
OFF-FA-10004076,Office Supplies,Fasteners,Translucent Push Pins by OIC
OFF-ST-10002301,Office Supplies,Storage,Tennsco Commercial Shelving
OFF-ST-10003805,Office Supplies,Storage,"24 Capacity Maxi Data Binder Racks, Pearl"
OFF-ST-10004459,Office Supplies,Storage,Tennsco Single-Tier Lockers
TEC-AC-10003441,Technology,Accessories,Kingston Digital DataTraveler 32GB USB 2.0
TEC-PH-10004539,Technology,Phones,Wireless Extenders zBoost YX545 SOHO Signal Booster
FUR-FU-10003806,Furniture,Furnishings,"Tenex Chairmat w/ Average Lip, 45"" x 53"""
TEC-AC-10004864,Technology,Accessories,Memorex Micro Travel Drive 32 GB
FUR-CH-10000513,Furniture,Chairs,High-Back Leather Manager's Chair
OFF-PA-10000380,Office Supplies,Paper,"REDIFORM Incoming/Outgoing Call Register, 11"" X 8 1/2"", 100 Messages"
OFF-PA-10002713,Office Supplies,Paper,"Adams Phone Message Book, 200 Message Capacity, 8 1/16” x 11”"
OFF-ST-10001370,Office Supplies,Storage,Sensible Storage WireTech Storage Systems
TEC-PH-10002890,Technology,Phones,AT&T 17929 Lendline Telephone
FUR-CH-10001270,Furniture,Chairs,Harbour Creations Steel Folding Chair
FUR-CH-10002647,Furniture,Chairs,"Situations Contoured Folding Chairs, 4/Set"
FUR-CH-10004477,Furniture,Chairs,"Global Push Button Manager's Chair, Indigo"
FUR-CH-10004997,Furniture,Chairs,Hon Every-Day Series Multi-Task Chairs
FUR-FU-10000448,Furniture,Furnishings,Tenex Chairmats For Use With Carpeted Floors
FUR-FU-10001196,Furniture,Furnishings,DAX Cubicle Frames - 8x10
FUR-FU-10002045,Furniture,Furnishings,"Executive Impressions 14"""
FUR-FU-10003724,Furniture,Furnishings,Westinghouse Clip-On Gooseneck Lamps
FUR-TA-10001095,Furniture,Tables,Chromcraft Round Conference Tables
OFF-AP-10002945,Office Supplies,Appliances,Honeywell Enviracaire Portable HEPA Air Cleaner for 17' x 22' Room
OFF-AP-10002945,Office Supplies,Appliances,Honeywell Enviracaire Portable HEPA Air Cleaner for 17' x 22' Room
OFF-AP-10004859,Office Supplies,Appliances,Acco 6 Outlet Guardian Premium Surge Suppressor
OFF-AR-10000940,Office Supplies,Art,Newell 343
OFF-AR-10001149,Office Supplies,Art,"Sanford Colorific Colored Pencils, 12/Box"
OFF-BI-10004236,Office Supplies,Binders,"XtraLife ClearVue Slant-D Ring Binder, White, 3"""
OFF-EN-10001219,Office Supplies,Envelopes,"#10- 4 1/8"" x 9 1/2"" Security-Tint Envelopes"
OFF-PA-10001357,Office Supplies,Paper,Xerox 1886
OFF-PA-10004040,Office Supplies,Paper,Universal Premium White Copier/Laser Paper (20Lb. and 87 Bright)
OFF-ST-10002292,Office Supplies,Storage,"Sauder Facets Collection Locker/File Cabinet, Sky Alder Finish"
OFF-SU-10004664,Office Supplies,Supplies,Acme Softgrip Scissors
TEC-PH-10000193,Technology,Phones,Jensen SMPS-640 - speaker phone
TEC-PH-10003811,Technology,Phones,Jabra Supreme Plus Driver Edition Headset
TEC-PH-10003931,Technology,Phones,JBL Micro Wireless Portable Bluetooth Speaker
FUR-BO-10003893,Furniture,Bookcases,Sauder Camden County Collection Library
FUR-FU-10003026,Furniture,Furnishings,"Eldon Regeneration Recycled Desk Accessories, Black"
FUR-FU-10004864,Furniture,Furnishings,Eldon 500 Class Desk Accessories
OFF-AP-10001303,Office Supplies,Appliances,"Holmes Cool Mist Humidifier for the Whole House with 8-Gallon Output per Day, Extended Life Filter"
OFF-BI-10000632,Office Supplies,Binders,Satellite Sectional Post Binders
OFF-BI-10001107,Office Supplies,Binders,"GBC White Gloss Covers, Plain Front"
OFF-BI-10002353,Office Supplies,Binders,GBC VeloBind Cover Sets
OFF-BI-10004236,Office Supplies,Binders,"XtraLife ClearVue Slant-D Ring Binder, White, 3"""
OFF-BI-10004318,Office Supplies,Binders,Ibico EB-19 Dual Function Manual Binding System
OFF-PA-10000062,Office Supplies,Paper,Green Bar Computer Printout Paper
OFF-PA-10002262,Office Supplies,Paper,Xerox 192
OFF-PA-10002464,Office Supplies,Paper,HP Office Recycled Paper (20Lb. and 87 Bright)
OFF-PA-10003893,Office Supplies,Paper,Xerox 1962
OFF-ST-10000142,Office Supplies,Storage,Deluxe Rollaway Locking File with Drawer
OFF-ST-10002214,Office Supplies,Storage,X-Rack File for Hanging Folders
TEC-AC-10002942,Technology,Accessories,WD My Passport Ultra 1TB Portable External Hard Drive
TEC-PH-10000441,Technology,Phones,VTech DS6151
FUR-FU-10001588,Furniture,Furnishings,"Deflect-o SuperTray Unbreakable Stackable Tray, Letter, Black"
FUR-FU-10002759,Furniture,Furnishings,12-1/2 Diameter Round Wall Clock
OFF-AR-10000940,Office Supplies,Art,Newell 343
FUR-BO-10001337,Furniture,Bookcases,O'Sullivan Living Dimensions 2-Shelf Bookcases
FUR-CH-10002965,Furniture,Chairs,"Global Leather Highback Executive Chair with Pneumatic Height Adjustment, Black"
FUR-CH-10004754,Furniture,Chairs,"Global Stack Chair with Arms, Black"
FUR-FU-10001085,Furniture,Furnishings,3M Polarizing Light Filter Sleeves
FUR-TA-10002228,Furniture,Tables,"Bevis Traditional Conference Table Top, Plinth Base"
FUR-TA-10004147,Furniture,Tables,Hon 4060 Series Tables
FUR-TA-10004575,Furniture,Tables,Hon 5100 Series Wood Tables
OFF-AP-10000179,Office Supplies,Appliances,Honeywell Enviracaire Portable HEPA Air Cleaner for up to 10 x 16 Room
OFF-AR-10001662,Office Supplies,Art,Rogers Handheld Barrel Pencil Sharpener
OFF-BI-10001072,Office Supplies,Binders,"GBC Clear Cover, 8-1/2 x 11, unpunched, 25 covers per pack"
OFF-LA-10001317,Office Supplies,Labels,Avery 520
OFF-PA-10001954,Office Supplies,Paper,Xerox 1964
OFF-ST-10001558,Office Supplies,Storage,Acco Perma 4000 Stacking Storage Drawers
OFF-ST-10001932,Office Supplies,Storage,Fellowes Staxonsteel Drawer Files
OFF-ST-10004634,Office Supplies,Storage,"Personal Folder Holder, Ebony"
TEC-AC-10003870,Technology,Accessories,Logitech Z-906 Speaker sys - home theater - 5.1-CH
FUR-FU-10001602,Furniture,Furnishings,"Eldon Delta Triangular Chair Mat, 52"" x 58"", Clear"
OFF-BI-10000301,Office Supplies,Binders,GBC Instant Report Kit
OFF-BI-10004656,Office Supplies,Binders,Peel & Stick Add-On Corner Pockets
OFF-PA-10000994,Office Supplies,Paper,Xerox 1915
OFF-PA-10001685,Office Supplies,Paper,Easy-staple paper
OFF-ST-10000676,Office Supplies,Storage,Fellowes Econo/Stor Drawers
OFF-ST-10001418,Office Supplies,Storage,Carina Media Storage Towers in Natural & Black
OFF-ST-10003324,Office Supplies,Storage,Belkin OmniView SE Rackmount Kit
TEC-AC-10001432,Technology,Accessories,Enermax Aurora Lite Keyboard
FUR-FU-10004270,Furniture,Furnishings,"Eldon Image Series Desk Accessories, Burgundy"
OFF-AR-10003723,Office Supplies,Art,Avery Hi-Liter Fluorescent Desk Style Markers
FUR-BO-10002853,Furniture,Bookcases,O'Sullivan 5-Shelf Heavy-Duty Bookcases
FUR-CH-10000454,Furniture,Chairs,"Hon Deluxe Fabric Upholstered Stacking Chairs, Rounded Back"
FUR-FU-10002671,Furniture,Furnishings,Electrix 20W Halogen Replacement Bulb for Zoom-In Desk Lamp
FUR-FU-10004748,Furniture,Furnishings,"Howard Miller 16"" Diameter Gallery Wall Clock"
OFF-AR-10000034,Office Supplies,Art,"BIC Brite Liner Grip Highlighters, Assorted, 5/Pack"
OFF-AR-10001547,Office Supplies,Art,Newell 311
OFF-BI-10002735,Office Supplies,Binders,GBC Prestige Therm-A-Bind Covers
OFF-BI-10003656,Office Supplies,Binders,Fellowes PB200 Plastic Comb Binding Machine
OFF-EN-10004483,Office Supplies,Envelopes,"#10 White Business Envelopes,4 1/8 x 9 1/2"
OFF-LA-10004853,Office Supplies,Labels,Avery 483
OFF-PA-10000349,Office Supplies,Paper,Easy-staple paper
OFF-ST-10000060,Office Supplies,Storage,Fellowes Bankers Box Staxonsteel Drawer File/Stacking System
OFF-ST-10002615,Office Supplies,Storage,"Dual Level, Single-Width Filing Carts"
TEC-PH-10000215,Technology,Phones,Plantronics Cordless Phone Headset with In-line Volume - M214C
TEC-PH-10000560,Technology,Phones,Samsung Galaxy S III - 16GB - pebble blue (T-Mobile)
TEC-PH-10001448,Technology,Phones,Anker Astro 15000mAh USB Portable Charger
OFF-AR-10004752,Office Supplies,Art,Blackstonian Pencils
OFF-BI-10001636,Office Supplies,Binders,Ibico Plastic and Wire Spiral Binding Combs
OFF-BI-10001658,Office Supplies,Binders,GBC Standard Therm-A-Bind Covers
OFF-BI-10001721,Office Supplies,Binders,Trimflex Flexible Post Binders
OFF-BI-10002026,Office Supplies,Binders,Ibico Recycled Linen-Style Covers
OFF-BI-10003727,Office Supplies,Binders,Avery Durable Slant Ring Binders With Label Holder
OFF-BI-10004318,Office Supplies,Binders,Ibico EB-19 Dual Function Manual Binding System
OFF-EN-10000927,Office Supplies,Envelopes,Jet-Pak Recycled Peel 'N' Seal Padded Mailers
OFF-FA-10003467,Office Supplies,Fasteners,"Alliance Big Bands Rubber Bands, 12/Pack"
OFF-PA-10000482,Office Supplies,Paper,"Snap-A-Way Black Print Carbonless Ruled Speed Letter, Triplicate"
OFF-PA-10000743,Office Supplies,Paper,Xerox 1977
OFF-PA-10001736,Office Supplies,Paper,Xerox 1880
OFF-PA-10004100,Office Supplies,Paper,Xerox 216
TEC-CO-10004202,Technology,Copiers,Brother DCP1000 Digital 3 in 1 Multifunction Machine
TEC-PH-10002310,Technology,Phones,Plantronics Calisto P620-M USB Wireless Speakerphone System
TEC-PH-10002496,Technology,Phones,Cisco SPA301
TEC-PH-10002834,Technology,Phones,Google Nexus 5
TEC-PH-10004080,Technology,Phones,Avaya 5410 Digital phone
FUR-BO-10003450,Furniture,Bookcases,"Bush Westfield Collection Bookcases, Dark Cherry Finish"
FUR-CH-10002335,Furniture,Chairs,Hon GuestStacker Chair
FUR-FU-10003664,Furniture,Furnishings,"Electrix Architect's Clamp-On Swing Arm Lamp, Black"
FUR-TA-10003954,Furniture,Tables,Hon 94000 Series Round Tables
OFF-AR-10003056,Office Supplies,Art,Newell 341
OFF-BI-10001267,Office Supplies,Binders,"Universal Recycled Hanging Pressboard Report Binders, Letter Size"
OFF-PA-10002615,Office Supplies,Paper,"Ampad Gold Fibre Wirebound Steno Books, 6"" x 9"", Gregg Ruled"
OFF-PA-10003363,Office Supplies,Paper,Xerox 204
OFF-ST-10000615,Office Supplies,Storage,"SimpliFile Personal File, Black Granite, 15w x 6-15/16d x 11-1/4h"
OFF-ST-10003816,Office Supplies,Storage,Fellowes High-Stak Drawer Files
TEC-AC-10002473,Technology,Accessories,Maxell 4.7GB DVD-R
TEC-AC-10004877,Technology,Accessories,Imation 30456 USB Flash Drive 8GB
TEC-PH-10002496,Technology,Phones,Cisco SPA301
TEC-PH-10003555,Technology,Phones,Motorola HK250 Universal Bluetooth Headset
TEC-PH-10004977,Technology,Phones,GE 30524EE4
FUR-TA-10001676,Furniture,Tables,Hon 61000 Series Interactive Training Tables
FUR-TA-10002530,Furniture,Tables,"Iceberg OfficeWorks 42"" Round Tables"
OFF-AP-10001492,Office Supplies,Appliances,"Acco Six-Outlet Power Strip, 4' Cord Length"
OFF-AP-10002311,Office Supplies,Appliances,"Holmes Replacement Filter for HEPA Air Cleaner, Very Large Room, HEPA Filter"
OFF-AP-10003971,Office Supplies,Appliances,Belkin 6 Outlet Metallic Surge Strip
OFF-AR-10000246,Office Supplies,Art,Newell 318
OFF-AR-10000475,Office Supplies,Art,"Hunt BOSTON Vista Battery-Operated Pencil Sharpener, Black"
OFF-BI-10002133,Office Supplies,Binders,"Wilson Jones Elliptical Ring 3 1/2"" Capacity Binders, 800 sheets"
OFF-BI-10003712,Office Supplies,Binders,"Acco Pressboard Covers with Storage Hooks, 14 7/8"" x 11"", Light Blue"
OFF-LA-10001404,Office Supplies,Labels,Avery 517
OFF-LA-10001474,Office Supplies,Labels,Avery 477
OFF-PA-10002250,Office Supplies,Paper,Things To Do Today Pad
OFF-SU-10001664,Office Supplies,Supplies,Acme Office Executive Series Stainless Steel Trimmers
TEC-AC-10000199,Technology,Accessories,Kingston Digital DataTraveler 8GB USB 2.0
TEC-AC-10001109,Technology,Accessories,Logitech Trackman Marble Mouse
TEC-PH-10000169,Technology,Phones,ARKON Windshield Dashboard Air Vent Car Mount Holder
TEC-PH-10003988,Technology,Phones,"LF Elite 3D Dazzle Designer Hard Case Cover, Lf Stylus Pen and Wiper For Apple Iphone 5c Mini Lite"
OFF-LA-10001404,Office Supplies,Labels,Avery 517
OFF-LA-10001474,Office Supplies,Labels,Avery 477
FUR-CH-10002965,Furniture,Chairs,"Global Leather Highback Executive Chair with Pneumatic Height Adjustment, Black"
FUR-CH-10003379,Furniture,Chairs,Global Commerce Series High-Back Swivel/Tilt Chairs
OFF-AP-10000252,Office Supplies,Appliances,Harmony HEPA Quiet Air Purifiers
OFF-AP-10002082,Office Supplies,Appliances,Holmes HEPA Air Purifier
OFF-BI-10001718,Office Supplies,Binders,GBC DocuBind P50 Personal Binding Machine
OFF-BI-10003656,Office Supplies,Binders,Fellowes PB200 Plastic Comb Binding Machine
OFF-EN-10003296,Office Supplies,Envelopes,Tyvek Side-Opening Peel & Seel Expanding Envelopes
OFF-PA-10000575,Office Supplies,Paper,"Wirebound Message Books, Four 2 3/4 x 5 White Forms per Page"
OFF-PA-10000659,Office Supplies,Paper,"Adams Phone Message Book, Professional, 400 Message Capacity, 5 3/6” x 11”"
OFF-PA-10001125,Office Supplies,Paper,Xerox 1988
OFF-PA-10001776,Office Supplies,Paper,"Wirebound Message Books, Four 2 3/4"" x 5"" Forms per Page, 600 Sets per Book"
OFF-PA-10004609,Office Supplies,Paper,Xerox 221
OFF-ST-10001228,Office Supplies,Storage,"Fellowes Personal Hanging Folder Files, Navy"
TEC-AC-10003038,Technology,Accessories,Kingston Digital DataTraveler 16GB USB 2.0
FUR-FU-10002501,Furniture,Furnishings,Nu-Dell Executive Frame
FUR-CH-10003298,Furniture,Chairs,"Office Star - Contemporary Task Swivel chair with Loop Arms, Charcoal"
FUR-CH-10003774,Furniture,Chairs,"Global Wood Trimmed Manager's Task Chair, Khaki"
FUR-CH-10004218,Furniture,Chairs,"Global Fabric Manager's Chair, Dark Gray"
FUR-FU-10001935,Furniture,Furnishings,3M Hangers With Command Adhesive
FUR-TA-10003008,Furniture,Tables,"Lesro Round Back Collection Coffee Table, End Table"
FUR-TA-10004619,Furniture,Tables,Hon Non-Folding Utility Tables
OFF-AP-10000576,Office Supplies,Appliances,"Belkin 325VA UPS Surge Protector, 6'"
OFF-AP-10001469,Office Supplies,Appliances,Fellowes 8 Outlet Superior Workstation Surge Protector
OFF-AP-10002892,Office Supplies,Appliances,Belkin F5C206VTEL 6 Outlet Surge
OFF-AR-10000914,Office Supplies,Art,Boston 16765 Mini Stand Up Battery Pencil Sharpener
OFF-AR-10003251,Office Supplies,Art,Prang Drawing Pencil Set
OFF-BI-10002824,Office Supplies,Binders,Recycled Easel Ring Binders
OFF-BI-10002897,Office Supplies,Binders,"Black Avery Memo-Size 3-Ring Binder, 5 1/2"" x 8 1/2"""
OFF-BI-10004001,Office Supplies,Binders,GBC Recycled VeloBinder Covers
OFF-BI-10004593,Office Supplies,Binders,Ibico Laser Imprintable Binding System Covers
OFF-FA-10000304,Office Supplies,Fasteners,Advantus Push Pins
OFF-PA-10000241,Office Supplies,Paper,"IBM Multi-Purpose Copy Paper, 8 1/2 x 11"", Case"
OFF-ST-10000636,Office Supplies,Storage,Rogers Profile Extra Capacity Storage Tub
OFF-ST-10001476,Office Supplies,Storage,Steel Personal Filing/Posting Tote
OFF-ST-10001558,Office Supplies,Storage,Acco Perma 4000 Stacking Storage Drawers
OFF-ST-10001963,Office Supplies,Storage,Tennsco Regal Shelving Units
OFF-SU-10004782,Office Supplies,Supplies,"Elite 5"" Scissors"
TEC-AC-10000057,Technology,Accessories,Microsoft Natural Ergonomic Keyboard 4000
TEC-AC-10001142,Technology,Accessories,First Data FD10 PIN Pad
TEC-AC-10001267,Technology,Accessories,Imation 32GB Pocket Pro USB 3.0 Flash Drive - 32 GB - Black - 1 P ...
TEC-PH-10002103,Technology,Phones,Jabra SPEAK 410
TEC-PH-10002447,Technology,Phones,AT&T CL83451 4-Handset Telephone
TEC-PH-10003273,Technology,Phones,AT&T TR1909W
FUR-FU-10003724,Furniture,Furnishings,Westinghouse Clip-On Gooseneck Lamps
FUR-FU-10004864,Furniture,Furnishings,"Howard Miller 14-1/2"" Diameter Chrome Round Wall Clock"
FUR-FU-10004864,Furniture,Furnishings,Eldon 500 Class Desk Accessories
OFF-AP-10002350,Office Supplies,Appliances,Belkin F9H710-06 7 Outlet SurgeMaster Surge Protector
OFF-AR-10000462,Office Supplies,Art,Sanford Pocket Accent Highlighters
OFF-AR-10003732,Office Supplies,Art,Newell 333
OFF-BI-10003982,Office Supplies,Binders,Wilson Jones Century Plastic Molded Ring Binders
OFF-PA-10004438,Office Supplies,Paper,Xerox 1907
OFF-ST-10000885,Office Supplies,Storage,Fellowes Desktop Hanging File Manager
OFF-SU-10000952,Office Supplies,Supplies,Fiskars Home & Office Scissors
TEC-AC-10001314,Technology,Accessories,Case Logic 2.4GHz Wireless Keyboard
TEC-AC-10002567,Technology,Accessories,Logitech G602 Wireless Gaming Mouse
TEC-PH-10002103,Technology,Phones,Jabra SPEAK 410
OFF-AR-10001547,Office Supplies,Art,Newell 311
OFF-EN-10003072,Office Supplies,Envelopes,Peel & Seel Envelopes
OFF-PA-10000726,Office Supplies,Paper,"Black Print Carbonless Snap-Off Rapid Letter, 8 1/2"" x 7"""
FUR-TA-10000577,Furniture,Tables,Bretford CR4500 Series Slim Rectangular Table
OFF-AR-10004757,Office Supplies,Art,Crayola Colored Pencils
OFF-BI-10001759,Office Supplies,Binders,"Acco Pressboard Covers with Storage Hooks, 14 7/8"" x 11"", Dark Blue"
TEC-AC-10001772,Technology,Accessories,Memorex Mini Travel Drive 16 GB USB 2.0 Flash Drive
FUR-CH-10001146,Furniture,Chairs,"Global Task Chair, Black"
FUR-FU-10002045,Furniture,Furnishings,"Executive Impressions 14"""
FUR-FU-10002937,Furniture,Furnishings,"GE 48"" Fluorescent Tube, Cool White Energy Saver, 34 Watts, 30/Box"
OFF-BI-10000279,Office Supplies,Binders,"Acco Recycled 2"" Capacity Laser Printer Hanging Data Binders"
OFF-FA-10000621,Office Supplies,Fasteners,"OIC Colored Binder Clips, Assorted Sizes"
OFF-LA-10003190,Office Supplies,Labels,Avery 474
OFF-PA-10001471,Office Supplies,Paper,Strathmore Photo Frame Cards
OFF-ST-10001590,Office Supplies,Storage,"Tenex Personal Project File with Scoop Front Design, Black"
OFF-ST-10004507,Office Supplies,Storage,Advantus Rolling Storage Box
FUR-FU-10002364,Furniture,Furnishings,"Eldon Expressions Wood Desk Accessories, Oak"
FUR-TA-10000198,Furniture,Tables,Chromcraft Bull-Nose Wood Oval Conference Tables & Bases
FUR-TA-10003473,Furniture,Tables,Bretford Rectangular Conference Table Tops
OFF-AP-10001205,Office Supplies,Appliances,Belkin 5 Outlet SurgeMaster Power Centers
OFF-BI-10000201,Office Supplies,Binders,"Avery Triangle Shaped Sheet Lifters, Black, 2/Pack"
OFF-PA-10002552,Office Supplies,Paper,Xerox 1958
OFF-ST-10000036,Office Supplies,Storage,"Recycled Data-Pak for Archival Bound Computer Printouts, 12-1/2 x 12-1/2 x 16"
FUR-FU-10004093,Furniture,Furnishings,Hand-Finished Solid Wood Document Frame
OFF-FA-10000089,Office Supplies,Fasteners,Acco Glide Clips
FUR-CH-10001708,Furniture,Chairs,Office Star - Contemporary Swivel Chair with Padded Adjustable Arms and Flex Back
OFF-AP-10004859,Office Supplies,Appliances,Acco 6 Outlet Guardian Premium Surge Suppressor
OFF-BI-10002194,Office Supplies,Binders,Cardinal Hold-It CD Pocket
OFF-FA-10001754,Office Supplies,Fasteners,Stockwell Gold Paper Clips
TEC-AC-10001445,Technology,Accessories,Imation USB 2.0 Swivel Flash Drive USB flash drive - 4 GB - Pink
FUR-TA-10004256,Furniture,Tables,Bretford “Just In Time” Height-Adjustable Multi-Task Work Tables
OFF-BI-10000545,Office Supplies,Binders,GBC Ibimaster 500 Manual ProClick Binding System
OFF-BI-10000948,Office Supplies,Binders,"GBC Laser Imprintable Binding System Covers, Desert Sand"
OFF-BI-10001636,Office Supplies,Binders,Ibico Plastic and Wire Spiral Binding Combs
OFF-PA-10001972,Office Supplies,Paper,Xerox 214
OFF-ST-10001328,Office Supplies,Storage,"Personal Filing Tote with Lid, Black/Gray"
TEC-AC-10002942,Technology,Accessories,WD My Passport Ultra 1TB Portable External Hard Drive
FUR-CH-10004997,Furniture,Chairs,Hon Every-Day Series Multi-Task Chairs
FUR-FU-10000732,Furniture,Furnishings,Eldon 200 Class Desk Accessories
FUR-FU-10003731,Furniture,Furnishings,"Eldon Expressions Wood and Plastic Desk Accessories, Oak"
FUR-FU-10004960,Furniture,Furnishings,"Seth Thomas 12"" Clock w/ Goldtone Case"
FUR-TA-10002530,Furniture,Tables,"Iceberg OfficeWorks 42"" Round Tables"
OFF-AP-10002684,Office Supplies,Appliances,"Acco 7-Outlet Masterpiece Power Center, Wihtout Fax/Phone Line Protection"
OFF-AR-10004078,Office Supplies,Art,Newell 312
OFF-BI-10000778,Office Supplies,Binders,GBC VeloBinder Electric Binding Machine
OFF-BI-10001359,Office Supplies,Binders,GBC DocuBind TL300 Electric Binding System
OFF-BI-10001670,Office Supplies,Binders,Vinyl Sectional Post Binders
OFF-LA-10000407,Office Supplies,Labels,Avery White Multi-Purpose Labels
OFF-PA-10003036,Office Supplies,Paper,"Black Print Carbonless 8 1/2"" x 8 1/4"" Rapid Memo Book"
OFF-PA-10003072,Office Supplies,Paper,"Eureka Recycled Copy Paper 8 1/2"" x 11"", Ream"
OFF-ST-10003716,Office Supplies,Storage,Tennsco Double-Tier Lockers
OFF-SU-10000646,Office Supplies,Supplies,Premier Automatic Letter Opener
OFF-SU-10003505,Office Supplies,Supplies,Premier Electric Letter Opener
TEC-AC-10000991,Technology,Accessories,Sony Micro Vault Click 8 GB USB 2.0 Flash Drive
TEC-AC-10001465,Technology,Accessories,SanDisk Cruzer 64 GB USB Flash Drive
TEC-AC-10003832,Technology,Accessories,Logitech P710e Mobile Speakerphone
TEC-PH-10001552,Technology,Phones,I Need's 3d Hello Kitty Hybrid Silicone Case Cover for HTC One X 4g with 3d Hello Kitty Stylus Pen Green/pink
TEC-PH-10004833,Technology,Phones,Macally Suction Cup Mount
FUR-FU-10004904,Furniture,Furnishings,"Eldon ""L"" Workstation Diamond Chairmat"
FUR-TA-10001086,Furniture,Tables,"SAFCO PlanMaster Boards, 60w x 37-1/2d, White Melamine"
OFF-AR-10001545,Office Supplies,Art,Newell 326
OFF-BI-10000174,Office Supplies,Binders,"Wilson Jones Clip & Carry Folder Binder Tool for Ring Binders, Clear"
OFF-BI-10000948,Office Supplies,Binders,"GBC Laser Imprintable Binding System Covers, Desert Sand"
OFF-BI-10002012,Office Supplies,Binders,Wilson Jones Easy Flow II Sheet Lifters
OFF-BI-10002103,Office Supplies,Binders,"Cardinal Slant-D Ring Binder, Heavy Gauge Vinyl"
FUR-FU-10001918,Furniture,Furnishings,C-Line Cubicle Keepers Polyproplyene Holder With Velcro Backings
OFF-BI-10003910,Office Supplies,Binders,DXL Angle-View Binders with Locking Rings by Samsill
OFF-PA-10003673,Office Supplies,Paper,Strathmore Photo Mount Cards
TEC-AC-10002323,Technology,Accessories,SanDisk Ultra 32 GB MicroSDHC Class 10 Memory Card
FUR-FU-10000277,Furniture,Furnishings,Deflect-o DuraMat Antistatic Studded Beveled Mat for Medium Pile Carpeting
FUR-FU-10001934,Furniture,Furnishings,Magnifier Swing Arm Lamp
FUR-FU-10001935,Furniture,Furnishings,3M Hangers With Command Adhesive
FUR-FU-10002878,Furniture,Furnishings,"Seth Thomas 14"" Day/Date Wall Clock"
OFF-BI-10003694,Office Supplies,Binders,"Avery 3 1/2"" Diskette Storage Pages, 10/Pack"
OFF-BI-10004002,Office Supplies,Binders,Wilson Jones International Size A4 Ring Binders
OFF-BI-10004233,Office Supplies,Binders,"GBC Pre-Punched Binding Paper, Plastic, White, 8-1/2"" x 11"""
TEC-MA-10000752,Technology,Machines,Texas Instrument TI-15 Fraction Calculator
FUR-BO-10003441,Furniture,Bookcases,"Bush Westfield Collection Bookcases, Fully Assembled"
FUR-FU-10000206,Furniture,Furnishings,"GE General Purpose, Extra Long Life, Showcase & Floodlight Incandescent Bulbs"
FUR-FU-10003664,Furniture,Furnishings,"Electrix Architect's Clamp-On Swing Arm Lamp, Black"
FUR-FU-10003664,Furniture,Furnishings,"Electrix Architect's Clamp-On Swing Arm Lamp, Black"
OFF-AR-10001231,Office Supplies,Art,"Sanford EarthWrite Recycled Pencils, Medium Soft, #2"
OFF-AR-10001246,Office Supplies,Art,Newell 317
OFF-BI-10001267,Office Supplies,Binders,"Universal Recycled Hanging Pressboard Report Binders, Letter Size"
OFF-EN-10004773,Office Supplies,Envelopes,Staple envelope
OFF-FA-10000992,Office Supplies,Fasteners,"Acco Clips to Go Binder Clips, 24 Clips in Two Sizes"
OFF-LA-10002945,Office Supplies,Labels,"Permanent Self-Adhesive File Folder Labels for Typewriters, 1 1/8 x 3 1/2, White"
OFF-PA-10000477,Office Supplies,Paper,Xerox 1952
OFF-PA-10001295,Office Supplies,Paper,Computer Printout Paper with Letter-Trim Perforations
OFF-PA-10004327,Office Supplies,Paper,Xerox 1911
OFF-ST-10002743,Office Supplies,Storage,SAFCO Boltless Steel Shelving
OFF-ST-10003470,Office Supplies,Storage,"Tennsco Snap-Together Open Shelving Units, Starter Sets and Add-On Units"
TEC-CO-10002095,Technology,Copiers,Hewlett Packard 610 Color Digital Copier / Printer
TEC-PH-10002645,Technology,Phones,LG G2
TEC-PH-10004345,Technology,Phones,Cisco SPA 502G IP Phone
TEC-PH-10004539,Technology,Phones,Wireless Extenders zBoost YX545 SOHO Signal Booster
TEC-PH-10004912,Technology,Phones,Cisco SPA112 2 Port Phone Adapter
FUR-FU-10000771,Furniture,Furnishings,"Eldon 200 Class Desk Accessories, Smoke"
FUR-FU-10003192,Furniture,Furnishings,Luxo Adjustable Task Clamp Lamp
OFF-BI-10001575,Office Supplies,Binders,GBC Linen Binding Covers
OFF-EN-10001990,Office Supplies,Envelopes,Staple envelope
OFF-PA-10002986,Office Supplies,Paper,Xerox 1898
OFF-ST-10003716,Office Supplies,Storage,Tennsco Double-Tier Lockers
TEC-AC-10004469,Technology,Accessories,Microsoft Sculpt Comfort Mouse
TEC-PH-10001750,Technology,Phones,Samsung Rugby III
FUR-CH-10000847,Furniture,Chairs,Global Executive Mid-Back Manager's Chair
FUR-CH-10002331,Furniture,Chairs,Hon 4700 Series Mobuis Mid-Back Task Chairs with Adjustable Arms
FUR-CH-10003746,Furniture,Chairs,Hon 4070 Series Pagoda Round Back Stacking Chairs
FUR-CH-10004754,Furniture,Chairs,"Global Stack Chair with Arms, Black"
FUR-FU-10003142,Furniture,Furnishings,"Master Big Foot Doorstop, Beige"
FUR-FU-10003553,Furniture,Furnishings,"Howard Miller 13-1/2"" Diameter Rosebrook Wall Clock"
FUR-TA-10001307,Furniture,Tables,"SAFCO PlanMaster Heigh-Adjustable Drafting Table Base, 43w x 30d x 30-37h, Black"
FUR-TA-10002607,Furniture,Tables,KI Conference Tables
FUR-TA-10002958,Furniture,Tables,"Bevis Oval Conference Table, Walnut"
OFF-AR-10003811,Office Supplies,Art,Newell 327
OFF-BI-10001524,Office Supplies,Binders,GBC Premium Transparent Covers with Diagonal Lined Pattern
OFF-PA-10002005,Office Supplies,Paper,Xerox 225
OFF-PA-10003302,Office Supplies,Paper,Xerox 1906
TEC-AC-10001465,Technology,Accessories,SanDisk Cruzer 64 GB USB Flash Drive
TEC-AC-10001838,Technology,Accessories,Razer Tiamat Over Ear 7.1 Surround Sound PC Gaming Headset
TEC-AC-10002217,Technology,Accessories,Imation Clip USB flash drive - 8 GB
TEC-AC-10004353,Technology,Accessories,Hypercom P1300 Pinpad
TEC-MA-10003356,Technology,Machines,Panasonic KX MC6040 Color Laser Multifunction Printer
TEC-PH-10002200,Technology,Phones,Samsung Galaxy Note 2
FUR-CH-10003535,Furniture,Chairs,"Global Armless Task Chair, Royal Blue"
FUR-CH-10003968,Furniture,Chairs,Novimex Turbo Task Chair
FUR-TA-10003473,Furniture,Tables,Bretford Rectangular Conference Table Tops
OFF-AP-10000252,Office Supplies,Appliances,Harmony HEPA Quiet Air Purifiers
OFF-AP-10002765,Office Supplies,Appliances,Fellowes Advanced Computer Series Surge Protectors
OFF-AP-10004052,Office Supplies,Appliances,"Hoover Replacement Belts For Soft Guard & Commercial Ltweight Upright Vacs, 2/Pk"
OFF-AR-10001897,Office Supplies,Art,Model L Table or Wall-Mount Pencil Sharpener
OFF-AR-10002445,Office Supplies,Art,SANFORD Major Accent Highlighters
OFF-BI-10004967,Office Supplies,Binders,Round Ring Binders
OFF-PA-10003673,Office Supplies,Paper,Strathmore Photo Mount Cards
OFF-SU-10000952,Office Supplies,Supplies,Fiskars Home & Office Scissors
TEC-AC-10003280,Technology,Accessories,Belkin F8E887 USB Wired Ergonomic Keyboard
TEC-PH-10002275,Technology,Phones,Mitel 5320 IP Phone VoIP phone
OFF-FA-10002815,Office Supplies,Fasteners,Staples
FUR-CH-10004853,Furniture,Chairs,"Global Manager's Adjustable Task Chair, Storm"
OFF-FA-10000621,Office Supplies,Fasteners,"OIC Colored Binder Clips, Assorted Sizes"
OFF-LA-10001613,Office Supplies,Labels,Avery File Folder Labels
OFF-LA-10002368,Office Supplies,Labels,Avery 479
OFF-PA-10001972,Office Supplies,Paper,Xerox 214
OFF-PA-10004041,Office Supplies,Paper,"It's Hot Message Books with Stickers, 2 3/4"" x 5"""
TEC-AC-10003063,Technology,Accessories,Micro Innovations USB RF Wireless Keyboard with Mouse
FUR-CH-10001714,Furniture,Chairs,"Global Leather & Oak Executive Chair, Burgundy"
FUR-FU-10000672,Furniture,Furnishings,"Executive Impressions 10"" Spectator Wall Clock"
OFF-AP-10001293,Office Supplies,Appliances,Belkin 8 Outlet Surge Protector
OFF-BI-10000138,Office Supplies,Binders,Acco Translucent Poly Ring Binders
OFF-BI-10000145,Office Supplies,Binders,Zipper Ring Binder Pockets
OFF-BI-10004781,Office Supplies,Binders,GBC Wire Binding Strips
OFF-EN-10002592,Office Supplies,Envelopes,"Peel & Seel Recycled Catalog Envelopes, Brown"
OFF-PA-10000143,Office Supplies,Paper,Astroparche Fine Business Paper
OFF-PA-10001289,Office Supplies,Paper,White Computer Printout Paper by Universal
OFF-PA-10002986,Office Supplies,Paper,Xerox 1898
OFF-ST-10003722,Office Supplies,Storage,Project Tote Personal File
OFF-SU-10002557,Office Supplies,Supplies,Fiskars Spring-Action Scissors
FUR-CH-10000454,Furniture,Chairs,"Hon Deluxe Fabric Upholstered Stacking Chairs, Rounded Back"
OFF-AR-10004269,Office Supplies,Art,Newell 31
OFF-BI-10002194,Office Supplies,Binders,Cardinal Hold-It CD Pocket
OFF-BI-10004654,Office Supplies,Binders,Avery Binding System Hidden Tab Executive Style Index Sets
OFF-LA-10003720,Office Supplies,Labels,Avery 487
OFF-PA-10002421,Office Supplies,Paper,Embossed Ink Jet Note Cards
OFF-ST-10001526,Office Supplies,Storage,Iceberg Mobile Mega Data/Printer Cart
OFF-SU-10001664,Office Supplies,Supplies,Acme Office Executive Series Stainless Steel Trimmers
OFF-AR-10000588,Office Supplies,Art,Newell 345
OFF-AR-10003759,Office Supplies,Art,"Crayola Anti Dust Chalk, 12/Pack"
OFF-BI-10003984,Office Supplies,Binders,Lock-Up Easel 'Spel-Binder'
OFF-BI-10004233,Office Supplies,Binders,"GBC Pre-Punched Binding Paper, Plastic, White, 8-1/2"" x 11"""
OFF-PA-10002250,Office Supplies,Paper,Things To Do Today Pad
OFF-ST-10002554,Office Supplies,Storage,Tennsco Industrial Shelving
TEC-PH-10002563,Technology,Phones,Adtran 1202752G1
FUR-CH-10003199,Furniture,Chairs,Office Star - Contemporary Task Swivel Chair
FUR-FU-10001215,Furniture,Furnishings,"Howard Miller 11-1/2"" Diameter Brentwood Wall Clock"
FUR-FU-10002116,Furniture,Furnishings,"Tenex Carpeted, Granite-Look or Clear Contemporary Contour Shape Chair Mats"
FUR-FU-10003878,Furniture,Furnishings,"Linden 10"" Round Wall Clock, Black"
OFF-AP-10004708,Office Supplies,Appliances,Fellowes Superior 10 Outlet Split Surge Protector
OFF-AR-10003158,Office Supplies,Art,Fluorescent Highlighters by Dixon
OFF-BI-10000301,Office Supplies,Binders,GBC Instant Report Kit
OFF-BI-10000343,Office Supplies,Binders,"Pressboard Covers with Storage Hooks, 9 1/2"" x 11"", Light Blue"
OFF-BI-10002012,Office Supplies,Binders,Wilson Jones Easy Flow II Sheet Lifters
OFF-ST-10002743,Office Supplies,Storage,SAFCO Boltless Steel Shelving
FUR-TA-10002958,Furniture,Tables,"Bevis Oval Conference Table, Walnut"
OFF-AP-10000027,Office Supplies,Appliances,Hoover Commercial SteamVac
OFF-AR-10001955,Office Supplies,Art,Newell 319
OFF-BI-10000474,Office Supplies,Binders,Avery Recycled Flexi-View Covers for Binding Systems
OFF-BI-10003694,Office Supplies,Binders,"Avery 3 1/2"" Diskette Storage Pages, 10/Pack"
OFF-ST-10002615,Office Supplies,Storage,"Dual Level, Single-Width Filing Carts"
TEC-AC-10000682,Technology,Accessories,Kensington K72356US Mouse-in-a-Box USB Desktop Mouse
TEC-MA-10002178,Technology,Machines,Cisco CP-7937G Unified IP Conference Station Phone
OFF-AR-10000817,Office Supplies,Art,Manco Dry-Lighter Erasable Highlighter
OFF-BI-10004584,Office Supplies,Binders,GBC ProClick 150 Presentation Binding System
OFF-PA-10004735,Office Supplies,Paper,Xerox 1905
OFF-BI-10004728,Office Supplies,Binders,Wilson Jones Turn Tabs Binder Tool for Ring Binders
OFF-BI-10000145,Office Supplies,Binders,Zipper Ring Binder Pockets
OFF-FA-10003112,Office Supplies,Fasteners,Staples
OFF-ST-10000760,Office Supplies,Storage,Eldon Fold 'N Roll Cart System
OFF-ST-10002301,Office Supplies,Storage,Tennsco Commercial Shelving
OFF-SU-10004884,Office Supplies,Supplies,Acme Galleria Hot Forged Steel Scissors with Colored Handles
TEC-MA-10000822,Technology,Machines,Lexmark MX611dhe Monochrome Laser Printer
FUR-TA-10001950,Furniture,Tables,Balt Solid Wood Round Tables
OFF-BI-10004632,Office Supplies,Binders,Ibico Hi-Tech Manual Binding System
FUR-FU-10004973,Furniture,Furnishings,Flat Face Poster Frame
OFF-BI-10000545,Office Supplies,Binders,GBC Ibimaster 500 Manual ProClick Binding System
OFF-EN-10002621,Office Supplies,Envelopes,Staple envelope
OFF-PA-10001804,Office Supplies,Paper,Xerox 195
FUR-BO-10001608,Furniture,Bookcases,"Hon Metal Bookcases, Black"
OFF-AR-10004010,Office Supplies,Art,Hunt Boston Vacuum Mount KS Pencil Sharpener
OFF-PA-10004983,Office Supplies,Paper,Xerox 23
OFF-SU-10002881,Office Supplies,Supplies,Martin Yale Chadless Opener Electric Letter Opener
FUR-FU-10001037,Furniture,Furnishings,"DAX Charcoal/Nickel-Tone Document Frame, 5 x 7"
OFF-BI-10002003,Office Supplies,Binders,Ibico Presentation Index for Binding Systems
OFF-BI-10003727,Office Supplies,Binders,Avery Durable Slant Ring Binders With Label Holder
OFF-EN-10001219,Office Supplies,Envelopes,"#10- 4 1/8"" x 9 1/2"" Security-Tint Envelopes"
OFF-EN-10002504,Office Supplies,Envelopes,"Tyvek  Top-Opening Peel & Seel Envelopes, Plain White"
OFF-FA-10003472,Office Supplies,Fasteners,Bagged Rubber Bands
OFF-PA-10000019,Office Supplies,Paper,Xerox 1931
OFF-PA-10000483,Office Supplies,Paper,Xerox 19
OFF-PA-10004156,Office Supplies,Paper,Xerox 188
OFF-ST-10001590,Office Supplies,Storage,"Tenex Personal Project File with Scoop Front Design, Black"
OFF-ST-10002562,Office Supplies,Storage,Staple magnet
OFF-ST-10003638,Office Supplies,Storage,Mobile Personal File Cube
TEC-AC-10001445,Technology,Accessories,Imation USB 2.0 Swivel Flash Drive USB flash drive - 4 GB - Pink
TEC-AC-10003027,Technology,Accessories,Imation 8GB Mini TravelDrive USB 2.0 Flash Drive
TEC-AC-10004469,Technology,Accessories,Microsoft Sculpt Comfort Mouse
TEC-PH-10000169,Technology,Phones,ARKON Windshield Dashboard Air Vent Car Mount Holder
TEC-PH-10001924,Technology,Phones,iHome FM Clock Radio with Lightning Dock
TEC-PH-10003655,Technology,Phones,Sannysis Cute Owl Design Soft Skin Case Cover for Samsung Galaxy S4
OFF-AP-10000159,Office Supplies,Appliances,Belkin F9M820V08 8 Outlet Surge
OFF-AP-10002945,Office Supplies,Appliances,Honeywell Enviracaire Portable HEPA Air Cleaner for 17' x 22' Room
OFF-AR-10003504,Office Supplies,Art,Newell 347
OFF-BI-10001098,Office Supplies,Binders,Acco D-Ring Binder w/DublLock
OFF-BI-10001597,Office Supplies,Binders,"Wilson Jones Ledger-Size, Piano-Hinge Binder, 2"", Blue"
OFF-PA-10004675,Office Supplies,Paper,"Telephone Message Books with Fax/Mobile Section, 5 1/2"" x 3 3/16"""
TEC-AC-10002331,Technology,Accessories,"Maxell 74 Minute CDR, 10/Pack"
TEC-AC-10003628,Technology,Accessories,Logitech 910-002974 M325 Wireless Mouse for Web Scrolling
FUR-CH-10004626,Furniture,Chairs,Office Star Flex Back Scooter Chair with Aluminum Finish Frame
FUR-FU-10001487,Furniture,Furnishings,"Eldon Expressions Wood and Plastic Desk Accessories, Cherry Wood"
FUR-TA-10001520,Furniture,Tables,"Lesro Sheffield Collection Coffee Table, End Table, Center Table, Corner Table"
OFF-BI-10004995,Office Supplies,Binders,GBC DocuBind P400 Electric Binding System
OFF-PA-10001260,Office Supplies,Paper,"TOPS Money Receipt Book, Consecutively Numbered in Red,"
OFF-AR-10003183,Office Supplies,Art,Avery Fluorescent Highlighter Four-Color Set
FUR-CH-10000309,Furniture,Chairs,Global Comet Stacking Arm Chair
FUR-FU-10002759,Furniture,Furnishings,12-1/2 Diameter Round Wall Clock
OFF-AP-10000828,Office Supplies,Appliances,Avanti 4.4 Cu. Ft. Refrigerator
OFF-EN-10001509,Office Supplies,Envelopes,Poly String Tie Envelopes
OFF-LA-10003714,Office Supplies,Labels,Avery 510
OFF-PA-10000157,Office Supplies,Paper,Xerox 191
OFF-PA-10001970,Office Supplies,Paper,Xerox 1881
OFF-PA-10003673,Office Supplies,Paper,Strathmore Photo Mount Cards
TEC-PH-10001817,Technology,Phones,Wilson Electronics DB Pro Signal Booster
FUR-CH-10003396,Furniture,Chairs,Global Deluxe Steno Chair
OFF-AR-10001545,Office Supplies,Art,Newell 326
OFF-AR-10003631,Office Supplies,Art,Staples in misc. colors
OFF-LA-10001613,Office Supplies,Labels,Avery File Folder Labels
TEC-PH-10003072,Technology,Phones,Panasonic KX-TG9541B DECT 6.0 Digital 2-Line Expandable Cordless Phone With Digital Answering System
TEC-PH-10004922,Technology,Phones,RCA Visys Integrated PBX 8-Line Router
FUR-BO-10001619,Furniture,Bookcases,O'Sullivan Cherrywood Estates Traditional Bookcase
OFF-BI-10000138,Office Supplies,Binders,Acco Translucent Poly Ring Binders
OFF-BI-10000546,Office Supplies,Binders,Avery Durable Binders
OFF-BI-10001196,Office Supplies,Binders,"Avery Flip-Chart Easel Binder, Black"
OFF-BI-10003291,Office Supplies,Binders,Wilson Jones Leather-Like Binders with DublLock Round Rings
OFF-BI-10003982,Office Supplies,Binders,Wilson Jones Century Plastic Molded Ring Binders
OFF-BI-10004001,Office Supplies,Binders,GBC Recycled VeloBinder Covers
OFF-EN-10002230,Office Supplies,Envelopes,Airmail Envelopes
OFF-ST-10000736,Office Supplies,Storage,Carina Double Wide Media Storage Towers in Natural & Black
OFF-ST-10004340,Office Supplies,Storage,"Fellowes Mobile File Cart, Black"
TEC-AC-10002049,Technology,Accessories,Logitech G19 Programmable Gaming Keyboard
TEC-AC-10003610,Technology,Accessories,Logitech Illuminated - Keyboard
TEC-MA-10002981,Technology,Machines,I.R.I.S IRISCard Anywhere 5 Card Scanner
TEC-PH-10003601,Technology,Phones,"Ativa D5772 2-Line 5.8GHz Digital Expandable Corded/Cordless Phone System with Answering & Caller ID/Call Waiting, Black/Silver"
FUR-FU-10001025,Furniture,Furnishings,"Eldon Imàge Series Desk Accessories, Clear"
FUR-FU-10002445,Furniture,Furnishings,"DAX Two-Tone Rosewood/Black Document Frame, Desktop, 5 x 7"
FUR-FU-10002960,Furniture,Furnishings,"Eldon 200 Class Desk Accessories, Burgundy"
OFF-PA-10002689,Office Supplies,Paper,Weyerhaeuser First Choice Laser/Copy Paper (20Lb. and 88 Bright)
TEC-PH-10001300,Technology,Phones,"iKross Bluetooth Portable Keyboard + Cell Phone Stand Holder + Brush for Apple iPhone 5S 5C 5, 4S 4"
OFF-AR-10003481,Office Supplies,Art,Newell 348
OFF-FA-10002975,Office Supplies,Fasteners,Staples
OFF-PA-10001667,Office Supplies,Paper,Great White Multi-Use Recycled Paper (20Lb. and 84 Bright)
OFF-ST-10004459,Office Supplies,Storage,Tennsco Single-Tier Lockers
OFF-ST-10004507,Office Supplies,Storage,Advantus Rolling Storage Box
TEC-CO-10003236,Technology,Copiers,Canon Image Class D660 Copier
FUR-TA-10001857,Furniture,Tables,Balt Solid Wood Rectangular Table
OFF-BI-10001757,Office Supplies,Binders,Pressboard Hanging Data Binders for Unburst Sheets
OFF-BI-10004506,Office Supplies,Binders,Wilson Jones data.warehouse D-Ring Binders with DublLock
OFF-PA-10002262,Office Supplies,Paper,Xerox 192
OFF-PA-10004621,Office Supplies,Paper,Xerox 212
TEC-AC-10001874,Technology,Accessories,Logitech Wireless Anywhere Mouse MX for PC and Mac
TEC-PH-10004100,Technology,Phones,Griffin GC17055 Auxiliary Audio Cable
OFF-AP-10001492,Office Supplies,Appliances,"Acco Six-Outlet Power Strip, 4' Cord Length"
OFF-BI-10004318,Office Supplies,Binders,Ibico EB-19 Dual Function Manual Binding System
OFF-FA-10000053,Office Supplies,Fasteners,Revere Boxed Rubber Bands by Revere
TEC-PH-10000193,Technology,Phones,Jensen SMPS-640 - speaker phone
FUR-FU-10002157,Furniture,Furnishings,Artistic Insta-Plaque
OFF-AR-10001547,Office Supplies,Art,Newell 311
OFF-BI-10001890,Office Supplies,Binders,Avery Poly Binder Pockets
OFF-FA-10000611,Office Supplies,Fasteners,Binder Clips by OIC
OFF-ST-10000615,Office Supplies,Storage,"SimpliFile Personal File, Black Granite, 15w x 6-15/16d x 11-1/4h"
TEC-PH-10001459,Technology,Phones,Samsung Galaxy Mega 6.3
OFF-AR-10004078,Office Supplies,Art,Newell 312
TEC-AC-10000927,Technology,Accessories,Anker Ultrathin Bluetooth Wireless Keyboard Aluminum Cover with Stand
TEC-PH-10000193,Technology,Phones,Jensen SMPS-640 - speaker phone
TEC-PH-10003931,Technology,Phones,JBL Micro Wireless Portable Bluetooth Speaker
FUR-FU-10003976,Furniture,Furnishings,"DAX Executive Solid Wood Document Frame, Desktop or Hang, Mahogany, 5 x 7"
OFF-PA-10000806,Office Supplies,Paper,Xerox 1934
TEC-AC-10000580,Technology,Accessories,Logitech G13 Programmable Gameboard with LCD Display
TEC-AC-10002800,Technology,Accessories,Plantronics Audio 478 Stereo USB Headset
FUR-FU-10000010,Furniture,Furnishings,"DAX Value U-Channel Document Frames, Easel Back"
OFF-AR-10001216,Office Supplies,Art,Newell 339
OFF-AR-10002053,Office Supplies,Art,"Premium Writing Pencils, Soft, #2 by Central Association for the Blind"
OFF-BI-10001072,Office Supplies,Binders,"GBC Clear Cover, 8-1/2 x 11, unpunched, 25 covers per pack"
OFF-BI-10002498,Office Supplies,Binders,Clear Mylar Reinforcing Strips
OFF-LA-10001045,Office Supplies,Labels,Permanent Self-Adhesive File Folder Labels for Typewriters by Universal
OFF-PA-10000176,Office Supplies,Paper,Xerox 1887
OFF-PA-10003848,Office Supplies,Paper,Xerox 1997
OFF-ST-10001590,Office Supplies,Storage,"Tenex Personal Project File with Scoop Front Design, Black"
OFF-SU-10001664,Office Supplies,Supplies,Acme Office Executive Series Stainless Steel Trimmers
FUR-CH-10000863,Furniture,Chairs,Novimex Swivel Fabric Task Chair
FUR-CH-10002044,Furniture,Chairs,"Office Star - Contemporary Task Swivel chair with 2-way adjustable arms, Plum"
FUR-FU-10002597,Furniture,Furnishings,"C-Line Magnetic Cubicle Keepers, Clear Polypropylene"
FUR-TA-10003469,Furniture,Tables,Balt Split Level Computer Training Table
OFF-AR-10001227,Office Supplies,Art,Newell 338
OFF-AR-10003602,Office Supplies,Art,"Quartet Omega Colored Chalk, 12/Pack"
OFF-AR-10003759,Office Supplies,Art,"Crayola Anti Dust Chalk, 12/Pack"
OFF-AR-10004648,Office Supplies,Art,Boston 19500 Mighty Mite Electric Pencil Sharpener
OFF-BI-10000301,Office Supplies,Binders,GBC Instant Report Kit
OFF-BI-10001036,Office Supplies,Binders,Cardinal EasyOpen D-Ring Binders
OFF-BI-10003910,Office Supplies,Binders,DXL Angle-View Binders with Locking Rings by Samsill
OFF-ST-10001511,Office Supplies,Storage,Space Solutions Commercial Steel Shelving
OFF-SU-10004231,Office Supplies,Supplies,Acme Tagit Stainless Steel Antibacterial Scissors
TEC-PH-10002275,Technology,Phones,Mitel 5320 IP Phone VoIP phone
TEC-PH-10002584,Technology,Phones,Samsung Galaxy S4
TEC-PH-10004614,Technology,Phones,AT&T 841000 Phone
FUR-FU-10000293,Furniture,Furnishings,Eldon Antistatic Chair Mats for Low to Medium Pile Carpets
FUR-FU-10003039,Furniture,Furnishings,"Howard Miller 11-1/2"" Diameter Grantwood Wall Clock"
OFF-AP-10000252,Office Supplies,Appliances,Harmony HEPA Quiet Air Purifiers
OFF-BI-10003638,Office Supplies,Binders,GBC Durable Plastic Covers
OFF-FA-10002780,Office Supplies,Fasteners,Staples
OFF-PA-10002377,Office Supplies,Paper,Xerox 1916
OFF-ST-10000464,Office Supplies,Storage,"Multi-Use Personal File Cart and Caster Set, Three Stacking Bins"
TEC-MA-10002109,Technology,Machines,"HP Officejet Pro 8600 e-All-In-One Printer, Copier, Scanner, Fax"
TEC-PH-10002293,Technology,Phones,Anker 36W 4-Port USB Wall Charger Travel Power Adapter for iPhone 5s 5c 5
FUR-FU-10004597,Furniture,Furnishings,Eldon Cleatmat Chair Mats for Medium Pile Carpets
OFF-BI-10000301,Office Supplies,Binders,GBC Instant Report Kit
OFF-BI-10002071,Office Supplies,Binders,Fellowes Black Plastic Comb Bindings
OFF-PA-10000418,Office Supplies,Paper,Xerox 189
OFF-PA-10001033,Office Supplies,Paper,Xerox 1893
OFF-PA-10001166,Office Supplies,Paper,Xerox 2
OFF-PA-10004381,Office Supplies,Paper,14-7/8 x 11 Blue Bar Computer Printout Paper
OFF-ST-10001490,Office Supplies,Storage,"Hot File 7-Pocket, Floor Stand"
OFF-AP-10003971,Office Supplies,Appliances,Belkin 6 Outlet Metallic Surge Strip
OFF-AP-10000275,Office Supplies,Appliances,"Sanyo Counter Height Refrigerator with Crisper, 3.6 Cubic Foot, Stainless Steel/Black"
OFF-AR-10003087,Office Supplies,Art,Staples in misc. colors
OFF-BI-10004632,Office Supplies,Binders,Ibico Hi-Tech Manual Binding System
TEC-PH-10003505,Technology,Phones,Geemarc AmpliPOWER60
FUR-BO-10001811,Furniture,Bookcases,"Atlantic Metals Mobile 5-Shelf Bookcases, Custom Colors"
FUR-BO-10004015,Furniture,Bookcases,"Bush Andora Bookcase, Maple/Graphite Gray Finish"
OFF-BI-10000279,Office Supplies,Binders,"Acco Recycled 2"" Capacity Laser Printer Hanging Data Binders"
OFF-PA-10001593,Office Supplies,Paper,Xerox 1947
TEC-PH-10002538,Technology,Phones,Grandstream GXP1160 VoIP phone
FUR-FU-10000550,Furniture,Furnishings,Stacking Trays by OIC
FUR-FU-10003142,Furniture,Furnishings,"Master Big Foot Doorstop, Beige"
OFF-AP-10000055,Office Supplies,Appliances,Belkin F9S820V06 8 Outlet Surge
OFF-BI-10004584,Office Supplies,Binders,GBC ProClick 150 Presentation Binding System
OFF-ST-10001370,Office Supplies,Storage,Sensible Storage WireTech Storage Systems
TEC-AC-10002402,Technology,Accessories,Razer Kraken PRO Over Ear PC and Music Headset
FUR-BO-10004015,Furniture,Bookcases,"Bush Andora Bookcase, Maple/Graphite Gray Finish"
OFF-PA-10002464,Office Supplies,Paper,HP Office Recycled Paper (20Lb. and 87 Bright)
FUR-CH-10004495,Furniture,Chairs,"Global Leather and Oak Executive Chair, Black"
FUR-FU-10003601,Furniture,Furnishings,"Deflect-o RollaMat Studded, Beveled Mat for Medium Pile Carpeting"
OFF-BI-10001759,Office Supplies,Binders,"Acco Pressboard Covers with Storage Hooks, 14 7/8"" x 11"", Dark Blue"
OFF-LA-10001297,Office Supplies,Labels,Avery 473
TEC-PH-10002923,Technology,Phones,"Logitech B530 USB Headset - headset - Full size, Binaural"
FUR-FU-10004017,Furniture,Furnishings,"Tenex Contemporary Contur Chairmats for Low and Medium Pile Carpet, Computer, 39"" x 49"""
OFF-AP-10004785,Office Supplies,Appliances,"Holmes Replacement Filter for HEPA Air Cleaner, Medium Room"
OFF-AR-10000614,Office Supplies,Art,Barrel Sharpener
OFF-AR-10001547,Office Supplies,Art,Newell 311
OFF-PA-10001184,Office Supplies,Paper,Xerox 1903
OFF-SU-10001165,Office Supplies,Supplies,Acme Elite Stainless Steel Scissors
TEC-AC-10001838,Technology,Accessories,Razer Tiamat Over Ear 7.1 Surround Sound PC Gaming Headset
FUR-CH-10004063,Furniture,Chairs,Global Deluxe High-Back Manager's Chair
FUR-FU-10004270,Furniture,Furnishings,"Executive Impressions 13"" Clairmont Wall Clock"
OFF-AR-10004078,Office Supplies,Art,Newell 312
OFF-FA-10004854,Office Supplies,Fasteners,"Vinyl Coated Wire Paper Clips in Organizer Box, 800/Box"
OFF-PA-10003465,Office Supplies,Paper,Xerox 1912
OFF-ST-10000642,Office Supplies,Storage,"Tennsco Lockers, Gray"
OFF-ST-10001932,Office Supplies,Storage,Fellowes Staxonsteel Drawer Files
TEC-PH-10000923,Technology,Phones,"Belkin SportFit Armband For iPhone 5s/5c, Fuchsia"
FUR-BO-10001601,Furniture,Bookcases,"Sauder Mission Library with Doors, Fruitwood Finish"
FUR-CH-10003981,Furniture,Chairs,Global Commerce Series Low-Back Swivel/Tilt Chairs
FUR-FU-10004973,Furniture,Furnishings,Flat Face Poster Frame
FUR-TA-10001086,Furniture,Tables,"SAFCO PlanMaster Boards, 60w x 37-1/2d, White Melamine"
FUR-TA-10001932,Furniture,Tables,"Chromcraft 48"" x 96"" Racetrack Double Pedestal Table"
OFF-AR-10000937,Office Supplies,Art,"Dixon Ticonderoga Core-Lock Colored Pencils, 48-Color Set"
OFF-BI-10001525,Office Supplies,Binders,"Acco Pressboard Covers with Storage Hooks, 14 7/8"" x 11"", Executive Red"
OFF-PA-10001838,Office Supplies,Paper,"Adams Telephone Message Book W/Dividers/Space For Phone Numbers, 5 1/4""X8 1/2"", 300/Messages"
OFF-ST-10003123,Office Supplies,Storage,Fellowes Bases and Tops For Staxonsteel/High-Stak Systems
TEC-PH-10000038,Technology,Phones,Jawbone MINI JAMBOX Wireless Bluetooth Speaker
TEC-PH-10000526,Technology,Phones,Vtech CS6719
TEC-PH-10002789,Technology,Phones,LG Exalt
TEC-PH-10003875,Technology,Phones,KLD Oscar II Style Snap-on Ultra Thin Side Flip Synthetic Leather Cover Case for HTC One HTC M7
OFF-LA-10004345,Office Supplies,Labels,Avery 493
TEC-AC-10004864,Technology,Accessories,Memorex Micro Travel Drive 32 GB
TEC-PH-10001924,Technology,Phones,iHome FM Clock Radio with Lightning Dock
FUR-FU-10004018,Furniture,Furnishings,Tensor Computer Mounted Lamp
OFF-AP-10002518,Office Supplies,Appliances,Kensington 7 Outlet MasterPiece Power Center
OFF-AR-10000634,Office Supplies,Art,Newell 320
OFF-FA-10004968,Office Supplies,Fasteners,Rubber Band Ball
FUR-FU-10002253,Furniture,Furnishings,"Howard Miller 13"" Diameter Pewter Finish Round Wall Clock"
FUR-FU-10004090,Furniture,Furnishings,"Executive Impressions 14"" Contract Wall Clock"
FUR-TA-10001039,Furniture,Tables,KI Adjustable-Height Table
OFF-AP-10000595,Office Supplies,Appliances,Disposable Triple-Filter Dust Bags
OFF-AR-10002375,Office Supplies,Art,Newell 351
OFF-EN-10004846,Office Supplies,Envelopes,Letter or Legal Size Expandable Poly String Tie Envelopes
OFF-FA-10001229,Office Supplies,Fasteners,Staples
OFF-ST-10000563,Office Supplies,Storage,Fellowes Bankers Box Stor/Drawer Steel Plus
TEC-AC-10001114,Technology,Accessories,Microsoft Wireless Mobile Mouse 4000
TEC-PH-10001580,Technology,Phones,Logitech Mobile Speakerphone P710e - speaker phone
TEC-PH-10004447,Technology,Phones,Toshiba IPT2010-SD IP Telephone
TEC-AC-10002076,Technology,Accessories,Microsoft Natural Keyboard Elite
OFF-FA-10002701,Office Supplies,Fasteners,Alliance Rubber Bands
OFF-PA-10002870,Office Supplies,Paper,"Ampad Phone Message Book, Recycled, 400 Message Capacity, 5 ¾” x 11”"
TEC-PH-10003589,Technology,Phones,invisibleSHIELD by ZAGG Smudge-Free Screen Protector
OFF-BI-10004970,Office Supplies,Binders,"ACCOHIDE 3-Ring Binder, Blue, 1"""
OFF-PA-10001125,Office Supplies,Paper,Xerox 1988
TEC-AC-10003033,Technology,Accessories,Plantronics CS510 - Over-the-Head monaural Wireless Headset System
FUR-BO-10004709,Furniture,Bookcases,"Bush Westfield Collection Bookcases, Medium Cherry Finish"
FUR-CH-10002880,Furniture,Chairs,"Global High-Back Leather Tilter, Burgundy"
OFF-BI-10002609,Office Supplies,Binders,Avery Hidden Tab Dividers for Binding Systems
FUR-CH-10003973,Furniture,Chairs,GuestStacker Chair with Chrome Finish Legs
FUR-FU-10000747,Furniture,Furnishings,Tenex B1-RE Series Chair Mats for Low Pile Carpets
OFF-AP-10003287,Office Supplies,Appliances,Tripp Lite TLP810NET Broadband Surge for Modem/Fax
OFF-AP-10004532,Office Supplies,Appliances,Kensington 6 Outlet Guardian Standard Surge Protector
OFF-PA-10000682,Office Supplies,Paper,Xerox 1924
OFF-PA-10001970,Office Supplies,Paper,Xerox 1908
OFF-PA-10004041,Office Supplies,Paper,"It's Hot Message Books with Stickers, 2 3/4"" x 5"""
TEC-PH-10003645,Technology,Phones,Aastra 57i VoIP phone
TEC-PH-10004447,Technology,Phones,Toshiba IPT2010-SD IP Telephone
OFF-BI-10001757,Office Supplies,Binders,Pressboard Hanging Data Binders for Unburst Sheets
OFF-PA-10002137,Office Supplies,Paper,"Southworth 100% Résumé Paper, 24lb."
FUR-BO-10003660,Furniture,Bookcases,"Bush Cubix Collection Bookcases, Fully Assembled"
OFF-AR-10001615,Office Supplies,Art,Newell 34
OFF-BI-10002353,Office Supplies,Binders,GBC VeloBind Cover Sets
OFF-BI-10003291,Office Supplies,Binders,Wilson Jones Leather-Like Binders with DublLock Round Rings
OFF-BI-10004022,Office Supplies,Binders,Acco Suede Grain Vinyl Round Ring Binder
OFF-BI-10004224,Office Supplies,Binders,Catalog Binders with Expanding Posts
OFF-EN-10003286,Office Supplies,Envelopes,Staple envelope
OFF-PA-10002764,Office Supplies,Paper,Easy-staple paper
OFF-SU-10001935,Office Supplies,Supplies,Staple remover
TEC-AC-10000580,Technology,Accessories,Logitech G13 Programmable Gameboard with LCD Display
TEC-PH-10000675,Technology,Phones,Panasonic KX TS3282B Corded phone
FUR-CH-10000785,Furniture,Chairs,Global Ergonomic Managers Chair
FUR-CH-10003968,Furniture,Chairs,Novimex Turbo Task Chair
FUR-TA-10001520,Furniture,Tables,"Lesro Sheffield Collection Coffee Table, End Table, Center Table, Corner Table"
OFF-AP-10004859,Office Supplies,Appliances,Acco 6 Outlet Guardian Premium Surge Suppressor
OFF-PA-10001307,Office Supplies,Paper,"Important Message Pads, 50 4-1/4 x 5-1/2 Forms per Pad"
TEC-AC-10000990,Technology,Accessories,Imation Bio 2GB USB Flash Drive Imation Corp
TEC-AC-10002926,Technology,Accessories,Logitech Wireless Marathon Mouse M705
FUR-FU-10004848,Furniture,Furnishings,"Howard Miller 13-3/4"" Diameter Brushed Chrome Round Wall Clock"
OFF-AR-10001573,Office Supplies,Art,American Pencil
OFF-EN-10000483,Office Supplies,Envelopes,"White Envelopes, White Envelopes with Clear Poly Window"
OFF-LA-10002381,Office Supplies,Labels,Avery 497
OFF-PA-10000806,Office Supplies,Paper,Xerox 1934
OFF-ST-10000918,Office Supplies,Storage,Crate-A-Files
OFF-AP-10000891,Office Supplies,Appliances,Kensington 7 Outlet MasterPiece HOMEOFFICE Power Control Center
OFF-BI-10001071,Office Supplies,Binders,GBC ProClick Punch Binding System
OFF-BI-10001097,Office Supplies,Binders,Avery Hole Reinforcements
OFF-BI-10002026,Office Supplies,Binders,Ibico Recycled Linen-Style Covers
OFF-EN-10003862,Office Supplies,Envelopes,Laser & Ink Jet Business Envelopes
OFF-FA-10002763,Office Supplies,Fasteners,Advantus Map Pennant Flags and Round Head Tacks
OFF-LA-10003537,Office Supplies,Labels,Avery 515
OFF-ST-10000877,Office Supplies,Storage,Recycled Steel Personal File for Standard File Folders
TEC-AC-10004571,Technology,Accessories,Logitech G700s Rechargeable Gaming Mouse
FUR-FU-10002554,Furniture,Furnishings,"Westinghouse Floor Lamp with Metal Mesh Shade, Black"
OFF-AR-10000588,Office Supplies,Art,Newell 345
OFF-AR-10003158,Office Supplies,Art,Fluorescent Highlighters by Dixon
OFF-BI-10004182,Office Supplies,Binders,Economy Binders
OFF-LA-10000134,Office Supplies,Labels,Avery 511
OFF-LA-10004559,Office Supplies,Labels,Avery 49
OFF-PA-10001033,Office Supplies,Paper,Xerox 1893
OFF-PA-10002254,Office Supplies,Paper,Xerox 1883
OFF-ST-10000675,Office Supplies,Storage,"File Shuttle II and Handi-File, Black"
TEC-PH-10001336,Technology,Phones,Digium D40 VoIP phone
OFF-BI-10003669,Office Supplies,Binders,3M Organizer Strips
OFF-LA-10003510,Office Supplies,Labels,"Avery 4027 File Folder Labels for Dot Matrix Printers, 5000 Labels per Box, White"
TEC-AC-10004510,Technology,Accessories,Logitech Desktop MK120 Mouse and keyboard Combo
OFF-AP-10001124,Office Supplies,Appliances,Belkin 8 Outlet SurgeMaster II Gold Surge Protector with Phone Protection
OFF-AR-10001972,Office Supplies,Art,Newell 323
OFF-BI-10003876,Office Supplies,Binders,"Green Canvas Binder for 8-1/2"" x 14"" Sheets"
OFF-LA-10001158,Office Supplies,Labels,"Avery Address/Shipping Labels for Typewriters, 4"" x 2"""
OFF-BI-10003910,Office Supplies,Binders,DXL Angle-View Binders with Locking Rings by Samsill
TEC-AC-10001908,Technology,Accessories,Logitech Wireless Headset h800
TEC-CO-10000971,Technology,Copiers,Hewlett Packard 310 Color Digital Copier
FUR-FU-10003535,Furniture,Furnishings,Howard Miller Distant Time Traveler Alarm Clock
FUR-FU-10003724,Furniture,Furnishings,Westinghouse Clip-On Gooseneck Lamps
FUR-TA-10002228,Furniture,Tables,"Bevis Traditional Conference Table Top, Plinth Base"
OFF-AP-10000390,Office Supplies,Appliances,Euro Pro Shark Stick Mini Vacuum
OFF-AR-10003958,Office Supplies,Art,Newell 337
OFF-BI-10000014,Office Supplies,Binders,Heavy-Duty E-Z-D Binders
TEC-AC-10004568,Technology,Accessories,Maxell LTO Ultrium - 800 GB
TEC-PH-10000149,Technology,Phones,Cisco SPA525G2 IP Phone - Wireless
TEC-PH-10004896,Technology,Phones,Nokia Lumia 521 (T-Mobile)
FUR-FU-10001379,Furniture,Furnishings,"Executive Impressions 16-1/2"" Circular Wall Clock"
FUR-TA-10004086,Furniture,Tables,KI Adjustable-Height Table
OFF-BI-10002794,Office Supplies,Binders,"Avery Trapezoid Ring Binder, 3"" Capacity, Black, 1040 sheets"
OFF-BI-10003091,Office Supplies,Binders,GBC DocuBind TL200 Manual Binding Machine
OFF-ST-10004946,Office Supplies,Storage,Desktop 3-Pocket Hot File
TEC-AC-10001772,Technology,Accessories,Memorex Mini Travel Drive 16 GB USB 2.0 Flash Drive
TEC-PH-10002555,Technology,Phones,Nortel Meridian M5316 Digital phone
OFF-BI-10000829,Office Supplies,Binders,Avery Non-Stick Binders
OFF-ST-10000736,Office Supplies,Storage,Carina Double Wide Media Storage Towers in Natural & Black
TEC-PH-10004700,Technology,Phones,PowerGen Dual USB Car Charger
FUR-CH-10003606,Furniture,Chairs,SAFCO Folding Chair Trolley
OFF-AP-10001564,Office Supplies,Appliances,Hoover Commercial Lightweight Upright Vacuum with E-Z Empty Dirt Cup
OFF-AR-10000799,Office Supplies,Art,Col-Erase Pencils with Erasers
OFF-AR-10003338,Office Supplies,Art,"Eberhard Faber 3 1/2"" Golf Pencils"
OFF-BI-10002026,Office Supplies,Binders,Avery Arch Ring Binders
OFF-BI-10002353,Office Supplies,Binders,GBC VeloBind Cover Sets
OFF-PA-10001534,Office Supplies,Paper,Xerox 230
OFF-PA-10001815,Office Supplies,Paper,Xerox 1885
OFF-PA-10001934,Office Supplies,Paper,Xerox 1993
OFF-PA-10003673,Office Supplies,Paper,Strathmore Photo Mount Cards
OFF-PA-10004359,Office Supplies,Paper,Multicolor Computer Printout Paper
OFF-ST-10000615,Office Supplies,Storage,"SimpliFile Personal File, Black Granite, 15w x 6-15/16d x 11-1/4h"
OFF-SU-10002881,Office Supplies,Supplies,Martin Yale Chadless Opener Electric Letter Opener
TEC-AC-10004001,Technology,Accessories,Logitech Wireless Headset H600 Over-The-Head Design
TEC-CO-10001449,Technology,Copiers,Hewlett Packard LaserJet 3310 Copier
TEC-MA-10002109,Technology,Machines,"HP Officejet Pro 8600 e-All-In-One Printer, Copier, Scanner, Fax"
TEC-PH-10001527,Technology,Phones,Plantronics MX500i Earset
TEC-PH-10001809,Technology,Phones,Panasonic KX T7736-B Digital phone
TEC-PH-10004531,Technology,Phones,OtterBox Commuter Series Case - iPhone 5 & 5s
TEC-PH-10004700,Technology,Phones,PowerGen Dual USB Car Charger
FUR-CH-10004063,Furniture,Chairs,Global Deluxe High-Back Manager's Chair
FUR-FU-10001979,Furniture,Furnishings,Dana Halogen Swing-Arm Architect Lamp
TEC-PH-10000213,Technology,Phones,Seidio BD2-HK3IPH5-BK DILEX Case and Holster Combo for Apple iPhone 5/5s - Black
FUR-FU-10003424,Furniture,Furnishings,Nu-Dell Oak Frame
OFF-AP-10001154,Office Supplies,Appliances,Bionaire Personal Warm Mist Humidifier/Vaporizer
OFF-BI-10001757,Office Supplies,Binders,Pressboard Hanging Data Binders for Unburst Sheets
OFF-BI-10004236,Office Supplies,Binders,"XtraLife ClearVue Slant-D Ring Binder, White, 3"""
OFF-BI-10004654,Office Supplies,Binders,Avery Binding System Hidden Tab Executive Style Index Sets
OFF-PA-10001972,Office Supplies,Paper,Xerox 214
OFF-ST-10000675,Office Supplies,Storage,"File Shuttle II and Handi-File, Black"
OFF-ST-10002615,Office Supplies,Storage,"Dual Level, Single-Width Filing Carts"
OFF-ST-10004180,Office Supplies,Storage,Safco Commercial Shelving
TEC-AC-10004571,Technology,Accessories,Logitech G700s Rechargeable Gaming Mouse
TEC-PH-10003505,Technology,Phones,Geemarc AmpliPOWER60
TEC-PH-10004165,Technology,Phones,Mitel MiVoice 5330e IP Phone
TEC-PH-10004348,Technology,Phones,OtterBox Defender Series Case - iPhone 5c
FUR-CH-10001270,Furniture,Chairs,Harbour Creations Steel Folding Chair
FUR-CH-10004495,Furniture,Chairs,"Global Leather and Oak Executive Chair, Black"
OFF-AR-10003696,Office Supplies,Art,Panasonic KP-350BK Electric Pencil Sharpener with Auto Stop
OFF-BI-10002414,Office Supplies,Binders,GBC ProClick Spines for 32-Hole Punch
OFF-AR-10001683,Office Supplies,Art,Lumber Crayons
OFF-BI-10000014,Office Supplies,Binders,Heavy-Duty E-Z-D Binders
OFF-BI-10000605,Office Supplies,Binders,"Acco Pressboard Covers with Storage Hooks, 9 1/2"" x 11"", Executive Red"
OFF-BI-10003166,Office Supplies,Binders,GBC Plasticlear Binding Covers
OFF-LA-10000081,Office Supplies,Labels,Avery 496
OFF-LA-10003190,Office Supplies,Labels,Avery 474
OFF-LA-10004093,Office Supplies,Labels,Avery 486
OFF-PA-10004610,Office Supplies,Paper,Xerox 1900
OFF-ST-10000344,Office Supplies,Storage,"Neat Ideas Personal Hanging Folder Files, Black"
OFF-ST-10003455,Office Supplies,Storage,"Tenex File Box, Personal Filing Tote with Lid, Black"
TEC-AC-10002399,Technology,Accessories,SanDisk Cruzer 32 GB USB Flash Drive
TEC-AC-10003038,Technology,Accessories,Kingston Digital DataTraveler 16GB USB 2.0
TEC-PH-10000149,Technology,Phones,Cisco SPA525G2 IP Phone - Wireless
FUR-FU-10003553,Furniture,Furnishings,"Howard Miller 13-1/2"" Diameter Rosebrook Wall Clock"
OFF-AP-10000358,Office Supplies,Appliances,Fellowes Basic Home/Office Series Surge Protectors
OFF-AP-10000804,Office Supplies,Appliances,Hoover Portapower Portable Vacuum
OFF-AR-10001915,Office Supplies,Art,Peel-Off China Markers
OFF-AR-10002766,Office Supplies,Art,Prang Drawing Pencil Set
OFF-AR-10003752,Office Supplies,Art,Deluxe Chalkboard Eraser Cleaner
OFF-BI-10004632,Office Supplies,Binders,Ibico Hi-Tech Manual Binding System
OFF-EN-10003072,Office Supplies,Envelopes,Peel & Seel Envelopes
TEC-AC-10003614,Technology,Accessories,"Verbatim 25 GB 6x Blu-ray Single Layer Recordable Disc, 10/Pack"
TEC-PH-10001557,Technology,Phones,Pyle PMP37LED
FUR-FU-10001185,Furniture,Furnishings,"Advantus Employee of the Month Certificate Frame, 11 x 13-1/2"
FUR-TA-10001095,Furniture,Tables,Chromcraft Round Conference Tables
OFF-AP-10001205,Office Supplies,Appliances,Belkin 5 Outlet SurgeMaster Power Centers
OFF-AR-10002467,Office Supplies,Art,Dixon Ticonderoga Pencils
OFF-BI-10000343,Office Supplies,Binders,"Pressboard Covers with Storage Hooks, 9 1/2"" x 11"", Light Blue"
OFF-BI-10001553,Office Supplies,Binders,SpineVue Locking Slant-D Ring Binders by Cardinal
OFF-BI-10004970,Office Supplies,Binders,"ACCOHIDE 3-Ring Binder, Blue, 1"""
OFF-LA-10003121,Office Supplies,Labels,Avery 506
TEC-AC-10001552,Technology,Accessories,Logitech K350 2.4Ghz Wireless Keyboard
TEC-AC-10002926,Technology,Accessories,Logitech Wireless Marathon Mouse M705
TEC-PH-10000038,Technology,Phones,Jawbone MINI JAMBOX Wireless Bluetooth Speaker
FUR-BO-10002202,Furniture,Bookcases,"Atlantic Metals Mobile 2-Shelf Bookcases, Custom Colors"
FUR-FU-10000206,Furniture,Furnishings,"GE General Purpose, Extra Long Life, Showcase & Floodlight Incandescent Bulbs"
OFF-PA-10000474,Office Supplies,Paper,Easy-staple paper
OFF-PA-10001125,Office Supplies,Paper,Xerox 1988
OFF-PA-10002377,Office Supplies,Paper,Xerox 1916
TEC-AC-10000358,Technology,Accessories,Imation Secure Drive + Hardware Encrypted USB flash drive - 16 GB
TEC-AC-10002842,Technology,Accessories,WD My Passport Ultra 2TB Portable External Hard Drive
FUR-CH-10004495,Furniture,Chairs,"Global Leather and Oak Executive Chair, Black"
FUR-FU-10002364,Furniture,Furnishings,"Eldon Expressions Wood Desk Accessories, Oak"
OFF-AP-10001242,Office Supplies,Appliances,APC 7 Outlet Network SurgeArrest Surge Protector
OFF-BI-10001031,Office Supplies,Binders,Pressboard Data Binders by Wilson Jones
OFF-BI-10003981,Office Supplies,Binders,"Avery Durable Plastic 1"" Binders"
OFF-BI-10004410,Office Supplies,Binders,"C-Line Peel & Stick Add-On Filing Pockets, 8-3/4 x 5-1/8, 10/Pack"
OFF-EN-10003845,Office Supplies,Envelopes,Colored Envelopes
OFF-FA-10004838,Office Supplies,Fasteners,"Super Bands, 12/Pack"
OFF-PA-10004071,Office Supplies,Paper,"Eaton Premium Continuous-Feed Paper, 25% Cotton, Letter Size, White, 1000 Shts/Box"
OFF-PA-10004971,Office Supplies,Paper,Xerox 196
OFF-ST-10001809,Office Supplies,Storage,Fellowes Officeware Wire Shelving
OFF-ST-10003208,Office Supplies,Storage,Adjustable Depth Letter/Legal Cart
FUR-FU-10000758,Furniture,Furnishings,DAX Natural Wood-Tone Poster Frame
OFF-BI-10002103,Office Supplies,Binders,"Cardinal Slant-D Ring Binder, Heavy Gauge Vinyl"
OFF-PA-10002741,Office Supplies,Paper,Xerox 1980
OFF-PA-10002986,Office Supplies,Paper,Xerox 1898
OFF-ST-10001558,Office Supplies,Storage,Acco Perma 4000 Stacking Storage Drawers
OFF-ST-10001809,Office Supplies,Storage,Fellowes Officeware Wire Shelving
OFF-SU-10003505,Office Supplies,Supplies,Premier Electric Letter Opener
TEC-CO-10004722,Technology,Copiers,Canon imageCLASS 2200 Advanced Copier
FUR-CH-10000665,Furniture,Chairs,"Global Airflow Leather Mesh Back Chair, Black"
FUR-CH-10003396,Furniture,Chairs,Global Deluxe Steno Chair
OFF-EN-10004483,Office Supplies,Envelopes,"#10 White Business Envelopes,4 1/8 x 9 1/2"
OFF-PA-10000357,Office Supplies,Paper,Xerox 1888
OFF-ST-10002352,Office Supplies,Storage,Iris Project Case
TEC-AC-10001266,Technology,Accessories,Memorex Micro Travel Drive 8 GB
TEC-PH-10002624,Technology,Phones,Samsung Galaxy S4 Mini
FUR-CH-10000422,Furniture,Chairs,Global Highback Leather Tilter in Burgundy
FUR-CH-10002880,Furniture,Chairs,"Global High-Back Leather Tilter, Burgundy"
FUR-CH-10004675,Furniture,Chairs,"Lifetime Advantage Folding Chairs, 4/Carton"
OFF-AP-10002403,Office Supplies,Appliances,Acco Smartsocket Color-Coded Six-Outlet AC Adapter Model Surge Protectors
OFF-AR-10001446,Office Supplies,Art,Newell 309
OFF-AR-10001547,Office Supplies,Art,Newell 311
OFF-AR-10003087,Office Supplies,Art,Staples in misc. colors
OFF-BI-10002026,Office Supplies,Binders,Avery Arch Ring Binders
OFF-PA-10004239,Office Supplies,Paper,Xerox 1953
TEC-CO-10000971,Technology,Copiers,Hewlett Packard 310 Color Digital Copier
TEC-PH-10000141,Technology,Phones,Clearsounds A400
TEC-PH-10000984,Technology,Phones,Panasonic KX-TG9471B
FUR-BO-10001918,Furniture,Bookcases,"Sauder Forest Hills Library with Doors, Woodland Oak Finish"
FUR-FU-10004245,Furniture,Furnishings,"Career Cubicle Clock, 8 1/4"", Black"
OFF-AP-10001205,Office Supplies,Appliances,Belkin 5 Outlet SurgeMaster Power Centers
OFF-AR-10004587,Office Supplies,Art,"Boston 1827 Commercial Additional Cutter, Drive Gear & Gear Rack for 1606"
OFF-FA-10003021,Office Supplies,Fasteners,Staples
OFF-PA-10002581,Office Supplies,Paper,Xerox 1951
OFF-ST-10000344,Office Supplies,Storage,"Neat Ideas Personal Hanging Folder Files, Black"
TEC-AC-10000158,Technology,Accessories,Sony 64GB Class 10 Micro SDHC R40 Memory Card
TEC-AC-10003116,Technology,Accessories,Memorex Froggy Flash Drive 8 GB
TEC-CO-10002313,Technology,Copiers,Canon PC1080F Personal Copier
TEC-PH-10004896,Technology,Phones,Nokia Lumia 521 (T-Mobile)
FUR-BO-10001811,Furniture,Bookcases,"Atlantic Metals Mobile 5-Shelf Bookcases, Custom Colors"
FUR-CH-10001714,Furniture,Chairs,"Global Leather & Oak Executive Chair, Burgundy"
FUR-CH-10004063,Furniture,Chairs,Global Deluxe High-Back Manager's Chair
FUR-FU-10003832,Furniture,Furnishings,"Eldon Expressions Punched Metal & Wood Desk Accessories, Black & Cherry"
FUR-TA-10002533,Furniture,Tables,BPI Conference Tables
OFF-BI-10001679,Office Supplies,Binders,GBC Instant Index System for Binding Systems
OFF-LA-10000476,Office Supplies,Labels,"Avery 05222 Permanent Self-Adhesive File Folder Labels for Typewriters, on Rolls, White, 250/Roll"
OFF-PA-10000740,Office Supplies,Paper,Xerox 1982
OFF-PA-10000859,Office Supplies,Paper,Unpadded Memo Slips
OFF-PA-10001144,Office Supplies,Paper,Xerox 1913
OFF-PA-10002615,Office Supplies,Paper,"Ampad Gold Fibre Wirebound Steno Books, 6"" x 9"", Gregg Ruled"
OFF-ST-10001128,Office Supplies,Storage,"Carina Mini System Audio Rack, Model AR050B"
TEC-AC-10004901,Technology,Accessories,Kensington SlimBlade Notebook Wireless Mouse with Nano Receiver
TEC-PH-10004006,Technology,Phones,Panasonic KX - TS880B Telephone
FUR-FU-10001095,Furniture,Furnishings,DAX Black Cherry Wood-Tone Poster Frame
FUR-FU-10003829,Furniture,Furnishings,Stackable Trays
OFF-BI-10001191,Office Supplies,Binders,Canvas Sectional Post Binders
OFF-PA-10000232,Office Supplies,Paper,Xerox 1975
OFF-PA-10000743,Office Supplies,Paper,Xerox 1977
OFF-PA-10003651,Office Supplies,Paper,Xerox 1968
OFF-ST-10002743,Office Supplies,Storage,SAFCO Boltless Steel Shelving
TEC-MA-10004679,Technology,Machines,StarTech.com 10/100 VDSL2 Ethernet Extender Kit
OFF-ST-10001031,Office Supplies,Storage,Adjustable Personal File Tote
FUR-FU-10004973,Furniture,Furnishings,Flat Face Poster Frame
OFF-AR-10000817,Office Supplies,Art,Manco Dry-Lighter Erasable Highlighter
OFF-BI-10001525,Office Supplies,Binders,"Acco Pressboard Covers with Storage Hooks, 14 7/8"" x 11"", Executive Red"
OFF-EN-10004206,Office Supplies,Envelopes,Multimedia Mailers
OFF-ST-10003282,Office Supplies,Storage,"Advantus 10-Drawer Portable Organizer, Chrome Metal Frame, Smoke Drawers"
TEC-PH-10002447,Technology,Phones,AT&T CL83451 4-Handset Telephone
FUR-BO-10002824,Furniture,Bookcases,Bush Mission Pointe Library
FUR-FU-10001591,Furniture,Furnishings,Advantus Panel Wall Certificate Holder - 8.5x11
FUR-FU-10004018,Furniture,Furnishings,Tensor Computer Mounted Lamp
OFF-AP-10003040,Office Supplies,Appliances,Fellowes 8 Outlet Superior Workstation Surge Protector w/o Phone/Fax/Modem Protection
OFF-BI-10000474,Office Supplies,Binders,Avery Recycled Flexi-View Covers for Binding Systems
OFF-BI-10001153,Office Supplies,Binders,Ibico Recycled Grain-Textured Covers
OFF-BI-10002799,Office Supplies,Binders,"SlimView Poly Binder, 3/8"""
OFF-PA-10004911,Office Supplies,Paper,"Rediform S.O.S. 1-Up Phone Message Bk, 4-1/4x3-1/16 Bk, 1 Form/Pg, 40 Messages/Bk, 3/Pk"
OFF-SU-10004231,Office Supplies,Supplies,Acme Tagit Stainless Steel Antibacterial Scissors
TEC-CO-10001449,Technology,Copiers,Hewlett Packard LaserJet 3310 Copier
TEC-PH-10000526,Technology,Phones,Vtech CS6719
TEC-PH-10001536,Technology,Phones,Spigen Samsung Galaxy S5 Case Wallet
TEC-PH-10002549,Technology,Phones,Polycom SoundPoint IP 450 VoIP phone
FUR-BO-10003894,Furniture,Bookcases,"Safco Value Mate Steel Bookcase, Baked Enamel Finish on Steel, Black"
FUR-CH-10003774,Furniture,Chairs,"Global Wood Trimmed Manager's Task Chair, Khaki"
FUR-FU-10004006,Furniture,Furnishings,"Deflect-o DuraMat Lighweight, Studded, Beveled Mat for Low Pile Carpeting"
OFF-AP-10002222,Office Supplies,Appliances,Staple holder
OFF-BI-10001294,Office Supplies,Binders,Fellowes Binding Cases
OFF-EN-10001990,Office Supplies,Envelopes,Staple envelope
OFF-LA-10000262,Office Supplies,Labels,Avery 494
OFF-LA-10003663,Office Supplies,Labels,Avery 498
OFF-PA-10000791,Office Supplies,Paper,"Wirebound Message Books, Four 2 3/4 x 5 Forms per Page, 200 Sets per Book"
OFF-ST-10000649,Office Supplies,Storage,Hanging Personal Folder File
TEC-MA-10000418,Technology,Machines,Cubify CubeX 3D Printer Double Head Print
TEC-PH-10004897,Technology,Phones,Mediabridge Sport Armband iPhone 5s
FUR-FU-10003724,Furniture,Furnishings,Westinghouse Clip-On Gooseneck Lamps
FUR-TA-10004534,Furniture,Tables,Bevis 44 x 96 Conference Tables
OFF-AR-10000246,Office Supplies,Art,Newell 318
OFF-LA-10001569,Office Supplies,Labels,Avery 499
TEC-AC-10000892,Technology,Accessories,NETGEAR N750 Dual Band Wi-Fi Gigabit Router
FUR-FU-10001940,Furniture,Furnishings,Staple-based wall hangings
OFF-AR-10003045,Office Supplies,Art,Prang Colored Pencils
OFF-AR-10001545,Office Supplies,Art,Newell 326
OFF-EN-10001532,Office Supplies,Envelopes,Brown Kraft Recycled Envelopes
OFF-SU-10000646,Office Supplies,Supplies,Premier Automatic Letter Opener
TEC-PH-10002262,Technology,Phones,LG Electronics Tone+ HBS-730 Bluetooth Headset
TEC-PH-10004006,Technology,Phones,Panasonic KX - TS880B Telephone
TEC-PH-10004345,Technology,Phones,Cisco SPA 502G IP Phone
OFF-BI-10003669,Office Supplies,Binders,3M Organizer Strips
OFF-PA-10000474,Office Supplies,Paper,Easy-staple paper
FUR-FU-10004017,Furniture,Furnishings,"Tenex Contemporary Contur Chairmats for Low and Medium Pile Carpet, Computer, 39"" x 49"""
FUR-TA-10001705,Furniture,Tables,Bush Advantage Collection Round Conference Table
FUR-TA-10003473,Furniture,Tables,Bretford Rectangular Conference Table Tops
OFF-AR-10003156,Office Supplies,Art,50 Colored Long Pencils
OFF-BI-10001679,Office Supplies,Binders,GBC Instant Index System for Binding Systems
TEC-AC-10003832,Technology,Accessories,Logitech P710e Mobile Speakerphone
TEC-PH-10000576,Technology,Phones,AT&T 1080 Corded phone
FUR-FU-10003832,Furniture,Furnishings,"Eldon Expressions Punched Metal & Wood Desk Accessories, Black & Cherry"
FUR-FU-10004188,Furniture,Furnishings,Luxo Professional Combination Clamp-On Lamps
FUR-FU-10004665,Furniture,Furnishings,"3M Polarizing Task Lamp with Clamp Arm, Light Gray"
OFF-AP-10001962,Office Supplies,Appliances,Black & Decker Filter for Double Action Dustbuster Cordless Vac BLDV7210
OFF-BI-10001359,Office Supplies,Binders,GBC DocuBind TL300 Electric Binding System
OFF-PA-10001878,Office Supplies,Paper,Xerox 1891
OFF-PA-10002923,Office Supplies,Paper,Xerox 1942
OFF-ST-10001780,Office Supplies,Storage,Tennsco 16-Compartment Lockers with Coat Rack
OFF-AR-10004344,Office Supplies,Art,Bulldog Vacuum Base Pencil Sharpener
OFF-BI-10002026,Office Supplies,Binders,Avery Arch Ring Binders
OFF-BI-10002867,Office Supplies,Binders,GBC Recycled Regency Composition Covers
OFF-BI-10004492,Office Supplies,Binders,Tuf-Vin Binders
OFF-LA-10000121,Office Supplies,Labels,Avery 48
OFF-LA-10001613,Office Supplies,Labels,Avery File Folder Labels
OFF-LA-10004055,Office Supplies,Labels,Color-Coded Legal Exhibit Labels
OFF-PA-10000994,Office Supplies,Paper,Xerox 1915
OFF-PA-10001033,Office Supplies,Paper,Xerox 1893
OFF-PA-10001281,Office Supplies,Paper,Computer Printout Paper with Letter-Trim Fine Perforations
OFF-PA-10004621,Office Supplies,Paper,Xerox 212
OFF-ST-10001097,Office Supplies,Storage,Office Impressions Heavy Duty Welded Shelving & Multimedia Storage Drawers
FUR-FU-10003829,Furniture,Furnishings,Stackable Trays
FUR-FU-10003878,Furniture,Furnishings,"Linden 10"" Round Wall Clock, Black"
OFF-AP-10000026,Office Supplies,Appliances,Tripp Lite Isotel 6 Outlet Surge Protector with Fax/Modem Protection
OFF-BI-10003712,Office Supplies,Binders,"Acco Pressboard Covers with Storage Hooks, 14 7/8"" x 11"", Light Blue"
OFF-FA-10000624,Office Supplies,Fasteners,OIC Binder Clips
OFF-PA-10004101,Office Supplies,Paper,Xerox 1894
OFF-PA-10004569,Office Supplies,Paper,"Wirebound Message Books, Two 4 1/4"" x 5"" Forms per Page"
OFF-ST-10003692,Office Supplies,Storage,Recycled Steel Personal File for Hanging File Folders
TEC-AC-10001714,Technology,Accessories,Logitech MX Performance Wireless Mouse
TEC-AC-10004571,Technology,Accessories,Logitech G700s Rechargeable Gaming Mouse
OFF-AR-10000127,Office Supplies,Art,Newell 321
OFF-AR-10000422,Office Supplies,Art,Pencil and Crayon Sharpener
OFF-AR-10001221,Office Supplies,Art,"Dixon Ticonderoga Erasable Colored Pencil Set, 12-Color"
OFF-BI-10004738,Office Supplies,Binders,Flexible Leather- Look Classic Collection Ring Binder
OFF-ST-10001325,Office Supplies,Storage,Sterilite Officeware Hinged File Box
TEC-AC-10001767,Technology,Accessories,SanDisk Ultra 64 GB MicroSDHC Class 10 Memory Card
TEC-AC-10003441,Technology,Accessories,Kingston Digital DataTraveler 32GB USB 2.0
OFF-BI-10004364,Office Supplies,Binders,Storex Dura Pro Binders
OFF-PA-10001712,Office Supplies,Paper,Xerox 1948
FUR-CH-10003774,Furniture,Chairs,"Global Wood Trimmed Manager's Task Chair, Khaki"
OFF-BI-10003091,Office Supplies,Binders,GBC DocuBind TL200 Manual Binding Machine
OFF-FA-10004076,Office Supplies,Fasteners,Translucent Push Pins by OIC
OFF-PA-10002479,Office Supplies,Paper,Xerox 4200 Series MultiUse Premium Copy Paper (20Lb. and 84 Bright)
FUR-BO-10003433,Furniture,Bookcases,Sauder Cornerstone Collection Library
FUR-BO-10003441,Furniture,Bookcases,"Bush Westfield Collection Bookcases, Fully Assembled"
FUR-FU-10004018,Furniture,Furnishings,Tensor Computer Mounted Lamp
OFF-AR-10001468,Office Supplies,Art,"Sanford Prismacolor Professional Thick Lead Art Pencils, 36-Color Set"
OFF-AR-10003560,Office Supplies,Art,Zebra Zazzle Fluorescent Highlighters
OFF-BI-10000829,Office Supplies,Binders,Avery Non-Stick Binders
OFF-BI-10003460,Office Supplies,Binders,Acco 3-Hole Punch
OFF-PA-10004971,Office Supplies,Paper,Xerox 196
FUR-FU-10004460,Furniture,Furnishings,"Howard Miller 12"" Round Wall Clock"
OFF-AR-10002804,Office Supplies,Art,Faber Castell Col-Erase Pencils
OFF-BI-10004654,Office Supplies,Binders,VariCap6 Expandable Binder
OFF-PA-10001826,Office Supplies,Paper,Xerox 207
OFF-PA-10002254,Office Supplies,Paper,Xerox 1883
OFF-PA-10002365,Office Supplies,Paper,Xerox 1967
FUR-BO-10001337,Furniture,Bookcases,O'Sullivan Living Dimensions 2-Shelf Bookcases
OFF-AP-10000027,Office Supplies,Appliances,Hoover Commercial SteamVac
OFF-AR-10001419,Office Supplies,Art,Newell 325
OFF-BI-10000632,Office Supplies,Binders,Satellite Sectional Post Binders
OFF-BI-10001107,Office Supplies,Binders,"GBC White Gloss Covers, Plain Front"
OFF-BI-10001553,Office Supplies,Binders,SpineVue Locking Slant-D Ring Binders by Cardinal
OFF-ST-10002301,Office Supplies,Storage,Tennsco Commercial Shelving
OFF-ST-10004804,Office Supplies,Storage,"Belkin 19"" Vented Equipment Shelf, Black"
OFF-SU-10000157,Office Supplies,Supplies,Compact Automatic Electric Letter Opener
TEC-AC-10004227,Technology,Accessories,SanDisk Ultra 16 GB MicroSDHC Class 10 Memory Card
FUR-CH-10003774,Furniture,Chairs,"Global Wood Trimmed Manager's Task Chair, Khaki"
FUR-FU-10001473,Furniture,Furnishings,"Eldon Executive Woodline II Desk Accessories, Mahogany"
OFF-BI-10000773,Office Supplies,Binders,Insertable Tab Post Binder Dividers
OFF-BI-10001543,Office Supplies,Binders,GBC VeloBinder Manual Binding System
OFF-BI-10003355,Office Supplies,Binders,Cardinal Holdit Business Card Pockets
OFF-FA-10001561,Office Supplies,Fasteners,Stockwell Push Pins
OFF-LA-10001404,Office Supplies,Labels,Avery 517
OFF-LA-10003190,Office Supplies,Labels,Avery 474
OFF-PA-10002005,Office Supplies,Paper,Xerox 225
OFF-PA-10004911,Office Supplies,Paper,"Rediform S.O.S. 1-Up Phone Message Bk, 4-1/4x3-1/16 Bk, 1 Form/Pg, 40 Messages/Bk, 3/Pk"
OFF-ST-10001418,Office Supplies,Storage,Carina Media Storage Towers in Natural & Black
TEC-AC-10001383,Technology,Accessories,Logitech Wireless Touch Keyboard K400
TEC-MA-10000822,Technology,Machines,Lexmark MX611dhe Monochrome Laser Printer
FUR-BO-10003441,Furniture,Bookcases,"Bush Westfield Collection Bookcases, Fully Assembled"
FUR-CH-10002602,Furniture,Chairs,DMI Arturo Collection Mission-style Design Wood Chair
FUR-FU-10001876,Furniture,Furnishings,"Computer Room Manger, 14"""
FUR-FU-10002456,Furniture,Furnishings,"Master Caster Door Stop, Large Neon Orange"
FUR-FU-10004597,Furniture,Furnishings,Eldon Cleatmat Chair Mats for Medium Pile Carpets
FUR-FU-10004671,Furniture,Furnishings,"Executive Impressions 12"" Wall Clock"
OFF-AR-10001683,Office Supplies,Art,Lumber Crayons
OFF-BI-10000174,Office Supplies,Binders,"Wilson Jones Clip & Carry Folder Binder Tool for Ring Binders, Clear"
OFF-BI-10001036,Office Supplies,Binders,Cardinal EasyOpen D-Ring Binders
OFF-BI-10001989,Office Supplies,Binders,Premium Transparent Presentation Covers by GBC
OFF-ST-10000078,Office Supplies,Storage,Tennsco 6- and 18-Compartment Lockers
OFF-ST-10000142,Office Supplies,Storage,Deluxe Rollaway Locking File with Drawer
OFF-ST-10002370,Office Supplies,Storage,"Sortfiler Multipurpose Personal File Organizer, Black"
TEC-PH-10004080,Technology,Phones,Avaya 5410 Digital phone
FUR-CH-10004218,Furniture,Chairs,"Global Fabric Manager's Chair, Dark Gray"
FUR-FU-10004622,Furniture,Furnishings,Eldon Advantage Foldable Chair Mats for Low Pile Carpets
OFF-AP-10002684,Office Supplies,Appliances,"Acco 7-Outlet Masterpiece Power Center, Wihtout Fax/Phone Line Protection"
OFF-BI-10002049,Office Supplies,Binders,UniKeep View Case Binders
OFF-BI-10004140,Office Supplies,Binders,Avery Non-Stick Binders
OFF-PA-10001534,Office Supplies,Paper,Xerox 230
TEC-AC-10000521,Technology,Accessories,"Verbatim Slim CD and DVD Storage Cases, 50/Pack"
TEC-AC-10001998,Technology,Accessories,Logitech LS21 Speaker System - PC Multimedia - 2.1-CH - Wired
FUR-FU-10000794,Furniture,Furnishings,"Eldon Stackable Tray, Side-Load, Legal, Smoke"
FUR-FU-10001488,Furniture,Furnishings,"Tenex 46"" x 60"" Computer Anti-Static Chairmat, Rectangular Shaped"
OFF-ST-10003716,Office Supplies,Storage,Tennsco Double-Tier Lockers
FUR-BO-10001972,Furniture,Bookcases,O'Sullivan 4-Shelf Bookcase in Odessa Pine
FUR-FU-10000193,Furniture,Furnishings,Tenex Chairmats For Use with Hard Floors
FUR-FU-10001025,Furniture,Furnishings,"Eldon Imàge Series Desk Accessories, Clear"
FUR-FU-10002445,Furniture,Furnishings,"DAX Two-Tone Rosewood/Black Document Frame, Desktop, 5 x 7"
FUR-FU-10004864,Furniture,Furnishings,Eldon 500 Class Desk Accessories
OFF-AP-10000026,Office Supplies,Appliances,Tripp Lite Isotel 6 Outlet Surge Protector with Fax/Modem Protection
OFF-BI-10000285,Office Supplies,Binders,XtraLife ClearVue Slant-D Ring Binders by Cardinal
OFF-BI-10003638,Office Supplies,Binders,GBC Durable Plastic Covers
OFF-EN-10003134,Office Supplies,Envelopes,Staple envelope
OFF-LA-10000081,Office Supplies,Labels,Avery 496
OFF-PA-10001804,Office Supplies,Paper,Xerox 195
OFF-SU-10001218,Office Supplies,Supplies,Fiskars Softgrip Scissors
OFF-SU-10002573,Office Supplies,Supplies,"Acme 10"" Easy Grip Assistive Scissors"
TEC-AC-10002473,Technology,Accessories,Maxell 4.7GB DVD-R
TEC-AC-10003590,Technology,Accessories,"TRENDnet 56K USB 2.0 Phone, Internet and Fax Modem"
OFF-AP-10002495,Office Supplies,Appliances,"Acco Smartsocket Table Surge Protector, 6 Color-Coded Adapter Outlets"
OFF-BI-10001628,Office Supplies,Binders,"Acco Data Flex Cable Posts For Top & Bottom Load Binders, 6"" Capacity"
OFF-BI-10002414,Office Supplies,Binders,GBC ProClick Spines for 32-Hole Punch
OFF-BI-10002813,Office Supplies,Binders,Avery Reinforcements for Hole-Punch Pages
OFF-FA-10002676,Office Supplies,Fasteners,Colored Push Pins
OFF-ST-10001370,Office Supplies,Storage,Sensible Storage WireTech Storage Systems
OFF-ST-10004123,Office Supplies,Storage,Safco Industrial Wire Shelving System
TEC-AC-10004855,Technology,Accessories,V7 USB Numeric Keypad
TEC-PH-10004614,Technology,Phones,AT&T 841000 Phone
FUR-BO-10004709,Furniture,Bookcases,"Bush Westfield Collection Bookcases, Medium Cherry Finish"
OFF-AR-10000246,Office Supplies,Art,Newell 318
OFF-AR-10001958,Office Supplies,Art,Stanley Bostitch Contemporary Electric Pencil Sharpeners
OFF-AR-10004078,Office Supplies,Art,Newell 312
OFF-BI-10000666,Office Supplies,Binders,Surelock Post Binders
OFF-BI-10002103,Office Supplies,Binders,"Cardinal Slant-D Ring Binder, Heavy Gauge Vinyl"
OFF-PA-10004675,Office Supplies,Paper,"Telephone Message Books with Fax/Mobile Section, 5 1/2"" x 3 3/16"""
TEC-AC-10000158,Technology,Accessories,Sony 64GB Class 10 Micro SDHC R40 Memory Card
FUR-FU-10000010,Furniture,Furnishings,"DAX Value U-Channel Document Frames, Easel Back"
OFF-LA-10002034,Office Supplies,Labels,Avery 478
OFF-PA-10003673,Office Supplies,Paper,Strathmore Photo Mount Cards
FUR-BO-10002268,Furniture,Bookcases,Sauder Barrister Bookcases
FUR-FU-10000397,Furniture,Furnishings,Luxo Economy Swing Arm Lamp
OFF-AR-10000390,Office Supplies,Art,Newell Chalk Holder
OFF-AR-10001725,Office Supplies,Art,Boston Home & Office Model 2000 Electric Pencil Sharpeners
OFF-AR-10003373,Office Supplies,Art,"Boston School Pro Electric Pencil Sharpener, 1670"
OFF-LA-10001158,Office Supplies,Labels,"Avery Address/Shipping Labels for Typewriters, 4"" x 2"""
OFF-AP-10000252,Office Supplies,Appliances,Harmony HEPA Quiet Air Purifiers
OFF-AR-10003056,Office Supplies,Art,Newell 341
OFF-ST-10001325,Office Supplies,Storage,Sterilite Officeware Hinged File Box
TEC-PH-10002624,Technology,Phones,Samsung Galaxy S4 Mini
FUR-TA-10001307,Furniture,Tables,"SAFCO PlanMaster Heigh-Adjustable Drafting Table Base, 43w x 30d x 30-37h, Black"
OFF-LA-10004055,Office Supplies,Labels,Color-Coded Legal Exhibit Labels
FUR-FU-10000222,Furniture,Furnishings,"Seth Thomas 16"" Steel Case Clock"
FUR-FU-10000747,Furniture,Furnishings,Tenex B1-RE Series Chair Mats for Low Pile Carpets
FUR-FU-10001935,Furniture,Furnishings,3M Hangers With Command Adhesive
OFF-AR-10002280,Office Supplies,Art,Staples in misc. colors
OFF-AR-10002804,Office Supplies,Art,Faber Castell Col-Erase Pencils
OFF-BI-10000822,Office Supplies,Binders,"Acco PRESSTEX Data Binder with Storage Hooks, Light Blue, 9 1/2"" X 11"""
OFF-BI-10001575,Office Supplies,Binders,GBC Linen Binding Covers
OFF-BI-10002071,Office Supplies,Binders,Fellowes Black Plastic Comb Bindings
OFF-BI-10002353,Office Supplies,Binders,GBC VeloBind Cover Sets
OFF-EN-10001219,Office Supplies,Envelopes,"#10- 4 1/8"" x 9 1/2"" Security-Tint Envelopes"
OFF-EN-10002986,Office Supplies,Envelopes,"#10-4 1/8"" x 9 1/2"" Premium Diagonal Seam Envelopes"
OFF-LA-10001569,Office Supplies,Labels,Avery 499
OFF-LA-10003190,Office Supplies,Labels,Avery 474
OFF-LA-10003388,Office Supplies,Labels,Avery 5
OFF-PA-10000675,Office Supplies,Paper,Xerox 1919
OFF-PA-10004451,Office Supplies,Paper,Xerox 222
TEC-AC-10003433,Technology,Accessories,Maxell 4.7GB DVD+R 5/Pack
TEC-PH-10002549,Technology,Phones,Polycom SoundPoint IP 450 VoIP phone
FUR-BO-10001798,Furniture,Bookcases,Bush Somerset Collection Bookcase
FUR-CH-10002024,Furniture,Chairs,HON 5400 Series Task Chairs for Big and Tall
FUR-TA-10001889,Furniture,Tables,Bush Advantage Collection Racetrack Conference Table
OFF-LA-10004409,Office Supplies,Labels,Avery 492
OFF-SU-10001212,Office Supplies,Supplies,Kleencut Forged Office Shears by Acme United Corporation
TEC-AC-10002331,Technology,Accessories,"Maxell 74 Minute CDR, 10/Pack"
FUR-FU-10003975,Furniture,Furnishings,Eldon Advantage Chair Mats for Low to Medium Pile Carpets
OFF-AR-10001615,Office Supplies,Art,Newell 34
OFF-PA-10002713,Office Supplies,Paper,"Adams Phone Message Book, 200 Message Capacity, 8 1/16” x 11”"
OFF-PA-10003016,Office Supplies,Paper,"Adams ""While You Were Out"" Message Pads"
TEC-AC-10001714,Technology,Accessories,Logitech MX Performance Wireless Mouse
FUR-FU-10004245,Furniture,Furnishings,"Career Cubicle Clock, 8 1/4"", Black"
FUR-TA-10003748,Furniture,Tables,Bevis 36 x 72 Conference Tables
OFF-AR-10003651,Office Supplies,Art,Newell 350
OFF-BI-10002133,Office Supplies,Binders,"Wilson Jones Elliptical Ring 3 1/2"" Capacity Binders, 800 sheets"
OFF-BI-10003684,Office Supplies,Binders,Wilson Jones Legal Size Ring Binders
OFF-FA-10002280,Office Supplies,Fasteners,Advantus Plastic Paper Clips
OFF-PA-10001166,Office Supplies,Paper,Xerox 2
OFF-ST-10000025,Office Supplies,Storage,Fellowes Stor/Drawer Steel Plus Storage Drawers
OFF-ST-10000464,Office Supplies,Storage,"Multi-Use Personal File Cart and Caster Set, Three Stacking Bins"
FUR-TA-10003473,Furniture,Tables,Bretford Rectangular Conference Table Tops
OFF-AP-10002684,Office Supplies,Appliances,"Acco 7-Outlet Masterpiece Power Center, Wihtout Fax/Phone Line Protection"
OFF-BI-10002897,Office Supplies,Binders,"Black Avery Memo-Size 3-Ring Binder, 5 1/2"" x 8 1/2"""
OFF-BI-10003694,Office Supplies,Binders,"Avery 3 1/2"" Diskette Storage Pages, 10/Pack"
OFF-BI-10003910,Office Supplies,Binders,DXL Angle-View Binders with Locking Rings by Samsill
OFF-PA-10000726,Office Supplies,Paper,"Black Print Carbonless Snap-Off Rapid Letter, 8 1/2"" x 7"""
OFF-PA-10002250,Office Supplies,Paper,Things To Do Today Pad
OFF-PA-10004983,Office Supplies,Paper,Xerox 23
OFF-ST-10001291,Office Supplies,Storage,"Tenex Personal Self-Stacking Standard File Box, Black/Gray"
OFF-ST-10003306,Office Supplies,Storage,Letter Size Cart
TEC-PH-10003092,Technology,Phones,Motorola L804
FUR-BO-10004467,Furniture,Bookcases,Bestar Classic Bookcase
OFF-BI-10003274,Office Supplies,Binders,"Avery Durable Slant Ring Binders, No Labels"
OFF-BI-10004965,Office Supplies,Binders,Ibico Covers for Plastic or Wire Binding Elements
OFF-EN-10002600,Office Supplies,Envelopes,"Redi-Strip #10 Envelopes, 4 1/8 x 9 1/2"
OFF-EN-10003448,Office Supplies,Envelopes,"Peel & Seel Recycled Catalog Envelopes, Brown"
OFF-PA-10002947,Office Supplies,Paper,Xerox 1923
OFF-AP-10001293,Office Supplies,Appliances,Belkin 8 Outlet Surge Protector
FUR-BO-10001601,Furniture,Bookcases,"Sauder Mission Library with Doors, Fruitwood Finish"
OFF-AP-10001271,Office Supplies,Appliances,Eureka The Boss Cordless Rechargeable Stick Vac
OFF-AR-10003179,Office Supplies,Art,Dixon Ticonderoga Core-Lock Colored Pencils
OFF-AR-10004752,Office Supplies,Art,Blackstonian Pencils
OFF-BI-10002827,Office Supplies,Binders,Avery Durable Poly Binders
OFF-BI-10003982,Office Supplies,Binders,Wilson Jones Century Plastic Molded Ring Binders
OFF-LA-10003510,Office Supplies,Labels,"Avery 4027 File Folder Labels for Dot Matrix Printers, 5000 Labels per Box, White"
OFF-LA-10004544,Office Supplies,Labels,Avery 505
OFF-PA-10002254,Office Supplies,Paper,Xerox 1883
OFF-ST-10001932,Office Supplies,Storage,Fellowes Staxonsteel Drawer Files
TEC-AC-10001990,Technology,Accessories,Kensington Orbit Wireless Mobile Trackball for PC and Mac
TEC-AC-10004659,Technology,Accessories,Imation Secure+ Hardware Encrypted USB 2.0 Flash Drive; 16GB
TEC-PH-10004977,Technology,Phones,GE 30524EE4
FUR-CH-10000595,Furniture,Chairs,Safco Contoured Stacking Chairs
FUR-CH-10002017,Furniture,Chairs,SAFCO Optional Arm Kit for Workspace Cribbage Stacking Chair
FUR-CH-10004086,Furniture,Chairs,Hon 4070 Series Pagoda Armless Upholstered Stacking Chairs
OFF-AP-10001563,Office Supplies,Appliances,Belkin Premiere Surge Master II 8-outlet surge protector
TEC-AC-10000736,Technology,Accessories,Logitech G600 MMO Gaming Mouse
TEC-PH-10003437,Technology,Phones,Blue Parrot B250XT Professional Grade Wireless Bluetooth Headset with
FUR-CH-10003535,Furniture,Chairs,"Global Armless Task Chair, Royal Blue"
FUR-CH-10004540,Furniture,Chairs,Global Chrome Stack Chair
OFF-AP-10000692,Office Supplies,Appliances,Fellowes Mighty 8 Compact Surge Protector
OFF-PA-10003848,Office Supplies,Paper,Xerox 1997
TEC-CO-10001046,Technology,Copiers,Canon Imageclass D680 Copier / Fax
FUR-CH-10001270,Furniture,Chairs,Harbour Creations Steel Folding Chair
FUR-TA-10004154,Furniture,Tables,"Riverside Furniture Oval Coffee Table, Oval End Table, End Table with Drawer"
OFF-BI-10004330,Office Supplies,Binders,"GBC Velobind Prepunched Cover Sets, Regency Series"
OFF-EN-10002504,Office Supplies,Envelopes,"Tyvek  Top-Opening Peel & Seel Envelopes, Plain White"
OFF-ST-10000604,Office Supplies,Storage,Home/Office Personal File Carts
OFF-ST-10000636,Office Supplies,Storage,Rogers Profile Extra Capacity Storage Tub
TEC-AC-10004171,Technology,Accessories,Razer Kraken 7.1 Surround Sound Over Ear USB Gaming Headset
FUR-BO-10004467,Furniture,Bookcases,Bestar Classic Bookcase
FUR-FU-10001967,Furniture,Furnishings,Telescoping Adjustable Floor Lamp
OFF-AR-10003481,Office Supplies,Art,Newell 348
OFF-AR-10004456,Office Supplies,Art,Panasonic KP-4ABK Battery-Operated Pencil Sharpener
OFF-BI-10000962,Office Supplies,Binders,"Acco Flexible ACCOHIDE Square Ring Data Binder, Dark Blue, 11 1/2"" X 14"" 7/8"""
OFF-LA-10004545,Office Supplies,Labels,Avery 50
OFF-PA-10002870,Office Supplies,Paper,"Ampad Phone Message Book, Recycled, 400 Message Capacity, 5 ¾” x 11”"
OFF-PA-10003657,Office Supplies,Paper,Xerox 1927
OFF-ST-10004180,Office Supplies,Storage,Safco Commercial Shelving
FUR-FU-10000719,Furniture,Furnishings,"DAX Cubicle Frames, 8-1/2 x 11"
FUR-TA-10001520,Furniture,Tables,"Lesro Sheffield Collection Coffee Table, End Table, Center Table, Corner Table"
OFF-AP-10004868,Office Supplies,Appliances,Hoover Commercial Soft Guard Upright Vacuum And Disposable Filtration Bags
OFF-AR-10003504,Office Supplies,Art,Newell 347
OFF-BI-10001900,Office Supplies,Binders,"DXL Angle-View Binders with Locking Rings, Black"
OFF-BI-10002133,Office Supplies,Binders,"Wilson Jones Elliptical Ring 3 1/2"" Capacity Binders, 800 sheets"
OFF-LA-10000443,Office Supplies,Labels,Avery 501
OFF-LA-10002271,Office Supplies,Labels,Smead Alpha-Z Color-Coded Second Alphabetical Labels and Starter Set
OFF-PA-10000659,Office Supplies,Paper,"TOPS Carbonless Receipt Book, Four 2-3/4 x 7-1/4 Money Receipts per Page"
OFF-ST-10000563,Office Supplies,Storage,Fellowes Bankers Box Stor/Drawer Steel Plus
OFF-SU-10000157,Office Supplies,Supplies,Compact Automatic Electric Letter Opener
OFF-SU-10004661,Office Supplies,Supplies,Acme Titanium Bonded Scissors
TEC-AC-10004859,Technology,Accessories,"Maxell Pro 80 Minute CD-R, 10/Pack"
FUR-CH-10001482,Furniture,Chairs,Office Star - Mesh Screen back chair with Vinyl seat
OFF-AP-10000358,Office Supplies,Appliances,Fellowes Basic Home/Office Series Surge Protectors
OFF-BI-10002082,Office Supplies,Binders,GBC Twin Loop Wire Binding Elements
OFF-BI-10004632,Office Supplies,Binders,Ibico Hi-Tech Manual Binding System
OFF-EN-10003296,Office Supplies,Envelopes,Tyvek Side-Opening Peel & Seel Expanding Envelopes
OFF-LA-10000240,Office Supplies,Labels,Self-Adhesive Address Labels for Typewriters by Universal
OFF-PA-10001752,Office Supplies,Paper,Hammermill CopyPlus Copy Paper (20Lb. and 84 Bright)
OFF-ST-10000078,Office Supplies,Storage,Tennsco 6- and 18-Compartment Lockers
TEC-PH-10002310,Technology,Phones,Plantronics Calisto P620-M USB Wireless Speakerphone System
FUR-CH-10003298,Furniture,Chairs,"Office Star - Contemporary Task Swivel chair with Loop Arms, Charcoal"
FUR-CH-10003981,Furniture,Chairs,Global Commerce Series Low-Back Swivel/Tilt Chairs
FUR-FU-10000794,Furniture,Furnishings,"Eldon Stackable Tray, Side-Load, Legal, Smoke"
OFF-AR-10001446,Office Supplies,Art,Newell 309
OFF-AR-10001919,Office Supplies,Art,"OIC #2 Pencils, Medium Soft"
OFF-AR-10003045,Office Supplies,Art,Prang Colored Pencils
OFF-AR-10003338,Office Supplies,Art,"Eberhard Faber 3 1/2"" Golf Pencils"
OFF-BI-10003007,Office Supplies,Binders,"Premium Transparent Presentation Covers, No Pattern/Clear, 8 1/2"" x 11"""
OFF-EN-10004955,Office Supplies,Envelopes,Fashion Color Clasp Envelopes
OFF-LA-10000973,Office Supplies,Labels,Avery 502
OFF-LA-10004544,Office Supplies,Labels,Avery 505
OFF-PA-10000300,Office Supplies,Paper,Xerox 1936
OFF-PA-10000483,Office Supplies,Paper,Xerox 19
OFF-PA-10003134,Office Supplies,Paper,Xerox 1937
OFF-PA-10003228,Office Supplies,Paper,Xerox 1917
OFF-ST-10002214,Office Supplies,Storage,X-Rack File for Hanging Folders
OFF-SU-10004498,Office Supplies,Supplies,Martin-Yale Premier Letter Opener
TEC-AC-10001838,Technology,Accessories,Razer Tiamat Over Ear 7.1 Surround Sound PC Gaming Headset
TEC-AC-10003280,Technology,Accessories,Belkin F8E887 USB Wired Ergonomic Keyboard
TEC-PH-10002834,Technology,Phones,Google Nexus 5
TEC-PH-10004071,Technology,Phones,PayAnywhere Card Reader
FUR-CH-10002017,Furniture,Chairs,SAFCO Optional Arm Kit for Workspace Cribbage Stacking Chair
FUR-CH-10004287,Furniture,Chairs,SAFCO Arco Folding Chair
FUR-FU-10000076,Furniture,Furnishings,24-Hour Round Wall Clock
OFF-BI-10004465,Office Supplies,Binders,Avery Durable Slant Ring Binders
OFF-PA-10001736,Office Supplies,Paper,Xerox 1880
OFF-PA-10002333,Office Supplies,Paper,"Universal Ultra Bright White Copier/Laser Paper, 8 1/2"" x 11"", Ream"
TEC-PH-10002185,Technology,Phones,QVS USB Car Charger 2-Port 2.1Amp for iPod/iPhone/iPad/iPad 2/iPad 3
TEC-PH-10002923,Technology,Phones,"Logitech B530 USB Headset - headset - Full size, Binaural"
OFF-ST-10002574,Office Supplies,Storage,"SAFCO Commercial Wire Shelving, Black"
FUR-BO-10003546,Furniture,Bookcases,Hon 4-Shelf Metal Bookcases
FUR-FU-10001918,Furniture,Furnishings,C-Line Cubicle Keepers Polyproplyene Holder With Velcro Backings
FUR-FU-10002456,Furniture,Furnishings,"Master Caster Door Stop, Large Neon Orange"
FUR-FU-10004973,Furniture,Furnishings,Flat Face Poster Frame
OFF-AP-10000938,Office Supplies,Appliances,Avanti 1.7 Cu. Ft. Refrigerator
OFF-AP-10001492,Office Supplies,Appliances,"Acco Six-Outlet Power Strip, 4' Cord Length"
OFF-BI-10000315,Office Supplies,Binders,Poly Designer Cover & Back
OFF-BI-10000605,Office Supplies,Binders,"Acco Pressboard Covers with Storage Hooks, 9 1/2"" x 11"", Executive Red"
OFF-BI-10001267,Office Supplies,Binders,"Universal Recycled Hanging Pressboard Report Binders, Letter Size"
OFF-BI-10002571,Office Supplies,Binders,"Avery Framed View Binder, EZD Ring (Locking), Navy, 1 1/2"""
OFF-BI-10003712,Office Supplies,Binders,"Acco Pressboard Covers with Storage Hooks, 14 7/8"" x 11"", Light Blue"
OFF-ST-10004835,Office Supplies,Storage,Plastic Stacking Crates & Casters
TEC-AC-10000387,Technology,Accessories,KeyTronic KT800P2 - Keyboard - Black
TEC-PH-10002185,Technology,Phones,QVS USB Car Charger 2-Port 2.1Amp for iPod/iPhone/iPad/iPad 2/iPad 3
TEC-PH-10002200,Technology,Phones,Aastra 6757i CT Wireless VoIP phone
TEC-PH-10002350,Technology,Phones,Apple EarPods with Remote and Mic
TEC-PH-10003555,Technology,Phones,Motorola HK250 Universal Bluetooth Headset
OFF-ST-10001321,Office Supplies,Storage,"Decoflex Hanging Personal Folder File, Blue"
FUR-BO-10004695,Furniture,Bookcases,O'Sullivan 2-Door Barrister Bookcase in Odessa Pine
FUR-CH-10001482,Furniture,Chairs,Office Star - Mesh Screen back chair with Vinyl seat
FUR-CH-10002647,Furniture,Chairs,"Situations Contoured Folding Chairs, 4/Set"
OFF-AP-10001154,Office Supplies,Appliances,Bionaire Personal Warm Mist Humidifier/Vaporizer
OFF-AP-10001563,Office Supplies,Appliances,Belkin Premiere Surge Master II 8-outlet surge protector
OFF-AR-10000122,Office Supplies,Art,Newell 314
OFF-AR-10001315,Office Supplies,Art,Newell 310
OFF-BI-10001787,Office Supplies,Binders,Wilson Jones Four-Pocket Poly Binders
OFF-BI-10002082,Office Supplies,Binders,GBC Twin Loop Wire Binding Elements
OFF-LA-10004178,Office Supplies,Labels,Avery 491
OFF-PA-10000100,Office Supplies,Paper,Xerox 1945
OFF-PA-10001526,Office Supplies,Paper,Xerox 1949
OFF-PA-10003129,Office Supplies,Paper,Tops White Computer Printout Paper
OFF-PA-10004733,Office Supplies,Paper,Things To Do Today Spiral Book
TEC-AC-10001465,Technology,Accessories,SanDisk Cruzer 64 GB USB Flash Drive
TEC-AC-10001606,Technology,Accessories,Logitech Wireless Performance Mouse MX for PC and Mac
TEC-AC-10003441,Technology,Accessories,Kingston Digital DataTraveler 32GB USB 2.0
TEC-PH-10003012,Technology,Phones,Nortel Meridian M3904 Professional Digital phone
TEC-PH-10003811,Technology,Phones,Jabra Supreme Plus Driver Edition Headset
TEC-PH-10004389,Technology,Phones,Nokia Lumia 925
FUR-CH-10000225,Furniture,Chairs,"Global Geo Office Task Chair, Gray"
FUR-FU-10002191,Furniture,Furnishings,G.E. Halogen Desk Lamp Bulbs
OFF-AP-10000358,Office Supplies,Appliances,Fellowes Basic Home/Office Series Surge Protectors
OFF-AR-10000657,Office Supplies,Art,"Binney & Smith inkTank Desk Highlighter, Chisel Tip, Yellow, 12/Box"
OFF-AR-10001374,Office Supplies,Art,"BIC Brite Liner Highlighters, Chisel Tip"
OFF-AR-10001953,Office Supplies,Art,Boston 1645 Deluxe Heavier-Duty Electric Pencil Sharpener
OFF-BI-10002225,Office Supplies,Binders,"Square Ring Data Binders, Rigid 75 Pt. Covers, 11"" x 14-7/8"""
OFF-BI-10004040,Office Supplies,Binders,Wilson Jones Impact Binders
OFF-FA-10001843,Office Supplies,Fasteners,Staples
OFF-ST-10003816,Office Supplies,Storage,Fellowes High-Stak Drawer Files
TEC-MA-10003176,Technology,Machines,Okidata B400 Printer
TEC-PH-10004094,Technology,Phones,Motorola L703CM
FUR-CH-10000225,Furniture,Chairs,"Global Geo Office Task Chair, Gray"
FUR-FU-10002191,Furniture,Furnishings,G.E. Halogen Desk Lamp Bulbs
TEC-MA-10003176,Technology,Machines,Okidata B400 Printer
FUR-FU-10004071,Furniture,Furnishings,Luxo Professional Magnifying Clamp-On Fluorescent Lamps
OFF-AR-10001988,Office Supplies,Art,Bulldog Table or Wall-Mount Pencil Sharpener
FUR-CH-10000513,Furniture,Chairs,High-Back Leather Manager's Chair
OFF-AR-10002445,Office Supplies,Art,SANFORD Major Accent Highlighters
OFF-AR-10003651,Office Supplies,Art,Newell 350
OFF-AR-10003732,Office Supplies,Art,Newell 333
OFF-BI-10003274,Office Supplies,Binders,"Avery Durable Slant Ring Binders, No Labels"
OFF-SU-10000381,Office Supplies,Supplies,Acme Forged Steel Scissors with Black Enamel Handles
TEC-AC-10002331,Technology,Accessories,"Maxell 74 Minute CDR, 10/Pack"
FUR-TA-10001520,Furniture,Tables,"Lesro Sheffield Collection Coffee Table, End Table, Center Table, Corner Table"
OFF-AP-10001947,Office Supplies,Appliances,Acco 6 Outlet Guardian Premium Plus Surge Suppressor
OFF-BI-10001922,Office Supplies,Binders,Storex Dura Pro Binders
OFF-FA-10000840,Office Supplies,Fasteners,OIC Thumb-Tacks
OFF-ST-10002301,Office Supplies,Storage,Tennsco Commercial Shelving
FUR-FU-10000732,Furniture,Furnishings,Eldon 200 Class Desk Accessories
OFF-BI-10002824,Office Supplies,Binders,Recycled Easel Ring Binders
OFF-BI-10004519,Office Supplies,Binders,GBC DocuBind P100 Manual Binding Machine
OFF-FA-10000936,Office Supplies,Fasteners,Acco Hot Clips Clips to Go
OFF-ST-10002182,Office Supplies,Storage,"Iris 3-Drawer Stacking Bin, Black"
TEC-AC-10002167,Technology,Accessories,Imation 8gb Micro Traveldrive Usb 2.0 Flash Drive
OFF-AP-10002670,Office Supplies,Appliances,Belkin 8-Outlet Premiere SurgeMaster II Surge Protectors
OFF-PA-10000520,Office Supplies,Paper,Xerox 201
OFF-SU-10004498,Office Supplies,Supplies,Martin-Yale Premier Letter Opener
TEC-AC-10000521,Technology,Accessories,"Verbatim Slim CD and DVD Storage Cases, 50/Pack"
FUR-FU-10003664,Furniture,Furnishings,"Electrix Architect's Clamp-On Swing Arm Lamp, Black"
FUR-FU-10004963,Furniture,Furnishings,"Eldon 400 Class Desk Accessories, Black Carbon"
OFF-AR-10004062,Office Supplies,Art,Staples in misc. colors
OFF-BI-10003364,Office Supplies,Binders,Binding Machine Supplies
OFF-BI-10004209,Office Supplies,Binders,"Fellowes Twister Kit, Gray/Clear, 3/pkg"
OFF-PA-10001166,Office Supplies,Paper,Xerox 2
OFF-ST-10000025,Office Supplies,Storage,Fellowes Stor/Drawer Steel Plus Storage Drawers
TEC-AC-10002380,Technology,Accessories,Sony 8GB Class 10 Micro SDHC R40 Memory Card
TEC-AC-10004510,Technology,Accessories,Logitech Desktop MK120 Mouse and keyboard Combo
TEC-PH-10002834,Technology,Phones,Google Nexus 5
TEC-PH-10004389,Technology,Phones,Nokia Lumia 925
FUR-BO-10004709,Furniture,Bookcases,"Bush Westfield Collection Bookcases, Medium Cherry Finish"
FUR-CH-10000863,Furniture,Chairs,Novimex Swivel Fabric Task Chair
FUR-CH-10001146,Furniture,Chairs,"Global Task Chair, Black"
FUR-FU-10001185,Furniture,Furnishings,"Advantus Employee of the Month Certificate Frame, 11 x 13-1/2"
FUR-FU-10001473,Furniture,Furnishings,DAX Wood Document Frame
OFF-AP-10001469,Office Supplies,Appliances,Fellowes 8 Outlet Superior Workstation Surge Protector
OFF-BI-10004364,Office Supplies,Binders,Storex Dura Pro Binders
OFF-PA-10001534,Office Supplies,Paper,Xerox 230
OFF-PA-10002464,Office Supplies,Paper,HP Office Recycled Paper (20Lb. and 87 Bright)
TEC-AC-10000844,Technology,Accessories,Logitech Gaming G510s - Keyboard
TEC-PH-10001305,Technology,Phones,Panasonic KX TS208W Corded phone
TEC-PH-10001536,Technology,Phones,Spigen Samsung Galaxy S5 Case Wallet
FUR-FU-10003919,Furniture,Furnishings,Eldon Executive Woodline II Cherry Finish Desk Accessories
FUR-FU-10003981,Furniture,Furnishings,Eldon Wave Desk Accessories
OFF-AP-10001564,Office Supplies,Appliances,Hoover Commercial Lightweight Upright Vacuum with E-Z Empty Dirt Cup
OFF-BI-10000632,Office Supplies,Binders,Satellite Sectional Post Binders
OFF-FA-10004395,Office Supplies,Fasteners,Plymouth Boxed Rubber Bands by Plymouth
OFF-PA-10002036,Office Supplies,Paper,Xerox 1930
OFF-PA-10004082,Office Supplies,Paper,"Adams Telephone Message Book w/Frequently-Called Numbers Space, 400 Messages per Book"
OFF-ST-10002205,Office Supplies,Storage,File Shuttle I and Handi-File
FUR-BO-10000330,Furniture,Bookcases,"Sauder Camden County Barrister Bookcase, Planked Cherry Finish"
FUR-BO-10001811,Furniture,Bookcases,"Atlantic Metals Mobile 5-Shelf Bookcases, Custom Colors"
FUR-FU-10000820,Furniture,Furnishings,Tensor Brushed Steel Torchiere Floor Lamp
FUR-FU-10001731,Furniture,Furnishings,Acrylic Self-Standing Desk Frames
OFF-AR-10003405,Office Supplies,Art,"Dixon My First Ticonderoga Pencil, #2"
OFF-BI-10000591,Office Supplies,Binders,Avery Binder Labels
OFF-PA-10004911,Office Supplies,Paper,"Rediform S.O.S. 1-Up Phone Message Bk, 4-1/4x3-1/16 Bk, 1 Form/Pg, 40 Messages/Bk, 3/Pk"
TEC-AC-10002323,Technology,Accessories,SanDisk Ultra 32 GB MicroSDHC Class 10 Memory Card
TEC-PH-10001619,Technology,Phones,LG G3
FUR-CH-10003746,Furniture,Chairs,Hon 4070 Series Pagoda Round Back Stacking Chairs
OFF-AP-10002287,Office Supplies,Appliances,"Eureka Sanitaire  Multi-Pro Heavy-Duty Upright, Disposable Bags"
OFF-AP-10002945,Office Supplies,Appliances,Honeywell Enviracaire Portable HEPA Air Cleaner for 17' x 22' Room
OFF-BI-10002072,Office Supplies,Binders,Cardinal Slant-D Ring Binders
OFF-BI-10003429,Office Supplies,Binders,"Cardinal HOLDit! Binder Insert Strips,Extra Strips"
OFF-BI-10003676,Office Supplies,Binders,"GBC Standard Recycled Report Covers, Clear Plastic Sheets"
OFF-PA-10000682,Office Supplies,Paper,Xerox 1924
OFF-ST-10002756,Office Supplies,Storage,"Tennsco Stur-D-Stor Boltless Shelving, 5 Shelves, 24"" Deep, Sand"
TEC-AC-10001714,Technology,Accessories,Logitech MX Performance Wireless Mouse
TEC-AC-10004568,Technology,Accessories,Maxell LTO Ultrium - 800 GB
TEC-PH-10001700,Technology,Phones,Panasonic KX-TG6844B Expandable Digital Cordless Telephone
OFF-EN-10001141,Office Supplies,Envelopes,"Manila Recycled Extra-Heavyweight Clasp Envelopes, 6"" x 9"""
OFF-PA-10000743,Office Supplies,Paper,Xerox 1977
OFF-PA-10002479,Office Supplies,Paper,Xerox 4200 Series MultiUse Premium Copy Paper (20Lb. and 84 Bright)
OFF-PA-10004733,Office Supplies,Paper,Things To Do Today Spiral Book
OFF-ST-10004507,Office Supplies,Storage,Advantus Rolling Storage Box
TEC-PH-10000347,Technology,Phones,Cush Cases Heavy Duty Rugged Cover Case for Samsung Galaxy S5 - Purple
FUR-BO-10002824,Furniture,Bookcases,Bush Mission Pointe Library
FUR-FU-10002960,Furniture,Furnishings,"Eldon 200 Class Desk Accessories, Burgundy"
FUR-TA-10001932,Furniture,Tables,"Chromcraft 48"" x 96"" Racetrack Double Pedestal Table"
OFF-AP-10002287,Office Supplies,Appliances,"Eureka Sanitaire  Multi-Pro Heavy-Duty Upright, Disposable Bags"
OFF-AP-10003622,Office Supplies,Appliances,"Bravo II Megaboss 12-Amp Hard Body Upright, Replacement Belts, 2 Belts per Pack"
OFF-BI-10002049,Office Supplies,Binders,UniKeep View Case Binders
OFF-BI-10002432,Office Supplies,Binders,Wilson Jones Standard D-Ring Binders
OFF-PA-10000809,Office Supplies,Paper,Xerox 206
OFF-PA-10001593,Office Supplies,Paper,Xerox 1947
OFF-PA-10004156,Office Supplies,Paper,Xerox 188
OFF-ST-10004963,Office Supplies,Storage,Eldon Gobal File Keepers
TEC-AC-10002942,Technology,Accessories,WD My Passport Ultra 1TB Portable External Hard Drive
TEC-AC-10003038,Technology,Accessories,Kingston Digital DataTraveler 16GB USB 2.0
TEC-AC-10003832,Technology,Accessories,Logitech P710e Mobile Speakerphone
TEC-AC-10004975,Technology,Accessories,Plantronics Audio 995 Wireless Stereo Headset
TEC-MA-10003173,Technology,Machines,Hewlett-Packard 300S Scientific Calculator
TEC-PH-10000441,Technology,Phones,VTech DS6151
FUR-FU-10001967,Furniture,Furnishings,Telescoping Adjustable Floor Lamp
FUR-FU-10002501,Furniture,Furnishings,Nu-Dell Executive Frame
OFF-AR-10002255,Office Supplies,Art,Newell 346
OFF-BI-10002353,Office Supplies,Binders,GBC VeloBind Cover Sets
OFF-BI-10002557,Office Supplies,Binders,Presstex Flexible Ring Binders
OFF-BI-10004141,Office Supplies,Binders,Insertable Tab Indexes For Data Binders
OFF-PA-10002870,Office Supplies,Paper,"Ampad Phone Message Book, Recycled, 400 Message Capacity, 5 ¾” x 11”"
TEC-PH-10001819,Technology,Phones,Innergie mMini Combo Duo USB Travel Charging Kit
OFF-PA-10002787,Office Supplies,Paper,Xerox 227
TEC-PH-10001619,Technology,Phones,LG G3
FUR-FU-10004164,Furniture,Furnishings,"Eldon 300 Class Desk Accessories, Black"
OFF-ST-10002957,Office Supplies,Storage,Sterilite Show Offs Storage Containers
FUR-BO-10004834,Furniture,Bookcases,"Riverside Palais Royal Lawyers Bookcase, Royale Cherry Finish"
OFF-AP-10002203,Office Supplies,Appliances,Eureka Disposable Bags for Sanitaire Vibra Groomer I Upright Vac
OFF-BI-10000309,Office Supplies,Binders,"GBC Twin Loop Wire Binding Elements, 9/16"" Spine, Black"
OFF-BI-10000778,Office Supplies,Binders,GBC VeloBinder Electric Binding Machine
OFF-BI-10004040,Office Supplies,Binders,Wilson Jones Impact Binders
OFF-PA-10000474,Office Supplies,Paper,Easy-staple paper
OFF-ST-10002485,Office Supplies,Storage,Rogers Deluxe File Chest
OFF-SU-10004231,Office Supplies,Supplies,Acme Tagit Stainless Steel Antibacterial Scissors
TEC-AC-10002006,Technology,Accessories,Memorex Micro Travel Drive 16 GB
TEC-PH-10000307,Technology,Phones,Shocksock Galaxy S4 Armband
TEC-PH-10004042,Technology,Phones,ClearOne Communications CHAT 70 OC Speaker Phone
FUR-FU-10002759,Furniture,Furnishings,12-1/2 Diameter Round Wall Clock
FUR-TA-10000688,Furniture,Tables,"Chromcraft Bull-Nose Wood Round Conference Table Top, Wood Base"
OFF-PA-10000249,Office Supplies,Paper,Easy-staple paper
OFF-PA-10002377,Office Supplies,Paper,"Adams Telephone Message Book W/Dividers/Space For Phone Numbers, 5 1/4""X8 1/2"", 200/Messages"
OFF-ST-10001496,Office Supplies,Storage,Standard Rollaway File with Lock
FUR-BO-10001337,Furniture,Bookcases,O'Sullivan Living Dimensions 2-Shelf Bookcases
OFF-AR-10001231,Office Supplies,Art,"Sanford EarthWrite Recycled Pencils, Medium Soft, #2"
OFF-AR-10001868,Office Supplies,Art,Prang Dustless Chalk Sticks
OFF-AR-10002375,Office Supplies,Art,Newell 351
OFF-FA-10004395,Office Supplies,Fasteners,Plymouth Boxed Rubber Bands by Plymouth
OFF-LA-10003923,Office Supplies,Labels,Alphabetical Labels for Top Tab Filing
OFF-LA-10004689,Office Supplies,Labels,Avery 512
OFF-PA-10000380,Office Supplies,Paper,"REDIFORM Incoming/Outgoing Call Register, 11"" X 8 1/2"", 100 Messages"
OFF-ST-10001228,Office Supplies,Storage,Personal File Boxes with Fold-Down Carry Handle
OFF-ST-10003805,Office Supplies,Storage,"24 Capacity Maxi Data Binder Racks, Pearl"
TEC-AC-10003832,Technology,Accessories,Imation 16GB Mini TravelDrive USB 2.0 Flash Drive
TEC-PH-10001924,Technology,Phones,iHome FM Clock Radio with Lightning Dock
TEC-PH-10002923,Technology,Phones,"Logitech B530 USB Headset - headset - Full size, Binaural"
FUR-BO-10001519,Furniture,Bookcases,O'Sullivan 3-Shelf Heavy-Duty Bookcases
FUR-CH-10001394,Furniture,Chairs,Global Leather Executive Chair
OFF-AP-10004532,Office Supplies,Appliances,Kensington 6 Outlet Guardian Standard Surge Protector
OFF-AR-10001919,Office Supplies,Art,"OIC #2 Pencils, Medium Soft"
OFF-AR-10001955,Office Supplies,Art,Newell 319
OFF-AR-10002956,Office Supplies,Art,Boston 16801 Nautilus Battery Pencil Sharpener
OFF-BI-10001525,Office Supplies,Binders,"Acco Pressboard Covers with Storage Hooks, 14 7/8"" x 11"", Executive Red"
OFF-BI-10001759,Office Supplies,Binders,"Acco Pressboard Covers with Storage Hooks, 14 7/8"" x 11"", Dark Blue"
OFF-PA-10000357,Office Supplies,Paper,"White Dual Perf Computer Printout Paper, 2700 Sheets, 1 Part, Heavyweight, 20 lbs., 14 7/8 x 11"
OFF-PA-10004243,Office Supplies,Paper,Xerox 1939
OFF-ST-10001809,Office Supplies,Storage,Fellowes Officeware Wire Shelving
OFF-ST-10002370,Office Supplies,Storage,"Sortfiler Multipurpose Personal File Organizer, Black"
OFF-ST-10004804,Office Supplies,Storage,"Belkin 19"" Vented Equipment Shelf, Black"
TEC-MA-10001570,Technology,Machines,Cisco Desktop Collaboration Experience DX650 IP Video Phone
FUR-CH-10000595,Furniture,Chairs,Safco Contoured Stacking Chairs
FUR-FU-10001546,Furniture,Furnishings,Dana Swing-Arm Lamps
FUR-FU-10002364,Furniture,Furnishings,"Eldon Expressions Wood Desk Accessories, Oak"
FUR-TA-10002530,Furniture,Tables,"Iceberg OfficeWorks 42"" Round Tables"
OFF-AR-10004691,Office Supplies,Art,Boston 1730 StandUp Electric Pencil Sharpener
OFF-BI-10000848,Office Supplies,Binders,Angle-D Ring Binders
OFF-BI-10000977,Office Supplies,Binders,Ibico Plastic Spiral Binding Combs
OFF-PA-10000697,Office Supplies,Paper,"TOPS Voice Message Log Book, Flash Format"
OFF-PA-10001639,Office Supplies,Paper,Xerox 203
TEC-AC-10004469,Technology,Accessories,Microsoft Sculpt Comfort Mouse
TEC-PH-10002564,Technology,Phones,OtterBox Defender Series Case - Samsung Galaxy S4
FUR-CH-10003774,Furniture,Chairs,"Global Wood Trimmed Manager's Task Chair, Khaki"
FUR-CH-10004289,Furniture,Chairs,Global Super Steno Chair
OFF-AR-10004260,Office Supplies,Art,Boston 1799 Powerhouse Electric Pencil Sharpener
OFF-ST-10004804,Office Supplies,Storage,"Belkin 19"" Vented Equipment Shelf, Black"
TEC-PH-10002564,Technology,Phones,OtterBox Defender Series Case - Samsung Galaxy S4
FUR-BO-10000468,Furniture,Bookcases,O'Sullivan 2-Shelf Heavy-Duty Bookcases
FUR-CH-10000847,Furniture,Chairs,Global Executive Mid-Back Manager's Chair
FUR-FU-10004351,Furniture,Furnishings,Staple-based wall hangings
FUR-TA-10004152,Furniture,Tables,"Barricks 18"" x 48"" Non-Folding Utility Table with Bottom Storage Shelf"
OFF-AP-10004249,Office Supplies,Appliances,Staple holder
OFF-AR-10001954,Office Supplies,Art,Newell 331
OFF-AR-10002399,Office Supplies,Art,"Dixon Prang Watercolor Pencils, 10-Color Set with Brush"
OFF-LA-10002312,Office Supplies,Labels,Avery 490
OFF-PA-10000312,Office Supplies,Paper,Xerox 1955
OFF-PA-10003022,Office Supplies,Paper,Xerox 1992
OFF-ST-10001291,Office Supplies,Storage,"Tenex Personal Self-Stacking Standard File Box, Black/Gray"
OFF-ST-10001490,Office Supplies,Storage,"Hot File 7-Pocket, Floor Stand"
TEC-PH-10000560,Technology,Phones,Samsung Galaxy S III - 16GB - pebble blue (T-Mobile)
TEC-PH-10001051,Technology,Phones,HTC One
TEC-PH-10001809,Technology,Phones,Panasonic KX T7736-B Digital phone
TEC-PH-10002293,Technology,Phones,Anker 36W 4-Port USB Wall Charger Travel Power Adapter for iPhone 5s 5c 5
FUR-CH-10000015,Furniture,Chairs,Hon Multipurpose Stacking Arm Chairs
FUR-CH-10000665,Furniture,Chairs,"Global Airflow Leather Mesh Back Chair, Black"
OFF-AP-10003884,Office Supplies,Appliances,"Fellowes Smart Surge Ten-Outlet Protector, Platinum"
OFF-AR-10001427,Office Supplies,Art,Newell 330
OFF-AR-10003602,Office Supplies,Art,"Quartet Omega Colored Chalk, 12/Pack"
OFF-BI-10000756,Office Supplies,Binders,Storex DuraTech Recycled Plastic Frosted Binders
OFF-PA-10001246,Office Supplies,Paper,Xerox 215
OFF-PA-10001776,Office Supplies,Paper,"Wirebound Message Books, Four 2 3/4"" x 5"" Forms per Page, 600 Sets per Book"
OFF-PA-10001815,Office Supplies,Paper,Xerox 1885
OFF-SU-10001165,Office Supplies,Supplies,Acme Elite Stainless Steel Scissors
TEC-AC-10001606,Technology,Accessories,Logitech Wireless Performance Mouse MX for PC and Mac
TEC-PH-10001557,Technology,Phones,Pyle PMP37LED
TEC-PH-10002085,Technology,Phones,Clarity 53712
FUR-FU-10004848,Furniture,Furnishings,"Howard Miller 13-3/4"" Diameter Brushed Chrome Round Wall Clock"
OFF-BI-10000546,Office Supplies,Binders,Avery Durable Binders
OFF-BI-10001294,Office Supplies,Binders,Fellowes Binding Cases
OFF-BI-10001721,Office Supplies,Binders,Trimflex Flexible Post Binders
OFF-PA-10001892,Office Supplies,Paper,"Rediform Wirebound ""Phone Memo"" Message Book, 11 x 5-3/4"
OFF-ST-10001418,Office Supplies,Storage,Carina Media Storage Towers in Natural & Black
OFF-ST-10003722,Office Supplies,Storage,Project Tote Personal File
TEC-AC-10004992,Technology,Accessories,Kingston Digital DataTraveler 64GB USB 2.0
TEC-MA-10003673,Technology,Machines,Hewlett-Packard Desktjet 6988DT Refurbished Printer
FUR-BO-10004015,Furniture,Bookcases,"Bush Andora Bookcase, Maple/Graphite Gray Finish"
OFF-PA-10000167,Office Supplies,Paper,Xerox 1925
OFF-PA-10002036,Office Supplies,Paper,Xerox 1930
OFF-PA-10000167,Office Supplies,Paper,Xerox 1925
FUR-CH-10000785,Furniture,Chairs,Global Ergonomic Managers Chair
FUR-FU-10002396,Furniture,Furnishings,"DAX Copper Panel Document Frame, 5 x 7 Size"
FUR-FU-10004909,Furniture,Furnishings,Contemporary Wood/Metal Frame
FUR-TA-10000688,Furniture,Tables,"Chromcraft Bull-Nose Wood Round Conference Table Top, Wood Base"
OFF-AP-10002906,Office Supplies,Appliances,Hoover Replacement Belt for Commercial Guardsman Heavy-Duty Upright Vacuum
OFF-AP-10004655,Office Supplies,Appliances,"Holmes Visible Mist Ultrasonic Humidifier with 2.3-Gallon Output per Day, Replacement Filter"
OFF-BI-10003166,Office Supplies,Binders,GBC Plasticlear Binding Covers
OFF-BI-10004728,Office Supplies,Binders,Wilson Jones Turn Tabs Binder Tool for Ring Binders
OFF-PA-10000740,Office Supplies,Paper,Xerox 1982
OFF-PA-10003892,Office Supplies,Paper,Xerox 1943
OFF-PA-10004438,Office Supplies,Paper,Xerox 1907
OFF-ST-10001511,Office Supplies,Storage,Space Solutions Commercial Steel Shelving
OFF-ST-10003656,Office Supplies,Storage,Safco Industrial Wire Shelving
OFF-SU-10002557,Office Supplies,Supplies,Fiskars Spring-Action Scissors
TEC-AC-10001101,Technology,Accessories,Sony 16GB Class 10 Micro SDHC R40 Memory Card
TEC-AC-10001553,Technology,Accessories,"Memorex 25GB 6X Branded Blu-Ray Recordable Disc, 15/Pack"
OFF-AR-10003829,Office Supplies,Art,Newell 35
OFF-BI-10001098,Office Supplies,Binders,Acco D-Ring Binder w/DublLock
OFF-LA-10003223,Office Supplies,Labels,Avery 508
OFF-PA-10001534,Office Supplies,Paper,Xerox 230
OFF-PA-10001639,Office Supplies,Paper,Xerox 203
OFF-ST-10004835,Office Supplies,Storage,Plastic Stacking Crates & Casters
TEC-AC-10000927,Technology,Accessories,Anker Ultrathin Bluetooth Wireless Keyboard Aluminum Cover with Stand
TEC-AC-10002402,Technology,Accessories,Razer Kraken PRO Over Ear PC and Music Headset
TEC-PH-10003691,Technology,Phones,BlackBerry Q10
FUR-FU-10004415,Furniture,Furnishings,"Stacking Tray, Side-Loading, Legal, Smoke"
OFF-BI-10000145,Office Supplies,Binders,Zipper Ring Binder Pockets
OFF-BI-10001510,Office Supplies,Binders,Deluxe Heavy-Duty Vinyl Round Ring Binder
OFF-BI-10002852,Office Supplies,Binders,Ibico Standard Transparent Covers
OFF-PA-10001970,Office Supplies,Paper,Xerox 1908
FUR-CH-10000454,Furniture,Chairs,"Hon Deluxe Fabric Upholstered Stacking Chairs, Rounded Back"
OFF-BI-10002432,Office Supplies,Binders,Wilson Jones Standard D-Ring Binders
OFF-BI-10003166,Office Supplies,Binders,GBC Plasticlear Binding Covers
OFF-BI-10003982,Office Supplies,Binders,Wilson Jones Century Plastic Molded Ring Binders
OFF-EN-10004483,Office Supplies,Envelopes,"#10 White Business Envelopes,4 1/8 x 9 1/2"
OFF-ST-10004835,Office Supplies,Storage,Plastic Stacking Crates & Casters
FUR-CH-10001891,Furniture,Chairs,Global Deluxe Office Fabric Chairs
FUR-FU-10003601,Furniture,Furnishings,"Deflect-o RollaMat Studded, Beveled Mat for Medium Pile Carpeting"
OFF-AR-10002135,Office Supplies,Art,Boston Heavy-Duty Trimline Electric Pencil Sharpeners
OFF-AR-10003514,Office Supplies,Art,4009 Highlighters by Sanford
OFF-AR-10004344,Office Supplies,Art,Bulldog Vacuum Base Pencil Sharpener
OFF-BI-10002735,Office Supplies,Binders,GBC Prestige Therm-A-Bind Covers
OFF-BI-10004632,Office Supplies,Binders,Ibico Hi-Tech Manual Binding System
OFF-FA-10001332,Office Supplies,Fasteners,"Acco Banker's Clasps, 5 3/4""-Long"
OFF-PA-10000327,Office Supplies,Paper,Xerox 1971
OFF-PA-10002666,Office Supplies,Paper,Southworth 25% Cotton Linen-Finish Paper & Envelopes
FUR-BO-10002213,Furniture,Bookcases,DMI Eclipse Executive Suite Bookcases
FUR-TA-10000688,Furniture,Tables,"Chromcraft Bull-Nose Wood Round Conference Table Top, Wood Base"
OFF-AR-10002257,Office Supplies,Art,"Eldon Spacemaker Box, Quick-Snap Lid, Clear"
OFF-FA-10004395,Office Supplies,Fasteners,Plymouth Boxed Rubber Bands by Plymouth
OFF-LA-10003923,Office Supplies,Labels,Alphabetical Labels for Top Tab Filing
TEC-PH-10003505,Technology,Phones,Geemarc AmpliPOWER60
FUR-CH-10001545,Furniture,Chairs,Hon Comfortask Task/Swivel Chairs
FUR-FU-10000293,Furniture,Furnishings,Eldon Antistatic Chair Mats for Low to Medium Pile Carpets
OFF-AR-10003158,Office Supplies,Art,Fluorescent Highlighters by Dixon
OFF-BI-10001071,Office Supplies,Binders,GBC ProClick Punch Binding System
OFF-LA-10004689,Office Supplies,Labels,Avery 512
OFF-PA-10001622,Office Supplies,Paper,"Ampad Poly Cover Wirebound Steno Book, 6"" x 9"" Assorted Colors, Gregg Ruled"
OFF-PA-10003790,Office Supplies,Paper,Xerox 1991
OFF-ST-10001490,Office Supplies,Storage,"Hot File 7-Pocket, Floor Stand"
OFF-ST-10002486,Office Supplies,Storage,Eldon Shelf Savers Cubes and Bins
OFF-ST-10004123,Office Supplies,Storage,Safco Industrial Wire Shelving System
OFF-SU-10002503,Office Supplies,Supplies,Acme Preferred Stainless Steel Scissors
TEC-AC-10001990,Technology,Accessories,Kensington Orbit Wireless Mobile Trackball for PC and Mac
TEC-PH-10000673,Technology,Phones,Plantronics Voyager Pro HD - Bluetooth Headset
TEC-PH-10001425,Technology,Phones,Mophie Juice Pack Helium for iPhone
TEC-PH-10001760,Technology,Phones,Bose SoundLink Bluetooth Speaker
TEC-PH-10002660,Technology,Phones,Nortel Networks T7316 E Nt8 B27
FUR-CH-10002647,Furniture,Chairs,"Situations Contoured Folding Chairs, 4/Set"
FUR-FU-10001290,Furniture,Furnishings,Executive Impressions Supervisor Wall Clock
OFF-PA-10000575,Office Supplies,Paper,"Wirebound Message Books, Four 2 3/4 x 5 White Forms per Page"
OFF-PA-10003848,Office Supplies,Paper,Xerox 1997
TEC-AC-10003832,Technology,Accessories,Logitech P710e Mobile Speakerphone
FUR-BO-10000780,Furniture,Bookcases,O'Sullivan Plantations 2-Door Library in Landvery Oak
FUR-BO-10002598,Furniture,Bookcases,"Hon Metal Bookcases, Putty"
FUR-FU-10003976,Furniture,Furnishings,"DAX Executive Solid Wood Document Frame, Desktop or Hang, Mahogany, 5 x 7"
FUR-TA-10002855,Furniture,Tables,Bevis Round Conference Table Top & Single Column Base
OFF-AP-10000240,Office Supplies,Appliances,Belkin F9G930V10-GRY 9 Outlet Surge
OFF-AP-10000576,Office Supplies,Appliances,"Belkin 325VA UPS Surge Protector, 6'"
OFF-AR-10000255,Office Supplies,Art,Newell 328
OFF-BI-10000632,Office Supplies,Binders,Satellite Sectional Post Binders
OFF-BI-10003091,Office Supplies,Binders,GBC DocuBind TL200 Manual Binding Machine
OFF-BI-10004654,Office Supplies,Binders,Avery Binding System Hidden Tab Executive Style Index Sets
OFF-PA-10003953,Office Supplies,Paper,Xerox 218
OFF-ST-10001780,Office Supplies,Storage,Tennsco 16-Compartment Lockers with Coat Rack
OFF-ST-10002974,Office Supplies,Storage,"Trav-L-File Heavy-Duty Shuttle II, Black"
OFF-SU-10002537,Office Supplies,Supplies,Acme Box Cutter Scissors
TEC-AC-10001284,Technology,Accessories,Enermax Briskie RF Wireless Keyboard and Mouse Combo
FUR-BO-10003966,Furniture,Bookcases,"Sauder Facets Collection Library, Sky Alder Finish"
FUR-CH-10000229,Furniture,Chairs,Global Enterprise Series Seating High-Back Swivel/Tilt Chairs
FUR-FU-10001591,Furniture,Furnishings,Advantus Panel Wall Certificate Holder - 8.5x11
FUR-FU-10002045,Furniture,Furnishings,"Executive Impressions 14"""
FUR-FU-10003799,Furniture,Furnishings,"Seth Thomas 13 1/2"" Wall Clock"
FUR-TA-10000577,Furniture,Tables,Bretford CR4500 Series Slim Rectangular Table
OFF-BI-10004492,Office Supplies,Binders,Tuf-Vin Binders
OFF-PA-10000675,Office Supplies,Paper,Xerox 1919
OFF-ST-10001476,Office Supplies,Storage,Steel Personal Filing/Posting Tote
OFF-ST-10002615,Office Supplies,Storage,"Dual Level, Single-Width Filing Carts"
TEC-PH-10002584,Technology,Phones,Samsung Galaxy S4
OFF-BI-10003656,Office Supplies,Binders,Fellowes PB200 Plastic Comb Binding Machine
OFF-PA-10003441,Office Supplies,Paper,Xerox 226
OFF-ST-10001128,Office Supplies,Storage,"Carina Mini System Audio Rack, Model AR050B"
OFF-BI-10001787,Office Supplies,Binders,Wilson Jones Four-Pocket Poly Binders
OFF-PA-10000357,Office Supplies,Paper,"White Dual Perf Computer Printout Paper, 2700 Sheets, 1 Part, Heavyweight, 20 lbs., 14 7/8 x 11"
FUR-FU-10001215,Furniture,Furnishings,"Howard Miller 11-1/2"" Diameter Brentwood Wall Clock"
FUR-FU-10002554,Furniture,Furnishings,"Westinghouse Floor Lamp with Metal Mesh Shade, Black"
FUR-FU-10003708,Furniture,Furnishings,"Tenex Traditional Chairmats for Medium Pile Carpet, Standard Lip, 36"" x 48"""
FUR-FU-10004188,Furniture,Furnishings,Luxo Professional Combination Clamp-On Lamps
FUR-TA-10002041,Furniture,Tables,"Bevis Round Conference Table Top, X-Base"
OFF-AR-10003514,Office Supplies,Art,4009 Highlighters by Sanford
OFF-PA-10000174,Office Supplies,Paper,"Message Book, Wirebound, Four 5 1/2"" X 4"" Forms/Pg., 200 Dupl. Sets/Book"
OFF-PA-10001878,Office Supplies,Paper,Xerox 1891
OFF-PA-10001970,Office Supplies,Paper,Xerox 1881
OFF-PA-10002246,Office Supplies,Paper,"Wirebound Four 2-3/4 x 5 Forms per Page, 400 Sets per Book"
OFF-ST-10002485,Office Supplies,Storage,Rogers Deluxe File Chest
TEC-AC-10002049,Technology,Accessories,Plantronics Savi W720 Multi-Device Wireless Headset System
TEC-AC-10002167,Technology,Accessories,Imation 8gb Micro Traveldrive Usb 2.0 Flash Drive
TEC-AC-10003590,Technology,Accessories,"TRENDnet 56K USB 2.0 Phone, Internet and Fax Modem"
TEC-AC-10003628,Technology,Accessories,Logitech 910-002974 M325 Wireless Mouse for Web Scrolling
TEC-MA-10001148,Technology,Machines,Okidata MB491 Multifunction Printer
TEC-MA-10003674,Technology,Machines,Hewlett-Packard Deskjet 5550 Printer
TEC-PH-10000702,Technology,Phones,"Square Credit Card Reader, 4 1/2"" x 4 1/2"" x 1"", White"
TEC-PH-10001557,Technology,Phones,Pyle PMP37LED
TEC-PH-10002726,Technology,Phones,netTALK DUO VoIP Telephone Service
FUR-FU-10003601,Furniture,Furnishings,"Deflect-o RollaMat Studded, Beveled Mat for Medium Pile Carpeting"
OFF-BI-10003429,Office Supplies,Binders,"Cardinal HOLDit! Binder Insert Strips,Extra Strips"
OFF-BI-10004492,Office Supplies,Binders,Tuf-Vin Binders
OFF-PA-10000232,Office Supplies,Paper,Xerox 1975
OFF-PA-10002195,Office Supplies,Paper,Xerox 1966
TEC-PH-10002293,Technology,Phones,Anker 36W 4-Port USB Wall Charger Travel Power Adapter for iPhone 5s 5c 5
FUR-CH-10000155,Furniture,Chairs,Global Comet Stacking Armless Chair
FUR-CH-10001146,Furniture,Chairs,"Global Task Chair, Black"
OFF-BI-10000343,Office Supplies,Binders,"Pressboard Covers with Storage Hooks, 9 1/2"" x 11"", Light Blue"
OFF-PA-10002749,Office Supplies,Paper,"Wirebound Message Books, 5-1/2 x 4 Forms, 2 or 4 Forms per Page"
FUR-BO-10001519,Furniture,Bookcases,O'Sullivan 3-Shelf Heavy-Duty Bookcases
OFF-BI-10001634,Office Supplies,Binders,Wilson Jones Active Use Binders
OFF-FA-10001135,Office Supplies,Fasteners,"Brites Rubber Bands, 1 1/2 oz. Box"
OFF-PA-10004100,Office Supplies,Paper,Xerox 216
OFF-ST-10004835,Office Supplies,Storage,Plastic Stacking Crates & Casters
TEC-AC-10002018,Technology,Accessories,AmazonBasics 3-Button USB Wired Mouse
TEC-AC-10003033,Technology,Accessories,Plantronics CS510 - Over-the-Head monaural Wireless Headset System
TEC-AC-10004353,Technology,Accessories,Hypercom P1300 Pinpad
TEC-PH-10001363,Technology,Phones,Apple iPhone 5S
FUR-FU-10001057,Furniture,Furnishings,Tensor Track Tree Floor Lamp
FUR-FU-10001588,Furniture,Furnishings,"Deflect-o SuperTray Unbreakable Stackable Tray, Letter, Black"
FUR-FU-10002937,Furniture,Furnishings,"GE 48"" Fluorescent Tube, Cool White Energy Saver, 34 Watts, 30/Box"
FUR-FU-10003142,Furniture,Furnishings,"Master Big Foot Doorstop, Beige"
FUR-FU-10003247,Furniture,Furnishings,36X48 HARDFLOOR CHAIRMAT
OFF-AR-10001374,Office Supplies,Art,"BIC Brite Liner Highlighters, Chisel Tip"
OFF-AR-10001419,Office Supplies,Art,Newell 325
OFF-AR-10003560,Office Supplies,Art,Zebra Zazzle Fluorescent Highlighters
OFF-AR-10004010,Office Supplies,Art,Hunt Boston Vacuum Mount KS Pencil Sharpener
OFF-AR-10004027,Office Supplies,Art,"Binney & Smith inkTank Erasable Desk Highlighter, Chisel Tip, Yellow, 12/Box"
OFF-AR-10004757,Office Supplies,Art,Crayola Colored Pencils
OFF-BI-10001107,Office Supplies,Binders,"GBC White Gloss Covers, Plain Front"
OFF-BI-10001543,Office Supplies,Binders,GBC VeloBinder Manual Binding System
OFF-LA-10002762,Office Supplies,Labels,Avery 485
OFF-LA-10003930,Office Supplies,Labels,"Dot Matrix Printer Tape Reel Labels, White, 5000/Box"
OFF-PA-10000249,Office Supplies,Paper,Easy-staple paper
OFF-PA-10003127,Office Supplies,Paper,Easy-staple paper
TEC-AC-10002473,Technology,Accessories,Maxell 4.7GB DVD-R
TEC-AC-10003063,Technology,Accessories,Micro Innovations USB RF Wireless Keyboard with Mouse
FUR-CH-10004287,Furniture,Chairs,SAFCO Arco Folding Chair
OFF-BI-10001634,Office Supplies,Binders,Wilson Jones Active Use Binders
OFF-BI-10002082,Office Supplies,Binders,GBC Twin Loop Wire Binding Elements
OFF-ST-10001505,Office Supplies,Storage,"Perma STOR-ALL Hanging File Box, 13 1/8""W x 12 1/4""D x 10 1/2""H"
FUR-FU-10000293,Furniture,Furnishings,Eldon Antistatic Chair Mats for Low to Medium Pile Carpets
OFF-AP-10000055,Office Supplies,Appliances,Belkin F9S820V06 8 Outlet Surge
OFF-AR-10001130,Office Supplies,Art,"Quartet Alpha White Chalk, 12/Pack"
OFF-AR-10002987,Office Supplies,Art,Prismacolor Color Pencil Set
OFF-BI-10002012,Office Supplies,Binders,Wilson Jones Easy Flow II Sheet Lifters
OFF-PA-10001497,Office Supplies,Paper,Xerox 1914
OFF-ST-10002554,Office Supplies,Storage,Tennsco Industrial Shelving
OFF-ST-10003692,Office Supplies,Storage,Recycled Steel Personal File for Hanging File Folders
TEC-PH-10001336,Technology,Phones,Digium D40 VoIP phone
FUR-FU-10000771,Furniture,Furnishings,"Eldon 200 Class Desk Accessories, Smoke"
OFF-AP-10003278,Office Supplies,Appliances,Belkin 7-Outlet SurgeMaster Home Series
OFF-ST-10004340,Office Supplies,Storage,"Fellowes Mobile File Cart, Black"
OFF-AP-10003040,Office Supplies,Appliances,Fellowes 8 Outlet Superior Workstation Surge Protector w/o Phone/Fax/Modem Protection
OFF-AR-10001166,Office Supplies,Art,Staples in misc. colors
OFF-BI-10003708,Office Supplies,Binders,"Acco Four Pocket Poly Ring Binder with Label Holder, Smoke, 1"""
OFF-LA-10004272,Office Supplies,Labels,Avery 482
TEC-AC-10002323,Technology,Accessories,SanDisk Ultra 32 GB MicroSDHC Class 10 Memory Card
TEC-AC-10003832,Technology,Accessories,Logitech P710e Mobile Speakerphone
TEC-PH-10000004,Technology,Phones,Belkin iPhone and iPad Lightning Cable
OFF-PA-10000791,Office Supplies,Paper,"Wirebound Message Books, Four 2 3/4 x 5 Forms per Page, 200 Sets per Book"
FUR-FU-10002501,Furniture,Furnishings,Nu-Dell Executive Frame
OFF-PA-10003673,Office Supplies,Paper,Strathmore Photo Mount Cards
OFF-ST-10001496,Office Supplies,Storage,Standard Rollaway File with Lock
TEC-PH-10003885,Technology,Phones,Cisco SPA508G
FUR-FU-10002937,Furniture,Furnishings,"GE 48"" Fluorescent Tube, Cool White Energy Saver, 34 Watts, 30/Box"
FUR-FU-10002960,Furniture,Furnishings,"Eldon 200 Class Desk Accessories, Burgundy"
FUR-FU-10003601,Furniture,Furnishings,"Deflect-o RollaMat Studded, Beveled Mat for Medium Pile Carpeting"
OFF-AR-10004042,Office Supplies,Art,"BOSTON Model 1800 Electric Pencil Sharpeners, Putty/Woodgrain"
OFF-AR-10004757,Office Supplies,Art,Crayola Colored Pencils
OFF-BI-10004022,Office Supplies,Binders,Acco Suede Grain Vinyl Round Ring Binder
OFF-FA-10000490,Office Supplies,Fasteners,"OIC Binder Clips, Mini, 1/4"" Capacity, Black"
OFF-PA-10000605,Office Supplies,Paper,Xerox 1950
OFF-ST-10001837,Office Supplies,Storage,"SAFCO Mobile Desk Side File, Wire Frame"
OFF-ST-10003455,Office Supplies,Storage,"Tenex File Box, Personal Filing Tote with Lid, Black"
TEC-AC-10000991,Technology,Accessories,Sony Micro Vault Click 8 GB USB 2.0 Flash Drive
TEC-PH-10000560,Technology,Phones,Samsung Galaxy S III - 16GB - pebble blue (T-Mobile)
TEC-PH-10004977,Technology,Phones,GE 30524EE4
FUR-CH-10002084,Furniture,Chairs,Hon Mobius Operator's Chair
FUR-TA-10004575,Furniture,Tables,Hon 5100 Series Wood Tables
FUR-TA-10004607,Furniture,Tables,Hon 2111 Invitation Series Straight Table
OFF-AP-10002191,Office Supplies,Appliances,Belkin 8 Outlet SurgeMaster II Gold Surge Protector
OFF-AR-10001177,Office Supplies,Art,Newell 349
OFF-BI-10004094,Office Supplies,Binders,GBC Standard Plastic Binding Systems Combs
OFF-LA-10000634,Office Supplies,Labels,Avery 509
OFF-PA-10003177,Office Supplies,Paper,Xerox 1999
OFF-PA-10004519,Office Supplies,Paper,Spiral Phone Message Books with Labels by Adams
TEC-AC-10004708,Technology,Accessories,Sony 32GB Class 10 Micro SDHC R40 Memory Card
FUR-CH-10002774,Furniture,Chairs,"Global Deluxe Stacking Chair, Gray"
FUR-CH-10004218,Furniture,Chairs,"Global Fabric Manager's Chair, Dark Gray"
OFF-AR-10003759,Office Supplies,Art,"Crayola Anti Dust Chalk, 12/Pack"
FUR-BO-10002613,Furniture,Bookcases,"Atlantic Metals Mobile 4-Shelf Bookcases, Custom Colors"
FUR-FU-10002597,Furniture,Furnishings,"C-Line Magnetic Cubicle Keepers, Clear Polypropylene"
FUR-FU-10004848,Furniture,Furnishings,DAX Solid Wood Frames
OFF-EN-10002592,Office Supplies,Envelopes,"Peel & Seel Recycled Catalog Envelopes, Brown"
OFF-PA-10004353,Office Supplies,Paper,Southworth 25% Cotton Premium Laser Paper and Envelopes
OFF-PA-10004609,Office Supplies,Paper,Xerox 221
OFF-ST-10002957,Office Supplies,Storage,Sterilite Show Offs Storage Containers
TEC-CO-10004202,Technology,Copiers,Brother DCP1000 Digital 3 in 1 Multifunction Machine
TEC-PH-10004536,Technology,Phones,Avaya 5420 Digital phone
FUR-CH-10000513,Furniture,Chairs,High-Back Leather Manager's Chair
FUR-CH-10002647,Furniture,Chairs,"Situations Contoured Folding Chairs, 4/Set"
FUR-CH-10004218,Furniture,Chairs,"Global Fabric Manager's Chair, Dark Gray"
FUR-TA-10001932,Furniture,Tables,"Chromcraft 48"" x 96"" Racetrack Double Pedestal Table"
OFF-BI-10003350,Office Supplies,Binders,Acco Expandable Hanging Binders
OFF-PA-10000246,Office Supplies,Paper,Riverleaf Stik-Withit Designer Note Cubes
OFF-SU-10004768,Office Supplies,Supplies,Acme Kleencut Forged Steel Scissors
TEC-CO-10001943,Technology,Copiers,Canon PC-428 Personal Copier
FUR-CH-10002780,Furniture,Chairs,Office Star - Task Chair with Contemporary Loop Arms
FUR-CH-10003833,Furniture,Chairs,Novimex Fabric Task Chair
FUR-FU-10000747,Furniture,Furnishings,Tenex B1-RE Series Chair Mats for Low Pile Carpets
FUR-FU-10001475,Furniture,Furnishings,"Contract Clock, 14"", Brown"
OFF-AP-10002118,Office Supplies,Appliances,"1.7 Cubic Foot Compact ""Cube"" Office Refrigerators"
OFF-BI-10000404,Office Supplies,Binders,Avery Printable Repositionable Plastic Tabs
OFF-BI-10002072,Office Supplies,Binders,Cardinal Slant-D Ring Binders
OFF-BI-10004600,Office Supplies,Binders,Ibico Ibimaster 300 Manual Binding System
OFF-LA-10004093,Office Supplies,Labels,Avery 486
OFF-PA-10000743,Office Supplies,Paper,Xerox 1977
OFF-ST-10002974,Office Supplies,Storage,"Trav-L-File Heavy-Duty Shuttle II, Black"
TEC-AC-10003095,Technology,Accessories,Logitech G35 7.1-Channel Surround Sound Headset
FUR-BO-10003441,Furniture,Bookcases,"Bush Westfield Collection Bookcases, Fully Assembled"
FUR-CH-10000988,Furniture,Chairs,Hon Olson Stacker Stools
FUR-FU-10003274,Furniture,Furnishings,Regeneration Desk Collection
FUR-TA-10001676,Furniture,Tables,Hon 61000 Series Interactive Training Tables
OFF-AP-10002287,Office Supplies,Appliances,"Eureka Sanitaire  Multi-Pro Heavy-Duty Upright, Disposable Bags"
OFF-AR-10001044,Office Supplies,Art,"BOSTON Ranger #55 Pencil Sharpener, Black"
OFF-AR-10003469,Office Supplies,Art,Nontoxic Chalk
OFF-AR-10003727,Office Supplies,Art,Berol Giant Pencil Sharpener
OFF-AR-10003829,Office Supplies,Art,Newell 35
OFF-BI-10001116,Office Supplies,Binders,"Wilson Jones 1"" Hanging DublLock Ring Binders"
OFF-BI-10001524,Office Supplies,Binders,GBC Premium Transparent Covers with Diagonal Lined Pattern
OFF-BI-10001670,Office Supplies,Binders,Vinyl Sectional Post Binders
OFF-BI-10001890,Office Supplies,Binders,Avery Poly Binder Pockets
OFF-BI-10003355,Office Supplies,Binders,Cardinal Holdit Business Card Pockets
OFF-BI-10004224,Office Supplies,Binders,Catalog Binders with Expanding Posts
OFF-PA-10001934,Office Supplies,Paper,Xerox 1993
OFF-PA-10003205,Office Supplies,Paper,"Wirebound Message Forms, Four 2 3/4 x 5 Forms per Page, Pink Paper"
OFF-ST-10000136,Office Supplies,Storage,Letter Size File
OFF-SU-10003505,Office Supplies,Supplies,Premier Electric Letter Opener
TEC-PH-10002549,Technology,Phones,Polycom SoundPoint IP 450 VoIP phone
TEC-PH-10002660,Technology,Phones,Nortel Networks T7316 E Nt8 B27
TEC-PH-10004071,Technology,Phones,PayAnywhere Card Reader
TEC-PH-10004522,Technology,Phones,Dexim XPower Skin Super-Thin Power Case for iPhone 5 - Black
FUR-CH-10004997,Furniture,Chairs,Hon Every-Day Series Multi-Task Chairs
TEC-PH-10000702,Technology,Phones,"Square Credit Card Reader, 4 1/2"" x 4 1/2"" x 1"", White"
OFF-AR-10000380,Office Supplies,Art,"Hunt PowerHouse Electric Pencil Sharpener, Blue"
OFF-AR-10003602,Office Supplies,Art,"Quartet Omega Colored Chalk, 12/Pack"
OFF-BI-10000848,Office Supplies,Binders,Angle-D Ring Binders
OFF-BI-10002412,Office Supplies,Binders,Wilson Jones “Snap” Scratch Pad Binder Tool for Ring Binders
OFF-BI-10003429,Office Supplies,Binders,"Cardinal HOLDit! Binder Insert Strips,Extra Strips"
OFF-LA-10001158,Office Supplies,Labels,"Avery Address/Shipping Labels for Typewriters, 4"" x 2"""
OFF-PA-10002689,Office Supplies,Paper,Weyerhaeuser First Choice Laser/Copy Paper (20Lb. and 88 Bright)
OFF-PA-10003641,Office Supplies,Paper,Xerox 1909
TEC-AC-10000736,Technology,Accessories,Logitech G600 MMO Gaming Mouse
TEC-AC-10002550,Technology,Accessories,"Memorex 25GB 6X Branded Blu-Ray Recordable Disc, 30/Pack"
TEC-CO-10001449,Technology,Copiers,Hewlett Packard LaserJet 3310 Copier
FUR-FU-10000732,Furniture,Furnishings,Eldon 200 Class Desk Accessories
FUR-TA-10001771,Furniture,Tables,"Bush Cubix Conference Tables, Fully Assembled"
FUR-TA-10004767,Furniture,Tables,Safco Drafting Table
OFF-LA-10003663,Office Supplies,Labels,Avery 498
OFF-LA-10004178,Office Supplies,Labels,Avery 491
OFF-PA-10004100,Office Supplies,Paper,Xerox 216
OFF-ST-10000060,Office Supplies,Storage,Fellowes Bankers Box Staxonsteel Drawer File/Stacking System
OFF-SU-10004884,Office Supplies,Supplies,Acme Galleria Hot Forged Steel Scissors with Colored Handles
FUR-CH-10000665,Furniture,Chairs,"Global Airflow Leather Mesh Back Chair, Black"
TEC-AC-10003870,Technology,Accessories,Logitech Z-906 Speaker sys - home theater - 5.1-CH
FUR-CH-10001146,Furniture,Chairs,"Global Value Mid-Back Manager's Chair, Gray"
FUR-FU-10001602,Furniture,Furnishings,"Eldon Delta Triangular Chair Mat, 52"" x 58"", Clear"
FUR-FU-10001940,Furniture,Furnishings,Staple-based wall hangings
FUR-FU-10004018,Furniture,Furnishings,Tensor Computer Mounted Lamp
OFF-PA-10002787,Office Supplies,Paper,Xerox 227
OFF-PA-10003883,Office Supplies,Paper,"Message Book, Phone, Wirebound Standard Line Memo, 2 3/4"" X 5"""
TEC-AC-10000991,Technology,Accessories,Sony Micro Vault Click 8 GB USB 2.0 Flash Drive
TEC-PH-10002660,Technology,Phones,Nortel Networks T7316 E Nt8 B27
OFF-BI-10000145,Office Supplies,Binders,Zipper Ring Binder Pockets
OFF-ST-10001580,Office Supplies,Storage,Super Decoflex Portable Personal File
TEC-PH-10001817,Technology,Phones,Wilson Electronics DB Pro Signal Booster
FUR-BO-10004709,Furniture,Bookcases,"Bush Westfield Collection Bookcases, Medium Cherry Finish"
FUR-CH-10004626,Furniture,Chairs,Office Star Flex Back Scooter Chair with Aluminum Finish Frame
OFF-AP-10002082,Office Supplies,Appliances,Holmes HEPA Air Purifier
OFF-AP-10002311,Office Supplies,Appliances,"Holmes Replacement Filter for HEPA Air Cleaner, Very Large Room, HEPA Filter"
OFF-AR-10002656,Office Supplies,Art,Sanford Liquid Accent Highlighters
OFF-AR-10002833,Office Supplies,Art,Newell 322
OFF-BI-10004828,Office Supplies,Binders,GBC Poly Designer Binding Covers
OFF-FA-10003059,Office Supplies,Fasteners,Assorted Color Push Pins
TEC-AC-10003027,Technology,Accessories,Imation 8GB Mini TravelDrive USB 2.0 Flash Drive
TEC-PH-10002496,Technology,Phones,Cisco SPA301
TEC-PH-10003012,Technology,Phones,Nortel Meridian M3904 Professional Digital phone
TEC-PH-10003442,Technology,Phones,Samsung Replacement EH64AVFWE Premium Headset
OFF-BI-10001071,Office Supplies,Binders,GBC ProClick Punch Binding System
OFF-LA-10002787,Office Supplies,Labels,Avery 480
OFF-ST-10000585,Office Supplies,Storage,Economy Rollaway Files
TEC-PH-10003589,Technology,Phones,invisibleSHIELD by ZAGG Smudge-Free Screen Protector
FUR-FU-10003142,Furniture,Furnishings,"Master Big Foot Doorstop, Beige"
OFF-AP-10002472,Office Supplies,Appliances,3M Office Air Cleaner
OFF-BI-10002897,Office Supplies,Binders,"Black Avery Memo-Size 3-Ring Binder, 5 1/2"" x 8 1/2"""
OFF-BI-10003460,Office Supplies,Binders,Acco 3-Hole Punch
OFF-BI-10003656,Office Supplies,Binders,Fellowes PB200 Plastic Comb Binding Machine
OFF-PA-10003256,Office Supplies,Paper,Avery Personal Creations Heavyweight Cards
OFF-PA-10003790,Office Supplies,Paper,Xerox 1991
OFF-ST-10003442,Office Supplies,Storage,Eldon Portable Mobile Manager
TEC-AC-10003590,Technology,Accessories,"TRENDnet 56K USB 2.0 Phone, Internet and Fax Modem"
TEC-PH-10001079,Technology,Phones,Polycom SoundPoint Pro SE-225 Corded phone
TEC-PH-10003092,Technology,Phones,Motorola L804
OFF-BI-10002735,Office Supplies,Binders,GBC Prestige Therm-A-Bind Covers
OFF-PA-10003729,Office Supplies,Paper,Xerox 1998
OFF-ST-10004340,Office Supplies,Storage,"Fellowes Mobile File Cart, Black"
TEC-MA-10000488,Technology,Machines,Bady BDG101FRU Card Printer
TEC-PH-10002660,Technology,Phones,Nortel Networks T7316 E Nt8 B27
TEC-PH-10003931,Technology,Phones,JBL Micro Wireless Portable Bluetooth Speaker
FUR-BO-10003034,Furniture,Bookcases,"O'Sullivan Elevations Bookcase, Cherry Finish"
FUR-FU-10000723,Furniture,Furnishings,"Deflect-o EconoMat Studded, No Bevel Mat for Low Pile Carpeting"
OFF-LA-10001297,Office Supplies,Labels,Avery 473
OFF-LA-10004484,Office Supplies,Labels,Avery 476
OFF-ST-10003123,Office Supplies,Storage,Fellowes Bases and Tops For Staxonsteel/High-Stak Systems
OFF-ST-10003996,Office Supplies,Storage,"Letter/Legal File Tote with Clear Snap-On Lid, Black Granite"
TEC-AC-10000682,Technology,Accessories,Kensington K72356US Mouse-in-a-Box USB Desktop Mouse
OFF-BI-10002827,Office Supplies,Binders,Avery Durable Poly Binders
OFF-EN-10001141,Office Supplies,Envelopes,"Manila Recycled Extra-Heavyweight Clasp Envelopes, 6"" x 9"""
OFF-PA-10001752,Office Supplies,Paper,Hammermill CopyPlus Copy Paper (20Lb. and 84 Bright)
OFF-BI-10001989,Office Supplies,Binders,Premium Transparent Presentation Covers by GBC
OFF-LA-10003498,Office Supplies,Labels,Avery 475
OFF-PA-10002713,Office Supplies,Paper,"Adams Phone Message Book, 200 Message Capacity, 8 1/16” x 11”"
OFF-ST-10001172,Office Supplies,Storage,"Tennsco Lockers, Sand"
TEC-AC-10001714,Technology,Accessories,Logitech MX Performance Wireless Mouse
FUR-BO-10000468,Furniture,Bookcases,O'Sullivan 2-Shelf Heavy-Duty Bookcases
FUR-FU-10001706,Furniture,Furnishings,Longer-Life Soft White Bulbs
OFF-AR-10000380,Office Supplies,Art,"Hunt PowerHouse Electric Pencil Sharpener, Blue"
OFF-LA-10002195,Office Supplies,Labels,Avery 481
OFF-PA-10004381,Office Supplies,Paper,14-7/8 x 11 Blue Bar Computer Printout Paper
OFF-SU-10002573,Office Supplies,Supplies,"Acme 10"" Easy Grip Assistive Scissors"
TEC-PH-10003601,Technology,Phones,"Ativa D5772 2-Line 5.8GHz Digital Expandable Corded/Cordless Phone System with Answering & Caller ID/Call Waiting, Black/Silver"
FUR-CH-10002317,Furniture,Chairs,Global Enterprise Series Seating Low-Back Swivel/Tilt Chairs
FUR-FU-10004848,Furniture,Furnishings,"Howard Miller 13-3/4"" Diameter Brushed Chrome Round Wall Clock"
OFF-AP-10002534,Office Supplies,Appliances,3.6 Cubic Foot Counter Height Office Refrigerator
OFF-AR-10003602,Office Supplies,Art,"Quartet Omega Colored Chalk, 12/Pack"
OFF-AR-10004062,Office Supplies,Art,Staples in misc. colors
OFF-BI-10000216,Office Supplies,Binders,"Mead 1st Gear 2"" Zipper Binder, Asst. Colors"
OFF-BI-10000404,Office Supplies,Binders,Avery Printable Repositionable Plastic Tabs
OFF-BI-10003355,Office Supplies,Binders,Cardinal Holdit Business Card Pockets
OFF-PA-10001878,Office Supplies,Paper,Xerox 1891
OFF-PA-10001970,Office Supplies,Paper,Xerox 1881
OFF-ST-10002790,Office Supplies,Storage,Safco Industrial Shelving
TEC-AC-10001552,Technology,Accessories,Logitech K350 2.4Ghz Wireless Keyboard
TEC-AC-10002006,Technology,Accessories,Memorex Micro Travel Drive 16 GB
TEC-AC-10004571,Technology,Accessories,Logitech G700s Rechargeable Gaming Mouse
TEC-AC-10004803,Technology,Accessories,Sony Micro Vault Click 4 GB USB 2.0 Flash Drive
TEC-PH-10000439,Technology,Phones,GE DSL Phone Line Filter
TEC-PH-10002415,Technology,Phones,Polycom VoiceStation 500 Conference phone
OFF-AP-10004336,Office Supplies,Appliances,"Conquest 14 Commercial Heavy-Duty Upright Vacuum, Collection System, Accessory Kit"
OFF-AR-10004587,Office Supplies,Art,"Boston 1827 Commercial Additional Cutter, Drive Gear & Gear Rack for 1606"
OFF-BI-10001718,Office Supplies,Binders,GBC DocuBind P50 Personal Binding Machine
FUR-FU-10003708,Furniture,Furnishings,"Tenex Traditional Chairmats for Medium Pile Carpet, Standard Lip, 36"" x 48"""
OFF-EN-10003134,Office Supplies,Envelopes,Staple envelope
OFF-PA-10003302,Office Supplies,Paper,Xerox 1906
TEC-PH-10003645,Technology,Phones,Aastra 57i VoIP phone
OFF-AR-10004582,Office Supplies,Art,BIC Brite Liner Grip Highlighters
OFF-BI-10000632,Office Supplies,Binders,Satellite Sectional Post Binders
OFF-BI-10004209,Office Supplies,Binders,"Fellowes Twister Kit, Gray/Clear, 3/pkg"
OFF-PA-10001776,Office Supplies,Paper,"Wirebound Message Books, Four 2 3/4"" x 5"" Forms per Page, 600 Sets per Book"
OFF-PA-10003441,Office Supplies,Paper,Xerox 226
TEC-PH-10001557,Technology,Phones,Pyle PMP37LED
FUR-CH-10002331,Furniture,Chairs,Hon 4700 Series Mobuis Mid-Back Task Chairs with Adjustable Arms
FUR-FU-10001473,Furniture,Furnishings,DAX Wood Document Frame
OFF-AP-10000828,Office Supplies,Appliances,Avanti 4.4 Cu. Ft. Refrigerator
OFF-AR-10001953,Office Supplies,Art,Boston 1645 Deluxe Heavier-Duty Electric Pencil Sharpener
OFF-AR-10004078,Office Supplies,Art,Newell 312
OFF-BI-10004308,Office Supplies,Binders,Avery Legal 4-Ring Binder
OFF-PA-10000223,Office Supplies,Paper,Xerox 2000
OFF-PA-10003134,Office Supplies,Paper,Xerox 1937
OFF-ST-10001228,Office Supplies,Storage,Personal File Boxes with Fold-Down Carry Handle
TEC-AC-10000397,Technology,Accessories,"Perixx PERIBOARD-512B, Ergonomic Split Keyboard"
TEC-CO-10000971,Technology,Copiers,Hewlett Packard 310 Color Digital Copier
TEC-PH-10002538,Technology,Phones,Grandstream GXP1160 VoIP phone
FUR-CH-10002073,Furniture,Chairs,Hon Olson Stacker Chairs
FUR-FU-10003268,Furniture,Furnishings,Eldon Radial Chair Mat for Low to Medium Pile Carpets
OFF-AP-10001563,Office Supplies,Appliances,Belkin Premiere Surge Master II 8-outlet surge protector
OFF-AP-10004249,Office Supplies,Appliances,Staple holder
OFF-AR-10000588,Office Supplies,Art,Newell 345
OFF-BI-10000069,Office Supplies,Binders,"GBC Prepunched Paper, 19-Hole, for Binding Systems, 24-lb"
OFF-BI-10001359,Office Supplies,Binders,GBC DocuBind TL300 Electric Binding System
OFF-EN-10003845,Office Supplies,Envelopes,Colored Envelopes
OFF-FA-10003495,Office Supplies,Fasteners,Staples
OFF-LA-10004093,Office Supplies,Labels,Avery 486
OFF-ST-10001325,Office Supplies,Storage,Sterilite Officeware Hinged File Box
OFF-SU-10000946,Office Supplies,Supplies,Staple remover
TEC-AC-10003709,Technology,Accessories,Maxell 4.7GB DVD-R 5/Pack
FUR-TA-10001095,Furniture,Tables,Chromcraft Round Conference Tables
OFF-AR-10000246,Office Supplies,Art,Newell 318
OFF-LA-10001613,Office Supplies,Labels,Avery File Folder Labels
OFF-AP-10002578,Office Supplies,Appliances,"Fellowes Premier Superior Surge Suppressor, 10-Outlet, With Phone and Remote"
OFF-LA-10000305,Office Supplies,Labels,Avery 495
OFF-ST-10004459,Office Supplies,Storage,Tennsco Single-Tier Lockers
OFF-BI-10002824,Office Supplies,Binders,Recycled Easel Ring Binders
OFF-ST-10004950,Office Supplies,Storage,Acco Perma 3000 Stacking Storage Drawers
FUR-CH-10002017,Furniture,Chairs,SAFCO Optional Arm Kit for Workspace Cribbage Stacking Chair
FUR-CH-10002024,Furniture,Chairs,HON 5400 Series Task Chairs for Big and Tall
FUR-CH-10003981,Furniture,Chairs,Global Commerce Series Low-Back Swivel/Tilt Chairs
FUR-FU-10003247,Furniture,Furnishings,36X48 HARDFLOOR CHAIRMAT
OFF-AP-10001058,Office Supplies,Appliances,Sanyo 2.5 Cubic Foot Mid-Size Office Refrigerators
OFF-AP-10001563,Office Supplies,Appliances,Belkin Premiere Surge Master II 8-outlet surge protector
OFF-AR-10003183,Office Supplies,Art,Avery Fluorescent Highlighter Four-Color Set
OFF-BI-10000174,Office Supplies,Binders,"Wilson Jones Clip & Carry Folder Binder Tool for Ring Binders, Clear"
OFF-BI-10002735,Office Supplies,Binders,GBC Prestige Therm-A-Bind Covers
OFF-BI-10003091,Office Supplies,Binders,GBC DocuBind TL200 Manual Binding Machine
OFF-BI-10004230,Office Supplies,Binders,GBC Recycled Grain Textured Covers
OFF-EN-10003134,Office Supplies,Envelopes,Staple envelope
OFF-PA-10003893,Office Supplies,Paper,Xerox 1962
OFF-ST-10001496,Office Supplies,Storage,Standard Rollaway File with Lock
OFF-SU-10000432,Office Supplies,Supplies,Acco Side-Punched Conventional Columnar Pads
TEC-AC-10004510,Technology,Accessories,Logitech Desktop MK120 Mouse and keyboard Combo
TEC-PH-10002564,Technology,Phones,OtterBox Defender Series Case - Samsung Galaxy S4
FUR-FU-10000010,Furniture,Furnishings,"DAX Value U-Channel Document Frames, Easel Back"
FUR-FU-10000521,Furniture,Furnishings,"Seth Thomas 14"" Putty-Colored Wall Clock"
FUR-FU-10001475,Furniture,Furnishings,"Contract Clock, 14"", Brown"
FUR-FU-10003849,Furniture,Furnishings,"DAX Metal Frame, Desktop, Stepped-Edge"
OFF-AR-10001419,Office Supplies,Art,Newell 325
OFF-BI-10001098,Office Supplies,Binders,Acco D-Ring Binder w/DublLock
OFF-BI-10001636,Office Supplies,Binders,Ibico Plastic and Wire Spiral Binding Combs
OFF-BI-10002824,Office Supplies,Binders,Recycled Easel Ring Binders
OFF-BI-10003925,Office Supplies,Binders,Fellowes PB300 Plastic Comb Binding Machine
OFF-BI-10004817,Office Supplies,Binders,GBC Personal VeloBind Strips
OFF-ST-10000046,Office Supplies,Storage,Fellowes Super Stor/Drawer Files
OFF-ST-10002276,Office Supplies,Storage,Safco Steel Mobile File Cart
OFF-ST-10003306,Office Supplies,Storage,Letter Size Cart
TEC-AC-10002049,Technology,Accessories,Plantronics Savi W720 Multi-Device Wireless Headset System
TEC-AC-10002253,Technology,Accessories,Imation Bio 8GB USB Flash Drive Imation Corp
TEC-AC-10003614,Technology,Accessories,"Verbatim 25 GB 6x Blu-ray Single Layer Recordable Disc, 10/Pack"
TEC-PH-10002538,Technology,Phones,Grandstream GXP1160 VoIP phone
OFF-BI-10002133,Office Supplies,Binders,"Wilson Jones Elliptical Ring 3 1/2"" Capacity Binders, 800 sheets"
OFF-BI-10002393,Office Supplies,Binders,Binder Posts
OFF-BI-10003925,Office Supplies,Binders,Fellowes PB300 Plastic Comb Binding Machine
OFF-PA-10000552,Office Supplies,Paper,Xerox 200
OFF-BI-10003925,Office Supplies,Binders,Fellowes PB300 Plastic Comb Binding Machine
OFF-PA-10000552,Office Supplies,Paper,Xerox 200
OFF-BI-10002867,Office Supplies,Binders,GBC Recycled Regency Composition Covers
OFF-PA-10001639,Office Supplies,Paper,Xerox 203
OFF-ST-10000344,Office Supplies,Storage,"Neat Ideas Personal Hanging Folder Files, Black"
OFF-ST-10000777,Office Supplies,Storage,"Companion Letter/Legal File, Black"
OFF-SU-10004768,Office Supplies,Supplies,Acme Kleencut Forged Steel Scissors
TEC-PH-10003171,Technology,Phones,Plantronics Encore H101 Dual Earpieces Headset
TEC-PH-10003171,Technology,Phones,Plantronics Encore H101 Dual Earpieces Headset
FUR-CH-10000015,Furniture,Chairs,Hon Multipurpose Stacking Arm Chairs
FUR-CH-10004698,Furniture,Chairs,"Padded Folding Chairs, Black, 4/Carton"
FUR-FU-10000193,Furniture,Furnishings,Tenex Chairmats For Use with Hard Floors
FUR-FU-10001037,Furniture,Furnishings,"DAX Charcoal/Nickel-Tone Document Frame, 5 x 7"
FUR-FU-10003976,Furniture,Furnishings,"DAX Executive Solid Wood Document Frame, Desktop or Hang, Mahogany, 5 x 7"
FUR-FU-10004960,Furniture,Furnishings,"Seth Thomas 12"" Clock w/ Goldtone Case"
FUR-TA-10001539,Furniture,Tables,Chromcraft Rectangular Conference Tables
OFF-AP-10002867,Office Supplies,Appliances,Fellowes Command Center 5-outlet power strip
OFF-AR-10000203,Office Supplies,Art,Newell 336
OFF-BI-10000962,Office Supplies,Binders,"Acco Flexible ACCOHIDE Square Ring Data Binder, Dark Blue, 11 1/2"" X 14"" 7/8"""
OFF-BI-10001359,Office Supplies,Binders,GBC DocuBind TL300 Electric Binding System
OFF-BI-10003476,Office Supplies,Binders,Avery Metallic Poly Binders
OFF-EN-10004459,Office Supplies,Envelopes,Security-Tint Envelopes
OFF-FA-10002280,Office Supplies,Fasteners,Advantus Plastic Paper Clips
OFF-LA-10001158,Office Supplies,Labels,"Avery Address/Shipping Labels for Typewriters, 4"" x 2"""
OFF-PA-10000357,Office Supplies,Paper,Xerox 1888
OFF-PA-10001950,Office Supplies,Paper,Southworth 25% Cotton Antique Laid Paper & Envelopes
OFF-PA-10003395,Office Supplies,Paper,Xerox 1941
OFF-ST-10000025,Office Supplies,Storage,Fellowes Stor/Drawer Steel Plus Storage Drawers
OFF-ST-10000036,Office Supplies,Storage,"Recycled Data-Pak for Archival Bound Computer Printouts, 12-1/2 x 12-1/2 x 16"
OFF-SU-10000381,Office Supplies,Supplies,Acme Forged Steel Scissors with Black Enamel Handles
TEC-AC-10000682,Technology,Accessories,Kensington K72356US Mouse-in-a-Box USB Desktop Mouse
TEC-PH-10004667,Technology,Phones,Cisco 8x8 Inc. 6753i IP Business Phone System
FUR-TA-10001768,Furniture,Tables,Hon Racetrack Conference Tables
FUR-TA-10002356,Furniture,Tables,Bevis Boat-Shaped Conference Table
FUR-FU-10001852,Furniture,Furnishings,"Eldon Regeneration Recycled Desk Accessories, Smoke"
OFF-AP-10003040,Office Supplies,Appliances,Fellowes 8 Outlet Superior Workstation Surge Protector w/o Phone/Fax/Modem Protection
OFF-PA-10000141,Office Supplies,Paper,"Ampad Evidence Wirebond Steno Books, 6"" x 9"""
OFF-PA-10000241,Office Supplies,Paper,"IBM Multi-Purpose Copy Paper, 8 1/2 x 11"", Case"
TEC-PH-10001459,Technology,Phones,Samsung Galaxy Mega 6.3
OFF-AP-10000938,Office Supplies,Appliances,Avanti 1.7 Cu. Ft. Refrigerator
OFF-BI-10000138,Office Supplies,Binders,Acco Translucent Poly Ring Binders
OFF-BI-10003910,Office Supplies,Binders,DXL Angle-View Binders with Locking Rings by Samsill
OFF-PA-10002195,Office Supplies,Paper,Xerox 1966
FUR-BO-10001798,Furniture,Bookcases,Bush Somerset Collection Bookcase
OFF-AR-10003560,Office Supplies,Art,Zebra Zazzle Fluorescent Highlighters
OFF-PA-10000130,Office Supplies,Paper,Xerox 199
OFF-PA-10001790,Office Supplies,Paper,Xerox 1910
OFF-ST-10003996,Office Supplies,Storage,"Letter/Legal File Tote with Clear Snap-On Lid, Black Granite"
FUR-FU-10000222,Furniture,Furnishings,"Seth Thomas 16"" Steel Case Clock"
OFF-ST-10000344,Office Supplies,Storage,"Neat Ideas Personal Hanging Folder Files, Black"
TEC-AC-10000158,Technology,Accessories,Sony 64GB Class 10 Micro SDHC R40 Memory Card
FUR-CH-10004886,Furniture,Chairs,Bevis Steel Folding Chairs
FUR-FU-10002937,Furniture,Furnishings,"GE 48"" Fluorescent Tube, Cool White Energy Saver, 34 Watts, 30/Box"
FUR-FU-10004973,Furniture,Furnishings,Flat Face Poster Frame
FUR-TA-10004915,Furniture,Tables,"Office Impressions End Table, 20-1/2""H x 24""W x 20""D"
OFF-AP-10000804,Office Supplies,Appliances,Hoover Portapower Portable Vacuum
OFF-AP-10001242,Office Supplies,Appliances,APC 7 Outlet Network SurgeArrest Surge Protector
OFF-AR-10003338,Office Supplies,Art,"Eberhard Faber 3 1/2"" Golf Pencils"
OFF-BI-10003650,Office Supplies,Binders,GBC DocuBind 300 Electric Binding Machine
OFF-BI-10003910,Office Supplies,Binders,DXL Angle-View Binders with Locking Rings by Samsill
OFF-EN-10004030,Office Supplies,Envelopes,Convenience Packs of Business Envelopes
OFF-PA-10000528,Office Supplies,Paper,Xerox 1981
OFF-PA-10001289,Office Supplies,Paper,White Computer Printout Paper by Universal
OFF-PA-10004888,Office Supplies,Paper,Xerox 217
OFF-ST-10001370,Office Supplies,Storage,Sensible Storage WireTech Storage Systems
OFF-ST-10002352,Office Supplies,Storage,Iris Project Case
OFF-SU-10002503,Office Supplies,Supplies,Acme Preferred Stainless Steel Scissors
TEC-AC-10001908,Technology,Accessories,Logitech Wireless Headset h800
TEC-CO-10001571,Technology,Copiers,Sharp 1540cs Digital Laser Copier
TEC-PH-10000455,Technology,Phones,GE 30522EE2
FUR-TA-10000617,Furniture,Tables,"Hon Practical Foundations 30 x 60 Training Table, Light Gray/Charcoal"
OFF-AP-10001947,Office Supplies,Appliances,Acco 6 Outlet Guardian Premium Plus Surge Suppressor
OFF-AR-10003856,Office Supplies,Art,Newell 344
OFF-BI-10001658,Office Supplies,Binders,GBC Standard Therm-A-Bind Covers
OFF-PA-10001461,Office Supplies,Paper,HP Office Paper (20Lb. and 87 Bright)
OFF-PA-10002479,Office Supplies,Paper,Xerox 4200 Series MultiUse Premium Copy Paper (20Lb. and 84 Bright)
OFF-SU-10004115,Office Supplies,Supplies,Acme Stainless Steel Office Snips
TEC-PH-10000912,Technology,Phones,Anker 24W Portable Micro USB Car Charger
FUR-FU-10003374,Furniture,Furnishings,Electrix Fluorescent Magnifier Lamps & Weighted Base
OFF-AR-10001972,Office Supplies,Art,Newell 323
OFF-BI-10002012,Office Supplies,Binders,Wilson Jones Easy Flow II Sheet Lifters
OFF-LA-10004544,Office Supplies,Labels,Avery 505
OFF-ST-10004507,Office Supplies,Storage,Advantus Rolling Storage Box
FUR-CH-10002331,Furniture,Chairs,Hon 4700 Series Mobuis Mid-Back Task Chairs with Adjustable Arms
OFF-AP-10002439,Office Supplies,Appliances,Tripp Lite Isotel 8 Ultra 8 Outlet Metal Surge
OFF-BI-10004022,Office Supplies,Binders,Acco Suede Grain Vinyl Round Ring Binder
OFF-FA-10000585,Office Supplies,Fasteners,OIC Bulk Pack Metal Binder Clips
OFF-PA-10000100,Office Supplies,Paper,Xerox 1945
OFF-ST-10000344,Office Supplies,Storage,"Neat Ideas Personal Hanging Folder Files, Black"
OFF-ST-10001511,Office Supplies,Storage,Space Solutions Commercial Steel Shelving
OFF-ST-10002370,Office Supplies,Storage,"Sortfiler Multipurpose Personal File Organizer, Black"
OFF-SU-10002522,Office Supplies,Supplies,Acme Kleen Earth Office Shears
TEC-AC-10003033,Technology,Accessories,Plantronics CS510 - Over-the-Head monaural Wireless Headset System
TEC-PH-10002200,Technology,Phones,Aastra 6757i CT Wireless VoIP phone
FUR-CH-10004875,Furniture,Chairs,Harbour Creations 67200 Series Stacking Chairs
FUR-FU-10004960,Furniture,Furnishings,"Seth Thomas 12"" Clock w/ Goldtone Case"
FUR-TA-10002607,Furniture,Tables,KI Conference Tables
OFF-AP-10001005,Office Supplies,Appliances,Honeywell Quietcare HEPA Air Cleaner
OFF-AR-10001166,Office Supplies,Art,Staples in misc. colors
OFF-BI-10003476,Office Supplies,Binders,Avery Metallic Poly Binders
TEC-AC-10001998,Technology,Accessories,Logitech LS21 Speaker System - PC Multimedia - 2.1-CH - Wired
FUR-CH-10003061,Furniture,Chairs,"Global Leather Task Chair, Black"
FUR-CH-10003379,Furniture,Chairs,Global Commerce Series High-Back Swivel/Tilt Chairs
FUR-FU-10001196,Furniture,Furnishings,DAX Cubicle Frames - 8x10
FUR-FU-10002960,Furniture,Furnishings,"Eldon 200 Class Desk Accessories, Burgundy"
FUR-FU-10004188,Furniture,Furnishings,Luxo Professional Combination Clamp-On Lamps
FUR-TA-10001889,Furniture,Tables,Bush Advantage Collection Racetrack Conference Table
FUR-TA-10004607,Furniture,Tables,Hon 2111 Invitation Series Straight Table
OFF-AP-10000358,Office Supplies,Appliances,Fellowes Basic Home/Office Series Surge Protectors
OFF-AP-10001492,Office Supplies,Appliances,"Acco Six-Outlet Power Strip, 4' Cord Length"
OFF-AP-10003278,Office Supplies,Appliances,Belkin 7-Outlet SurgeMaster Home Series
OFF-AR-10000422,Office Supplies,Art,Pencil and Crayon Sharpener
OFF-AR-10000658,Office Supplies,Art,Newell 324
OFF-AR-10001919,Office Supplies,Art,"OIC #2 Pencils, Medium Soft"
OFF-AR-10004582,Office Supplies,Art,BIC Brite Liner Grip Highlighters
OFF-BI-10000138,Office Supplies,Binders,Acco Translucent Poly Ring Binders
OFF-BI-10003650,Office Supplies,Binders,GBC DocuBind 300 Electric Binding Machine
OFF-BI-10004330,Office Supplies,Binders,"GBC Velobind Prepunched Cover Sets, Regency Series"
OFF-BI-10004970,Office Supplies,Binders,"ACCOHIDE 3-Ring Binder, Blue, 1"""
OFF-FA-10002280,Office Supplies,Fasteners,Advantus Plastic Paper Clips
OFF-LA-10001641,Office Supplies,Labels,Avery 518
OFF-LA-10002475,Office Supplies,Labels,Avery 519
OFF-LA-10004544,Office Supplies,Labels,Avery 505
OFF-PA-10000157,Office Supplies,Paper,Xerox 191
OFF-PA-10002195,Office Supplies,Paper,"RSVP Cards & Envelopes, Blank White, 8-1/2"" X 11"", 24 Cards/25 Envelopes/Set"
OFF-PA-10002499,Office Supplies,Paper,Xerox 1890
OFF-PA-10003893,Office Supplies,Paper,Xerox 1962
OFF-ST-10000918,Office Supplies,Storage,Crate-A-Files
OFF-ST-10003816,Office Supplies,Storage,Fellowes High-Stak Drawer Files
OFF-ST-10003994,Office Supplies,Storage,"Belkin 19"" Center-Weighted Shelf, Gray"
TEC-AC-10000109,Technology,Accessories,Sony Micro Vault Click 16 GB USB 2.0 Flash Drive
TEC-AC-10002842,Technology,Accessories,WD My Passport Ultra 2TB Portable External Hard Drive
TEC-AC-10003441,Technology,Accessories,Kingston Digital DataTraveler 32GB USB 2.0
TEC-AC-10004666,Technology,Accessories,Maxell iVDR EX 500GB Cartridge
TEC-PH-10001494,Technology,Phones,Polycom CX600 IP Phone VoIP phone
TEC-PH-10003484,Technology,Phones,Ooma Telo VoIP Home Phone System
TEC-PH-10003885,Technology,Phones,Cisco SPA508G
FUR-BO-10004218,Furniture,Bookcases,"Bush Heritage Pine Collection 5-Shelf Bookcase, Albany Pine Finish, *Special Order"
FUR-CH-10004626,Furniture,Chairs,Office Star Flex Back Scooter Chair with Aluminum Finish Frame
FUR-CH-10004860,Furniture,Chairs,Global Low Back Tilter Chair
FUR-FU-10004622,Furniture,Furnishings,Eldon Advantage Foldable Chair Mats for Low Pile Carpets
OFF-AR-10002053,Office Supplies,Art,"Premium Writing Pencils, Soft, #2 by Central Association for the Blind"
OFF-AR-10003251,Office Supplies,Art,Prang Drawing Pencil Set
OFF-BI-10002225,Office Supplies,Binders,"Square Ring Data Binders, Rigid 75 Pt. Covers, 11"" x 14-7/8"""
OFF-BI-10002429,Office Supplies,Binders,"Premier Elliptical Ring Binder, Black"
OFF-EN-10001219,Office Supplies,Envelopes,"#10- 4 1/8"" x 9 1/2"" Security-Tint Envelopes"
OFF-PA-10000418,Office Supplies,Paper,Xerox 189
OFF-PA-10003424,Office Supplies,Paper,"""While you Were Out"" Message Book, One Form per Page"
TEC-AC-10000474,Technology,Accessories,Kensington Expert Mouse Optical USB Trackball for PC or Mac
TEC-AC-10004353,Technology,Accessories,Hypercom P1300 Pinpad
FUR-BO-10000112,Furniture,Bookcases,"Bush Birmingham Collection Bookcase, Dark Cherry"
FUR-CH-10003817,Furniture,Chairs,"Global Value Steno Chair, Gray"
FUR-TA-10000198,Furniture,Tables,Chromcraft Bull-Nose Wood Oval Conference Tables & Bases
FUR-TA-10001771,Furniture,Tables,"Bush Cubix Conference Tables, Fully Assembled"
OFF-AR-10000380,Office Supplies,Art,"Hunt PowerHouse Electric Pencil Sharpener, Blue"
OFF-AR-10001149,Office Supplies,Art,"Sanford Colorific Colored Pencils, 12/Box"
OFF-AR-10001940,Office Supplies,Art,"Sanford Colorific Eraseable Coloring Pencils, 12 Count"
OFF-AR-10002335,Office Supplies,Art,DIXON Oriole Pencils
OFF-AR-10003759,Office Supplies,Art,"Crayola Anti Dust Chalk, 12/Pack"
OFF-BI-10001634,Office Supplies,Binders,Wilson Jones Active Use Binders
OFF-BI-10001757,Office Supplies,Binders,Pressboard Hanging Data Binders for Unburst Sheets
OFF-BI-10002931,Office Supplies,Binders,"Avery Trapezoid Extra Heavy Duty 4"" Binders"
OFF-BI-10004001,Office Supplies,Binders,GBC Recycled VeloBinder Covers
OFF-BI-10004022,Office Supplies,Binders,Acco Suede Grain Vinyl Round Ring Binder
OFF-BI-10004632,Office Supplies,Binders,Ibico Hi-Tech Manual Binding System
OFF-FA-10001843,Office Supplies,Fasteners,Staples
OFF-PA-10000007,Office Supplies,Paper,"Telephone Message Books with Fax/Mobile Section, 4 1/4"" x 6"""
OFF-PA-10000289,Office Supplies,Paper,Xerox 213
OFF-PA-10001800,Office Supplies,Paper,Xerox 220
OFF-PA-10004041,Office Supplies,Paper,"It's Hot Message Books with Stickers, 2 3/4"" x 5"""
OFF-ST-10000419,Office Supplies,Storage,"Rogers Jumbo File, Granite"
OFF-ST-10002974,Office Supplies,Storage,"Trav-L-File Heavy-Duty Shuttle II, Black"
OFF-ST-10003805,Office Supplies,Storage,"24 Capacity Maxi Data Binder Racks, Pearl"
OFF-ST-10004950,Office Supplies,Storage,Acco Perma 3000 Stacking Storage Drawers
TEC-AC-10000171,Technology,Accessories,"Verbatim 25 GB 6x Blu-ray Single Layer Recordable Disc, 25/Pack"
TEC-AC-10000199,Technology,Accessories,Kingston Digital DataTraveler 8GB USB 2.0
TEC-PH-10002185,Technology,Phones,QVS USB Car Charger 2-Port 2.1Amp for iPod/iPhone/iPad/iPad 2/iPad 3
TEC-PH-10003589,Technology,Phones,invisibleSHIELD by ZAGG Smudge-Free Screen Protector
OFF-AR-10001897,Office Supplies,Art,Model L Table or Wall-Mount Pencil Sharpener
OFF-AR-10003732,Office Supplies,Art,Newell 333
OFF-PA-10001800,Office Supplies,Paper,Xerox 220
OFF-ST-10001522,Office Supplies,Storage,"Gould Plastics 18-Pocket Panel Bin, 34w x 5-1/4d x 20-1/2h"
TEC-AC-10004568,Technology,Accessories,Maxell LTO Ultrium - 800 GB
FUR-CH-10004860,Furniture,Chairs,Global Low Back Tilter Chair
FUR-FU-10000448,Furniture,Furnishings,Tenex Chairmats For Use With Carpeted Floors
FUR-FU-10002396,Furniture,Furnishings,"DAX Copper Panel Document Frame, 5 x 7 Size"
FUR-FU-10002597,Furniture,Furnishings,"C-Line Magnetic Cubicle Keepers, Clear Polypropylene"
FUR-FU-10003623,Furniture,Furnishings,"DataProducts Ampli Magnifier Task Lamp, Black,"
FUR-FU-10004053,Furniture,Furnishings,DAX Two-Tone Silver Metal Document Frame
OFF-AP-10001271,Office Supplies,Appliances,Eureka The Boss Cordless Rechargeable Stick Vac
OFF-AR-10004260,Office Supplies,Art,Boston 1799 Powerhouse Electric Pencil Sharpener
OFF-BI-10003291,Office Supplies,Binders,Wilson Jones Leather-Like Binders with DublLock Round Rings
OFF-BI-10003650,Office Supplies,Binders,GBC DocuBind 300 Electric Binding Machine
OFF-EN-10001509,Office Supplies,Envelopes,Poly String Tie Envelopes
OFF-LA-10002475,Office Supplies,Labels,Avery 519
OFF-PA-10000157,Office Supplies,Paper,Xerox 191
OFF-PA-10001685,Office Supplies,Paper,Easy-staple paper
OFF-PA-10002659,Office Supplies,Paper,Avoid Verbal Orders Carbonless Minifold Book
OFF-PA-10003072,Office Supplies,Paper,"Eureka Recycled Copy Paper 8 1/2"" x 11"", Ream"
OFF-ST-10000649,Office Supplies,Storage,Hanging Personal Folder File
OFF-ST-10003282,Office Supplies,Storage,"Advantus 10-Drawer Portable Organizer, Chrome Metal Frame, Smoke Drawers"
TEC-AC-10002134,Technology,Accessories,Rosewill 107 Normal Keys USB Wired Standard Keyboard
TEC-AC-10002473,Technology,Accessories,Maxell 4.7GB DVD-R
TEC-AC-10002926,Technology,Accessories,Logitech Wireless Marathon Mouse M705
TEC-PH-10002033,Technology,Phones,Konftel 250 Conference phone - Charcoal black
TEC-PH-10002807,Technology,Phones,Motorla HX550 Universal Bluetooth Headset
FUR-CH-10003535,Furniture,Chairs,"Global Armless Task Chair, Royal Blue"
FUR-FU-10001095,Furniture,Furnishings,DAX Black Cherry Wood-Tone Poster Frame
FUR-TA-10004289,Furniture,Tables,BoxOffice By Design Rectangular and Half-Moon Meeting Room Tables
OFF-BI-10002429,Office Supplies,Binders,"Premier Elliptical Ring Binder, Black"
OFF-FA-10004854,Office Supplies,Fasteners,"Vinyl Coated Wire Paper Clips in Organizer Box, 800/Box"
OFF-PA-10000061,Office Supplies,Paper,Xerox 205
OFF-ST-10001031,Office Supplies,Storage,Adjustable Personal File Tote
OFF-ST-10001321,Office Supplies,Storage,"Decoflex Hanging Personal Folder File, Blue"
TEC-AC-10002558,Technology,Accessories,Imation Swivel Flash Drive USB flash drive - 8 GB
TEC-AC-10003116,Technology,Accessories,Memorex Froggy Flash Drive 8 GB
TEC-AC-10004864,Technology,Accessories,Memorex Micro Travel Drive 32 GB
TEC-CO-10001943,Technology,Copiers,Canon PC-428 Personal Copier
TEC-PH-10001750,Technology,Phones,Samsung Rugby III
TEC-PH-10002200,Technology,Phones,Aastra 6757i CT Wireless VoIP phone
FUR-CH-10003833,Furniture,Chairs,Novimex Fabric Task Chair
FUR-CH-10004860,Furniture,Chairs,Global Low Back Tilter Chair
FUR-FU-10000023,Furniture,Furnishings,Eldon Wave Desk Accessories
FUR-FU-10000723,Furniture,Furnishings,"Deflect-o EconoMat Studded, No Bevel Mat for Low Pile Carpeting"
FUR-FU-10001867,Furniture,Furnishings,"Eldon Expressions Punched Metal & Wood Desk Accessories, Pewter & Cherry"
OFF-AP-10003278,Office Supplies,Appliances,Belkin 7-Outlet SurgeMaster Home Series
OFF-AR-10001374,Office Supplies,Art,"BIC Brite Liner Highlighters, Chisel Tip"
OFF-AR-10003602,Office Supplies,Art,"Quartet Omega Colored Chalk, 12/Pack"
OFF-AR-10003829,Office Supplies,Art,Newell 35
OFF-BI-10000069,Office Supplies,Binders,"GBC Prepunched Paper, 19-Hole, for Binding Systems, 24-lb"
OFF-BI-10001628,Office Supplies,Binders,"Acco Data Flex Cable Posts For Top & Bottom Load Binders, 6"" Capacity"
OFF-BI-10002432,Office Supplies,Binders,Wilson Jones Standard D-Ring Binders
OFF-BI-10003669,Office Supplies,Binders,3M Organizer Strips
OFF-EN-10000461,Office Supplies,Envelopes,"#10- 4 1/8"" x 9 1/2"" Recycled Envelopes"
OFF-LA-10000134,Office Supplies,Labels,Avery 511
OFF-LA-10000443,Office Supplies,Labels,Avery 501
OFF-PA-10000143,Office Supplies,Paper,Astroparche Fine Business Paper
OFF-PA-10000357,Office Supplies,Paper,Xerox 1888
OFF-PA-10000859,Office Supplies,Paper,Unpadded Memo Slips
OFF-PA-10002036,Office Supplies,Paper,Xerox 1930
OFF-ST-10000046,Office Supplies,Storage,Fellowes Super Stor/Drawer Files
OFF-ST-10001809,Office Supplies,Storage,Fellowes Officeware Wire Shelving
OFF-ST-10002214,Office Supplies,Storage,X-Rack File for Hanging Folders
OFF-ST-10003123,Office Supplies,Storage,Fellowes Bases and Tops For Staxonsteel/High-Stak Systems
OFF-SU-10001225,Office Supplies,Supplies,Staple remover
TEC-AC-10001114,Technology,Accessories,Microsoft Wireless Mobile Mouse 4000
TEC-AC-10003174,Technology,Accessories,Plantronics S12 Corded Telephone Headset System
TEC-AC-10004469,Technology,Accessories,Microsoft Sculpt Comfort Mouse
TEC-PH-10002200,Technology,Phones,Samsung Galaxy Note 2
FUR-CH-10002602,Furniture,Chairs,DMI Arturo Collection Mission-style Design Wood Chair
OFF-AP-10003281,Office Supplies,Appliances,Acco 6 Outlet Guardian Standard Surge Suppressor
OFF-AP-10004785,Office Supplies,Appliances,"Holmes Replacement Filter for HEPA Air Cleaner, Medium Room"
OFF-AR-10003338,Office Supplies,Art,"Eberhard Faber 3 1/2"" Golf Pencils"
OFF-BI-10002954,Office Supplies,Binders,Newell 3-Hole Punched Plastic Slotted Magazine Holders for Binders
OFF-BI-10003527,Office Supplies,Binders,Fellowes PB500 Electric Punch Plastic Comb Binding Machine with Manual Bind
OFF-BI-10003669,Office Supplies,Binders,3M Organizer Strips
OFF-BI-10004140,Office Supplies,Binders,Avery Non-Stick Binders
OFF-BI-10004876,Office Supplies,Binders,Wilson Jones Suede Grain Vinyl Binders
OFF-PA-10002586,Office Supplies,Paper,Xerox 1970
OFF-PA-10003302,Office Supplies,Paper,Xerox 1906
OFF-PA-10004911,Office Supplies,Paper,"Rediform S.O.S. 1-Up Phone Message Bk, 4-1/4x3-1/16 Bk, 1 Form/Pg, 40 Messages/Bk, 3/Pk"
OFF-ST-10000025,Office Supplies,Storage,Fellowes Stor/Drawer Steel Plus Storage Drawers
TEC-AC-10002217,Technology,Accessories,Imation Clip USB flash drive - 8 GB
TEC-AC-10003023,Technology,Accessories,Logitech G105 Gaming Keyboard
TEC-AC-10003499,Technology,Accessories,Memorex Mini Travel Drive 8 GB USB 2.0 Flash Drive
TEC-PH-10003580,Technology,Phones,Cisco IP Phone 7961G-GE VoIP phone
TEC-PH-10004093,Technology,Phones,Panasonic Kx-TS550
OFF-AR-10003338,Office Supplies,Art,"Eberhard Faber 3 1/2"" Golf Pencils"
FUR-CH-10002320,Furniture,Chairs,Hon Pagoda Stacking Chairs
FUR-CH-10003199,Furniture,Chairs,Office Star - Contemporary Task Swivel Chair
FUR-FU-10000260,Furniture,Furnishings,"6"" Cubicle Wall Clock, Black"
FUR-FU-10003039,Furniture,Furnishings,"Howard Miller 11-1/2"" Diameter Grantwood Wall Clock"
FUR-TA-10002855,Furniture,Tables,Bevis Round Conference Table Top & Single Column Base
OFF-AP-10000027,Office Supplies,Appliances,Hoover Commercial SteamVac
OFF-AP-10001626,Office Supplies,Appliances,"Commercial WindTunnel Clean Air Upright Vacuum, Replacement Belts, Filtration Bags"
OFF-AP-10002578,Office Supplies,Appliances,"Fellowes Premier Superior Surge Suppressor, 10-Outlet, With Phone and Remote"
OFF-AP-10004487,Office Supplies,Appliances,Kensington 4 Outlet MasterPiece Compact Power Control Center
OFF-BI-10004600,Office Supplies,Binders,Ibico Ibimaster 300 Manual Binding System
OFF-EN-10002312,Office Supplies,Envelopes,#10 Self-Seal White Envelopes
OFF-FA-10000936,Office Supplies,Fasteners,Acco Hot Clips Clips to Go
OFF-FA-10000992,Office Supplies,Fasteners,"Acco Clips to Go Binder Clips, 24 Clips in Two Sizes"
OFF-PA-10002005,Office Supplies,Paper,Xerox 225
OFF-PA-10002262,Office Supplies,Paper,Xerox 192
OFF-PA-10003172,Office Supplies,Paper,Xerox 1996
OFF-PA-10003656,Office Supplies,Paper,Xerox 1935
OFF-PA-10003657,Office Supplies,Paper,Xerox 1927
OFF-PA-10004101,Office Supplies,Paper,Xerox 1894
OFF-PA-10004239,Office Supplies,Paper,Xerox 1953
TEC-PH-10000127,Technology,Phones,iOttie XL Car Mount
TEC-PH-10002564,Technology,Phones,OtterBox Defender Series Case - Samsung Galaxy S4
FUR-FU-10004270,Furniture,Furnishings,"Eldon Image Series Desk Accessories, Burgundy"
OFF-AP-10000358,Office Supplies,Appliances,Fellowes Basic Home/Office Series Surge Protectors
OFF-BI-10003707,Office Supplies,Binders,Aluminum Screw Posts
OFF-PA-10003797,Office Supplies,Paper,Xerox 209
OFF-PA-10004071,Office Supplies,Paper,"Eaton Premium Continuous-Feed Paper, 25% Cotton, Letter Size, White, 1000 Shts/Box"
OFF-PA-10004082,Office Supplies,Paper,"Adams Telephone Message Book w/Frequently-Called Numbers Space, 400 Messages per Book"
OFF-PA-10004243,Office Supplies,Paper,Xerox 1939
OFF-AR-10003158,Office Supplies,Art,Fluorescent Highlighters by Dixon
FUR-CH-10002372,Furniture,Chairs,Office Star - Ergonomically Designed Knee Chair
FUR-CH-10003298,Furniture,Chairs,"Office Star - Contemporary Task Swivel chair with Loop Arms, Charcoal"
FUR-FU-10001057,Furniture,Furnishings,Tensor Track Tree Floor Lamp
OFF-AP-10002534,Office Supplies,Appliances,3.6 Cubic Foot Counter Height Office Refrigerator
OFF-AR-10001725,Office Supplies,Art,Boston Home & Office Model 2000 Electric Pencil Sharpeners
OFF-AR-10001988,Office Supplies,Art,Bulldog Table or Wall-Mount Pencil Sharpener
OFF-BI-10000301,Office Supplies,Binders,GBC Instant Report Kit
OFF-BI-10003707,Office Supplies,Binders,Aluminum Screw Posts
OFF-LA-10000121,Office Supplies,Labels,Avery 48
OFF-PA-10001125,Office Supplies,Paper,Xerox 1988
OFF-PA-10002741,Office Supplies,Paper,Xerox 1980
OFF-PA-10003845,Office Supplies,Paper,Xerox 1987
OFF-PA-10004675,Office Supplies,Paper,"Telephone Message Books with Fax/Mobile Section, 5 1/2"" x 3 3/16"""
OFF-ST-10001370,Office Supplies,Storage,Sensible Storage WireTech Storage Systems
TEC-AC-10002001,Technology,Accessories,Logitech Wireless Gaming Headset G930
TEC-MA-10001681,Technology,Machines,Lexmark MarkNet N8150 Wireless Print Server
TEC-MA-10002930,Technology,Machines,Ricoh - Ink Collector Unit for GX3000 Series Printers
TEC-PH-10004586,Technology,Phones,Wilson SignalBoost 841262 DB PRO Amplifier Kit
FUR-BO-10002545,Furniture,Bookcases,"Atlantic Metals Mobile 3-Shelf Bookcases, Custom Colors"
FUR-CH-10002961,Furniture,Chairs,"Leather Task Chair, Black"
FUR-CH-10003396,Furniture,Chairs,Global Deluxe Steno Chair
FUR-CH-10003606,Furniture,Chairs,SAFCO Folding Chair Trolley
FUR-FU-10000221,Furniture,Furnishings,"Master Caster Door Stop, Brown"
FUR-FU-10001488,Furniture,Furnishings,"Tenex 46"" x 60"" Computer Anti-Static Chairmat, Rectangular Shaped"
FUR-FU-10002445,Furniture,Furnishings,"DAX Two-Tone Rosewood/Black Document Frame, Desktop, 5 x 7"
FUR-TA-10003473,Furniture,Tables,Bretford Rectangular Conference Table Tops
OFF-AP-10001205,Office Supplies,Appliances,Belkin 5 Outlet SurgeMaster Power Centers
OFF-AR-10001915,Office Supplies,Art,Peel-Off China Markers
OFF-AR-10002987,Office Supplies,Art,Prismacolor Color Pencil Set
OFF-AR-10003478,Office Supplies,Art,"Avery Hi-Liter EverBold Pen Style Fluorescent Highlighters, 4/Pack"
OFF-AR-10004441,Office Supplies,Art,BIC Brite Liner Highlighters
OFF-BI-10001765,Office Supplies,Binders,Wilson Jones Heavy-Duty Casebound Ring Binders with Metal Hinges
OFF-BI-10002794,Office Supplies,Binders,"Avery Trapezoid Ring Binder, 3"" Capacity, Black, 1040 sheets"
OFF-BI-10004390,Office Supplies,Binders,GBC DocuBind 200 Manual Binding Machine
OFF-BI-10004528,Office Supplies,Binders,Cardinal Poly Pocket Divider Pockets for Ring Binders
OFF-PA-10001033,Office Supplies,Paper,Xerox 1893
OFF-PA-10002230,Office Supplies,Paper,Xerox 1897
OFF-ST-10000934,Office Supplies,Storage,"Contico 72""H Heavy-Duty Storage System"
OFF-ST-10000943,Office Supplies,Storage,Eldon ProFile File 'N Store Portable File Tub Letter/Legal Size Black
TEC-AC-10001090,Technology,Accessories,Micro Innovations Wireless Classic Keyboard with Mouse
TEC-PH-10000439,Technology,Phones,GE DSL Phone Line Filter
TEC-PH-10001700,Technology,Phones,Panasonic KX-TG6844B Expandable Digital Cordless Telephone
TEC-PH-10002115,Technology,Phones,Plantronics 81402
TEC-PH-10004536,Technology,Phones,Avaya 5420 Digital phone
FUR-FU-10003832,Furniture,Furnishings,"Eldon Expressions Punched Metal & Wood Desk Accessories, Black & Cherry"
OFF-AR-10001427,Office Supplies,Art,Newell 330
OFF-BI-10001359,Office Supplies,Binders,GBC DocuBind TL300 Electric Binding System
OFF-BI-10002393,Office Supplies,Binders,Binder Posts
OFF-EN-10001141,Office Supplies,Envelopes,"Manila Recycled Extra-Heavyweight Clasp Envelopes, 6"" x 9"""
OFF-FA-10000621,Office Supplies,Fasteners,"OIC Colored Binder Clips, Assorted Sizes"
OFF-PA-10002615,Office Supplies,Paper,"Ampad Gold Fibre Wirebound Steno Books, 6"" x 9"", Gregg Ruled"
OFF-PA-10003657,Office Supplies,Paper,Xerox 1927
OFF-PA-10004355,Office Supplies,Paper,Xerox 231
TEC-AC-10001109,Technology,Accessories,Logitech Trackman Marble Mouse
TEC-AC-10002305,Technology,Accessories,KeyTronic E03601U1 - Keyboard - Beige
TEC-AC-10003628,Technology,Accessories,Logitech 910-002974 M325 Wireless Mouse for Web Scrolling
TEC-PH-10002170,Technology,Phones,ClearSounds CSC500 Amplified Spirit Phone Corded phone
FUR-BO-10003404,Furniture,Bookcases,"Global Adaptabilites Bookcase, Cherry/Storm Gray Finish"
FUR-CH-10000785,Furniture,Chairs,Global Ergonomic Managers Chair
FUR-CH-10003774,Furniture,Chairs,"Global Wood Trimmed Manager's Task Chair, Khaki"
OFF-AR-10000390,Office Supplies,Art,Newell Chalk Holder
OFF-BI-10000829,Office Supplies,Binders,Avery Non-Stick Binders
OFF-BI-10002412,Office Supplies,Binders,Wilson Jones “Snap” Scratch Pad Binder Tool for Ring Binders
OFF-BI-10003712,Office Supplies,Binders,"Acco Pressboard Covers with Storage Hooks, 14 7/8"" x 11"", Light Blue"
OFF-BI-10004233,Office Supplies,Binders,"GBC Pre-Punched Binding Paper, Plastic, White, 8-1/2"" x 11"""
OFF-LA-10001175,Office Supplies,Labels,Avery 514
OFF-PA-10000062,Office Supplies,Paper,Green Bar Computer Printout Paper
OFF-PA-10000474,Office Supplies,Paper,Easy-staple paper
OFF-PA-10002001,Office Supplies,Paper,Xerox 1984
OFF-ST-10000615,Office Supplies,Storage,"SimpliFile Personal File, Black Granite, 15w x 6-15/16d x 11-1/4h"
OFF-ST-10001272,Office Supplies,Storage,"Mini 13-1/2 Capacity Data Binder Rack, Pearl"
TEC-AC-10001109,Technology,Accessories,Logitech Trackman Marble Mouse
TEC-MA-10004626,Technology,Machines,Lexmark 20R1285 X6650 Wireless All-in-One Printer
TEC-PH-10002415,Technology,Phones,Polycom VoiceStation 500 Conference phone
FUR-FU-10002268,Furniture,Furnishings,Ultra Door Push Plate
FUR-FU-10002963,Furniture,Furnishings,"Master Caster Door Stop, Gray"
OFF-AR-10000122,Office Supplies,Art,Newell 314
OFF-AR-10000380,Office Supplies,Art,"Hunt PowerHouse Electric Pencil Sharpener, Blue"
OFF-AR-10000940,Office Supplies,Art,Newell 343
OFF-BI-10002012,Office Supplies,Binders,Wilson Jones Easy Flow II Sheet Lifters
OFF-EN-10000927,Office Supplies,Envelopes,Jet-Pak Recycled Peel 'N' Seal Padded Mailers
OFF-EN-10004030,Office Supplies,Envelopes,Convenience Packs of Business Envelopes
OFF-PA-10000673,Office Supplies,Paper,"Post-it “Important Message” Note Pad, Neon Colors, 50 Sheets/Pad"
OFF-PA-10001639,Office Supplies,Paper,Xerox 203
OFF-PA-10002377,Office Supplies,Paper,"Adams Telephone Message Book W/Dividers/Space For Phone Numbers, 5 1/4""X8 1/2"", 200/Messages"
OFF-PA-10003228,Office Supplies,Paper,Xerox 1917
OFF-PA-10003848,Office Supplies,Paper,Xerox 1997
OFF-PA-10004082,Office Supplies,Paper,"Adams Telephone Message Book w/Frequently-Called Numbers Space, 400 Messages per Book"
OFF-PA-10004327,Office Supplies,Paper,Xerox 1911
OFF-ST-10000352,Office Supplies,Storage,Acco Perma 2700 Stacking Storage Drawers
OFF-SU-10004261,Office Supplies,Supplies,"Fiskars 8"" Scissors, 2/Pack"
TEC-AC-10004992,Technology,Accessories,Kingston Digital DataTraveler 64GB USB 2.0
TEC-PH-10001552,Technology,Phones,I Need's 3d Hello Kitty Hybrid Silicone Case Cover for HTC One X 4g with 3d Hello Kitty Stylus Pen Green/pink
TEC-PH-10002447,Technology,Phones,AT&T CL83451 4-Handset Telephone
FUR-BO-10001972,Furniture,Bookcases,O'Sullivan 4-Shelf Bookcase in Odessa Pine
FUR-FU-10004864,Furniture,Furnishings,"Howard Miller 14-1/2"" Diameter Chrome Round Wall Clock"
OFF-AR-10000914,Office Supplies,Art,Boston 16765 Mini Stand Up Battery Pencil Sharpener
OFF-AR-10001915,Office Supplies,Art,Peel-Off China Markers
OFF-AR-10002445,Office Supplies,Art,SANFORD Major Accent Highlighters
OFF-AR-10004956,Office Supplies,Art,Newell 33
OFF-BI-10001132,Office Supplies,Binders,"Acco PRESSTEX Data Binder with Storage Hooks, Dark Blue, 9 1/2"" X 11"""
OFF-BI-10001460,Office Supplies,Binders,Plastic Binding Combs
OFF-PA-10004782,Office Supplies,Paper,Xerox 228
OFF-ST-10000321,Office Supplies,Storage,Akro Stacking Bins
OFF-ST-10003282,Office Supplies,Storage,"Advantus 10-Drawer Portable Organizer, Chrome Metal Frame, Smoke Drawers"
TEC-AC-10000057,Technology,Accessories,Microsoft Natural Ergonomic Keyboard 4000
TEC-AC-10000109,Technology,Accessories,Sony Micro Vault Click 16 GB USB 2.0 Flash Drive
TEC-PH-10001425,Technology,Phones,Mophie Juice Pack Helium for iPhone
TEC-PH-10002415,Technology,Phones,Polycom VoiceStation 500 Conference phone
FUR-CH-10001215,Furniture,Chairs,Global Troy Executive Leather Low-Back Tilter
FUR-CH-10003061,Furniture,Chairs,"Global Leather Task Chair, Black"
FUR-CH-10003846,Furniture,Chairs,Hon Valutask Swivel Chairs
FUR-CH-10004086,Furniture,Chairs,Hon 4070 Series Pagoda Armless Upholstered Stacking Chairs
OFF-BI-10000343,Office Supplies,Binders,"Pressboard Covers with Storage Hooks, 9 1/2"" x 11"", Light Blue"
OFF-FA-10000304,Office Supplies,Fasteners,Advantus Push Pins
OFF-PA-10000807,Office Supplies,Paper,"TOPS ""Important Message"" Pads, Canary, 4-1/4 x 5-1/2, 50 Sheets per Pad"
OFF-PA-10002713,Office Supplies,Paper,"Adams Phone Message Book, 200 Message Capacity, 8 1/16” x 11”"
OFF-ST-10000615,Office Supplies,Storage,"SimpliFile Personal File, Black Granite, 15w x 6-15/16d x 11-1/4h"
TEC-AC-10001465,Technology,Accessories,SanDisk Cruzer 64 GB USB Flash Drive
TEC-AC-10001998,Technology,Accessories,Logitech LS21 Speaker System - PC Multimedia - 2.1-CH - Wired
TEC-AC-10002647,Technology,Accessories,"Logitech Wireless Boombox Speaker - portable - wireless, wired"
TEC-PH-10000215,Technology,Phones,Plantronics Cordless Phone Headset with In-line Volume - M214C
TEC-PH-10002885,Technology,Phones,Apple iPhone 5
OFF-BI-10001308,Office Supplies,Binders,GBC Standard Plastic Binding Systems' Combs
OFF-AP-10001242,Office Supplies,Appliances,APC 7 Outlet Network SurgeArrest Surge Protector
OFF-BI-10000546,Office Supplies,Binders,Avery Durable Binders
OFF-BI-10002794,Office Supplies,Binders,"Avery Trapezoid Ring Binder, 3"" Capacity, Black, 1040 sheets"
OFF-BI-10004141,Office Supplies,Binders,Insertable Tab Indexes For Data Binders
OFF-PA-10004082,Office Supplies,Paper,"Adams Telephone Message Book w/Frequently-Called Numbers Space, 400 Messages per Book"
OFF-ST-10004950,Office Supplies,Storage,"Tenex Personal Filing Tote With Secure Closure Lid, Black/Frost"
TEC-AC-10000158,Technology,Accessories,Sony 64GB Class 10 Micro SDHC R40 Memory Card
TEC-AC-10000303,Technology,Accessories,Logitech M510 Wireless Mouse
FUR-BO-10001972,Furniture,Bookcases,O'Sullivan 4-Shelf Bookcase in Odessa Pine
FUR-FU-10004864,Furniture,Furnishings,Eldon 500 Class Desk Accessories
OFF-AR-10003896,Office Supplies,Art,"Stride Job 150 Highlighters, Chisel Tip, Assorted Colors"
OFF-BI-10000773,Office Supplies,Binders,Insertable Tab Post Binder Dividers
OFF-BI-10002498,Office Supplies,Binders,Clear Mylar Reinforcing Strips
OFF-BI-10002976,Office Supplies,Binders,ACCOHIDE Binder by Acco
OFF-BI-10004318,Office Supplies,Binders,Ibico EB-19 Dual Function Manual Binding System
OFF-BI-10004828,Office Supplies,Binders,GBC Poly Designer Binding Covers
OFF-EN-10001415,Office Supplies,Envelopes,Staple envelope
OFF-LA-10000134,Office Supplies,Labels,Avery 511
OFF-PA-10002666,Office Supplies,Paper,Southworth 25% Cotton Linen-Finish Paper & Envelopes
OFF-PA-10004255,Office Supplies,Paper,Xerox 219
OFF-PA-10004475,Office Supplies,Paper,Xerox 1940
OFF-ST-10001590,Office Supplies,Storage,"Tenex Personal Project File with Scoop Front Design, Black"
OFF-SU-10001218,Office Supplies,Supplies,Fiskars Softgrip Scissors
OFF-SU-10002881,Office Supplies,Supplies,Martin Yale Chadless Opener Electric Letter Opener
TEC-AC-10002842,Technology,Accessories,WD My Passport Ultra 2TB Portable External Hard Drive
TEC-AC-10002926,Technology,Accessories,Logitech Wireless Marathon Mouse M705
TEC-AC-10004510,Technology,Accessories,Logitech Desktop MK120 Mouse and keyboard Combo
TEC-AC-10004633,Technology,Accessories,"Verbatim 25 GB 6x Blu-ray Single Layer Recordable Disc, 3/Pack"
TEC-PH-10001615,Technology,Phones,AT&T CL82213
TEC-PH-10004977,Technology,Phones,GE 30524EE4
FUR-FU-10000246,Furniture,Furnishings,Aluminum Document Frame
FUR-BO-10001811,Furniture,Bookcases,"Atlantic Metals Mobile 5-Shelf Bookcases, Custom Colors"
FUR-CH-10003973,Furniture,Chairs,GuestStacker Chair with Chrome Finish Legs
FUR-FU-10000246,Furniture,Furnishings,Aluminum Document Frame
OFF-AP-10000390,Office Supplies,Appliances,Euro Pro Shark Stick Mini Vacuum
OFF-AP-10001242,Office Supplies,Appliances,APC 7 Outlet Network SurgeArrest Surge Protector
OFF-AP-10002191,Office Supplies,Appliances,Belkin 8 Outlet SurgeMaster II Gold Surge Protector
OFF-BI-10000404,Office Supplies,Binders,Avery Printable Repositionable Plastic Tabs
OFF-BI-10000822,Office Supplies,Binders,"Acco PRESSTEX Data Binder with Storage Hooks, Light Blue, 9 1/2"" X 11"""
OFF-BI-10000977,Office Supplies,Binders,Ibico Plastic Spiral Binding Combs
OFF-EN-10004147,Office Supplies,Envelopes,Wausau Papers Astrobrights Colored Envelopes
OFF-PA-10001846,Office Supplies,Paper,Xerox 1899
OFF-PA-10002005,Office Supplies,Paper,Xerox 225
OFF-PA-10003395,Office Supplies,Paper,Xerox 1941
OFF-PA-10003641,Office Supplies,Paper,Xerox 1909
OFF-PA-10004888,Office Supplies,Paper,Xerox 217
OFF-ST-10001325,Office Supplies,Storage,Sterilite Officeware Hinged File Box
TEC-AC-10001114,Technology,Accessories,Microsoft Wireless Mobile Mouse 4000
TEC-AC-10003280,Technology,Accessories,Belkin F8E887 USB Wired Ergonomic Keyboard
TEC-AC-10004659,Technology,Accessories,Imation Secure+ Hardware Encrypted USB 2.0 Flash Drive; 16GB
TEC-PH-10004188,Technology,Phones,OtterBox Commuter Series Case - Samsung Galaxy S4
FUR-CH-10000665,Furniture,Chairs,"Global Airflow Leather Mesh Back Chair, Black"
FUR-CH-10003973,Furniture,Chairs,GuestStacker Chair with Chrome Finish Legs
FUR-FU-10002253,Furniture,Furnishings,"Howard Miller 13"" Diameter Pewter Finish Round Wall Clock"
FUR-FU-10002759,Furniture,Furnishings,12-1/2 Diameter Round Wall Clock
OFF-AR-10000034,Office Supplies,Art,"BIC Brite Liner Grip Highlighters, Assorted, 5/Pack"
OFF-AR-10000614,Office Supplies,Art,Barrel Sharpener
OFF-BI-10002827,Office Supplies,Binders,Avery Durable Poly Binders
OFF-BI-10004002,Office Supplies,Binders,Wilson Jones International Size A4 Ring Binders
OFF-LA-10003766,Office Supplies,Labels,Self-Adhesive Removable Labels
OFF-LA-10003930,Office Supplies,Labels,"Dot Matrix Printer Tape Reel Labels, White, 5000/Box"
OFF-PA-10000551,Office Supplies,Paper,Array Memo Cubes
OFF-PA-10002109,Office Supplies,Paper,Wirebound Voice Message Log Book
OFF-ST-10000885,Office Supplies,Storage,Fellowes Desktop Hanging File Manager
OFF-ST-10004950,Office Supplies,Storage,"Tenex Personal Filing Tote With Secure Closure Lid, Black/Frost"
OFF-SU-10001574,Office Supplies,Supplies,Acme Value Line Scissors
TEC-AC-10000990,Technology,Accessories,Imation Bio 2GB USB Flash Drive Imation Corp
TEC-AC-10002305,Technology,Accessories,KeyTronic E03601U1 - Keyboard - Beige
TEC-AC-10002857,Technology,Accessories,"Verbatim 25 GB 6x Blu-ray Single Layer Recordable Disc, 1/Pack"
TEC-MA-10001031,Technology,Machines,Socket Bluetooth Cordless Hand Scanner (CHS)
TEC-PH-10000526,Technology,Phones,Vtech CS6719
TEC-PH-10000984,Technology,Phones,Panasonic KX-TG9471B
TEC-PH-10001817,Technology,Phones,Wilson Electronics DB Pro Signal Booster
TEC-PH-10001944,Technology,Phones,Wi-Ex zBoost YX540 Cellular Phone Signal Booster
TEC-PH-10002885,Technology,Phones,Apple iPhone 5
TEC-PH-10003171,Technology,Phones,Plantronics Encore H101 Dual Earpieces Headset
TEC-PH-10000984,Technology,Phones,Panasonic KX-TG9471B
TEC-PH-10001944,Technology,Phones,Wi-Ex zBoost YX540 Cellular Phone Signal Booster
FUR-CH-10000785,Furniture,Chairs,Global Ergonomic Managers Chair
FUR-CH-10003061,Furniture,Chairs,"Global Leather Task Chair, Black"
FUR-FU-10000023,Furniture,Furnishings,Eldon Wave Desk Accessories
OFF-AR-10001547,Office Supplies,Art,Newell 311
OFF-AR-10003732,Office Supplies,Art,Newell 333
OFF-BI-10002976,Office Supplies,Binders,ACCOHIDE Binder by Acco
OFF-BI-10003476,Office Supplies,Binders,Avery Metallic Poly Binders
OFF-EN-10004459,Office Supplies,Envelopes,Security-Tint Envelopes
OFF-LA-10001158,Office Supplies,Labels,"Avery Address/Shipping Labels for Typewriters, 4"" x 2"""
OFF-ST-10001476,Office Supplies,Storage,Steel Personal Filing/Posting Tote
OFF-ST-10002352,Office Supplies,Storage,Iris Project Case
OFF-SU-10000157,Office Supplies,Supplies,Compact Automatic Electric Letter Opener
TEC-AC-10003628,Technology,Accessories,Logitech 910-002974 M325 Wireless Mouse for Web Scrolling
FUR-CH-10003298,Furniture,Chairs,"Office Star - Contemporary Task Swivel chair with Loop Arms, Charcoal"
FUR-FU-10003829,Furniture,Furnishings,Stackable Trays
OFF-AR-10003251,Office Supplies,Art,Prang Drawing Pencil Set
OFF-BI-10002215,Office Supplies,Binders,"Wilson Jones Hanging View Binder, White, 1"""
OFF-BI-10003925,Office Supplies,Binders,Fellowes PB300 Plastic Comb Binding Machine
OFF-EN-10001028,Office Supplies,Envelopes,Staple envelope
OFF-PA-10002245,Office Supplies,Paper,Xerox 1895
OFF-PA-10004022,Office Supplies,Paper,Hammermill Color Copier Paper (28Lb. and 96 Bright)
FUR-FU-10001706,Furniture,Furnishings,Longer-Life Soft White Bulbs
FUR-FU-10001979,Furniture,Furnishings,Dana Halogen Swing-Arm Architect Lamp
OFF-AP-10000891,Office Supplies,Appliances,Kensington 7 Outlet MasterPiece HOMEOFFICE Power Control Center
OFF-BI-10001718,Office Supplies,Binders,GBC DocuBind P50 Personal Binding Machine
OFF-BI-10004094,Office Supplies,Binders,GBC Standard Plastic Binding Systems Combs
OFF-PA-10001800,Office Supplies,Paper,Xerox 220
OFF-PA-10003022,Office Supplies,Paper,Xerox 1992
OFF-ST-10001522,Office Supplies,Storage,"Gould Plastics 18-Pocket Panel Bin, 34w x 5-1/4d x 20-1/2h"
OFF-SU-10001935,Office Supplies,Supplies,Staple remover
TEC-AC-10003657,Technology,Accessories,Lenovo 17-Key USB Numeric Keypad
FUR-CH-10002961,Furniture,Chairs,"Leather Task Chair, Black"
FUR-CH-10003774,Furniture,Chairs,"Global Wood Trimmed Manager's Task Chair, Khaki"
FUR-FU-10004586,Furniture,Furnishings,G.E. Longer-Life Indoor Recessed Floodlight Bulbs
FUR-FU-10004848,Furniture,Furnishings,"Howard Miller 13-3/4"" Diameter Brushed Chrome Round Wall Clock"
FUR-TA-10004442,Furniture,Tables,Riverside Furniture Stanwyck Manor Table Series
OFF-AP-10002578,Office Supplies,Appliances,"Fellowes Premier Superior Surge Suppressor, 10-Outlet, With Phone and Remote"
OFF-AR-10002067,Office Supplies,Art,Newell 334
OFF-BI-10003364,Office Supplies,Binders,Binding Machine Supplies
OFF-EN-10000461,Office Supplies,Envelopes,"#10- 4 1/8"" x 9 1/2"" Recycled Envelopes"
OFF-EN-10001539,Office Supplies,Envelopes,Staple envelope
OFF-EN-10004846,Office Supplies,Envelopes,Letter or Legal Size Expandable Poly String Tie Envelopes
OFF-FA-10002280,Office Supplies,Fasteners,Advantus Plastic Paper Clips
OFF-LA-10001569,Office Supplies,Labels,Avery 499
OFF-PA-10002606,Office Supplies,Paper,Xerox 1928
OFF-PA-10002787,Office Supplies,Paper,Xerox 227
OFF-PA-10004996,Office Supplies,Paper,"Speediset Carbonless Redi-Letter 7"" x 8 1/2"""
OFF-ST-10000563,Office Supplies,Storage,Fellowes Bankers Box Stor/Drawer Steel Plus
OFF-ST-10001418,Office Supplies,Storage,Carina Media Storage Towers in Natural & Black
OFF-SU-10000898,Office Supplies,Supplies,"Acme Hot Forged Carbon Steel Scissors with Nickel-Plated Handles, 3 7/8"" Cut, 8""L"
TEC-AC-10004571,Technology,Accessories,Logitech G700s Rechargeable Gaming Mouse
TEC-MA-10003066,Technology,Machines,Wasp CCD Handheld Bar Code Reader
OFF-AP-10001626,Office Supplies,Appliances,"Commercial WindTunnel Clean Air Upright Vacuum, Replacement Belts, Filtration Bags"
OFF-BI-10000301,Office Supplies,Binders,GBC Instant Report Kit
OFF-LA-10004677,Office Supplies,Labels,Self-Adhesive Address Labels for Typewriters with Dispenser Box
OFF-PA-10000062,Office Supplies,Paper,Green Bar Computer Printout Paper
OFF-PA-10001838,Office Supplies,Paper,"Adams Telephone Message Book W/Dividers/Space For Phone Numbers, 5 1/4""X8 1/2"", 300/Messages"
OFF-PA-10004039,Office Supplies,Paper,Xerox 1882
TEC-AC-10002402,Technology,Accessories,Razer Kraken PRO Over Ear PC and Music Headset
FUR-CH-10000553,Furniture,Chairs,"Metal Folding Chairs, Beige, 4/Carton"
FUR-CH-10004997,Furniture,Chairs,Hon Every-Day Series Multi-Task Chairs
OFF-AP-10000576,Office Supplies,Appliances,"Belkin 325VA UPS Surge Protector, 6'"
OFF-AR-10000369,Office Supplies,Art,Design Ebony Sketching Pencil
OFF-BI-10001107,Office Supplies,Binders,"GBC White Gloss Covers, Plain Front"
OFF-BI-10001922,Office Supplies,Binders,Storex Dura Pro Binders
OFF-BI-10002012,Office Supplies,Binders,Wilson Jones Easy Flow II Sheet Lifters
OFF-PA-10000994,Office Supplies,Paper,Xerox 1915
OFF-PA-10004451,Office Supplies,Paper,Xerox 222
OFF-PA-10004530,Office Supplies,Paper,Personal Creations Ink Jet Cards and Labels
TEC-AC-10004708,Technology,Accessories,Sony 32GB Class 10 Micro SDHC R40 Memory Card
TEC-MA-10002428,Technology,Machines,Fellowes Powershred HS-440 4-Sheet High Security Shredder
FUR-BO-10001972,Furniture,Bookcases,O'Sullivan 4-Shelf Bookcase in Odessa Pine
FUR-FU-10001424,Furniture,Furnishings,Dax Clear Box Frame
FUR-FU-10002364,Furniture,Furnishings,"Eldon Expressions Wood Desk Accessories, Oak"
FUR-FU-10002963,Furniture,Furnishings,"Master Caster Door Stop, Gray"
FUR-FU-10003577,Furniture,Furnishings,Nu-Dell Leatherette Frames
FUR-FU-10003691,Furniture,Furnishings,"Eldon Image Series Desk Accessories, Ebony"
FUR-FU-10004864,Furniture,Furnishings,Eldon 500 Class Desk Accessories
FUR-TA-10000198,Furniture,Tables,Chromcraft Bull-Nose Wood Oval Conference Tables & Bases
OFF-AP-10001947,Office Supplies,Appliances,Acco 6 Outlet Guardian Premium Plus Surge Suppressor
OFF-AP-10004708,Office Supplies,Appliances,Fellowes Superior 10 Outlet Split Surge Protector
OFF-AR-10003478,Office Supplies,Art,"Avery Hi-Liter EverBold Pen Style Fluorescent Highlighters, 4/Pack"
OFF-AR-10003727,Office Supplies,Art,Berol Giant Pencil Sharpener
OFF-BI-10000546,Office Supplies,Binders,Avery Durable Binders
OFF-BI-10000977,Office Supplies,Binders,Ibico Plastic Spiral Binding Combs
OFF-BI-10002854,Office Supplies,Binders,"Performers Binder/Pad Holder, Black"
OFF-BI-10003638,Office Supplies,Binders,GBC Durable Plastic Covers
OFF-BI-10003676,Office Supplies,Binders,"GBC Standard Recycled Report Covers, Clear Plastic Sheets"
OFF-BI-10003984,Office Supplies,Binders,Lock-Up Easel 'Spel-Binder'
OFF-FA-10002780,Office Supplies,Fasteners,Staples
OFF-PA-10003172,Office Supplies,Paper,Xerox 1996
OFF-PA-10004438,Office Supplies,Paper,Xerox 1907
OFF-ST-10003716,Office Supplies,Storage,Tennsco Double-Tier Lockers
OFF-SU-10004664,Office Supplies,Supplies,Acme Softgrip Scissors
TEC-MA-10002930,Technology,Machines,Ricoh - Ink Collector Unit for GX3000 Series Printers
TEC-PH-10002115,Technology,Phones,Plantronics 81402
TEC-PH-10003800,Technology,Phones,i.Sound Portable Power - 8000 mAh
FUR-FU-10001934,Furniture,Furnishings,Magnifier Swing Arm Lamp
FUR-TA-10001520,Furniture,Tables,"Lesro Sheffield Collection Coffee Table, End Table, Center Table, Corner Table"
OFF-AP-10000804,Office Supplies,Appliances,Hoover Portapower Portable Vacuum
OFF-AR-10001130,Office Supplies,Art,"Quartet Alpha White Chalk, 12/Pack"
OFF-AR-10004817,Office Supplies,Art,Colorific Watercolor Pencils
OFF-BI-10001359,Office Supplies,Binders,GBC DocuBind TL300 Electric Binding System
OFF-PA-10000556,Office Supplies,Paper,Xerox 208
OFF-ST-10002214,Office Supplies,Storage,X-Rack File for Hanging Folders
TEC-AC-10002049,Technology,Accessories,Logitech G19 Programmable Gaming Keyboard
FUR-FU-10000076,Furniture,Furnishings,24-Hour Round Wall Clock
FUR-CH-10001190,Furniture,Chairs,Global Deluxe High-Back Office Chair in Storm
FUR-CH-10002880,Furniture,Chairs,"Global High-Back Leather Tilter, Burgundy"
FUR-FU-10004666,Furniture,Furnishings,DAX Clear Channel Poster Frame
FUR-TA-10004086,Furniture,Tables,KI Adjustable-Height Table
OFF-AP-10004052,Office Supplies,Appliances,"Hoover Replacement Belts For Soft Guard & Commercial Ltweight Upright Vacs, 2/Pk"
OFF-BI-10001097,Office Supplies,Binders,Avery Hole Reinforcements
OFF-BI-10002571,Office Supplies,Binders,"Avery Framed View Binder, EZD Ring (Locking), Navy, 1 1/2"""
OFF-BI-10004492,Office Supplies,Binders,Tuf-Vin Binders
OFF-FA-10002780,Office Supplies,Fasteners,Staples
OFF-PA-10002581,Office Supplies,Paper,Xerox 1951
TEC-AC-10001714,Technology,Accessories,Logitech MX Performance Wireless Mouse
TEC-MA-10001047,Technology,Machines,"3D Systems Cube Printer, 2nd Generation, Magenta"
TEC-PH-10000702,Technology,Phones,"Square Credit Card Reader, 4 1/2"" x 4 1/2"" x 1"", White"
TEC-PH-10003095,Technology,Phones,Samsung HM1900 Bluetooth Headset
TEC-PH-10003555,Technology,Phones,Motorola HK250 Universal Bluetooth Headset
FUR-CH-10001190,Furniture,Chairs,Global Deluxe High-Back Office Chair in Storm
FUR-FU-10004666,Furniture,Furnishings,DAX Clear Channel Poster Frame
FUR-TA-10004086,Furniture,Tables,KI Adjustable-Height Table
OFF-AP-10004052,Office Supplies,Appliances,"Hoover Replacement Belts For Soft Guard & Commercial Ltweight Upright Vacs, 2/Pk"
OFF-FA-10002780,Office Supplies,Fasteners,Staples
TEC-PH-10000702,Technology,Phones,"Square Credit Card Reader, 4 1/2"" x 4 1/2"" x 1"", White"
FUR-FU-10003247,Furniture,Furnishings,36X48 HARDFLOOR CHAIRMAT
OFF-AP-10004336,Office Supplies,Appliances,"Conquest 14 Commercial Heavy-Duty Upright Vacuum, Collection System, Accessory Kit"
OFF-AR-10001761,Office Supplies,Art,Avery Hi-Liter Smear-Safe Highlighters
OFF-AR-10004790,Office Supplies,Art,Staples in misc. colors
OFF-PA-10001033,Office Supplies,Paper,Xerox 1893
OFF-PA-10001295,Office Supplies,Paper,Computer Printout Paper with Letter-Trim Perforations
OFF-PA-10001357,Office Supplies,Paper,Xerox 1886
OFF-PA-10002377,Office Supplies,Paper,"Adams Telephone Message Book W/Dividers/Space For Phone Numbers, 5 1/4""X8 1/2"", 200/Messages"
OFF-PA-10004888,Office Supplies,Paper,Xerox 217
OFF-ST-10000991,Office Supplies,Storage,Space Solutions HD Industrial Steel Shelving.
OFF-ST-10003208,Office Supplies,Storage,Adjustable Depth Letter/Legal Cart
TEC-AC-10001539,Technology,Accessories,Logitech G430 Surround Sound Gaming Headset with Dolby 7.1 Technology
FUR-BO-10003965,Furniture,Bookcases,O'Sullivan Manor Hill 2-Door Library in Brianna Oak
FUR-TA-10001039,Furniture,Tables,KI Adjustable-Height Table
OFF-BI-10000756,Office Supplies,Binders,Storex DuraTech Recycled Plastic Frosted Binders
OFF-BI-10002854,Office Supplies,Binders,"Performers Binder/Pad Holder, Black"
OFF-FA-10003112,Office Supplies,Fasteners,Staples
OFF-ST-10001837,Office Supplies,Storage,"SAFCO Mobile Desk Side File, Wire Frame"
OFF-ST-10003208,Office Supplies,Storage,Adjustable Depth Letter/Legal Cart
TEC-AC-10002049,Technology,Accessories,Logitech G19 Programmable Gaming Keyboard
TEC-PH-10000702,Technology,Phones,"Square Credit Card Reader, 4 1/2"" x 4 1/2"" x 1"", White"
TEC-PH-10003555,Technology,Phones,Motorola HK250 Universal Bluetooth Headset
TEC-PH-10004447,Technology,Phones,Toshiba IPT2010-SD IP Telephone
FUR-CH-10002372,Furniture,Chairs,Office Star - Ergonomically Designed Knee Chair
OFF-ST-10001837,Office Supplies,Storage,"SAFCO Mobile Desk Side File, Wire Frame"
OFF-ST-10002301,Office Supplies,Storage,Tennsco Commercial Shelving
TEC-AC-10002305,Technology,Accessories,KeyTronic E03601U1 - Keyboard - Beige
TEC-AC-10003610,Technology,Accessories,Logitech Illuminated - Keyboard
TEC-PH-10001336,Technology,Phones,Digium D40 VoIP phone
FUR-BO-10003034,Furniture,Bookcases,"O'Sullivan Elevations Bookcase, Cherry Finish"
FUR-CH-10001802,Furniture,Chairs,Hon Every-Day Chair Series Swivel Task Chairs
FUR-FU-10003577,Furniture,Furnishings,Nu-Dell Leatherette Frames
FUR-TA-10001676,Furniture,Tables,Hon 61000 Series Interactive Training Tables
FUR-TA-10002958,Furniture,Tables,"Bevis Oval Conference Table, Walnut"
OFF-AR-10004344,Office Supplies,Art,Bulldog Vacuum Base Pencil Sharpener
OFF-BI-10001031,Office Supplies,Binders,Pressboard Data Binders by Wilson Jones
OFF-BI-10003655,Office Supplies,Binders,Durable Pressboard Binders
OFF-PA-10000069,Office Supplies,Paper,"TOPS 4 x 6 Fluorescent Color Memo Sheets, 500 Sheets per Pack"
OFF-PA-10001745,Office Supplies,Paper,"Wirebound Message Books, 2 7/8"" x 5"", 3 Forms per Page"
OFF-PA-10002659,Office Supplies,Paper,Avoid Verbal Orders Carbonless Minifold Book
FUR-CH-10001545,Furniture,Chairs,Hon Comfortask Task/Swivel Chairs
FUR-FU-10004963,Furniture,Furnishings,"Eldon 400 Class Desk Accessories, Black Carbon"
OFF-BI-10001597,Office Supplies,Binders,"Wilson Jones Ledger-Size, Piano-Hinge Binder, 2"", Blue"
FUR-BO-10003404,Furniture,Bookcases,"Global Adaptabilites Bookcase, Cherry/Storm Gray Finish"
FUR-CH-10002304,Furniture,Chairs,"Global Stack Chair without Arms, Black"
FUR-FU-10004053,Furniture,Furnishings,DAX Two-Tone Silver Metal Document Frame
FUR-TA-10001932,Furniture,Tables,"Chromcraft 48"" x 96"" Racetrack Double Pedestal Table"
OFF-AR-10000940,Office Supplies,Art,Newell 343
OFF-BI-10001191,Office Supplies,Binders,Canvas Sectional Post Binders
OFF-BI-10002082,Office Supplies,Binders,GBC Twin Loop Wire Binding Elements
OFF-FA-10000621,Office Supplies,Fasteners,"OIC Colored Binder Clips, Assorted Sizes"
OFF-PA-10000477,Office Supplies,Paper,Xerox 1952
OFF-PA-10001934,Office Supplies,Paper,Xerox 1993
OFF-PA-10003919,Office Supplies,Paper,Xerox 1989
TEC-AC-10001383,Technology,Accessories,Logitech Wireless Touch Keyboard K400
TEC-AC-10001465,Technology,Accessories,SanDisk Cruzer 64 GB USB Flash Drive
TEC-AC-10002167,Technology,Accessories,Imation 8gb Micro Traveldrive Usb 2.0 Flash Drive
TEC-AC-10002842,Technology,Accessories,WD My Passport Ultra 2TB Portable External Hard Drive
TEC-AC-10003033,Technology,Accessories,Plantronics CS510 - Over-the-Head monaural Wireless Headset System
TEC-AC-10003709,Technology,Accessories,Maxell 4.7GB DVD-R 5/Pack
TEC-PH-10002085,Technology,Phones,Clarity 53712
FUR-FU-10001424,Furniture,Furnishings,Dax Clear Box Frame
FUR-TA-10003473,Furniture,Tables,Bretford Rectangular Conference Table Tops
OFF-AP-10000828,Office Supplies,Appliances,Avanti 4.4 Cu. Ft. Refrigerator
OFF-BI-10000778,Office Supplies,Binders,GBC VeloBinder Electric Binding Machine
OFF-BI-10003527,Office Supplies,Binders,Fellowes PB500 Electric Punch Plastic Comb Binding Machine with Manual Bind
OFF-LA-10000248,Office Supplies,Labels,Avery 52
OFF-LA-10002043,Office Supplies,Labels,Avery 489
OFF-PA-10000673,Office Supplies,Paper,"Post-it “Important Message” Note Pad, Neon Colors, 50 Sheets/Pad"
OFF-PA-10003127,Office Supplies,Paper,Easy-staple paper
OFF-PA-10004355,Office Supplies,Paper,Xerox 231
OFF-PA-10004470,Office Supplies,Paper,"Adams Write n' Stick Phone Message Book, 11"" X 5 1/4"", 200 Messages"
OFF-ST-10000876,Office Supplies,Storage,Eldon Simplefile Box Office
OFF-ST-10002974,Office Supplies,Storage,"Trav-L-File Heavy-Duty Shuttle II, Black"
TEC-AC-10002335,Technology,Accessories,Logitech Media Keyboard K200
TEC-PH-10003187,Technology,Phones,Anker Astro Mini 3000mAh Ultra-Compact Portable Charger
FUR-FU-10001918,Furniture,Furnishings,C-Line Cubicle Keepers Polyproplyene Holder With Velcro Backings
OFF-BI-10000309,Office Supplies,Binders,"GBC Twin Loop Wire Binding Elements, 9/16"" Spine, Black"
OFF-BI-10001078,Office Supplies,Binders,"Acco PRESSTEX Data Binder with Storage Hooks, Dark Blue, 14 7/8"" X 11"""
OFF-BI-10004224,Office Supplies,Binders,Catalog Binders with Expanding Posts
TEC-AC-10003614,Technology,Accessories,"Verbatim 25 GB 6x Blu-ray Single Layer Recordable Disc, 10/Pack"
FUR-FU-10000087,Furniture,Furnishings,"Executive Impressions 14"" Two-Color Numerals Wall Clock"
FUR-TA-10001705,Furniture,Tables,Bush Advantage Collection Round Conference Table
OFF-AR-10001761,Office Supplies,Art,Avery Hi-Liter Smear-Safe Highlighters
OFF-AR-10002818,Office Supplies,Art,Panasonic KP-310 Heavy-Duty Electric Pencil Sharpener
OFF-LA-10001045,Office Supplies,Labels,Permanent Self-Adhesive File Folder Labels for Typewriters by Universal
OFF-LA-10002034,Office Supplies,Labels,Avery 478
OFF-LA-10003510,Office Supplies,Labels,"Avery 4027 File Folder Labels for Dot Matrix Printers, 5000 Labels per Box, White"
OFF-PA-10000675,Office Supplies,Paper,Xerox 1919
FUR-FU-10001290,Furniture,Furnishings,Executive Impressions Supervisor Wall Clock
FUR-TA-10001950,Furniture,Tables,Balt Solid Wood Round Tables
OFF-BI-10003719,Office Supplies,Binders,Large Capacity Hanging Post Binders
OFF-PA-10000062,Office Supplies,Paper,Green Bar Computer Printout Paper
TEC-AC-10003499,Technology,Accessories,Memorex Mini Travel Drive 8 GB USB 2.0 Flash Drive
TEC-MA-10001148,Technology,Machines,Swingline SM12-08 MicroCut Jam Free Shredder
OFF-AR-10001770,Office Supplies,Art,Economy #2 Pencils
OFF-PA-10002552,Office Supplies,Paper,Xerox 1958
OFF-ST-10000798,Office Supplies,Storage,2300 Heavy-Duty Transfer File Systems by Perma
TEC-PH-10001700,Technology,Phones,Panasonic KX-TG6844B Expandable Digital Cordless Telephone
FUR-BO-10004360,Furniture,Bookcases,Rush Hierlooms Collection Rich Wood Bookcases
FUR-FU-10003878,Furniture,Furnishings,"Linden 10"" Round Wall Clock, Black"
FUR-FU-10004712,Furniture,Furnishings,"Westinghouse Mesh Shade Clip-On Gooseneck Lamp, Black"
FUR-TA-10003008,Furniture,Tables,"Lesro Round Back Collection Coffee Table, End Table"
FUR-TA-10003837,Furniture,Tables,Anderson Hickey Conga Table Tops & Accessories
OFF-AR-10002956,Office Supplies,Art,Boston 16801 Nautilus Battery Pencil Sharpener
OFF-BI-10002799,Office Supplies,Binders,"SlimView Poly Binder, 3/8"""
OFF-BI-10004826,Office Supplies,Binders,JM Magazine Binder
OFF-BI-10004995,Office Supplies,Binders,GBC DocuBind P400 Electric Binding System
OFF-EN-10002973,Office Supplies,Envelopes,Ampad #10 Peel & Seel Holiday Envelopes
OFF-LA-10001641,Office Supplies,Labels,Avery 518
OFF-PA-10000249,Office Supplies,Paper,Easy-staple paper
OFF-PA-10004041,Office Supplies,Paper,"It's Hot Message Books with Stickers, 2 3/4"" x 5"""
OFF-ST-10000918,Office Supplies,Storage,Crate-A-Files
TEC-PH-10001336,Technology,Phones,Digium D40 VoIP phone
TEC-PH-10002185,Technology,Phones,QVS USB Car Charger 2-Port 2.1Amp for iPod/iPhone/iPad/iPad 2/iPad 3
FUR-FU-10004712,Furniture,Furnishings,"Westinghouse Mesh Shade Clip-On Gooseneck Lamp, Black"
OFF-ST-10000918,Office Supplies,Storage,Crate-A-Files
TEC-PH-10004922,Technology,Phones,RCA Visys Integrated PBX 8-Line Router
FUR-FU-10000175,Furniture,Furnishings,DAX Wood Document Frame
FUR-TA-10001539,Furniture,Tables,Chromcraft Rectangular Conference Tables
OFF-AR-10002257,Office Supplies,Art,"Eldon Spacemaker Box, Quick-Snap Lid, Clear"
OFF-AR-10003251,Office Supplies,Art,Prang Drawing Pencil Set
OFF-BI-10001787,Office Supplies,Binders,Wilson Jones Four-Pocket Poly Binders
OFF-BI-10003364,Office Supplies,Binders,Binding Machine Supplies
OFF-LA-10002034,Office Supplies,Labels,Avery 478
OFF-LA-10003714,Office Supplies,Labels,Avery 510
OFF-PA-10000176,Office Supplies,Paper,Xerox 1887
OFF-PA-10000380,Office Supplies,Paper,"REDIFORM Incoming/Outgoing Call Register, 11"" X 8 1/2"", 100 Messages"
OFF-PA-10001019,Office Supplies,Paper,Xerox 1884
OFF-PA-10001667,Office Supplies,Paper,Great White Multi-Use Recycled Paper (20Lb. and 84 Bright)
OFF-ST-10000142,Office Supplies,Storage,Deluxe Rollaway Locking File with Drawer
OFF-ST-10000617,Office Supplies,Storage,Woodgrain Magazine Files by Perma
TEC-PH-10004071,Technology,Phones,PayAnywhere Card Reader
FUR-CH-10000155,Furniture,Chairs,Global Comet Stacking Armless Chair
FUR-CH-10003379,Furniture,Chairs,Global Commerce Series High-Back Swivel/Tilt Chairs
FUR-FU-10001756,Furniture,Furnishings,"Eldon Expressions Desk Accessory, Wood Photo Frame, Mahogany"
FUR-TA-10002356,Furniture,Tables,Bevis Boat-Shaped Conference Table
OFF-AP-10000938,Office Supplies,Appliances,Avanti 1.7 Cu. Ft. Refrigerator
OFF-AP-10002191,Office Supplies,Appliances,Belkin 8 Outlet SurgeMaster II Gold Surge Protector
OFF-AR-10004956,Office Supplies,Art,Newell 33
OFF-BI-10000301,Office Supplies,Binders,GBC Instant Report Kit
OFF-BI-10002799,Office Supplies,Binders,"SlimView Poly Binder, 3/8"""
OFF-BI-10003460,Office Supplies,Binders,Acco 3-Hole Punch
OFF-BI-10003984,Office Supplies,Binders,Lock-Up Easel 'Spel-Binder'
OFF-PA-10002195,Office Supplies,Paper,"RSVP Cards & Envelopes, Blank White, 8-1/2"" X 11"", 24 Cards/25 Envelopes/Set"
OFF-PA-10003953,Office Supplies,Paper,Xerox 218
OFF-ST-10000352,Office Supplies,Storage,Acco Perma 2700 Stacking Storage Drawers
OFF-ST-10002743,Office Supplies,Storage,SAFCO Boltless Steel Shelving
TEC-AC-10003116,Technology,Accessories,Memorex Froggy Flash Drive 8 GB
TEC-PH-10000895,Technology,Phones,Polycom VVX 310 VoIP phone
TEC-PH-10004165,Technology,Phones,Mitel MiVoice 5330e IP Phone
FUR-CH-10000749,Furniture,Chairs,Office Star - Ergonomic Mid Back Chair with 2-Way Adjustable Arms
FUR-TA-10002607,Furniture,Tables,KI Conference Tables
FUR-TA-10003748,Furniture,Tables,Bevis 36 x 72 Conference Tables
OFF-AR-10003179,Office Supplies,Art,Dixon Ticonderoga Core-Lock Colored Pencils
OFF-BI-10000831,Office Supplies,Binders,Storex Flexible Poly Binders with Double Pockets
OFF-EN-10002500,Office Supplies,Envelopes,Globe Weis Peel & Seel First Class Envelopes
OFF-EN-10003068,Office Supplies,Envelopes,#6 3/4 Gummed Flap White Envelopes
OFF-ST-10000129,Office Supplies,Storage,Fellowes Recycled Storage Drawers
TEC-CO-10004722,Technology,Copiers,Canon imageCLASS 2200 Advanced Copier
TEC-PH-10001494,Technology,Phones,Polycom CX600 IP Phone VoIP phone
TEC-PH-10003800,Technology,Phones,i.Sound Portable Power - 8000 mAh
TEC-PH-10003988,Technology,Phones,"LF Elite 3D Dazzle Designer Hard Case Cover, Lf Stylus Pen and Wiper For Apple Iphone 5c Mini Lite"
FUR-FU-10000277,Furniture,Furnishings,Deflect-o DuraMat Antistatic Studded Beveled Mat for Medium Pile Carpeting
FUR-FU-10000771,Furniture,Furnishings,"Eldon 200 Class Desk Accessories, Smoke"
FUR-FU-10004963,Furniture,Furnishings,"Eldon 400 Class Desk Accessories, Black Carbon"
FUR-TA-10001039,Furniture,Tables,KI Adjustable-Height Table
FUR-TA-10004915,Furniture,Tables,"Office Impressions End Table, 20-1/2""H x 24""W x 20""D"
OFF-AP-10002906,Office Supplies,Appliances,Hoover Replacement Belt for Commercial Guardsman Heavy-Duty Upright Vacuum
OFF-AR-10000634,Office Supplies,Art,Newell 320
OFF-BI-10000962,Office Supplies,Binders,"Acco Flexible ACCOHIDE Square Ring Data Binder, Dark Blue, 11 1/2"" X 14"" 7/8"""
OFF-BI-10004364,Office Supplies,Binders,Storex Dura Pro Binders
OFF-PA-10002479,Office Supplies,Paper,Xerox 4200 Series MultiUse Premium Copy Paper (20Lb. and 84 Bright)
OFF-PA-10003724,Office Supplies,Paper,"Wirebound Message Book, 4 per Page"
OFF-PA-10003739,Office Supplies,Paper,Xerox 1969
OFF-ST-10002344,Office Supplies,Storage,"Carina 42""Hx23 3/4""W Media Storage Unit"
OFF-ST-10004507,Office Supplies,Storage,Advantus Rolling Storage Box
TEC-AC-10002942,Technology,Accessories,WD My Passport Ultra 1TB Portable External Hard Drive
TEC-PH-10001552,Technology,Phones,I Need's 3d Hello Kitty Hybrid Silicone Case Cover for HTC One X 4g with 3d Hello Kitty Stylus Pen Green/pink
TEC-PH-10002824,Technology,Phones,Jabra SPEAK 410 Multidevice Speakerphone
TEC-PH-10004586,Technology,Phones,Wilson SignalBoost 841262 DB PRO Amplifier Kit
FUR-TA-10004607,Furniture,Tables,Hon 2111 Invitation Series Straight Table
OFF-FA-10000735,Office Supplies,Fasteners,Staples
FUR-TA-10001520,Furniture,Tables,"Lesro Sheffield Collection Coffee Table, End Table, Center Table, Corner Table"
OFF-BI-10003007,Office Supplies,Binders,"Premium Transparent Presentation Covers, No Pattern/Clear, 8 1/2"" x 11"""
OFF-BI-10004330,Office Supplies,Binders,"GBC Velobind Prepunched Cover Sets, Regency Series"
OFF-EN-10002831,Office Supplies,Envelopes,"Tyvek  Top-Opening Peel & Seel  Envelopes, Gray"
OFF-LA-10000134,Office Supplies,Labels,Avery 511
OFF-LA-10001404,Office Supplies,Labels,Avery 517
OFF-ST-10000464,Office Supplies,Storage,"Multi-Use Personal File Cart and Caster Set, Three Stacking Bins"
TEC-AC-10001998,Technology,Accessories,Logitech LS21 Speaker System - PC Multimedia - 2.1-CH - Wired
TEC-PH-10001433,Technology,Phones,Cisco Small Business SPA 502G VoIP phone
TEC-PH-10002807,Technology,Phones,Motorla HX550 Universal Bluetooth Headset
FUR-BO-10003034,Furniture,Bookcases,"O'Sullivan Elevations Bookcase, Cherry Finish"
FUR-TA-10001539,Furniture,Tables,Chromcraft Rectangular Conference Tables
OFF-AR-10001662,Office Supplies,Art,Rogers Handheld Barrel Pencil Sharpener
OFF-AR-10003045,Office Supplies,Art,Prang Colored Pencils
OFF-BI-10001097,Office Supplies,Binders,Avery Hole Reinforcements
OFF-EN-10003068,Office Supplies,Envelopes,#6 3/4 Gummed Flap White Envelopes
OFF-PA-10001204,Office Supplies,Paper,Xerox 1972
OFF-PA-10001685,Office Supplies,Paper,Easy-staple paper
OFF-PA-10004039,Office Supplies,Paper,Xerox 1882
TEC-PH-10001536,Technology,Phones,Spigen Samsung Galaxy S5 Case Wallet
TEC-PH-10003215,Technology,Phones,Jackery Bar Premium Fast-charging Portable Charger
TEC-PH-10004100,Technology,Phones,Griffin GC17055 Auxiliary Audio Cable
FUR-FU-10001876,Furniture,Furnishings,"Computer Room Manger, 14"""
OFF-EN-10004386,Office Supplies,Envelopes,"Recycled Interoffice Envelopes with String and Button Closure, 10 x 13"
OFF-LA-10002475,Office Supplies,Labels,Avery 519
OFF-PA-10000300,Office Supplies,Paper,Xerox 1936
OFF-PA-10001937,Office Supplies,Paper,Xerox 21
OFF-ST-10001522,Office Supplies,Storage,"Gould Plastics 18-Pocket Panel Bin, 34w x 5-1/4d x 20-1/2h"
TEC-AC-10002167,Technology,Accessories,Imation 8gb Micro Traveldrive Usb 2.0 Flash Drive
TEC-AC-10004510,Technology,Accessories,Logitech Desktop MK120 Mouse and keyboard Combo
OFF-PA-10002250,Office Supplies,Paper,Things To Do Today Pad
FUR-BO-10004467,Furniture,Bookcases,Bestar Classic Bookcase
FUR-CH-10000553,Furniture,Chairs,"Metal Folding Chairs, Beige, 4/Carton"
FUR-CH-10003061,Furniture,Chairs,"Global Leather Task Chair, Black"
FUR-CH-10003833,Furniture,Chairs,Novimex Fabric Task Chair
FUR-CH-10004289,Furniture,Chairs,Global Super Steno Chair
FUR-FU-10002885,Furniture,Furnishings,Magna Visual Magnetic Picture Hangers
FUR-FU-10003849,Furniture,Furnishings,"DAX Metal Frame, Desktop, Stepped-Edge"
FUR-FU-10004415,Furniture,Furnishings,"Stacking Tray, Side-Loading, Legal, Smoke"
FUR-TA-10002041,Furniture,Tables,"Bevis Round Conference Table Top, X-Base"
OFF-AP-10002684,Office Supplies,Appliances,"Acco 7-Outlet Masterpiece Power Center, Wihtout Fax/Phone Line Protection"
OFF-AR-10003514,Office Supplies,Art,4009 Highlighters by Sanford
OFF-BI-10002072,Office Supplies,Binders,Cardinal Slant-D Ring Binders
OFF-BI-10004330,Office Supplies,Binders,"GBC Velobind Prepunched Cover Sets, Regency Series"
OFF-LA-10001982,Office Supplies,Labels,Smead Alpha-Z Color-Coded Name Labels First Letter Starter Set
OFF-LA-10003077,Office Supplies,Labels,Avery 500
OFF-PA-10003424,Office Supplies,Paper,"""While you Were Out"" Message Book, One Form per Page"
OFF-PA-10004355,Office Supplies,Paper,Xerox 231
OFF-ST-10002214,Office Supplies,Storage,X-Rack File for Hanging Folders
OFF-ST-10002486,Office Supplies,Storage,Eldon Shelf Savers Cubes and Bins
OFF-ST-10004963,Office Supplies,Storage,Eldon Gobal File Keepers
OFF-SU-10002573,Office Supplies,Supplies,"Acme 10"" Easy Grip Assistive Scissors"
TEC-AC-10001142,Technology,Accessories,First Data FD10 PIN Pad
TEC-PH-10003505,Technology,Phones,Geemarc AmpliPOWER60
OFF-AR-10003651,Office Supplies,Art,Newell 350
OFF-EN-10001137,Office Supplies,Envelopes,"#10 Gummed Flap White Envelopes, 100/Box"
TEC-PH-10004042,Technology,Phones,ClearOne Communications CHAT 70 OC Speaker Phone
FUR-TA-10003954,Furniture,Tables,Hon 94000 Series Round Tables
OFF-BI-10001308,Office Supplies,Binders,GBC Standard Plastic Binding Systems' Combs
OFF-PA-10001033,Office Supplies,Paper,Xerox 1893
OFF-PA-10004243,Office Supplies,Paper,Xerox 1939
FUR-CH-10000454,Furniture,Chairs,"Hon Deluxe Fabric Upholstered Stacking Chairs, Rounded Back"
FUR-CH-10001973,Furniture,Chairs,Office Star Flex Back Scooter Chair with White Frame
FUR-FU-10001847,Furniture,Furnishings,Eldon Image Series Black Desk Accessories
FUR-FU-10002508,Furniture,Furnishings,Document Clip Frames
OFF-AP-10001962,Office Supplies,Appliances,Black & Decker Filter for Double Action Dustbuster Cordless Vac BLDV7210
OFF-AP-10001962,Office Supplies,Appliances,Black & Decker Filter for Double Action Dustbuster Cordless Vac BLDV7210
OFF-AP-10003040,Office Supplies,Appliances,Fellowes 8 Outlet Superior Workstation Surge Protector w/o Phone/Fax/Modem Protection
OFF-AR-10000246,Office Supplies,Art,Newell 318
OFF-AR-10001958,Office Supplies,Art,Stanley Bostitch Contemporary Electric Pencil Sharpeners
OFF-AR-10003469,Office Supplies,Art,Nontoxic Chalk
OFF-AR-10004685,Office Supplies,Art,"Binney & Smith Crayola Metallic Colored Pencils, 8-Color Set"
OFF-BI-10003718,Office Supplies,Binders,GBC Therma-A-Bind 250T Electric Binding System
OFF-EN-10001335,Office Supplies,Envelopes,"White Business Envelopes with Contemporary Seam, Recycled White Business Envelopes"
OFF-EN-10003845,Office Supplies,Envelopes,Colored Envelopes
OFF-EN-10004846,Office Supplies,Envelopes,Letter or Legal Size Expandable Poly String Tie Envelopes
OFF-FA-10003495,Office Supplies,Fasteners,Staples
OFF-FA-10004838,Office Supplies,Fasteners,"Super Bands, 12/Pack"
OFF-PA-10000791,Office Supplies,Paper,"Wirebound Message Books, Four 2 3/4 x 5 Forms per Page, 200 Sets per Book"
OFF-PA-10001800,Office Supplies,Paper,Xerox 220
OFF-PA-10001838,Office Supplies,Paper,"Adams Telephone Message Book W/Dividers/Space For Phone Numbers, 5 1/4""X8 1/2"", 300/Messages"
OFF-ST-10001511,Office Supplies,Storage,Space Solutions Commercial Steel Shelving
OFF-ST-10001580,Office Supplies,Storage,Super Decoflex Portable Personal File
OFF-SU-10000646,Office Supplies,Supplies,Premier Automatic Letter Opener
TEC-AC-10004145,Technology,Accessories,Logitech diNovo Edge Keyboard
TEC-PH-10001817,Technology,Phones,Wilson Electronics DB Pro Signal Booster
FUR-CH-10001891,Furniture,Chairs,Global Deluxe Office Fabric Chairs
FUR-FU-10000629,Furniture,Furnishings,9-3/4 Diameter Round Wall Clock
FUR-FU-10001967,Furniture,Furnishings,Telescoping Adjustable Floor Lamp
FUR-TA-10001086,Furniture,Tables,"SAFCO PlanMaster Boards, 60w x 37-1/2d, White Melamine"
FUR-TA-10001095,Furniture,Tables,Chromcraft Round Conference Tables
OFF-AR-10004010,Office Supplies,Art,Hunt Boston Vacuum Mount KS Pencil Sharpener
OFF-BI-10000216,Office Supplies,Binders,"Mead 1st Gear 2"" Zipper Binder, Asst. Colors"
OFF-BI-10002393,Office Supplies,Binders,Binder Posts
OFF-BI-10002982,Office Supplies,Binders,Avery Self-Adhesive Photo Pockets for Polaroid Photos
OFF-LA-10001771,Office Supplies,Labels,Avery 513
OFF-LA-10004484,Office Supplies,Labels,Avery 476
OFF-PA-10000157,Office Supplies,Paper,Xerox 191
OFF-PA-10000327,Office Supplies,Paper,Xerox 1971
OFF-PA-10001215,Office Supplies,Paper,Xerox 1963
OFF-PA-10002947,Office Supplies,Paper,Xerox 1923
OFF-PA-10003022,Office Supplies,Paper,Xerox 1992
OFF-PA-10003673,Office Supplies,Paper,Strathmore Photo Mount Cards
OFF-ST-10001325,Office Supplies,Storage,Sterilite Officeware Hinged File Box
TEC-AC-10001553,Technology,Accessories,"Memorex 25GB 6X Branded Blu-Ray Recordable Disc, 15/Pack"
TEC-AC-10002345,Technology,Accessories,HP Standard 104 key PS/2 Keyboard
TEC-AC-10004469,Technology,Accessories,Microsoft Sculpt Comfort Mouse
TEC-CO-10003236,Technology,Copiers,Canon Image Class D660 Copier
TEC-PH-10002549,Technology,Phones,Polycom SoundPoint IP 450 VoIP phone
FUR-TA-10004575,Furniture,Tables,Hon 5100 Series Wood Tables
OFF-AP-10002457,Office Supplies,Appliances,"Eureka The Boss Plus 12-Amp Hard Box Upright Vacuum, Red"
OFF-AR-10000657,Office Supplies,Art,"Binney & Smith inkTank Desk Highlighter, Chisel Tip, Yellow, 12/Box"
OFF-BI-10001308,Office Supplies,Binders,GBC Standard Plastic Binding Systems' Combs
OFF-BI-10003094,Office Supplies,Binders,Self-Adhesive Ring Binder Labels
OFF-BI-10004040,Office Supplies,Binders,Wilson Jones Impact Binders
OFF-BI-10004364,Office Supplies,Binders,Storex Dura Pro Binders
OFF-LA-10002195,Office Supplies,Labels,Avery 481
OFF-LA-10003923,Office Supplies,Labels,Alphabetical Labels for Top Tab Filing
OFF-PA-10001560,Office Supplies,Paper,"Adams Telephone Message Books, 5 1/4” x 11”"
OFF-ST-10002344,Office Supplies,Storage,"Carina 42""Hx23 3/4""W Media Storage Unit"
OFF-ST-10002485,Office Supplies,Storage,Rogers Deluxe File Chest
TEC-AC-10000303,Technology,Accessories,Logitech M510 Wireless Mouse
TEC-AC-10002323,Technology,Accessories,SanDisk Ultra 32 GB MicroSDHC Class 10 Memory Card
TEC-MA-10004125,Technology,Machines,Cubify CubeX 3D Printer Triple Head Print
TEC-PH-10000127,Technology,Phones,iOttie XL Car Mount
TEC-PH-10002483,Technology,Phones,Motorola Moto X
FUR-CH-10004875,Furniture,Chairs,Harbour Creations 67200 Series Stacking Chairs
FUR-FU-10004245,Furniture,Furnishings,"Career Cubicle Clock, 8 1/4"", Black"
FUR-TA-10003469,Furniture,Tables,Balt Split Level Computer Training Table
OFF-BI-10000474,Office Supplies,Binders,Avery Recycled Flexi-View Covers for Binding Systems
OFF-BI-10002706,Office Supplies,Binders,Avery Premier Heavy-Duty Binder with Round Locking Rings
OFF-BI-10002735,Office Supplies,Binders,GBC Prestige Therm-A-Bind Covers
OFF-BI-10003274,Office Supplies,Binders,"Avery Durable Slant Ring Binders, No Labels"
OFF-PA-10000565,Office Supplies,Paper,Easy-staple paper
OFF-PA-10001870,Office Supplies,Paper,Xerox 202
OFF-PA-10002615,Office Supplies,Paper,"Ampad Gold Fibre Wirebound Steno Books, 6"" x 9"", Gregg Ruled"
OFF-PA-10003172,Office Supplies,Paper,Xerox 1996
OFF-PA-10003673,Office Supplies,Paper,Strathmore Photo Mount Cards
OFF-PA-10004071,Office Supplies,Paper,"Eaton Premium Continuous-Feed Paper, 25% Cotton, Letter Size, White, 1000 Shts/Box"
OFF-ST-10002974,Office Supplies,Storage,"Trav-L-File Heavy-Duty Shuttle II, Black"
TEC-AC-10001432,Technology,Accessories,Enermax Aurora Lite Keyboard
TEC-AC-10003911,Technology,Accessories,NETGEAR AC1750 Dual Band Gigabit Smart WiFi Router
TEC-PH-10001448,Technology,Phones,Anker Astro 15000mAh USB Portable Charger
TEC-PH-10003012,Technology,Phones,Nortel Meridian M3904 Professional Digital phone
FUR-CH-10003312,Furniture,Chairs,Hon 2090 “Pillow Soft” Series Mid Back Swivel/Tilt Chairs
FUR-CH-10003774,Furniture,Chairs,"Global Wood Trimmed Manager's Task Chair, Khaki"
FUR-FU-10001424,Furniture,Furnishings,Dax Clear Box Frame
FUR-FU-10003878,Furniture,Furnishings,"Linden 10"" Round Wall Clock, Black"
FUR-FU-10004671,Furniture,Furnishings,"Executive Impressions 12"" Wall Clock"
FUR-TA-10004575,Furniture,Tables,Hon 5100 Series Wood Tables
OFF-AP-10002118,Office Supplies,Appliances,"1.7 Cubic Foot Compact ""Cube"" Office Refrigerators"
OFF-AR-10001022,Office Supplies,Art,SANFORD Liquid Accent Tank-Style Highlighters
OFF-AR-10001216,Office Supplies,Art,Newell 339
OFF-BI-10000145,Office Supplies,Binders,Zipper Ring Binder Pockets
OFF-BI-10002827,Office Supplies,Binders,Avery Durable Poly Binders
OFF-BI-10004738,Office Supplies,Binders,Flexible Leather- Look Classic Collection Ring Binder
OFF-EN-10001219,Office Supplies,Envelopes,"#10- 4 1/8"" x 9 1/2"" Security-Tint Envelopes"
OFF-LA-10000414,Office Supplies,Labels,Avery 503
OFF-PA-10000143,Office Supplies,Paper,Astroparche Fine Business Paper
OFF-PA-10000157,Office Supplies,Paper,Xerox 191
OFF-PA-10000157,Office Supplies,Paper,Xerox 191
OFF-PA-10001800,Office Supplies,Paper,Xerox 220
OFF-PA-10002764,Office Supplies,Paper,Easy-staple paper
OFF-PA-10003127,Office Supplies,Paper,Easy-staple paper
OFF-PA-10003302,Office Supplies,Paper,Xerox 1906
OFF-PA-10003845,Office Supplies,Paper,Xerox 1987
OFF-ST-10000615,Office Supplies,Storage,"SimpliFile Personal File, Black Granite, 15w x 6-15/16d x 11-1/4h"
OFF-ST-10000736,Office Supplies,Storage,Carina Double Wide Media Storage Towers in Natural & Black
OFF-ST-10001414,Office Supplies,Storage,Decoflex Hanging Personal Folder File
TEC-AC-10001465,Technology,Accessories,SanDisk Cruzer 64 GB USB Flash Drive
TEC-AC-10003441,Technology,Accessories,Kingston Digital DataTraveler 32GB USB 2.0
FUR-CH-10000422,Furniture,Chairs,Global Highback Leather Tilter in Burgundy
FUR-TA-10000849,Furniture,Tables,Bevis Rectangular Conference Tables
OFF-AP-10000696,Office Supplies,Appliances,Holmes Odor Grabber
OFF-BI-10000756,Office Supplies,Binders,Storex DuraTech Recycled Plastic Frosted Binders
OFF-BI-10002982,Office Supplies,Binders,Avery Self-Adhesive Photo Pockets for Polaroid Photos
TEC-AC-10002370,Technology,Accessories,Maxell CD-R Discs
TEC-AC-10003289,Technology,Accessories,Anker Ultra-Slim Mini Bluetooth 3.0 Wireless Keyboard
TEC-AC-10004975,Technology,Accessories,Plantronics Audio 995 Wireless Stereo Headset
TEC-PH-10002468,Technology,Phones,"Plantronics CS 50-USB - headset - Convertible, Monaural"
TEC-PH-10003811,Technology,Phones,Jabra Supreme Plus Driver Edition Headset
FUR-FU-10003535,Furniture,Furnishings,Howard Miller Distant Time Traveler Alarm Clock
OFF-AR-10002818,Office Supplies,Art,Panasonic KP-310 Heavy-Duty Electric Pencil Sharpener
FUR-CH-10003061,Furniture,Chairs,"Global Leather Task Chair, Black"
FUR-CH-10004675,Furniture,Chairs,"Lifetime Advantage Folding Chairs, 4/Carton"
FUR-FU-10000023,Furniture,Furnishings,Eldon Wave Desk Accessories
FUR-FU-10000629,Furniture,Furnishings,9-3/4 Diameter Round Wall Clock
OFF-BI-10004728,Office Supplies,Binders,Wilson Jones Turn Tabs Binder Tool for Ring Binders
OFF-ST-10002289,Office Supplies,Storage,"Safco Wire Cube Shelving System, For Use as 4 or 5 14"" Cubes, Black"
OFF-ST-10003208,Office Supplies,Storage,Adjustable Depth Letter/Legal Cart
OFF-ST-10003208,Office Supplies,Storage,Adjustable Depth Letter/Legal Cart
TEC-AC-10002567,Technology,Accessories,Logitech G602 Wireless Gaming Mouse
TEC-AC-10004171,Technology,Accessories,Razer Kraken 7.1 Surround Sound Over Ear USB Gaming Headset
TEC-AC-10004666,Technology,Accessories,Maxell iVDR EX 500GB Cartridge
TEC-PH-10004094,Technology,Phones,Motorola L703CM
FUR-CH-10001714,Furniture,Chairs,"Global Leather & Oak Executive Chair, Burgundy"
FUR-CH-10003312,Furniture,Chairs,Hon 2090 “Pillow Soft” Series Mid Back Swivel/Tilt Chairs
FUR-FU-10001468,Furniture,Furnishings,Tenex Antistatic Computer Chair Mats
OFF-AP-10004540,Office Supplies,Appliances,"Eureka The Boss Lite 10-Amp Upright Vacuum, Blue"
OFF-AR-10002221,Office Supplies,Art,12 Colored Short Pencils
OFF-BI-10000088,Office Supplies,Binders,GBC Imprintable Covers
OFF-BI-10001036,Office Supplies,Binders,Cardinal EasyOpen D-Ring Binders
OFF-BI-10001543,Office Supplies,Binders,GBC VeloBinder Manual Binding System
OFF-BI-10003925,Office Supplies,Binders,Fellowes PB300 Plastic Comb Binding Machine
OFF-BI-10004099,Office Supplies,Binders,GBC VeloBinder Strips
TEC-AC-10001314,Technology,Accessories,Case Logic 2.4GHz Wireless Keyboard
TEC-AC-10001772,Technology,Accessories,Memorex Mini Travel Drive 16 GB USB 2.0 Flash Drive
TEC-MA-10003183,Technology,Machines,DYMO CardScan Personal V9 Business Card Scanner
TEC-PH-10002200,Technology,Phones,Aastra 6757i CT Wireless VoIP phone
TEC-PH-10002563,Technology,Phones,Adtran 1202752G1
FUR-FU-10001424,Furniture,Furnishings,Dax Clear Box Frame
FUR-FU-10004090,Furniture,Furnishings,"Executive Impressions 14"" Contract Wall Clock"
OFF-AP-10002651,Office Supplies,Appliances,Hoover Upright Vacuum With Dirt Cup
OFF-AP-10003971,Office Supplies,Appliances,Belkin 6 Outlet Metallic Surge Strip
OFF-AR-10004260,Office Supplies,Art,Boston 1799 Powerhouse Electric Pencil Sharpener
OFF-BI-10000977,Office Supplies,Binders,Ibico Plastic Spiral Binding Combs
OFF-BI-10001510,Office Supplies,Binders,Deluxe Heavy-Duty Vinyl Round Ring Binder
OFF-BI-10002949,Office Supplies,Binders,Prestige Round Ring Binders
OFF-FA-10004854,Office Supplies,Fasteners,"Vinyl Coated Wire Paper Clips in Organizer Box, 800/Box"
OFF-LA-10001045,Office Supplies,Labels,Permanent Self-Adhesive File Folder Labels for Typewriters by Universal
OFF-PA-10000520,Office Supplies,Paper,Xerox 201
OFF-PA-10004451,Office Supplies,Paper,Xerox 222
OFF-ST-10003324,Office Supplies,Storage,Belkin OmniView SE Rackmount Kit
OFF-SU-10004661,Office Supplies,Supplies,Acme Titanium Bonded Scissors
TEC-PH-10004531,Technology,Phones,OtterBox Commuter Series Case - iPhone 5 & 5s
FUR-CH-10004875,Furniture,Chairs,Harbour Creations 67200 Series Stacking Chairs
FUR-FU-10000305,Furniture,Furnishings,"Tenex V2T-RE Standard Weight Series Chair Mat, 45"" x 53"", Lip 25"" x 12"""
FUR-FU-10001756,Furniture,Furnishings,"Eldon Expressions Desk Accessory, Wood Photo Frame, Mahogany"
OFF-AP-10004708,Office Supplies,Appliances,Fellowes Superior 10 Outlet Split Surge Protector
OFF-AR-10000315,Office Supplies,Art,"Dixon Ticonderoga Maple Cedar Pencil, #2"
OFF-BI-10000666,Office Supplies,Binders,Surelock Post Binders
OFF-BI-10003274,Office Supplies,Binders,"Avery Durable Slant Ring Binders, No Labels"
OFF-BI-10003460,Office Supplies,Binders,Acco 3-Hole Punch
OFF-EN-10001219,Office Supplies,Envelopes,"#10- 4 1/8"" x 9 1/2"" Security-Tint Envelopes"
OFF-FA-10003495,Office Supplies,Fasteners,Staples
OFF-LA-10004853,Office Supplies,Labels,Avery 483
OFF-PA-10001846,Office Supplies,Paper,Xerox 1899
OFF-PA-10002160,Office Supplies,Paper,Xerox 1978
OFF-PA-10002479,Office Supplies,Paper,Xerox 4200 Series MultiUse Premium Copy Paper (20Lb. and 84 Bright)
OFF-PA-10002749,Office Supplies,Paper,"Wirebound Message Books, 5-1/2 x 4 Forms, 2 or 4 Forms per Page"
OFF-PA-10003651,Office Supplies,Paper,Xerox 1968
OFF-PA-10003673,Office Supplies,Paper,Strathmore Photo Mount Cards
OFF-PA-10003823,Office Supplies,Paper,Xerox 197
OFF-ST-10002574,Office Supplies,Storage,"SAFCO Commercial Wire Shelving, Black"
OFF-ST-10002583,Office Supplies,Storage,Fellowes Neat Ideas Storage Cubes
OFF-ST-10003716,Office Supplies,Storage,Tennsco Double-Tier Lockers
OFF-SU-10000381,Office Supplies,Supplies,Acme Forged Steel Scissors with Black Enamel Handles
TEC-AC-10001266,Technology,Accessories,Memorex Micro Travel Drive 8 GB
TEC-AC-10003614,Technology,Accessories,"Verbatim 25 GB 6x Blu-ray Single Layer Recordable Disc, 10/Pack"
TEC-AC-10004227,Technology,Accessories,SanDisk Ultra 16 GB MicroSDHC Class 10 Memory Card
TEC-AC-10004568,Technology,Accessories,Maxell LTO Ultrium - 800 GB
TEC-PH-10000347,Technology,Phones,Cush Cases Heavy Duty Rugged Cover Case for Samsung Galaxy S5 - Purple
TEC-PH-10001459,Technology,Phones,Samsung Galaxy Mega 6.3
TEC-PH-10002824,Technology,Phones,Jabra SPEAK 410 Multidevice Speakerphone
TEC-PH-10004908,Technology,Phones,Panasonic KX TS3282W Corded phone
FUR-BO-10003441,Furniture,Bookcases,"Bush Westfield Collection Bookcases, Fully Assembled"
FUR-CH-10001215,Furniture,Chairs,Global Troy Executive Leather Low-Back Tilter
FUR-FU-10004845,Furniture,Furnishings,"Deflect-o EconoMat Nonstudded, No Bevel Mat"
OFF-AP-10004868,Office Supplies,Appliances,Hoover Commercial Soft Guard Upright Vacuum And Disposable Filtration Bags
OFF-AR-10002335,Office Supplies,Art,DIXON Oriole Pencils
OFF-BI-10001718,Office Supplies,Binders,GBC DocuBind P50 Personal Binding Machine
OFF-BI-10003196,Office Supplies,Binders,Accohide Poly Flexible Ring Binders
OFF-LA-10001613,Office Supplies,Labels,Avery File Folder Labels
OFF-PA-10003424,Office Supplies,Paper,"""While you Were Out"" Message Book, One Form per Page"
OFF-ST-10000943,Office Supplies,Storage,Eldon ProFile File 'N Store Portable File Tub Letter/Legal Size Black
OFF-ST-10000991,Office Supplies,Storage,Space Solutions HD Industrial Steel Shelving.
OFF-ST-10003656,Office Supplies,Storage,Safco Industrial Wire Shelving
OFF-ST-10003716,Office Supplies,Storage,Tennsco Double-Tier Lockers
OFF-ST-10004634,Office Supplies,Storage,"Personal Folder Holder, Ebony"
TEC-AC-10000682,Technology,Accessories,Kensington K72356US Mouse-in-a-Box USB Desktop Mouse
TEC-AC-10000927,Technology,Accessories,Anker Ultrathin Bluetooth Wireless Keyboard Aluminum Cover with Stand
TEC-AC-10002399,Technology,Accessories,SanDisk Cruzer 32 GB USB Flash Drive
TEC-AC-10004114,Technology,Accessories,KeyTronic 6101 Series - Keyboard - Black
TEC-MA-10002210,Technology,Machines,Epson TM-T88V Direct Thermal Printer - Monochrome - Desktop
TEC-PH-10003442,Technology,Phones,Samsung Replacement EH64AVFWE Premium Headset
TEC-PH-10003988,Technology,Phones,"LF Elite 3D Dazzle Designer Hard Case Cover, Lf Stylus Pen and Wiper For Apple Iphone 5c Mini Lite"
TEC-PH-10004389,Technology,Phones,Nokia Lumia 925
FUR-CH-10002965,Furniture,Chairs,"Global Leather Highback Executive Chair with Pneumatic Height Adjustment, Black"
OFF-AR-10003504,Office Supplies,Art,Newell 347
OFF-AR-10003582,Office Supplies,Art,"Boston Electric Pencil Sharpener, Model 1818, Charcoal Black"
OFF-BI-10002949,Office Supplies,Binders,Prestige Round Ring Binders
OFF-BI-10003669,Office Supplies,Binders,3M Organizer Strips
OFF-BI-10003684,Office Supplies,Binders,Wilson Jones Legal Size Ring Binders
OFF-EN-10004459,Office Supplies,Envelopes,Security-Tint Envelopes
OFF-ST-10003996,Office Supplies,Storage,"Letter/Legal File Tote with Clear Snap-On Lid, Black Granite"
TEC-AC-10004855,Technology,Accessories,V7 USB Numeric Keypad
TEC-PH-10000011,Technology,Phones,PureGear Roll-On Screen Protector
OFF-AR-10003183,Office Supplies,Art,Avery Fluorescent Highlighter Four-Color Set
FUR-FU-10001488,Furniture,Furnishings,"Tenex 46"" x 60"" Computer Anti-Static Chairmat, Rectangular Shaped"
FUR-FU-10003553,Furniture,Furnishings,"Howard Miller 13-1/2"" Diameter Rosebrook Wall Clock"
FUR-FU-10001196,Furniture,Furnishings,DAX Cubicle Frames - 8x10
FUR-FU-10001847,Furniture,Furnishings,Eldon Image Series Black Desk Accessories
FUR-FU-10003268,Furniture,Furnishings,Eldon Radial Chair Mat for Low to Medium Pile Carpets
FUR-FU-10003394,Furniture,Furnishings,"Tenex ""The Solids"" Textured Chair Mats"
OFF-AR-10000255,Office Supplies,Art,Newell 328
OFF-AR-10004022,Office Supplies,Art,Panasonic KP-380BK Classic Electric Pencil Sharpener
OFF-BI-10002949,Office Supplies,Binders,Prestige Round Ring Binders
OFF-PA-10001363,Office Supplies,Paper,Xerox 1933
OFF-PA-10004092,Office Supplies,Paper,Tops Green Bar Computer Printout Paper
OFF-ST-10001963,Office Supplies,Storage,Tennsco Regal Shelving Units
OFF-ST-10002486,Office Supplies,Storage,Eldon Shelf Savers Cubes and Bins
OFF-ST-10003123,Office Supplies,Storage,Fellowes Bases and Tops For Staxonsteel/High-Stak Systems
TEC-AC-10002335,Technology,Accessories,Logitech Media Keyboard K200
TEC-CO-10002095,Technology,Copiers,Hewlett Packard 610 Color Digital Copier / Printer
TEC-MA-10000488,Technology,Machines,Bady BDG101FRU Card Printer
TEC-MA-10003173,Technology,Machines,Hewlett-Packard 300S Scientific Calculator
TEC-PH-10002583,Technology,Phones,iOttie HLCRIO102 Car Mount
TEC-PH-10003171,Technology,Phones,Plantronics Encore H101 Dual Earpieces Headset
FUR-BO-10002202,Furniture,Bookcases,"Atlantic Metals Mobile 2-Shelf Bookcases, Custom Colors"
FUR-FU-10004091,Furniture,Furnishings,"Howard Miller 13"" Diameter Goldtone Round Wall Clock"
OFF-AP-10004036,Office Supplies,Appliances,Bionaire 99.97% HEPA Air Cleaner
OFF-AR-10001958,Office Supplies,Art,Stanley Bostitch Contemporary Electric Pencil Sharpeners
OFF-BI-10000050,Office Supplies,Binders,"Angle-D Binders with Locking Rings, Label Holders"
OFF-BI-10002103,Office Supplies,Binders,"Cardinal Slant-D Ring Binder, Heavy Gauge Vinyl"
OFF-BI-10002813,Office Supplies,Binders,Avery Reinforcements for Hole-Punch Pages
OFF-PA-10002558,Office Supplies,Paper,Xerox 1938
OFF-PA-10003205,Office Supplies,Paper,"Wirebound Message Forms, Four 2 3/4 x 5 Forms per Page, Pink Paper"
OFF-PA-10004735,Office Supplies,Paper,Xerox 1905
OFF-ST-10000142,Office Supplies,Storage,Deluxe Rollaway Locking File with Drawer
TEC-AC-10001539,Technology,Accessories,Logitech G430 Surround Sound Gaming Headset with Dolby 7.1 Technology
TEC-AC-10003174,Technology,Accessories,Plantronics S12 Corded Telephone Headset System
TEC-AC-10003610,Technology,Accessories,Logitech Illuminated - Keyboard
TEC-CO-10004722,Technology,Copiers,Canon imageCLASS 2200 Advanced Copier
TEC-PH-10004006,Technology,Phones,Panasonic KX - TS880B Telephone
FUR-CH-10000422,Furniture,Chairs,Global Highback Leather Tilter in Burgundy
FUR-FU-10000206,Furniture,Furnishings,"GE General Purpose, Extra Long Life, Showcase & Floodlight Incandescent Bulbs"
FUR-FU-10002597,Furniture,Furnishings,"C-Line Magnetic Cubicle Keepers, Clear Polypropylene"
OFF-AP-10002684,Office Supplies,Appliances,"Acco 7-Outlet Masterpiece Power Center, Wihtout Fax/Phone Line Protection"
OFF-AR-10001860,Office Supplies,Art,BIC Liqua Brite Liner
OFF-BI-10001116,Office Supplies,Binders,"Wilson Jones 1"" Hanging DublLock Ring Binders"
OFF-BI-10001636,Office Supplies,Binders,Ibico Plastic and Wire Spiral Binding Combs
OFF-EN-10002592,Office Supplies,Envelopes,"Peel & Seel Recycled Catalog Envelopes, Brown"
OFF-FA-10000611,Office Supplies,Fasteners,Binder Clips by OIC
OFF-LA-10003720,Office Supplies,Labels,Avery 487
OFF-PA-10001977,Office Supplies,Paper,Xerox 194
OFF-PA-10003309,Office Supplies,Paper,Xerox 211
OFF-PA-10004609,Office Supplies,Paper,Xerox 221
OFF-ST-10000563,Office Supplies,Storage,Fellowes Bankers Box Stor/Drawer Steel Plus
OFF-ST-10000777,Office Supplies,Storage,"Companion Letter/Legal File, Black"
OFF-ST-10001321,Office Supplies,Storage,"Decoflex Hanging Personal Folder File, Blue"
OFF-ST-10002301,Office Supplies,Storage,Tennsco Commercial Shelving
OFF-ST-10003442,Office Supplies,Storage,Eldon Portable Mobile Manager
OFF-SU-10001225,Office Supplies,Supplies,Staple remover
TEC-AC-10003832,Technology,Accessories,Imation 16GB Mini TravelDrive USB 2.0 Flash Drive
TEC-PH-10000923,Technology,Phones,"Belkin SportFit Armband For iPhone 5s/5c, Fuchsia"
FUR-CH-10001973,Furniture,Chairs,Office Star Flex Back Scooter Chair with White Frame
FUR-CH-10003774,Furniture,Chairs,"Global Wood Trimmed Manager's Task Chair, Khaki"
FUR-CH-10004675,Furniture,Chairs,"Lifetime Advantage Folding Chairs, 4/Carton"
FUR-FU-10001967,Furniture,Furnishings,Telescoping Adjustable Floor Lamp
FUR-FU-10002685,Furniture,Furnishings,"Executive Impressions 13-1/2"" Indoor/Outdoor Wall Clock"
FUR-FU-10004665,Furniture,Furnishings,"3M Polarizing Task Lamp with Clamp Arm, Light Gray"
FUR-TA-10001676,Furniture,Tables,Hon 61000 Series Interactive Training Tables
FUR-TA-10002533,Furniture,Tables,BPI Conference Tables
FUR-TA-10002622,Furniture,Tables,"Bush Andora Conference Table, Maple/Graphite Gray Finish"
OFF-AP-10003849,Office Supplies,Appliances,Hoover Shoulder Vac Commercial Portable Vacuum
OFF-AR-10001177,Office Supplies,Art,Newell 349
OFF-AR-10001915,Office Supplies,Art,Peel-Off China Markers
OFF-AR-10003373,Office Supplies,Art,"Boston School Pro Electric Pencil Sharpener, 1670"
OFF-AR-10003876,Office Supplies,Art,"Avery Hi-Liter GlideStik Fluorescent Highlighter, Yellow Ink"
OFF-BI-10000088,Office Supplies,Binders,GBC Imprintable Covers
OFF-BI-10000404,Office Supplies,Binders,Avery Printable Repositionable Plastic Tabs
OFF-BI-10001628,Office Supplies,Binders,"Acco Data Flex Cable Posts For Top & Bottom Load Binders, 6"" Capacity"
OFF-BI-10003527,Office Supplies,Binders,Fellowes PB500 Electric Punch Plastic Comb Binding Machine with Manual Bind
OFF-BI-10003984,Office Supplies,Binders,Lock-Up Easel 'Spel-Binder'
OFF-EN-10001415,Office Supplies,Envelopes,Staple envelope
OFF-FA-10000624,Office Supplies,Fasteners,OIC Binder Clips
OFF-PA-10000308,Office Supplies,Paper,Xerox 1901
OFF-PA-10002986,Office Supplies,Paper,Xerox 1898
OFF-ST-10000675,Office Supplies,Storage,"File Shuttle II and Handi-File, Black"
OFF-SU-10001165,Office Supplies,Supplies,Acme Elite Stainless Steel Scissors
TEC-PH-10000376,Technology,Phones,Square Credit Card Reader
FUR-BO-10003159,Furniture,Bookcases,"Sauder Camden County Collection Libraries, Planked Cherry Finish"
FUR-CH-10001482,Furniture,Chairs,Office Star - Mesh Screen back chair with Vinyl seat
FUR-CH-10003956,Furniture,Chairs,Novimex High-Tech Fabric Mesh Task Chair
FUR-FU-10000206,Furniture,Furnishings,"GE General Purpose, Extra Long Life, Showcase & Floodlight Incandescent Bulbs"
FUR-FU-10000629,Furniture,Furnishings,9-3/4 Diameter Round Wall Clock
FUR-FU-10000820,Furniture,Furnishings,Tensor Brushed Steel Torchiere Floor Lamp
FUR-FU-10001861,Furniture,Furnishings,"Floodlight Indoor Halogen Bulbs, 1 Bulb per Pack, 60 Watts"
FUR-FU-10003347,Furniture,Furnishings,Coloredge Poster Frame
OFF-AR-10000203,Office Supplies,Art,Newell 336
OFF-AR-10001026,Office Supplies,Art,"Sanford Uni-Blazer View Highlighters, Chisel Tip, Yellow"
OFF-AR-10004602,Office Supplies,Art,Boston KS Multi-Size Manual Pencil Sharpener
OFF-AR-10004790,Office Supplies,Art,Staples in misc. colors
OFF-BI-10000069,Office Supplies,Binders,"GBC Prepunched Paper, 19-Hole, for Binding Systems, 24-lb"
OFF-PA-10003651,Office Supplies,Paper,Xerox 1968
TEC-AC-10003433,Technology,Accessories,Maxell 4.7GB DVD+R 5/Pack
TEC-PH-10001363,Technology,Phones,Apple iPhone 5S
TEC-PH-10001459,Technology,Phones,Samsung Galaxy Mega 6.3
FUR-FU-10003535,Furniture,Furnishings,Howard Miller Distant Time Traveler Alarm Clock
FUR-TA-10004767,Furniture,Tables,Safco Drafting Table
OFF-AP-10001492,Office Supplies,Appliances,"Acco Six-Outlet Power Strip, 4' Cord Length"
OFF-AR-10003394,Office Supplies,Art,Newell 332
OFF-AR-10003856,Office Supplies,Art,Newell 344
OFF-BI-10001191,Office Supplies,Binders,Canvas Sectional Post Binders
OFF-BI-10001670,Office Supplies,Binders,Vinyl Sectional Post Binders
OFF-FA-10004248,Office Supplies,Fasteners,Advantus T-Pin Paper Clips
OFF-PA-10001204,Office Supplies,Paper,Xerox 1972
OFF-PA-10003797,Office Supplies,Paper,Xerox 209
OFF-ST-10002444,Office Supplies,Storage,Recycled Eldon Regeneration Jumbo File
OFF-ST-10003442,Office Supplies,Storage,Eldon Portable Mobile Manager
TEC-MA-10002073,Technology,Machines,"3D Systems Cube Printer, 2nd Generation, White"
TEC-PH-10003555,Technology,Phones,Motorola HK250 Universal Bluetooth Headset
TEC-PH-10004165,Technology,Phones,Mitel MiVoice 5330e IP Phone
OFF-AR-10000122,Office Supplies,Art,Newell 314
FUR-FU-10000320,Furniture,Furnishings,OIC Stacking Trays
FUR-FU-10003347,Furniture,Furnishings,Coloredge Poster Frame
FUR-FU-10004909,Furniture,Furnishings,Contemporary Wood/Metal Frame
FUR-TA-10003008,Furniture,Tables,"Lesro Round Back Collection Coffee Table, End Table"
OFF-AR-10000390,Office Supplies,Art,Newell Chalk Holder
OFF-BI-10001543,Office Supplies,Binders,GBC VeloBinder Manual Binding System
OFF-BI-10001658,Office Supplies,Binders,GBC Standard Therm-A-Bind Covers
OFF-BI-10003707,Office Supplies,Binders,Aluminum Screw Posts
OFF-LA-10001613,Office Supplies,Labels,Avery File Folder Labels
OFF-PA-10000477,Office Supplies,Paper,Xerox 22
OFF-PA-10002923,Office Supplies,Paper,Xerox 1942
OFF-PA-10004285,Office Supplies,Paper,Xerox 1959
OFF-SU-10001935,Office Supplies,Supplies,Staple remover
TEC-AC-10003499,Technology,Accessories,Memorex Mini Travel Drive 8 GB USB 2.0 Flash Drive
TEC-PH-10001305,Technology,Phones,Panasonic KX TS208W Corded phone
TEC-PH-10002844,Technology,Phones,Speck Products Candyshell Flip Case
TEC-PH-10004447,Technology,Phones,Toshiba IPT2010-SD IP Telephone
FUR-BO-10000780,Furniture,Bookcases,O'Sullivan Plantations 2-Door Library in Landvery Oak
FUR-CH-10000785,Furniture,Chairs,Global Ergonomic Managers Chair
FUR-TA-10000617,Furniture,Tables,"Hon Practical Foundations 30 x 60 Training Table, Light Gray/Charcoal"
FUR-TA-10001676,Furniture,Tables,Hon 61000 Series Interactive Training Tables
OFF-AP-10002311,Office Supplies,Appliances,"Holmes Replacement Filter for HEPA Air Cleaner, Very Large Room, HEPA Filter"
OFF-AR-10001860,Office Supplies,Art,BIC Liqua Brite Liner
OFF-AR-10003759,Office Supplies,Art,"Crayola Anti Dust Chalk, 12/Pack"
OFF-BI-10000216,Office Supplies,Binders,"Mead 1st Gear 2"" Zipper Binder, Asst. Colors"
OFF-BI-10000546,Office Supplies,Binders,Avery Durable Binders
OFF-BI-10001597,Office Supplies,Binders,"Wilson Jones Ledger-Size, Piano-Hinge Binder, 2"", Blue"
OFF-BI-10004230,Office Supplies,Binders,GBC Recycled Grain Textured Covers
OFF-BI-10004465,Office Supplies,Binders,Avery Durable Slant Ring Binders
OFF-EN-10003001,Office Supplies,Envelopes,Ames Color-File Green Diamond Border X-ray Mailers
OFF-EN-10003448,Office Supplies,Envelopes,"Peel & Seel Recycled Catalog Envelopes, Brown"
OFF-FA-10004248,Office Supplies,Fasteners,Advantus T-Pin Paper Clips
OFF-PA-10000675,Office Supplies,Paper,Xerox 1919
OFF-PA-10001838,Office Supplies,Paper,"Adams Telephone Message Book W/Dividers/Space For Phone Numbers, 5 1/4""X8 1/2"", 300/Messages"
OFF-PA-10001972,Office Supplies,Paper,Xerox 214
OFF-PA-10002137,Office Supplies,Paper,"Southworth 100% Résumé Paper, 24lb."
OFF-ST-10000060,Office Supplies,Storage,Fellowes Bankers Box Staxonsteel Drawer File/Stacking System
OFF-ST-10001526,Office Supplies,Storage,Iceberg Mobile Mega Data/Printer Cart
OFF-ST-10003123,Office Supplies,Storage,Fellowes Bases and Tops For Staxonsteel/High-Stak Systems
TEC-AC-10001772,Technology,Accessories,Memorex Mini Travel Drive 16 GB USB 2.0 Flash Drive
TEC-PH-10002807,Technology,Phones,Motorla HX550 Universal Bluetooth Headset
TEC-PH-10003437,Technology,Phones,Blue Parrot B250XT Professional Grade Wireless Bluetooth Headset with
FUR-BO-10002213,Furniture,Bookcases,"Sauder Forest Hills Library, Woodland Oak Finish"
FUR-BO-10003965,Furniture,Bookcases,O'Sullivan Manor Hill 2-Door Library in Brianna Oak
FUR-CH-10001854,Furniture,Chairs,Office Star - Professional Matrix Back Chair with 2-to-1 Synchro Tilt and Mesh Fabric Seat
FUR-CH-10002126,Furniture,Chairs,Hon Deluxe Fabric Upholstered Stacking Chairs
OFF-AP-10002867,Office Supplies,Appliances,Fellowes Command Center 5-outlet power strip
OFF-AR-10001761,Office Supplies,Art,Avery Hi-Liter Smear-Safe Highlighters
OFF-AR-10002335,Office Supplies,Art,DIXON Oriole Pencils
OFF-PA-10002377,Office Supplies,Paper,"Adams Telephone Message Book W/Dividers/Space For Phone Numbers, 5 1/4""X8 1/2"", 200/Messages"
OFF-PA-10003724,Office Supplies,Paper,"Wirebound Message Book, 4 per Page"
OFF-ST-10001097,Office Supplies,Storage,Office Impressions Heavy Duty Welded Shelving & Multimedia Storage Drawers
OFF-ST-10001325,Office Supplies,Storage,Sterilite Officeware Hinged File Box
TEC-PH-10003437,Technology,Phones,Blue Parrot B250XT Professional Grade Wireless Bluetooth Headset with
TEC-PH-10004071,Technology,Phones,PayAnywhere Card Reader
FUR-CH-10004287,Furniture,Chairs,SAFCO Arco Folding Chair
FUR-FU-10001290,Furniture,Furnishings,Executive Impressions Supervisor Wall Clock
FUR-FU-10001473,Furniture,Furnishings,DAX Wood Document Frame
FUR-FU-10003623,Furniture,Furnishings,"DataProducts Ampli Magnifier Task Lamp, Black,"
FUR-TA-10001039,Furniture,Tables,KI Adjustable-Height Table
OFF-AP-10001962,Office Supplies,Appliances,Black & Decker Filter for Double Action Dustbuster Cordless Vac BLDV7210
OFF-AP-10002082,Office Supplies,Appliances,Holmes HEPA Air Purifier
OFF-AP-10004708,Office Supplies,Appliances,Fellowes Superior 10 Outlet Split Surge Protector
OFF-AR-10003504,Office Supplies,Art,Newell 347
OFF-BI-10001524,Office Supplies,Binders,GBC Premium Transparent Covers with Diagonal Lined Pattern
OFF-BI-10003364,Office Supplies,Binders,Binding Machine Supplies
TEC-AC-10002399,Technology,Accessories,SanDisk Cruzer 32 GB USB Flash Drive
TEC-PH-10001819,Technology,Phones,Innergie mMini Combo Duo USB Travel Charging Kit
TEC-PH-10002310,Technology,Phones,Plantronics Calisto P620-M USB Wireless Speakerphone System
TEC-PH-10002624,Technology,Phones,Samsung Galaxy S4 Mini
TEC-PH-10003092,Technology,Phones,Motorola L804
FUR-FU-10000732,Furniture,Furnishings,Eldon 200 Class Desk Accessories
FUR-FU-10004091,Furniture,Furnishings,"Howard Miller 13"" Diameter Goldtone Round Wall Clock"
OFF-AP-10001205,Office Supplies,Appliances,Belkin 5 Outlet SurgeMaster Power Centers
OFF-AR-10000422,Office Supplies,Art,Pencil and Crayon Sharpener
OFF-AR-10001573,Office Supplies,Art,American Pencil
OFF-BI-10001196,Office Supplies,Binders,"Avery Flip-Chart Easel Binder, Black"
OFF-BI-10001989,Office Supplies,Binders,Premium Transparent Presentation Covers by GBC
OFF-BI-10004519,Office Supplies,Binders,GBC DocuBind P100 Manual Binding Machine
OFF-PA-10003129,Office Supplies,Paper,Tops White Computer Printout Paper
OFF-PA-10003641,Office Supplies,Paper,Xerox 1909
TEC-AC-10001284,Technology,Accessories,Enermax Briskie RF Wireless Keyboard and Mouse Combo
TEC-AC-10001772,Technology,Accessories,Memorex Mini Travel Drive 16 GB USB 2.0 Flash Drive
TEC-PH-10004100,Technology,Phones,Griffin GC17055 Auxiliary Audio Cable
FUR-FU-10000576,Furniture,Furnishings,Luxo Professional Fluorescent Magnifier Lamp with Clamp-Mount Base
FUR-FU-10000576,Furniture,Furnishings,Luxo Professional Fluorescent Magnifier Lamp with Clamp-Mount Base
FUR-FU-10003601,Furniture,Furnishings,"Deflect-o RollaMat Studded, Beveled Mat for Medium Pile Carpeting"
FUR-FU-10004270,Furniture,Furnishings,"Eldon Image Series Desk Accessories, Burgundy"
FUR-TA-10004154,Furniture,Tables,"Riverside Furniture Oval Coffee Table, Oval End Table, End Table with Drawer"
OFF-AR-10004582,Office Supplies,Art,BIC Brite Liner Grip Highlighters
OFF-EN-10003055,Office Supplies,Envelopes,"Blue String-Tie & Button Interoffice Envelopes, 10 x 13"
OFF-LA-10001074,Office Supplies,Labels,Round Specialty Laser Printer Labels
OFF-PA-10000788,Office Supplies,Paper,Xerox 210
OFF-PA-10002479,Office Supplies,Paper,Xerox 4200 Series MultiUse Premium Copy Paper (20Lb. and 84 Bright)
OFF-PA-10004071,Office Supplies,Paper,"Eaton Premium Continuous-Feed Paper, 25% Cotton, Letter Size, White, 1000 Shts/Box"
TEC-PH-10002834,Technology,Phones,Google Nexus 5
FUR-CH-10000454,Furniture,Chairs,"Hon Deluxe Fabric Upholstered Stacking Chairs, Rounded Back"
FUR-FU-10004017,Furniture,Furnishings,"Executive Impressions 13"" Chairman Wall Clock"
FUR-CH-10003981,Furniture,Chairs,Global Commerce Series Low-Back Swivel/Tilt Chairs
FUR-CH-10004287,Furniture,Chairs,SAFCO Arco Folding Chair
FUR-FU-10003489,Furniture,Furnishings,Contemporary Borderless Frame
FUR-TA-10001889,Furniture,Tables,Bush Advantage Collection Racetrack Conference Table
OFF-AP-10003779,Office Supplies,Appliances,Kensington 7 Outlet MasterPiece Power Center with Fax/Phone Line Protection
OFF-AR-10001044,Office Supplies,Art,"BOSTON Ranger #55 Pencil Sharpener, Black"
OFF-BI-10003984,Office Supplies,Binders,Lock-Up Easel 'Spel-Binder'
OFF-FA-10000611,Office Supplies,Fasteners,Binder Clips by OIC
OFF-ST-10000604,Office Supplies,Storage,Home/Office Personal File Carts
OFF-ST-10001809,Office Supplies,Storage,Fellowes Officeware Wire Shelving
OFF-ST-10002182,Office Supplies,Storage,"Iris 3-Drawer Stacking Bin, Black"
TEC-AC-10001767,Technology,Accessories,SanDisk Ultra 64 GB MicroSDHC Class 10 Memory Card
TEC-AC-10002001,Technology,Accessories,Logitech Wireless Gaming Headset G930
TEC-PH-10001468,Technology,Phones,Panasonic Business Telephones KX-T7736
TEC-PH-10002564,Technology,Phones,OtterBox Defender Series Case - Samsung Galaxy S4
FUR-BO-10002598,Furniture,Bookcases,"Hon Metal Bookcases, Putty"
FUR-CH-10000155,Furniture,Chairs,Global Comet Stacking Armless Chair
FUR-CH-10002602,Furniture,Chairs,DMI Arturo Collection Mission-style Design Wood Chair
FUR-CH-10003379,Furniture,Chairs,Global Commerce Series High-Back Swivel/Tilt Chairs
FUR-FU-10000023,Furniture,Furnishings,Eldon Wave Desk Accessories
FUR-FU-10002885,Furniture,Furnishings,Magna Visual Magnetic Picture Hangers
FUR-FU-10003394,Furniture,Furnishings,"Tenex ""The Solids"" Textured Chair Mats"
FUR-FU-10003798,Furniture,Furnishings,"Ultra Door Kickplate, 8""H x 34""W"
OFF-AP-10000358,Office Supplies,Appliances,Fellowes Basic Home/Office Series Surge Protectors
OFF-BI-10001759,Office Supplies,Binders,"Acco Pressboard Covers with Storage Hooks, 14 7/8"" x 11"", Dark Blue"
OFF-BI-10002003,Office Supplies,Binders,Ibico Presentation Index for Binding Systems
OFF-BI-10002764,Office Supplies,Binders,Recycled Pressboard Report Cover with Reinforced Top Hinge
OFF-BI-10003274,Office Supplies,Binders,"Avery Durable Slant Ring Binders, No Labels"
OFF-BI-10003429,Office Supplies,Binders,"Cardinal HOLDit! Binder Insert Strips,Extra Strips"
OFF-BI-10003460,Office Supplies,Binders,Acco 3-Hole Punch
OFF-EN-10003040,Office Supplies,Envelopes,Quality Park Security Envelopes
OFF-FA-10000134,Office Supplies,Fasteners,"Advantus Push Pins, Aluminum Head"
OFF-LA-10004853,Office Supplies,Labels,Avery 483
OFF-PA-10000520,Office Supplies,Paper,Xerox 201
OFF-PA-10001593,Office Supplies,Paper,Xerox 1947
OFF-PA-10001972,Office Supplies,Paper,Xerox 214
OFF-PA-10004735,Office Supplies,Paper,Xerox 1905
OFF-ST-10000642,Office Supplies,Storage,"Tennsco Lockers, Gray"
OFF-ST-10001228,Office Supplies,Storage,Personal File Boxes with Fold-Down Carry Handle
OFF-ST-10001522,Office Supplies,Storage,"Gould Plastics 18-Pocket Panel Bin, 34w x 5-1/4d x 20-1/2h"
OFF-ST-10002756,Office Supplies,Storage,"Tennsco Stur-D-Stor Boltless Shelving, 5 Shelves, 24"" Deep, Sand"
OFF-ST-10002790,Office Supplies,Storage,Safco Industrial Shelving
TEC-AC-10000290,Technology,Accessories,Sabrent 4-Port USB 2.0 Hub
TEC-PH-10000586,Technology,Phones,AT&T SB67148 SynJ
TEC-PH-10000923,Technology,Phones,"Belkin SportFit Armband For iPhone 5s/5c, Fuchsia"
TEC-PH-10001254,Technology,Phones,Jabra BIZ 2300 Duo QD Duo Corded Headset
TEC-PH-10001700,Technology,Phones,Panasonic KX-TG6844B Expandable Digital Cordless Telephone
TEC-PH-10004912,Technology,Phones,Cisco SPA112 2 Port Phone Adapter
TEC-PH-10004977,Technology,Phones,GE 30524EE4
FUR-BO-10003546,Furniture,Bookcases,Hon 4-Shelf Metal Bookcases
FUR-CH-10001854,Furniture,Chairs,Office Star - Professional Matrix Back Chair with 2-to-1 Synchro Tilt and Mesh Fabric Seat
FUR-CH-10002335,Furniture,Chairs,Hon GuestStacker Chair
FUR-CH-10004983,Furniture,Chairs,Office Star - Mid Back Dual function Ergonomic High Back Chair with 2-Way Adjustable Arms
FUR-FU-10001488,Furniture,Furnishings,"Tenex 46"" x 60"" Computer Anti-Static Chairmat, Rectangular Shaped"
FUR-FU-10004020,Furniture,Furnishings,Advantus Panel Wall Acrylic Frame
OFF-AP-10001293,Office Supplies,Appliances,Belkin 8 Outlet Surge Protector
OFF-AP-10002534,Office Supplies,Appliances,3.6 Cubic Foot Counter Height Office Refrigerator
OFF-AP-10002765,Office Supplies,Appliances,Fellowes Advanced Computer Series Surge Protectors
OFF-AR-10000817,Office Supplies,Art,Manco Dry-Lighter Erasable Highlighter
OFF-AR-10001446,Office Supplies,Art,Newell 309
OFF-AR-10001662,Office Supplies,Art,Rogers Handheld Barrel Pencil Sharpener
OFF-AR-10001868,Office Supplies,Art,Prang Dustless Chalk Sticks
OFF-AR-10003903,Office Supplies,Art,Sanford 52201 APSCO Electric Pencil Sharpener
OFF-AR-10004022,Office Supplies,Art,Panasonic KP-380BK Classic Electric Pencil Sharpener
OFF-AR-10004344,Office Supplies,Art,Bulldog Vacuum Base Pencil Sharpener
OFF-BI-10000632,Office Supplies,Binders,Satellite Sectional Post Binders
OFF-BI-10001670,Office Supplies,Binders,Vinyl Sectional Post Binders
OFF-BI-10002429,Office Supplies,Binders,"Premier Elliptical Ring Binder, Black"
OFF-BI-10003650,Office Supplies,Binders,GBC DocuBind 300 Electric Binding Machine
OFF-BI-10003707,Office Supplies,Binders,Aluminum Screw Posts
OFF-BI-10004187,Office Supplies,Binders,3-ring staple pack
OFF-PA-10003724,Office Supplies,Paper,"Wirebound Message Book, 4 per Page"
OFF-PA-10003893,Office Supplies,Paper,Xerox 1962
OFF-PA-10004475,Office Supplies,Paper,Xerox 1940
OFF-ST-10003306,Office Supplies,Storage,Letter Size Cart
OFF-ST-10004340,Office Supplies,Storage,"Fellowes Mobile File Cart, Black"
OFF-SU-10001935,Office Supplies,Supplies,Staple remover
TEC-PH-10000213,Technology,Phones,Seidio BD2-HK3IPH5-BK DILEX Case and Holster Combo for Apple iPhone 5/5s - Black
TEC-PH-10001448,Technology,Phones,Anker Astro 15000mAh USB Portable Charger
TEC-PH-10001795,Technology,Phones,ClearOne CHATAttach 160 - speaker phone
TEC-PH-10004531,Technology,Phones,AT&T CL2909
TEC-PH-10004833,Technology,Phones,Macally Suction Cup Mount
TEC-PH-10004977,Technology,Phones,GE 30524EE4
FUR-FU-10001588,Furniture,Furnishings,"Deflect-o SuperTray Unbreakable Stackable Tray, Letter, Black"
FUR-FU-10002759,Furniture,Furnishings,12-1/2 Diameter Round Wall Clock
OFF-AR-10000940,Office Supplies,Art,Newell 343
FUR-FU-10000820,Furniture,Furnishings,Tensor Brushed Steel Torchiere Floor Lamp
FUR-FU-10004053,Furniture,Furnishings,DAX Two-Tone Silver Metal Document Frame
FUR-FU-10004270,Furniture,Furnishings,"Eldon Image Series Desk Accessories, Burgundy"
FUR-FU-10004351,Furniture,Furnishings,Staple-based wall hangings
FUR-TA-10002958,Furniture,Tables,"Bevis Oval Conference Table, Walnut"
OFF-AP-10002350,Office Supplies,Appliances,Belkin F9H710-06 7 Outlet SurgeMaster Surge Protector
OFF-AR-10003856,Office Supplies,Art,Newell 344
OFF-BI-10001524,Office Supplies,Binders,GBC Premium Transparent Covers with Diagonal Lined Pattern
OFF-BI-10001553,Office Supplies,Binders,SpineVue Locking Slant-D Ring Binders by Cardinal
OFF-BI-10004233,Office Supplies,Binders,"GBC Pre-Punched Binding Paper, Plastic, White, 8-1/2"" x 11"""
OFF-LA-10001317,Office Supplies,Labels,Avery 520
OFF-PA-10000357,Office Supplies,Paper,Xerox 1888
OFF-PA-10001892,Office Supplies,Paper,"Rediform Wirebound ""Phone Memo"" Message Book, 11 x 5-3/4"
OFF-PA-10002246,Office Supplies,Paper,"Wirebound Four 2-3/4 x 5 Forms per Page, 400 Sets per Book"
OFF-PA-10003729,Office Supplies,Paper,Xerox 1998
OFF-SU-10004782,Office Supplies,Supplies,"Elite 5"" Scissors"
TEC-AC-10001990,Technology,Accessories,Kensington Orbit Wireless Mobile Trackball for PC and Mac
TEC-AC-10002006,Technology,Accessories,Memorex Micro Travel Drive 16 GB
TEC-AC-10002006,Technology,Accessories,Memorex Micro Travel Drive 16 GB
TEC-PH-10000576,Technology,Phones,AT&T 1080 Corded phone
FUR-CH-10001797,Furniture,Chairs,"Safco Chair Connectors, 6/Carton"
FUR-CH-10003817,Furniture,Chairs,"Global Value Steno Chair, Gray"
FUR-CH-10004540,Furniture,Chairs,Global Chrome Stack Chair
FUR-CH-10004860,Furniture,Chairs,Global Low Back Tilter Chair
FUR-FU-10001918,Furniture,Furnishings,C-Line Cubicle Keepers Polyproplyene Holder With Velcro Backings
FUR-FU-10002506,Furniture,Furnishings,"Tensor ""Hersey Kiss"" Styled Floor Lamp"
FUR-FU-10004093,Furniture,Furnishings,Hand-Finished Solid Wood Document Frame
OFF-AR-10000716,Office Supplies,Art,DIXON Ticonderoga Erasable Checking Pencils
OFF-AR-10001315,Office Supplies,Art,Newell 310
OFF-BI-10004364,Office Supplies,Binders,Storex Dura Pro Binders
OFF-PA-10000241,Office Supplies,Paper,"IBM Multi-Purpose Copy Paper, 8 1/2 x 11"", Case"
OFF-PA-10001838,Office Supplies,Paper,"Adams Telephone Message Book W/Dividers/Space For Phone Numbers, 5 1/4""X8 1/2"", 300/Messages"
OFF-PA-10002709,Office Supplies,Paper,Xerox 1956
OFF-ST-10000532,Office Supplies,Storage,Advantus Rolling Drawer Organizers
TEC-AC-10000580,Technology,Accessories,Logitech G13 Programmable Gameboard with LCD Display
TEC-AC-10001539,Technology,Accessories,Logitech G430 Surround Sound Gaming Headset with Dolby 7.1 Technology
TEC-AC-10004595,Technology,Accessories,First Data TMFD35 PIN Pad
TEC-MA-10001856,Technology,Machines,Okidata C610n Printer
FUR-FU-10004270,Furniture,Furnishings,"Eldon Image Series Desk Accessories, Burgundy"
OFF-AR-10003723,Office Supplies,Art,Avery Hi-Liter Fluorescent Desk Style Markers
FUR-FU-10000521,Furniture,Furnishings,"Seth Thomas 14"" Putty-Colored Wall Clock"
FUR-FU-10001487,Furniture,Furnishings,"Eldon Expressions Wood and Plastic Desk Accessories, Cherry Wood"
FUR-FU-10001934,Furniture,Furnishings,Magnifier Swing Arm Lamp
FUR-FU-10003268,Furniture,Furnishings,Eldon Radial Chair Mat for Low to Medium Pile Carpets
OFF-AP-10001271,Office Supplies,Appliances,Eureka The Boss Cordless Rechargeable Stick Vac
OFF-AP-10004532,Office Supplies,Appliances,Kensington 6 Outlet Guardian Standard Surge Protector
OFF-BI-10000145,Office Supplies,Binders,Zipper Ring Binder Pockets
OFF-BI-10001524,Office Supplies,Binders,GBC Premium Transparent Covers with Diagonal Lined Pattern
OFF-BI-10001543,Office Supplies,Binders,GBC VeloBinder Manual Binding System
OFF-BI-10001617,Office Supplies,Binders,GBC Wire Binding Combs
OFF-BI-10002071,Office Supplies,Binders,Fellowes Black Plastic Comb Bindings
OFF-LA-10000248,Office Supplies,Labels,Avery 52
OFF-LA-10003766,Office Supplies,Labels,Self-Adhesive Removable Labels
OFF-PA-10000007,Office Supplies,Paper,"Telephone Message Books with Fax/Mobile Section, 4 1/4"" x 6"""
OFF-PA-10002137,Office Supplies,Paper,"Southworth 100% Résumé Paper, 24lb."
OFF-PA-10003039,Office Supplies,Paper,Xerox 1960
TEC-AC-10001013,Technology,Accessories,Logitech ClearChat Comfort/USB Headset H390
TEC-AC-10003832,Technology,Accessories,Imation 16GB Mini TravelDrive USB 2.0 Flash Drive
TEC-PH-10000148,Technology,Phones,Cyber Acoustics AC-202b Speech Recognition Stereo Headset
OFF-ST-10003221,Office Supplies,Storage,Staple magnet
FUR-FU-10000175,Furniture,Furnishings,DAX Wood Document Frame
OFF-AP-10004540,Office Supplies,Appliances,"Eureka The Boss Lite 10-Amp Upright Vacuum, Blue"
OFF-BI-10001120,Office Supplies,Binders,Ibico EPK-21 Electric Binding System
OFF-FA-10000611,Office Supplies,Fasteners,Binder Clips by OIC
OFF-PA-10000304,Office Supplies,Paper,Xerox 1995
OFF-PA-10000380,Office Supplies,Paper,"REDIFORM Incoming/Outgoing Call Register, 11"" X 8 1/2"", 100 Messages"
TEC-AC-10001266,Technology,Accessories,Memorex Micro Travel Drive 8 GB
TEC-AC-10002567,Technology,Accessories,Logitech G602 Wireless Gaming Mouse
TEC-PH-10002496,Technology,Phones,Cisco SPA301
FUR-BO-10001972,Furniture,Bookcases,O'Sullivan 4-Shelf Bookcase in Odessa Pine
FUR-BO-10003159,Furniture,Bookcases,"Sauder Camden County Collection Libraries, Planked Cherry Finish"
FUR-CH-10003396,Furniture,Chairs,Global Deluxe Steno Chair
FUR-CH-10003956,Furniture,Chairs,Novimex High-Tech Fabric Mesh Task Chair
FUR-FU-10002703,Furniture,Furnishings,"Tenex Traditional Chairmats for Hard Floors, Average Lip, 36"" x 48"""
FUR-FU-10004952,Furniture,Furnishings,"C-Line Cubicle Keepers Polyproplyene Holder w/Velcro Back, 8-1/2x11, 25/Bx"
FUR-TA-10002041,Furniture,Tables,"Bevis Round Conference Table Top, X-Base"
OFF-AP-10002670,Office Supplies,Appliances,Belkin 8-Outlet Premiere SurgeMaster II Surge Protectors
OFF-AP-10003590,Office Supplies,Appliances,Hoover WindTunnel Plus Canister Vacuum
OFF-AR-10004441,Office Supplies,Art,BIC Brite Liner Highlighters
OFF-BI-10001670,Office Supplies,Binders,Vinyl Sectional Post Binders
OFF-BI-10002854,Office Supplies,Binders,"Performers Binder/Pad Holder, Black"
OFF-LA-10003510,Office Supplies,Labels,"Avery 4027 File Folder Labels for Dot Matrix Printers, 5000 Labels per Box, White"
OFF-LA-10003766,Office Supplies,Labels,Self-Adhesive Removable Labels
OFF-PA-10001970,Office Supplies,Paper,Xerox 1908
OFF-PA-10002713,Office Supplies,Paper,"Adams Phone Message Book, 200 Message Capacity, 8 1/16” x 11”"
OFF-PA-10002893,Office Supplies,Paper,"Wirebound Service Call Books, 5 1/2"" x 4"""
OFF-PA-10003022,Office Supplies,Paper,Standard Line “While You Were Out” Hardbound Telephone Message Book
OFF-PA-10003172,Office Supplies,Paper,Xerox 1996
OFF-PA-10003651,Office Supplies,Paper,Xerox 1968
OFF-PA-10003724,Office Supplies,Paper,"Wirebound Message Book, 4 per Page"
OFF-ST-10000036,Office Supplies,Storage,"Recycled Data-Pak for Archival Bound Computer Printouts, 12-1/2 x 12-1/2 x 16"
OFF-ST-10001837,Office Supplies,Storage,"SAFCO Mobile Desk Side File, Wire Frame"
OFF-ST-10002352,Office Supplies,Storage,Iris Project Case
OFF-ST-10003327,Office Supplies,Storage,Akro-Mils 12-Gallon Tote
OFF-ST-10004123,Office Supplies,Storage,Safco Industrial Wire Shelving System
TEC-AC-10000158,Technology,Accessories,Sony 64GB Class 10 Micro SDHC R40 Memory Card
TEC-AC-10003023,Technology,Accessories,Logitech G105 Gaming Keyboard
TEC-CO-10004115,Technology,Copiers,Sharp AL-1530CS Digital Copier
TEC-PH-10001924,Technology,Phones,iHome FM Clock Radio with Lightning Dock
FUR-BO-10001519,Furniture,Bookcases,O'Sullivan 3-Shelf Heavy-Duty Bookcases
FUR-CH-10000847,Furniture,Chairs,Global Executive Mid-Back Manager's Chair
FUR-FU-10000260,Furniture,Furnishings,"6"" Cubicle Wall Clock, Black"
FUR-TA-10003748,Furniture,Tables,Bevis 36 x 72 Conference Tables
OFF-AP-10000159,Office Supplies,Appliances,Belkin F9M820V08 8 Outlet Surge
OFF-AP-10001394,Office Supplies,Appliances,Harmony Air Purifier
OFF-AR-10000122,Office Supplies,Art,Newell 314
OFF-AR-10001860,Office Supplies,Art,BIC Liqua Brite Liner
OFF-AR-10004757,Office Supplies,Art,Crayola Colored Pencils
OFF-BI-10000088,Office Supplies,Binders,GBC Imprintable Covers
OFF-BI-10000279,Office Supplies,Binders,"Acco Recycled 2"" Capacity Laser Printer Hanging Data Binders"
OFF-BI-10001116,Office Supplies,Binders,"Wilson Jones 1"" Hanging DublLock Ring Binders"
OFF-BI-10001636,Office Supplies,Binders,Ibico Plastic and Wire Spiral Binding Combs
OFF-BI-10003274,Office Supplies,Binders,"Avery Durable Slant Ring Binders, No Labels"
OFF-BI-10003982,Office Supplies,Binders,Wilson Jones Century Plastic Molded Ring Binders
OFF-BI-10004182,Office Supplies,Binders,Economy Binders
OFF-BI-10004182,Office Supplies,Binders,Economy Binders
OFF-BI-10004236,Office Supplies,Binders,"XtraLife ClearVue Slant-D Ring Binder, White, 3"""
OFF-EN-10004386,Office Supplies,Envelopes,"Recycled Interoffice Envelopes with String and Button Closure, 10 x 13"
OFF-LA-10004409,Office Supplies,Labels,Avery 492
OFF-PA-10000349,Office Supplies,Paper,Easy-staple paper
OFF-PA-10000575,Office Supplies,Paper,"Wirebound Message Books, Four 2 3/4 x 5 White Forms per Page"
OFF-PA-10001019,Office Supplies,Paper,Xerox 1884
OFF-PA-10001293,Office Supplies,Paper,Xerox 1946
OFF-PA-10004359,Office Supplies,Paper,Multicolor Computer Printout Paper
OFF-PA-10004965,Office Supplies,Paper,Xerox 1921
OFF-ST-10000615,Office Supplies,Storage,"SimpliFile Personal File, Black Granite, 15w x 6-15/16d x 11-1/4h"
OFF-ST-10004180,Office Supplies,Storage,Safco Commercial Shelving
OFF-ST-10004963,Office Supplies,Storage,Eldon Gobal File Keepers
TEC-AC-10001013,Technology,Accessories,Logitech ClearChat Comfort/USB Headset H390
TEC-AC-10004859,Technology,Accessories,"Maxell Pro 80 Minute CD-R, 10/Pack"
TEC-CO-10001046,Technology,Copiers,Canon Imageclass D680 Copier / Fax
TEC-PH-10001918,Technology,Phones,Nortel Business Series Terminal T7208 Digital phone
OFF-LA-10001404,Office Supplies,Labels,Avery 517
OFF-LA-10001474,Office Supplies,Labels,Avery 477
FUR-FU-10001475,Furniture,Furnishings,"Contract Clock, 14"", Brown"
FUR-FU-10001940,Furniture,Furnishings,Staple-based wall hangings
FUR-FU-10002364,Furniture,Furnishings,"Eldon Expressions Wood Desk Accessories, Oak"
FUR-FU-10004306,Furniture,Furnishings,Electrix Halogen Magnifier Lamp
FUR-TA-10004256,Furniture,Tables,Bretford “Just In Time” Height-Adjustable Multi-Task Work Tables
OFF-AP-10000026,Office Supplies,Appliances,Tripp Lite Isotel 6 Outlet Surge Protector with Fax/Modem Protection
OFF-AR-10000799,Office Supplies,Art,Col-Erase Pencils with Erasers
OFF-BI-10000014,Office Supplies,Binders,Heavy-Duty E-Z-D Binders
OFF-BI-10001097,Office Supplies,Binders,Avery Hole Reinforcements
OFF-BI-10001597,Office Supplies,Binders,"Wilson Jones Ledger-Size, Piano-Hinge Binder, 2"", Blue"
OFF-BI-10003476,Office Supplies,Binders,Avery Metallic Poly Binders
OFF-BI-10004965,Office Supplies,Binders,Ibico Covers for Plastic or Wire Binding Elements
OFF-EN-10004030,Office Supplies,Envelopes,Convenience Packs of Business Envelopes
OFF-PA-10000788,Office Supplies,Paper,Xerox 210
OFF-PA-10002005,Office Supplies,Paper,Xerox 225
OFF-ST-10000060,Office Supplies,Storage,Fellowes Bankers Box Staxonsteel Drawer File/Stacking System
TEC-AC-10001838,Technology,Accessories,Razer Tiamat Over Ear 7.1 Surround Sound PC Gaming Headset
TEC-AC-10003116,Technology,Accessories,Memorex Froggy Flash Drive 8 GB
TEC-AC-10004510,Technology,Accessories,Logitech Desktop MK120 Mouse and keyboard Combo
TEC-PH-10000148,Technology,Phones,Cyber Acoustics AC-202b Speech Recognition Stereo Headset
TEC-PH-10003215,Technology,Phones,Jackery Bar Premium Fast-charging Portable Charger
FUR-FU-10002501,Furniture,Furnishings,Nu-Dell Executive Frame
FUR-CH-10000225,Furniture,Chairs,"Global Geo Office Task Chair, Gray"
FUR-CH-10002961,Furniture,Chairs,"Leather Task Chair, Black"
FUR-CH-10003973,Furniture,Chairs,GuestStacker Chair with Chrome Finish Legs
FUR-FU-10004306,Furniture,Furnishings,Electrix Halogen Magnifier Lamp
FUR-TA-10004289,Furniture,Tables,BoxOffice By Design Rectangular and Half-Moon Meeting Room Tables
OFF-AP-10001634,Office Supplies,Appliances,Hoover Commercial Lightweight Upright Vacuum
OFF-AP-10003622,Office Supplies,Appliances,"Bravo II Megaboss 12-Amp Hard Body Upright, Replacement Belts, 2 Belts per Pack"
OFF-AR-10001958,Office Supplies,Art,Stanley Bostitch Contemporary Electric Pencil Sharpeners
OFF-BI-10000050,Office Supplies,Binders,"Angle-D Binders with Locking Rings, Label Holders"
OFF-BI-10002012,Office Supplies,Binders,Wilson Jones Easy Flow II Sheet Lifters
OFF-BI-10002498,Office Supplies,Binders,Clear Mylar Reinforcing Strips
OFF-BI-10004209,Office Supplies,Binders,"Fellowes Twister Kit, Gray/Clear, 3/pkg"
OFF-BI-10004600,Office Supplies,Binders,Ibico Ibimaster 300 Manual Binding System
OFF-EN-10003160,Office Supplies,Envelopes,Pastel Pink Envelopes
OFF-FA-10001561,Office Supplies,Fasteners,Stockwell Push Pins
OFF-PA-10001937,Office Supplies,Paper,Xerox 21
OFF-PA-10002245,Office Supplies,Paper,Xerox 1895
TEC-AC-10001284,Technology,Accessories,Enermax Briskie RF Wireless Keyboard and Mouse Combo
TEC-AC-10001998,Technology,Accessories,Logitech LS21 Speaker System - PC Multimedia - 2.1-CH - Wired
TEC-PH-10001527,Technology,Phones,Plantronics MX500i Earset
TEC-PH-10003555,Technology,Phones,Motorola HK250 Universal Bluetooth Headset
TEC-PH-10004522,Technology,Phones,Dexim XPower Skin Super-Thin Power Case for iPhone 5 - Black
FUR-BO-10004015,Furniture,Bookcases,"Bush Andora Bookcase, Maple/Graphite Gray Finish"
FUR-FU-10001473,Furniture,Furnishings,"Eldon Executive Woodline II Desk Accessories, Mahogany"
OFF-LA-10004559,Office Supplies,Labels,Avery 49
OFF-PA-10000232,Office Supplies,Paper,Xerox 1975
OFF-PA-10003172,Office Supplies,Paper,Xerox 1996
OFF-ST-10001325,Office Supplies,Storage,Sterilite Officeware Hinged File Box
FUR-FU-10002298,Furniture,Furnishings,"Rubbermaid ClusterMat Chairmats, Mat Size- 66"" x 60"", Lip 20"" x 11"" -90 Degree Angle"
FUR-FU-10002963,Furniture,Furnishings,"Master Caster Door Stop, Gray"
FUR-FU-10004091,Furniture,Furnishings,"Howard Miller 13"" Diameter Goldtone Round Wall Clock"
FUR-FU-10004963,Furniture,Furnishings,"Eldon 400 Class Desk Accessories, Black Carbon"
FUR-TA-10000577,Furniture,Tables,Bretford CR4500 Series Slim Rectangular Table
FUR-TA-10003473,Furniture,Tables,Bretford Rectangular Conference Table Tops
OFF-AR-10002987,Office Supplies,Art,Prismacolor Color Pencil Set
OFF-BI-10000174,Office Supplies,Binders,"Wilson Jones Clip & Carry Folder Binder Tool for Ring Binders, Clear"
OFF-EN-10000461,Office Supplies,Envelopes,"#10- 4 1/8"" x 9 1/2"" Recycled Envelopes"
OFF-FA-10001332,Office Supplies,Fasteners,"Acco Banker's Clasps, 5 3/4""-Long"
OFF-ST-10002790,Office Supplies,Storage,Safco Industrial Shelving
OFF-SU-10001664,Office Supplies,Supplies,Acme Office Executive Series Stainless Steel Trimmers
TEC-AC-10000474,Technology,Accessories,Kensington Expert Mouse Optical USB Trackball for PC or Mac
TEC-AC-10003038,Technology,Accessories,Kingston Digital DataTraveler 16GB USB 2.0
TEC-AC-10004469,Technology,Accessories,Microsoft Sculpt Comfort Mouse
TEC-AC-10004510,Technology,Accessories,Logitech Desktop MK120 Mouse and keyboard Combo
TEC-CO-10002313,Technology,Copiers,Canon PC1080F Personal Copier
TEC-PH-10003095,Technology,Phones,Samsung HM1900 Bluetooth Headset
FUR-TA-10003473,Furniture,Tables,Bretford Rectangular Conference Table Tops
OFF-FA-10001332,Office Supplies,Fasteners,"Acco Banker's Clasps, 5 3/4""-Long"
OFF-ST-10002790,Office Supplies,Storage,Safco Industrial Shelving
OFF-SU-10001664,Office Supplies,Supplies,Acme Office Executive Series Stainless Steel Trimmers
TEC-CO-10002313,Technology,Copiers,Canon PC1080F Personal Copier
FUR-FU-10003096,Furniture,Furnishings,"Master Giant Foot Doorstop, Safety Yellow"
OFF-AP-10000027,Office Supplies,Appliances,Hoover Commercial SteamVac
OFF-AR-10000823,Office Supplies,Art,Newell 307
OFF-PA-10004569,Office Supplies,Paper,"Wirebound Message Books, Two 4 1/4"" x 5"" Forms per Page"
TEC-PH-10000675,Technology,Phones,Panasonic KX TS3282B Corded phone
FUR-FU-10004093,Furniture,Furnishings,Hand-Finished Solid Wood Document Frame
OFF-FA-10000089,Office Supplies,Fasteners,Acco Glide Clips
FUR-CH-10002774,Furniture,Chairs,"Global Deluxe Stacking Chair, Gray"
FUR-CH-10003817,Furniture,Chairs,"Global Value Steno Chair, Gray"
FUR-FU-10002445,Furniture,Furnishings,"DAX Two-Tone Rosewood/Black Document Frame, Desktop, 5 x 7"
OFF-AR-10001988,Office Supplies,Art,Bulldog Table or Wall-Mount Pencil Sharpener
OFF-BI-10001628,Office Supplies,Binders,"Acco Data Flex Cable Posts For Top & Bottom Load Binders, 6"" Capacity"
OFF-BI-10002949,Office Supplies,Binders,Prestige Round Ring Binders
OFF-BI-10003196,Office Supplies,Binders,Accohide Poly Flexible Ring Binders
OFF-BI-10004656,Office Supplies,Binders,Peel & Stick Add-On Corner Pockets
OFF-LA-10003498,Office Supplies,Labels,Avery 475
OFF-PA-10002986,Office Supplies,Paper,Xerox 1898
OFF-ST-10002289,Office Supplies,Storage,"Safco Wire Cube Shelving System, For Use as 4 or 5 14"" Cubes, Black"
TEC-AC-10000057,Technology,Accessories,Microsoft Natural Ergonomic Keyboard 4000
TEC-AC-10000358,Technology,Accessories,Imation Secure Drive + Hardware Encrypted USB flash drive - 16 GB
FUR-CH-10003846,Furniture,Chairs,Hon Valutask Swivel Chairs
FUR-FU-10000308,Furniture,Furnishings,Deflect-o Glass Clear Studded Chair Mats
OFF-AP-10003217,Office Supplies,Appliances,Eureka Sanitaire  Commercial Upright
OFF-BI-10000320,Office Supplies,Binders,GBC Plastic Binding Combs
OFF-BI-10000605,Office Supplies,Binders,"Acco Pressboard Covers with Storage Hooks, 9 1/2"" x 11"", Executive Red"
OFF-BI-10001617,Office Supplies,Binders,GBC Wire Binding Combs
OFF-PA-10001745,Office Supplies,Paper,"Wirebound Message Books, 2 7/8"" x 5"", 3 Forms per Page"
OFF-PA-10002615,Office Supplies,Paper,"Ampad Gold Fibre Wirebound Steno Books, 6"" x 9"", Gregg Ruled"
OFF-ST-10001031,Office Supplies,Storage,Adjustable Personal File Tote
OFF-ST-10001526,Office Supplies,Storage,Iceberg Mobile Mega Data/Printer Cart
OFF-ST-10002276,Office Supplies,Storage,Safco Steel Mobile File Cart
OFF-ST-10003208,Office Supplies,Storage,Adjustable Depth Letter/Legal Cart
OFF-SU-10002557,Office Supplies,Supplies,Fiskars Spring-Action Scissors
FUR-BO-10002206,Furniture,Bookcases,"Bush Saratoga Collection 5-Shelf Bookcase, Hanover Cherry, *Special Order"
FUR-CH-10001708,Furniture,Chairs,Office Star - Contemporary Swivel Chair with Padded Adjustable Arms and Flex Back
FUR-FU-10001037,Furniture,Furnishings,"DAX Charcoal/Nickel-Tone Document Frame, 5 x 7"
FUR-FU-10001057,Furniture,Furnishings,Tensor Track Tree Floor Lamp
OFF-AP-10000891,Office Supplies,Appliances,Kensington 7 Outlet MasterPiece HOMEOFFICE Power Control Center
OFF-AP-10004487,Office Supplies,Appliances,Kensington 4 Outlet MasterPiece Compact Power Control Center
OFF-AR-10000462,Office Supplies,Art,Sanford Pocket Accent Highlighters
OFF-AR-10001315,Office Supplies,Art,Newell 310
OFF-AR-10002280,Office Supplies,Art,Staples in misc. colors
OFF-AR-10002578,Office Supplies,Art,Newell 335
OFF-AR-10003183,Office Supplies,Art,Avery Fluorescent Highlighter Four-Color Set
OFF-AR-10003811,Office Supplies,Art,Newell 327
OFF-BI-10003364,Office Supplies,Binders,Binding Machine Supplies
OFF-BI-10004209,Office Supplies,Binders,"Fellowes Twister Kit, Gray/Clear, 3/pkg"
OFF-FA-10002988,Office Supplies,Fasteners,Ideal Clamps
OFF-PA-10000289,Office Supplies,Paper,Xerox 213
OFF-PA-10002222,Office Supplies,Paper,"Xerox Color Copier Paper, 11"" x 17"", Ream"
OFF-PA-10003172,Office Supplies,Paper,Xerox 1996
TEC-AC-10002331,Technology,Accessories,"Maxell 74 Minute CDR, 10/Pack"
TEC-AC-10003610,Technology,Accessories,Logitech Illuminated - Keyboard
FUR-BO-10000468,Furniture,Bookcases,O'Sullivan 2-Shelf Heavy-Duty Bookcases
FUR-FU-10000320,Furniture,Furnishings,OIC Stacking Trays
OFF-BI-10001510,Office Supplies,Binders,Deluxe Heavy-Duty Vinyl Round Ring Binder
OFF-ST-10002554,Office Supplies,Storage,Tennsco Industrial Shelving
OFF-SU-10002881,Office Supplies,Supplies,Martin Yale Chadless Opener Electric Letter Opener
OFF-BI-10001524,Office Supplies,Binders,GBC Premium Transparent Covers with Diagonal Lined Pattern
OFF-BI-10003291,Office Supplies,Binders,Wilson Jones Leather-Like Binders with DublLock Round Rings
OFF-PA-10001970,Office Supplies,Paper,Xerox 1908
OFF-PA-10002787,Office Supplies,Paper,Xerox 227
OFF-PA-10004156,Office Supplies,Paper,Xerox 188
FUR-FU-10004973,Furniture,Furnishings,Flat Face Poster Frame
FUR-FU-10001940,Furniture,Furnishings,Staple-based wall hangings
OFF-AR-10001246,Office Supplies,Art,Newell 317
OFF-AR-10003811,Office Supplies,Art,Newell 327
OFF-BI-10002003,Office Supplies,Binders,Ibico Presentation Index for Binding Systems
OFF-PA-10001144,Office Supplies,Paper,Xerox 1913
OFF-ST-10003306,Office Supplies,Storage,Letter Size Cart
OFF-ST-10004340,Office Supplies,Storage,"Fellowes Mobile File Cart, Black"
OFF-ST-10004459,Office Supplies,Storage,Tennsco Single-Tier Lockers
OFF-SU-10000898,Office Supplies,Supplies,"Acme Hot Forged Carbon Steel Scissors with Nickel-Plated Handles, 3 7/8"" Cut, 8""L"
TEC-AC-10003116,Technology,Accessories,Memorex Froggy Flash Drive 8 GB
TEC-PH-10002103,Technology,Phones,Jabra SPEAK 410
FUR-BO-10003660,Furniture,Bookcases,"Bush Cubix Collection Bookcases, Fully Assembled"
FUR-CH-10002335,Furniture,Chairs,Hon GuestStacker Chair
FUR-CH-10002647,Furniture,Chairs,"Situations Contoured Folding Chairs, 4/Set"
FUR-TA-10002903,Furniture,Tables,"Bevis Round Bullnose 29"" High Table Top"
FUR-TA-10003008,Furniture,Tables,"Lesro Round Back Collection Coffee Table, End Table"
FUR-TA-10004534,Furniture,Tables,Bevis 44 x 96 Conference Tables
FUR-TA-10004915,Furniture,Tables,"Office Impressions End Table, 20-1/2""H x 24""W x 20""D"
OFF-AP-10001058,Office Supplies,Appliances,Sanyo 2.5 Cubic Foot Mid-Size Office Refrigerators
OFF-AP-10003266,Office Supplies,Appliances,"Holmes Replacement Filter for HEPA Air Cleaner, Large Room"
OFF-AR-10000369,Office Supplies,Art,Design Ebony Sketching Pencil
OFF-AR-10001419,Office Supplies,Art,Newell 325
OFF-BI-10000848,Office Supplies,Binders,Angle-D Ring Binders
OFF-BI-10003429,Office Supplies,Binders,"Cardinal HOLDit! Binder Insert Strips,Extra Strips"
OFF-EN-10002621,Office Supplies,Envelopes,Staple envelope
OFF-LA-10001404,Office Supplies,Labels,Avery 517
OFF-PA-10000019,Office Supplies,Paper,Xerox 1931
OFF-PA-10000176,Office Supplies,Paper,Xerox 1887
OFF-ST-10000876,Office Supplies,Storage,Eldon Simplefile Box Office
OFF-ST-10000918,Office Supplies,Storage,Crate-A-Files
OFF-ST-10001228,Office Supplies,Storage,Personal File Boxes with Fold-Down Carry Handle
OFF-SU-10003505,Office Supplies,Supplies,Premier Electric Letter Opener
TEC-AC-10000474,Technology,Accessories,Kensington Expert Mouse Optical USB Trackball for PC or Mac
TEC-AC-10000844,Technology,Accessories,Logitech Gaming G510s - Keyboard
TEC-AC-10001013,Technology,Accessories,Logitech ClearChat Comfort/USB Headset H390
TEC-AC-10001114,Technology,Accessories,Microsoft Wireless Mobile Mouse 4000
TEC-PH-10001300,Technology,Phones,"iKross Bluetooth Portable Keyboard + Cell Phone Stand Holder + Brush for Apple iPhone 5S 5C 5, 4S 4"
TEC-PH-10003072,Technology,Phones,Panasonic KX-TG9541B DECT 6.0 Digital 2-Line Expandable Cordless Phone With Digital Answering System
FUR-FU-10000087,Furniture,Furnishings,"Executive Impressions 14"" Two-Color Numerals Wall Clock"
FUR-FU-10001473,Furniture,Furnishings,DAX Wood Document Frame
FUR-FU-10003708,Furniture,Furnishings,"Tenex Traditional Chairmats for Medium Pile Carpet, Standard Lip, 36"" x 48"""
OFF-AP-10001947,Office Supplies,Appliances,Acco 6 Outlet Guardian Premium Plus Surge Suppressor
OFF-AR-10000422,Office Supplies,Art,Pencil and Crayon Sharpener
OFF-AR-10001118,Office Supplies,Art,"Binney & Smith Crayola Metallic Crayons, 16-Color Pack"
OFF-BI-10004002,Office Supplies,Binders,Wilson Jones International Size A4 Ring Binders
OFF-EN-10001453,Office Supplies,Envelopes,"Tyvek Interoffice Envelopes, 9 1/2"" x 12 1/2"", 100/Box"
OFF-PA-10001994,Office Supplies,Paper,"Ink Jet Note and Greeting Cards, 8-1/2"" x 5-1/2"" Card Size"
OFF-PA-10004475,Office Supplies,Paper,Xerox 1940
OFF-PA-10004519,Office Supplies,Paper,Spiral Phone Message Books with Labels by Adams
OFF-ST-10001328,Office Supplies,Storage,"Personal Filing Tote with Lid, Black/Gray"
OFF-ST-10001522,Office Supplies,Storage,"Gould Plastics 18-Pocket Panel Bin, 34w x 5-1/4d x 20-1/2h"
OFF-ST-10004123,Office Supplies,Storage,Safco Industrial Wire Shelving System
TEC-PH-10003601,Technology,Phones,"Ativa D5772 2-Line 5.8GHz Digital Expandable Corded/Cordless Phone System with Answering & Caller ID/Call Waiting, Black/Silver"
FUR-CH-10001394,Furniture,Chairs,Global Leather Executive Chair
FUR-CH-10002439,Furniture,Chairs,"Iceberg Nesting Folding Chair, 19w x 6d x 43h"
FUR-CH-10002602,Furniture,Chairs,DMI Arturo Collection Mission-style Design Wood Chair
FUR-FU-10001602,Furniture,Furnishings,"Eldon Delta Triangular Chair Mat, 52"" x 58"", Clear"
FUR-FU-10001731,Furniture,Furnishings,Acrylic Self-Standing Desk Frames
OFF-AP-10004249,Office Supplies,Appliances,Staple holder
OFF-BI-10000201,Office Supplies,Binders,"Avery Triangle Shaped Sheet Lifters, Black, 2/Pack"
OFF-BI-10001670,Office Supplies,Binders,Vinyl Sectional Post Binders
OFF-BI-10001679,Office Supplies,Binders,GBC Instant Index System for Binding Systems
OFF-BI-10001900,Office Supplies,Binders,"DXL Angle-View Binders with Locking Rings, Black"
OFF-BI-10003708,Office Supplies,Binders,"Acco Four Pocket Poly Ring Binder with Label Holder, Smoke, 1"""
OFF-PA-10001972,Office Supplies,Paper,Xerox 214
OFF-ST-10000585,Office Supplies,Storage,Economy Rollaway Files
OFF-ST-10001097,Office Supplies,Storage,Office Impressions Heavy Duty Welded Shelving & Multimedia Storage Drawers
TEC-CO-10001449,Technology,Copiers,Hewlett Packard LaserJet 3310 Copier
TEC-MA-10003183,Technology,Machines,DYMO CardScan Personal V9 Business Card Scanner
FUR-BO-10004015,Furniture,Bookcases,"Bush Andora Bookcase, Maple/Graphite Gray Finish"
FUR-CH-10001146,Furniture,Chairs,"Global Value Mid-Back Manager's Chair, Gray"
FUR-FU-10001934,Furniture,Furnishings,Magnifier Swing Arm Lamp
FUR-FU-10004963,Furniture,Furnishings,"Eldon 400 Class Desk Accessories, Black Carbon"
FUR-TA-10002645,Furniture,Tables,Hon Rectangular Conference Tables
OFF-AR-10001615,Office Supplies,Art,Newell 34
OFF-BI-10000632,Office Supplies,Binders,Satellite Sectional Post Binders
OFF-BI-10001116,Office Supplies,Binders,"Wilson Jones 1"" Hanging DublLock Ring Binders"
OFF-BI-10001597,Office Supplies,Binders,"Wilson Jones Ledger-Size, Piano-Hinge Binder, 2"", Blue"
OFF-BI-10001718,Office Supplies,Binders,GBC DocuBind P50 Personal Binding Machine
OFF-BI-10003314,Office Supplies,Binders,Tuff Stuff Recycled Round Ring Binders
OFF-BI-10003684,Office Supplies,Binders,Wilson Jones Legal Size Ring Binders
OFF-FA-10002975,Office Supplies,Fasteners,Staples
OFF-FA-10003059,Office Supplies,Fasteners,Assorted Color Push Pins
OFF-PA-10000994,Office Supplies,Paper,Xerox 1915
OFF-PA-10004381,Office Supplies,Paper,14-7/8 x 11 Blue Bar Computer Printout Paper
OFF-ST-10000563,Office Supplies,Storage,Fellowes Bankers Box Stor/Drawer Steel Plus
OFF-ST-10002756,Office Supplies,Storage,"Tennsco Stur-D-Stor Boltless Shelving, 5 Shelves, 24"" Deep, Sand"
OFF-SU-10000946,Office Supplies,Supplies,Staple remover
TEC-AC-10002473,Technology,Accessories,Maxell 4.7GB DVD-R
TEC-AC-10003237,Technology,Accessories,Memorex Micro Travel Drive 4 GB
TEC-MA-10004626,Technology,Machines,Lexmark 20R1285 X6650 Wireless All-in-One Printer
TEC-PH-10002890,Technology,Phones,AT&T 17929 Lendline Telephone
OFF-BI-10000494,Office Supplies,Binders,Acco Economy Flexible Poly Round Ring Binder
OFF-PA-10001509,Office Supplies,Paper,"Recycled Desk Saver Line ""While You Were Out"" Book, 5 1/2"" X 4"""
OFF-PA-10004285,Office Supplies,Paper,Xerox 1959
OFF-ST-10004459,Office Supplies,Storage,Tennsco Single-Tier Lockers
OFF-AR-10004441,Office Supplies,Art,BIC Brite Liner Highlighters
TEC-PH-10000576,Technology,Phones,AT&T 1080 Corded phone
FUR-BO-10004709,Furniture,Bookcases,"Bush Westfield Collection Bookcases, Medium Cherry Finish"
FUR-CH-10003968,Furniture,Chairs,Novimex Turbo Task Chair
FUR-CH-10004698,Furniture,Chairs,"Padded Folding Chairs, Black, 4/Carton"
FUR-FU-10001935,Furniture,Furnishings,3M Hangers With Command Adhesive
FUR-FU-10001935,Furniture,Furnishings,3M Hangers With Command Adhesive
FUR-FU-10004586,Furniture,Furnishings,G.E. Longer-Life Indoor Recessed Floodlight Bulbs
OFF-AR-10001958,Office Supplies,Art,Stanley Bostitch Contemporary Electric Pencil Sharpeners
OFF-AR-10004707,Office Supplies,Art,Staples in misc. colors
OFF-BI-10001922,Office Supplies,Binders,Storex Dura Pro Binders
OFF-BI-10002813,Office Supplies,Binders,Avery Reinforcements for Hole-Punch Pages
OFF-BI-10003784,Office Supplies,Binders,Computer Printout Index Tabs
OFF-BI-10004040,Office Supplies,Binders,Wilson Jones Impact Binders
OFF-FA-10000585,Office Supplies,Fasteners,OIC Bulk Pack Metal Binder Clips
OFF-LA-10001297,Office Supplies,Labels,Avery 473
OFF-PA-10004239,Office Supplies,Paper,Xerox 1953
OFF-ST-10000736,Office Supplies,Storage,Carina Double Wide Media Storage Towers in Natural & Black
OFF-ST-10003058,Office Supplies,Storage,Eldon Mobile Mega Data Cart  Mega Stackable  Add-On Trays
OFF-ST-10003208,Office Supplies,Storage,Adjustable Depth Letter/Legal Cart
TEC-PH-10000347,Technology,Phones,Cush Cases Heavy Duty Rugged Cover Case for Samsung Galaxy S5 - Purple
FUR-CH-10001270,Furniture,Chairs,Harbour Creations Steel Folding Chair
FUR-CH-10002602,Furniture,Chairs,DMI Arturo Collection Mission-style Design Wood Chair
FUR-CH-10002880,Furniture,Chairs,"Global High-Back Leather Tilter, Burgundy"
FUR-CH-10004495,Furniture,Chairs,"Global Leather and Oak Executive Chair, Black"
FUR-FU-10002501,Furniture,Furnishings,Nu-Dell Executive Frame
FUR-FU-10004093,Furniture,Furnishings,Hand-Finished Solid Wood Document Frame
OFF-AR-10003696,Office Supplies,Art,Panasonic KP-350BK Electric Pencil Sharpener with Auto Stop
OFF-BI-10002414,Office Supplies,Binders,GBC ProClick Spines for 32-Hole Punch
OFF-FA-10000089,Office Supplies,Fasteners,Acco Glide Clips
OFF-FA-10002988,Office Supplies,Fasteners,Ideal Clamps
OFF-PA-10000994,Office Supplies,Paper,Xerox 1915
TEC-PH-10002563,Technology,Phones,Adtran 1202752G1
FUR-FU-10002501,Furniture,Furnishings,Nu-Dell Executive Frame
FUR-FU-10004093,Furniture,Furnishings,Hand-Finished Solid Wood Document Frame
OFF-FA-10000089,Office Supplies,Fasteners,Acco Glide Clips
FUR-BO-10003441,Furniture,Bookcases,"Bush Westfield Collection Bookcases, Fully Assembled"
OFF-AP-10002457,Office Supplies,Appliances,"Eureka The Boss Plus 12-Amp Hard Box Upright Vacuum, Red"
OFF-BI-10002103,Office Supplies,Binders,"Cardinal Slant-D Ring Binder, Heavy Gauge Vinyl"
OFF-BI-10003684,Office Supplies,Binders,Wilson Jones Legal Size Ring Binders
OFF-BI-10004632,Office Supplies,Binders,GBC Binding covers
OFF-FA-10003472,Office Supplies,Fasteners,Bagged Rubber Bands
TEC-PH-10004774,Technology,Phones,Gear Head AU3700S Headset
OFF-BI-10004040,Office Supplies,Binders,Wilson Jones Impact Binders
